2025-07-08 10:13:29,441 INFO  Logger.cs: 70 - 
--------------------------------------------------------------------------------
2025-07-08 10:13:29,476 INFO  Logger.cs: 71 - Logging commencing for SW2URDF exporter
2025-07-08 10:13:29,479 INFO  Logger.cs: 73 - Commit version 1.6.0-4-g7f85cfe
2025-07-08 10:13:29,479 INFO  Logger.cs: 74 - Build version 1.6.7995.38578
2025-07-08 10:13:29,481 INFO  SwAddin.cs: 192 - Attempting to connect to SW
2025-07-08 10:13:29,482 INFO  SwAddin.cs: 197 - Setting up callbacks
2025-07-08 10:13:29,482 INFO  SwAddin.cs: 201 - Setting up command manager
2025-07-08 10:13:29,483 INFO  SwAddin.cs: 204 - Adding command manager
2025-07-08 10:13:29,485 INFO  SwAddin.cs: 263 - Adding Assembly export to file menu
2025-07-08 10:13:29,486 INFO  SwAddin.cs: 272 - Adding Part export to file menu
2025-07-08 10:13:29,487 INFO  SwAddin.cs: 210 - Adding event handlers
2025-07-08 10:13:29,490 INFO  SwAddin.cs: 217 - Connecting plugin to SolidWorks
2025-07-08 10:17:31,118 INFO  SwAddin.cs: 294 - Assembly export called for file roboV3(urdf_changed).SLDASM
2025-07-08 10:17:32,703 INFO  SwAddin.cs: 313 - Saving assembly
2025-07-08 10:17:34,311 INFO  SwAddin.cs: 316 - Opening property manager
2025-07-08 10:17:34,331 INFO  ExportHelperExtension.cs: 1125 - Retrieving features of type [CoordSys] from roboV3(urdf_changed).SLDASM
2025-07-08 10:17:34,349 INFO  ExportHelperExtension.cs: 1136 - Found 313 in roboV3(urdf_changed).SLDASM
2025-07-08 10:17:34,353 INFO  ExportHelperExtension.cs: 1145 - Found 18 features of type [CoordSys] in roboV3(urdf_changed).SLDASM
2025-07-08 10:17:34,354 INFO  ExportHelperExtension.cs: 1148 - Proceeding through assembly components
2025-07-08 10:17:34,356 INFO  ExportHelperExtension.cs: 1160 - 60 components to check
2025-07-08 10:17:34,360 INFO  ExportHelperExtension.cs: 1125 - Retrieving features of type [CoordSys] from ga_minipc_v2-2
2025-07-08 10:17:34,360 INFO  ExportHelperExtension.cs: 1136 - Found 31 in ga_minipc_v2-2
2025-07-08 10:17:34,361 INFO  ExportHelperExtension.cs: 1145 - Found 0 features of type [CoordSys] in ga_minipc_v2-2
2025-07-08 10:17:34,361 INFO  ExportHelperExtension.cs: 1125 - Retrieving features of type [CoordSys] from nang_cam-1
2025-07-08 10:17:34,362 INFO  ExportHelperExtension.cs: 1136 - Found 25 in nang_cam-1
2025-07-08 10:17:34,363 INFO  ExportHelperExtension.cs: 1145 - Found 0 features of type [CoordSys] in nang_cam-1
2025-07-08 10:17:34,363 INFO  ExportHelperExtension.cs: 1125 - Retrieving features of type [CoordSys] from ga_minipc_comp-1
2025-07-08 10:17:34,364 INFO  ExportHelperExtension.cs: 1136 - Found 40 in ga_minipc_comp-1
2025-07-08 10:17:34,364 INFO  ExportHelperExtension.cs: 1145 - Found 0 features of type [CoordSys] in ga_minipc_comp-1
2025-07-08 10:17:34,365 INFO  ExportHelperExtension.cs: 1125 - Retrieving features of type [CoordSys] from che-4
2025-07-08 10:17:34,365 INFO  ExportHelperExtension.cs: 1136 - Found 25 in che-4
2025-07-08 10:17:34,366 INFO  ExportHelperExtension.cs: 1145 - Found 0 features of type [CoordSys] in che-4
2025-07-08 10:17:34,366 INFO  ExportHelperExtension.cs: 1125 - Retrieving features of type [CoordSys] from imu_40do-1
2025-07-08 10:17:34,367 INFO  ExportHelperExtension.cs: 1136 - Found 25 in imu_40do-1
2025-07-08 10:17:34,367 INFO  ExportHelperExtension.cs: 1145 - Found 0 features of type [CoordSys] in imu_40do-1
2025-07-08 10:17:34,368 INFO  ExportHelperExtension.cs: 1125 - Retrieving features of type [CoordSys] from che-5
2025-07-08 10:17:34,368 INFO  ExportHelperExtension.cs: 1136 - Found 25 in che-5
2025-07-08 10:17:34,369 INFO  ExportHelperExtension.cs: 1145 - Found 0 features of type [CoordSys] in che-5
2025-07-08 10:17:34,369 INFO  ExportHelperExtension.cs: 1125 - Retrieving features of type [CoordSys] from che-6
2025-07-08 10:17:34,370 INFO  ExportHelperExtension.cs: 1136 - Found 25 in che-6
2025-07-08 10:17:34,377 INFO  ExportHelperExtension.cs: 1145 - Found 0 features of type [CoordSys] in che-6
2025-07-08 10:17:34,378 INFO  ExportHelperExtension.cs: 1125 - Retrieving features of type [CoordSys] from hop_pin-1
2025-07-08 10:17:34,572 INFO  ExportHelperExtension.cs: 1136 - Found 27 in hop_pin-1
2025-07-08 10:17:34,573 INFO  ExportHelperExtension.cs: 1145 - Found 0 features of type [CoordSys] in hop_pin-1
2025-07-08 10:17:34,574 INFO  ExportHelperExtension.cs: 1125 - Retrieving features of type [CoordSys] from ga_com-1
2025-07-08 10:17:34,575 INFO  ExportHelperExtension.cs: 1136 - Found 33 in ga_com-1
2025-07-08 10:17:34,576 INFO  ExportHelperExtension.cs: 1145 - Found 0 features of type [CoordSys] in ga_com-1
2025-07-08 10:17:34,577 INFO  ExportHelperExtension.cs: 1125 - Retrieving features of type [CoordSys] from op_tablet-1
2025-07-08 10:17:34,577 INFO  ExportHelperExtension.cs: 1136 - Found 37 in op_tablet-1
2025-07-08 10:17:34,578 INFO  ExportHelperExtension.cs: 1145 - Found 0 features of type [CoordSys] in op_tablet-1
2025-07-08 10:17:34,579 INFO  ExportHelperExtension.cs: 1125 - Retrieving features of type [CoordSys] from kegoc_tab2-1
2025-07-08 10:17:34,580 INFO  ExportHelperExtension.cs: 1136 - Found 25 in kegoc_tab2-1
2025-07-08 10:17:34,580 INFO  ExportHelperExtension.cs: 1145 - Found 0 features of type [CoordSys] in kegoc_tab2-1
2025-07-08 10:17:34,581 INFO  ExportHelperExtension.cs: 1125 - Retrieving features of type [CoordSys] from ga_minipc_v2-1
2025-07-08 10:17:34,581 INFO  ExportHelperExtension.cs: 1136 - Found 31 in ga_minipc_v2-1
2025-07-08 10:17:34,582 INFO  ExportHelperExtension.cs: 1145 - Found 0 features of type [CoordSys] in ga_minipc_v2-1
2025-07-08 10:17:34,583 INFO  ExportHelperExtension.cs: 1125 - Retrieving features of type [CoordSys] from hop_nano-1
2025-07-08 10:17:34,583 INFO  ExportHelperExtension.cs: 1136 - Found 35 in hop_nano-1
2025-07-08 10:17:34,584 INFO  ExportHelperExtension.cs: 1145 - Found 0 features of type [CoordSys] in hop_nano-1
2025-07-08 10:17:34,584 INFO  ExportHelperExtension.cs: 1125 - Retrieving features of type [CoordSys] from trodong-1
2025-07-08 10:17:34,585 INFO  ExportHelperExtension.cs: 1136 - Found 25 in trodong-1
2025-07-08 10:17:34,585 INFO  ExportHelperExtension.cs: 1145 - Found 0 features of type [CoordSys] in trodong-1
2025-07-08 10:17:34,585 INFO  ExportHelperExtension.cs: 1125 - Retrieving features of type [CoordSys] from kegoc_tab1-1
2025-07-08 10:17:34,586 INFO  ExportHelperExtension.cs: 1136 - Found 25 in kegoc_tab1-1
2025-07-08 10:17:34,587 INFO  ExportHelperExtension.cs: 1145 - Found 0 features of type [CoordSys] in kegoc_tab1-1
2025-07-08 10:17:34,587 INFO  ExportHelperExtension.cs: 1125 - Retrieving features of type [CoordSys] from remote_relay-1
2025-07-08 10:17:34,588 INFO  ExportHelperExtension.cs: 1136 - Found 28 in remote_relay-1
2025-07-08 10:17:34,588 INFO  ExportHelperExtension.cs: 1145 - Found 0 features of type [CoordSys] in remote_relay-1
2025-07-08 10:17:34,588 INFO  ExportHelperExtension.cs: 1125 - Retrieving features of type [CoordSys] from pi_hang_imu-1
2025-07-08 10:17:34,589 INFO  ExportHelperExtension.cs: 1136 - Found 33 in pi_hang_imu-1
2025-07-08 10:17:34,590 INFO  ExportHelperExtension.cs: 1145 - Found 0 features of type [CoordSys] in pi_hang_imu-1
2025-07-08 10:17:34,590 INFO  ExportHelperExtension.cs: 1125 - Retrieving features of type [CoordSys] from ??????? V-slot 20x40-1
2025-07-08 10:17:34,591 INFO  ExportHelperExtension.cs: 1136 - Found 30 in ??????? V-slot 20x40-1
2025-07-08 10:17:34,591 INFO  ExportHelperExtension.cs: 1145 - Found 0 features of type [CoordSys] in ??????? V-slot 20x40-1
2025-07-08 10:17:34,592 INFO  ExportHelperExtension.cs: 1125 - Retrieving features of type [CoordSys] from ??????? V-slot 20x40-3
2025-07-08 10:17:34,592 INFO  ExportHelperExtension.cs: 1136 - Found 30 in ??????? V-slot 20x40-3
2025-07-08 10:17:34,593 INFO  ExportHelperExtension.cs: 1145 - Found 0 features of type [CoordSys] in ??????? V-slot 20x40-3
2025-07-08 10:17:34,593 INFO  ExportHelperExtension.cs: 1125 - Retrieving features of type [CoordSys] from standoff_M2_20mm-1
2025-07-08 10:17:34,593 INFO  ExportHelperExtension.cs: 1136 - Found 31 in standoff_M2_20mm-1
2025-07-08 10:17:34,594 INFO  ExportHelperExtension.cs: 1145 - Found 0 features of type [CoordSys] in standoff_M2_20mm-1
2025-07-08 10:17:34,594 INFO  ExportHelperExtension.cs: 1125 - Retrieving features of type [CoordSys] from X3_Lidar-1
2025-07-08 10:17:34,595 INFO  ExportHelperExtension.cs: 1136 - Found 90 in X3_Lidar-1
2025-07-08 10:17:34,596 INFO  ExportHelperExtension.cs: 1145 - Found 0 features of type [CoordSys] in X3_Lidar-1
2025-07-08 10:17:34,596 INFO  ExportHelperExtension.cs: 1125 - Retrieving features of type [CoordSys] from cum_relay_my4n_4p-1
2025-07-08 10:17:34,596 INFO  ExportHelperExtension.cs: 1136 - Found 27 in cum_relay_my4n_4p-1
2025-07-08 10:17:34,597 INFO  ExportHelperExtension.cs: 1145 - Found 0 features of type [CoordSys] in cum_relay_my4n_4p-1
2025-07-08 10:17:34,597 INFO  ExportHelperExtension.cs: 1125 - Retrieving features of type [CoordSys] from motoredit-4
2025-07-08 10:17:34,598 INFO  ExportHelperExtension.cs: 1136 - Found 40 in motoredit-4
2025-07-08 10:17:34,598 INFO  ExportHelperExtension.cs: 1145 - Found 0 features of type [CoordSys] in motoredit-4
2025-07-08 10:17:34,599 INFO  ExportHelperExtension.cs: 1125 - Retrieving features of type [CoordSys] from standoff_M2_20mm-3
2025-07-08 10:17:34,599 INFO  ExportHelperExtension.cs: 1136 - Found 31 in standoff_M2_20mm-3
2025-07-08 10:17:34,600 INFO  ExportHelperExtension.cs: 1145 - Found 0 features of type [CoordSys] in standoff_M2_20mm-3
2025-07-08 10:17:34,600 INFO  ExportHelperExtension.cs: 1125 - Retrieving features of type [CoordSys] from lidar_pushup-3
2025-07-08 10:17:34,601 INFO  ExportHelperExtension.cs: 1136 - Found 34 in lidar_pushup-3
2025-07-08 10:17:34,601 INFO  ExportHelperExtension.cs: 1145 - Found 0 features of type [CoordSys] in lidar_pushup-3
2025-07-08 10:17:34,602 INFO  ExportHelperExtension.cs: 1125 - Retrieving features of type [CoordSys] from motoredit-3
2025-07-08 10:17:34,602 INFO  ExportHelperExtension.cs: 1136 - Found 40 in motoredit-3
2025-07-08 10:17:34,602 INFO  ExportHelperExtension.cs: 1145 - Found 0 features of type [CoordSys] in motoredit-3
2025-07-08 10:17:34,603 INFO  ExportHelperExtension.cs: 1125 - Retrieving features of type [CoordSys] from 20mm-8
2025-07-08 10:17:34,603 INFO  ExportHelperExtension.cs: 1136 - Found 40 in 20mm-8
2025-07-08 10:17:34,603 INFO  ExportHelperExtension.cs: 1145 - Found 0 features of type [CoordSys] in 20mm-8
2025-07-08 10:17:34,604 INFO  ExportHelperExtension.cs: 1125 - Retrieving features of type [CoordSys] from battery-1
2025-07-08 10:17:34,604 INFO  ExportHelperExtension.cs: 1136 - Found 26 in battery-1
2025-07-08 10:17:34,604 INFO  ExportHelperExtension.cs: 1145 - Found 0 features of type [CoordSys] in battery-1
2025-07-08 10:17:34,605 INFO  ExportHelperExtension.cs: 1125 - Retrieving features of type [CoordSys] from 36v_12v_converter-1
2025-07-08 10:17:34,605 INFO  ExportHelperExtension.cs: 1136 - Found 29 in 36v_12v_converter-1
2025-07-08 10:17:34,606 INFO  ExportHelperExtension.cs: 1145 - Found 0 features of type [CoordSys] in 36v_12v_converter-1
2025-07-08 10:17:34,606 INFO  ExportHelperExtension.cs: 1125 - Retrieving features of type [CoordSys] from cum_banh_xe_lon-3
2025-07-08 10:17:34,606 INFO  ExportHelperExtension.cs: 1136 - Found 27 in cum_banh_xe_lon-3
2025-07-08 10:17:34,608 INFO  ExportHelperExtension.cs: 1145 - Found 0 features of type [CoordSys] in cum_banh_xe_lon-3
2025-07-08 10:17:34,608 INFO  ExportHelperExtension.cs: 1125 - Retrieving features of type [CoordSys] from lidar_pushup-1
2025-07-08 10:17:34,609 INFO  ExportHelperExtension.cs: 1136 - Found 34 in lidar_pushup-1
2025-07-08 10:17:34,609 INFO  ExportHelperExtension.cs: 1145 - Found 0 features of type [CoordSys] in lidar_pushup-1
2025-07-08 10:17:34,610 INFO  ExportHelperExtension.cs: 1125 - Retrieving features of type [CoordSys] from standoff_M2_20mm-4
2025-07-08 10:17:34,610 INFO  ExportHelperExtension.cs: 1136 - Found 31 in standoff_M2_20mm-4
2025-07-08 10:17:34,610 INFO  ExportHelperExtension.cs: 1145 - Found 0 features of type [CoordSys] in standoff_M2_20mm-4
2025-07-08 10:17:34,611 INFO  ExportHelperExtension.cs: 1125 - Retrieving features of type [CoordSys] from 20mm-2
2025-07-08 10:17:34,611 INFO  ExportHelperExtension.cs: 1136 - Found 40 in 20mm-2
2025-07-08 10:17:34,612 INFO  ExportHelperExtension.cs: 1145 - Found 0 features of type [CoordSys] in 20mm-2
2025-07-08 10:17:34,612 INFO  ExportHelperExtension.cs: 1125 - Retrieving features of type [CoordSys] from standoff_M2_20mm-5
2025-07-08 10:17:34,612 INFO  ExportHelperExtension.cs: 1136 - Found 31 in standoff_M2_20mm-5
2025-07-08 10:17:34,613 INFO  ExportHelperExtension.cs: 1145 - Found 0 features of type [CoordSys] in standoff_M2_20mm-5
2025-07-08 10:17:34,613 INFO  ExportHelperExtension.cs: 1125 - Retrieving features of type [CoordSys] from motorAxis-1
2025-07-08 10:17:34,614 INFO  ExportHelperExtension.cs: 1136 - Found 30 in motorAxis-1
2025-07-08 10:17:34,614 INFO  ExportHelperExtension.cs: 1145 - Found 0 features of type [CoordSys] in motorAxis-1
2025-07-08 10:17:34,614 INFO  ExportHelperExtension.cs: 1125 - Retrieving features of type [CoordSys] from hoverboard_driver-1
2025-07-08 10:17:34,615 INFO  ExportHelperExtension.cs: 1136 - Found 25 in hoverboard_driver-1
2025-07-08 10:17:34,615 INFO  ExportHelperExtension.cs: 1145 - Found 0 features of type [CoordSys] in hoverboard_driver-1
2025-07-08 10:17:34,616 INFO  ExportHelperExtension.cs: 1125 - Retrieving features of type [CoordSys] from aluminium_base-1
2025-07-08 10:17:34,616 INFO  ExportHelperExtension.cs: 1136 - Found 35 in aluminium_base-1
2025-07-08 10:17:34,617 INFO  ExportHelperExtension.cs: 1145 - Found 0 features of type [CoordSys] in aluminium_base-1
2025-07-08 10:17:34,617 INFO  ExportHelperExtension.cs: 1125 - Retrieving features of type [CoordSys] from WEIDU TB25XX-1
2025-07-08 10:17:34,617 INFO  ExportHelperExtension.cs: 1136 - Found 101 in WEIDU TB25XX-1
2025-07-08 10:17:34,618 INFO  ExportHelperExtension.cs: 1145 - Found 0 features of type [CoordSys] in WEIDU TB25XX-1
2025-07-08 10:17:34,619 INFO  ExportHelperExtension.cs: 1125 - Retrieving features of type [CoordSys] from 20x20_aluminum_extrusion_profile 26cm-1
2025-07-08 10:17:34,619 INFO  ExportHelperExtension.cs: 1136 - Found 25 in 20x20_aluminum_extrusion_profile 26cm-1
2025-07-08 10:17:34,620 INFO  ExportHelperExtension.cs: 1145 - Found 0 features of type [CoordSys] in 20x20_aluminum_extrusion_profile 26cm-1
2025-07-08 10:17:34,620 INFO  ExportHelperExtension.cs: 1125 - Retrieving features of type [CoordSys] from 20mm-10
2025-07-08 10:17:34,620 INFO  ExportHelperExtension.cs: 1136 - Found 40 in 20mm-10
2025-07-08 10:17:34,621 INFO  ExportHelperExtension.cs: 1145 - Found 0 features of type [CoordSys] in 20mm-10
2025-07-08 10:17:34,621 INFO  ExportHelperExtension.cs: 1125 - Retrieving features of type [CoordSys] from cum_banh_xe_lon-5
2025-07-08 10:17:34,622 INFO  ExportHelperExtension.cs: 1136 - Found 27 in cum_banh_xe_lon-5
2025-07-08 10:17:34,622 INFO  ExportHelperExtension.cs: 1145 - Found 0 features of type [CoordSys] in cum_banh_xe_lon-5
2025-07-08 10:17:34,622 INFO  ExportHelperExtension.cs: 1125 - Retrieving features of type [CoordSys] from motorAxis-4
2025-07-08 10:17:34,623 INFO  ExportHelperExtension.cs: 1136 - Found 30 in motorAxis-4
2025-07-08 10:17:34,624 INFO  ExportHelperExtension.cs: 1145 - Found 0 features of type [CoordSys] in motorAxis-4
2025-07-08 10:17:34,624 INFO  ExportHelperExtension.cs: 1125 - Retrieving features of type [CoordSys] from 20mm-11
2025-07-08 10:17:34,624 INFO  ExportHelperExtension.cs: 1136 - Found 40 in 20mm-11
2025-07-08 10:17:34,625 INFO  ExportHelperExtension.cs: 1145 - Found 0 features of type [CoordSys] in 20mm-11
2025-07-08 10:17:34,626 INFO  ExportHelperExtension.cs: 1125 - Retrieving features of type [CoordSys] from cum_dahuong_truoc_sau-5
2025-07-08 10:17:34,626 INFO  ExportHelperExtension.cs: 1136 - Found 53 in cum_dahuong_truoc_sau-5
2025-07-08 10:17:34,627 INFO  ExportHelperExtension.cs: 1145 - Found 0 features of type [CoordSys] in cum_dahuong_truoc_sau-5
2025-07-08 10:17:34,628 INFO  ExportHelperExtension.cs: 1125 - Retrieving features of type [CoordSys] from matxeo1-1
2025-07-08 10:17:34,628 INFO  ExportHelperExtension.cs: 1136 - Found 27 in matxeo1-1
2025-07-08 10:17:34,629 INFO  ExportHelperExtension.cs: 1145 - Found 0 features of type [CoordSys] in matxeo1-1
2025-07-08 10:17:34,629 INFO  ExportHelperExtension.cs: 1125 - Retrieving features of type [CoordSys] from final kinect-1
2025-07-08 10:17:34,630 INFO  ExportHelperExtension.cs: 1136 - Found 27 in final kinect-1
2025-07-08 10:17:34,630 INFO  ExportHelperExtension.cs: 1145 - Found 0 features of type [CoordSys] in final kinect-1
2025-07-08 10:17:34,631 INFO  ExportHelperExtension.cs: 1125 - Retrieving features of type [CoordSys] from j1-2
2025-07-08 10:17:34,631 INFO  ExportHelperExtension.cs: 1136 - Found 32 in j1-2
2025-07-08 10:17:34,632 INFO  ExportHelperExtension.cs: 1145 - Found 0 features of type [CoordSys] in j1-2
2025-07-08 10:17:34,632 INFO  ExportHelperExtension.cs: 1125 - Retrieving features of type [CoordSys] from cover_up_v2-1
2025-07-08 10:17:34,632 INFO  ExportHelperExtension.cs: 1136 - Found 26 in cover_up_v2-1
2025-07-08 10:17:34,633 INFO  ExportHelperExtension.cs: 1145 - Found 0 features of type [CoordSys] in cover_up_v2-1
2025-07-08 10:17:34,633 INFO  ExportHelperExtension.cs: 1125 - Retrieving features of type [CoordSys] from cover_joint_v3.1.2-1
2025-07-08 10:17:34,634 INFO  ExportHelperExtension.cs: 1136 - Found 35 in cover_joint_v3.1.2-1
2025-07-08 10:17:34,634 INFO  ExportHelperExtension.cs: 1145 - Found 0 features of type [CoordSys] in cover_joint_v3.1.2-1
2025-07-08 10:17:34,635 INFO  ExportHelperExtension.cs: 1125 - Retrieving features of type [CoordSys] from alibaba-1
2025-07-08 10:17:34,635 INFO  ExportHelperExtension.cs: 1136 - Found 35 in alibaba-1
2025-07-08 10:17:34,636 INFO  ExportHelperExtension.cs: 1145 - Found 0 features of type [CoordSys] in alibaba-1
2025-07-08 10:17:34,637 INFO  ExportHelperExtension.cs: 1125 - Retrieving features of type [CoordSys] from che-1
2025-07-08 10:17:34,637 INFO  ExportHelperExtension.cs: 1136 - Found 25 in che-1
2025-07-08 10:17:34,639 INFO  ExportHelperExtension.cs: 1145 - Found 0 features of type [CoordSys] in che-1
2025-07-08 10:17:34,640 INFO  ExportHelperExtension.cs: 1125 - Retrieving features of type [CoordSys] from Stop Switch Push Button LAY37 (PBC)-3
2025-07-08 10:17:34,641 INFO  ExportHelperExtension.cs: 1136 - Found 63 in Stop Switch Push Button LAY37 (PBC)-3
2025-07-08 10:17:34,642 INFO  ExportHelperExtension.cs: 1145 - Found 0 features of type [CoordSys] in Stop Switch Push Button LAY37 (PBC)-3
2025-07-08 10:17:34,643 INFO  ExportHelperExtension.cs: 1125 - Retrieving features of type [CoordSys] from cover_up_v2_linh_mica-1
2025-07-08 10:17:34,643 INFO  ExportHelperExtension.cs: 1136 - Found 28 in cover_up_v2_linh_mica-1
2025-07-08 10:17:34,644 INFO  ExportHelperExtension.cs: 1145 - Found 0 features of type [CoordSys] in cover_up_v2_linh_mica-1
2025-07-08 10:17:34,645 INFO  ExportHelperExtension.cs: 1125 - Retrieving features of type [CoordSys] from che-2
2025-07-08 10:17:34,646 INFO  ExportHelperExtension.cs: 1136 - Found 25 in che-2
2025-07-08 10:17:34,646 INFO  ExportHelperExtension.cs: 1145 - Found 0 features of type [CoordSys] in che-2
2025-07-08 10:17:34,647 INFO  ExportHelperExtension.cs: 1125 - Retrieving features of type [CoordSys] from full_cover_v2-1
2025-07-08 10:17:34,648 INFO  ExportHelperExtension.cs: 1136 - Found 29 in full_cover_v2-1
2025-07-08 10:17:34,648 INFO  ExportHelperExtension.cs: 1145 - Found 0 features of type [CoordSys] in full_cover_v2-1
2025-07-08 10:17:34,649 INFO  ExportHelperExtension.cs: 1125 - Retrieving features of type [CoordSys] from cum_dahuong_truoc_sau-6
2025-07-08 10:17:34,650 INFO  ExportHelperExtension.cs: 1136 - Found 53 in cum_dahuong_truoc_sau-6
2025-07-08 10:17:34,651 INFO  ExportHelperExtension.cs: 1145 - Found 0 features of type [CoordSys] in cum_dahuong_truoc_sau-6
2025-07-08 10:17:34,651 INFO  ExportHelperExtension.cs: 1125 - Retrieving features of type [CoordSys] from Arcade Push button asm-2
2025-07-08 10:17:34,652 INFO  ExportHelperExtension.cs: 1136 - Found 56 in Arcade Push button asm-2
2025-07-08 10:17:34,654 INFO  ExportHelperExtension.cs: 1145 - Found 0 features of type [CoordSys] in Arcade Push button asm-2
2025-07-08 10:17:34,654 INFO  ExportHelperExtension.cs: 1125 - Retrieving features of type [CoordSys] from j1-1
2025-07-08 10:17:34,655 INFO  ExportHelperExtension.cs: 1136 - Found 32 in j1-1
2025-07-08 10:17:34,656 INFO  ExportHelperExtension.cs: 1145 - Found 0 features of type [CoordSys] in j1-1
2025-07-08 10:17:34,657 INFO  ExportHelperExtension.cs: 1125 - Retrieving features of type [CoordSys] from cover_up_v2_linh-1
2025-07-08 10:17:34,658 INFO  ExportHelperExtension.cs: 1136 - Found 26 in cover_up_v2_linh-1
2025-07-08 10:17:34,658 INFO  ExportHelperExtension.cs: 1145 - Found 0 features of type [CoordSys] in cover_up_v2_linh-1
2025-07-08 10:17:34,659 INFO  ExportHelperExtension.cs: 1125 - Retrieving features of type [CoordSys] from che-3
2025-07-08 10:17:34,668 INFO  ExportHelperExtension.cs: 1136 - Found 25 in che-3
2025-07-08 10:17:34,670 INFO  ExportHelperExtension.cs: 1145 - Found 0 features of type [CoordSys] in che-3
2025-07-08 10:17:34,671 INFO  ExportHelperExtension.cs: 1125 - Retrieving features of type [RefAxis] from roboV3(urdf_changed).SLDASM
2025-07-08 10:17:34,672 INFO  ExportHelperExtension.cs: 1136 - Found 313 in roboV3(urdf_changed).SLDASM
2025-07-08 10:17:34,675 INFO  ExportHelperExtension.cs: 1145 - Found 12 features of type [RefAxis] in roboV3(urdf_changed).SLDASM
2025-07-08 10:17:34,676 INFO  ExportHelperExtension.cs: 1148 - Proceeding through assembly components
2025-07-08 10:17:34,676 INFO  ExportHelperExtension.cs: 1160 - 60 components to check
2025-07-08 10:17:34,677 INFO  ExportHelperExtension.cs: 1125 - Retrieving features of type [RefAxis] from ga_minipc_v2-2
2025-07-08 10:17:34,700 INFO  ExportHelperExtension.cs: 1136 - Found 31 in ga_minipc_v2-2
2025-07-08 10:17:34,702 INFO  ExportHelperExtension.cs: 1145 - Found 0 features of type [RefAxis] in ga_minipc_v2-2
2025-07-08 10:17:34,703 INFO  ExportHelperExtension.cs: 1125 - Retrieving features of type [RefAxis] from nang_cam-1
2025-07-08 10:17:34,704 INFO  ExportHelperExtension.cs: 1136 - Found 25 in nang_cam-1
2025-07-08 10:17:34,705 INFO  ExportHelperExtension.cs: 1145 - Found 0 features of type [RefAxis] in nang_cam-1
2025-07-08 10:17:34,706 INFO  ExportHelperExtension.cs: 1125 - Retrieving features of type [RefAxis] from ga_minipc_comp-1
2025-07-08 10:17:34,707 INFO  ExportHelperExtension.cs: 1136 - Found 40 in ga_minipc_comp-1
2025-07-08 10:17:34,708 INFO  ExportHelperExtension.cs: 1145 - Found 0 features of type [RefAxis] in ga_minipc_comp-1
2025-07-08 10:17:34,709 INFO  ExportHelperExtension.cs: 1125 - Retrieving features of type [RefAxis] from che-4
2025-07-08 10:17:34,710 INFO  ExportHelperExtension.cs: 1136 - Found 25 in che-4
2025-07-08 10:17:34,711 INFO  ExportHelperExtension.cs: 1145 - Found 0 features of type [RefAxis] in che-4
2025-07-08 10:17:34,711 INFO  ExportHelperExtension.cs: 1125 - Retrieving features of type [RefAxis] from imu_40do-1
2025-07-08 10:17:34,712 INFO  ExportHelperExtension.cs: 1136 - Found 25 in imu_40do-1
2025-07-08 10:17:34,713 INFO  ExportHelperExtension.cs: 1145 - Found 0 features of type [RefAxis] in imu_40do-1
2025-07-08 10:17:34,714 INFO  ExportHelperExtension.cs: 1125 - Retrieving features of type [RefAxis] from che-5
2025-07-08 10:17:34,714 INFO  ExportHelperExtension.cs: 1136 - Found 25 in che-5
2025-07-08 10:17:34,716 INFO  ExportHelperExtension.cs: 1145 - Found 0 features of type [RefAxis] in che-5
2025-07-08 10:17:34,717 INFO  ExportHelperExtension.cs: 1125 - Retrieving features of type [RefAxis] from che-6
2025-07-08 10:17:34,718 INFO  ExportHelperExtension.cs: 1136 - Found 25 in che-6
2025-07-08 10:17:34,719 INFO  ExportHelperExtension.cs: 1145 - Found 0 features of type [RefAxis] in che-6
2025-07-08 10:17:34,719 INFO  ExportHelperExtension.cs: 1125 - Retrieving features of type [RefAxis] from hop_pin-1
2025-07-08 10:17:34,721 INFO  ExportHelperExtension.cs: 1136 - Found 27 in hop_pin-1
2025-07-08 10:17:34,722 INFO  ExportHelperExtension.cs: 1145 - Found 0 features of type [RefAxis] in hop_pin-1
2025-07-08 10:17:34,722 INFO  ExportHelperExtension.cs: 1125 - Retrieving features of type [RefAxis] from ga_com-1
2025-07-08 10:17:34,723 INFO  ExportHelperExtension.cs: 1136 - Found 33 in ga_com-1
2025-07-08 10:17:34,724 INFO  ExportHelperExtension.cs: 1145 - Found 0 features of type [RefAxis] in ga_com-1
2025-07-08 10:17:34,725 INFO  ExportHelperExtension.cs: 1125 - Retrieving features of type [RefAxis] from op_tablet-1
2025-07-08 10:17:34,726 INFO  ExportHelperExtension.cs: 1136 - Found 37 in op_tablet-1
2025-07-08 10:17:34,727 INFO  ExportHelperExtension.cs: 1145 - Found 0 features of type [RefAxis] in op_tablet-1
2025-07-08 10:17:34,727 INFO  ExportHelperExtension.cs: 1125 - Retrieving features of type [RefAxis] from kegoc_tab2-1
2025-07-08 10:17:34,728 INFO  ExportHelperExtension.cs: 1136 - Found 25 in kegoc_tab2-1
2025-07-08 10:17:34,729 INFO  ExportHelperExtension.cs: 1145 - Found 0 features of type [RefAxis] in kegoc_tab2-1
2025-07-08 10:17:34,730 INFO  ExportHelperExtension.cs: 1125 - Retrieving features of type [RefAxis] from ga_minipc_v2-1
2025-07-08 10:17:34,730 INFO  ExportHelperExtension.cs: 1136 - Found 31 in ga_minipc_v2-1
2025-07-08 10:17:34,731 INFO  ExportHelperExtension.cs: 1145 - Found 0 features of type [RefAxis] in ga_minipc_v2-1
2025-07-08 10:17:34,732 INFO  ExportHelperExtension.cs: 1125 - Retrieving features of type [RefAxis] from hop_nano-1
2025-07-08 10:17:34,733 INFO  ExportHelperExtension.cs: 1136 - Found 35 in hop_nano-1
2025-07-08 10:17:34,734 INFO  ExportHelperExtension.cs: 1145 - Found 0 features of type [RefAxis] in hop_nano-1
2025-07-08 10:17:34,735 INFO  ExportHelperExtension.cs: 1125 - Retrieving features of type [RefAxis] from trodong-1
2025-07-08 10:17:34,736 INFO  ExportHelperExtension.cs: 1136 - Found 25 in trodong-1
2025-07-08 10:17:34,737 INFO  ExportHelperExtension.cs: 1145 - Found 0 features of type [RefAxis] in trodong-1
2025-07-08 10:17:34,738 INFO  ExportHelperExtension.cs: 1125 - Retrieving features of type [RefAxis] from kegoc_tab1-1
2025-07-08 10:17:34,739 INFO  ExportHelperExtension.cs: 1136 - Found 25 in kegoc_tab1-1
2025-07-08 10:17:34,741 INFO  ExportHelperExtension.cs: 1145 - Found 0 features of type [RefAxis] in kegoc_tab1-1
2025-07-08 10:17:34,741 INFO  ExportHelperExtension.cs: 1125 - Retrieving features of type [RefAxis] from remote_relay-1
2025-07-08 10:17:34,742 INFO  ExportHelperExtension.cs: 1136 - Found 28 in remote_relay-1
2025-07-08 10:17:34,744 INFO  ExportHelperExtension.cs: 1145 - Found 0 features of type [RefAxis] in remote_relay-1
2025-07-08 10:17:34,745 INFO  ExportHelperExtension.cs: 1125 - Retrieving features of type [RefAxis] from pi_hang_imu-1
2025-07-08 10:17:34,746 INFO  ExportHelperExtension.cs: 1136 - Found 33 in pi_hang_imu-1
2025-07-08 10:17:34,747 INFO  ExportHelperExtension.cs: 1145 - Found 4 features of type [RefAxis] in pi_hang_imu-1
2025-07-08 10:17:34,747 INFO  ExportHelperExtension.cs: 1125 - Retrieving features of type [RefAxis] from ??????? V-slot 20x40-1
2025-07-08 10:17:34,748 INFO  ExportHelperExtension.cs: 1136 - Found 30 in ??????? V-slot 20x40-1
2025-07-08 10:17:34,749 INFO  ExportHelperExtension.cs: 1145 - Found 0 features of type [RefAxis] in ??????? V-slot 20x40-1
2025-07-08 10:17:34,749 INFO  ExportHelperExtension.cs: 1125 - Retrieving features of type [RefAxis] from ??????? V-slot 20x40-3
2025-07-08 10:17:34,750 INFO  ExportHelperExtension.cs: 1136 - Found 30 in ??????? V-slot 20x40-3
2025-07-08 10:17:34,752 INFO  ExportHelperExtension.cs: 1145 - Found 0 features of type [RefAxis] in ??????? V-slot 20x40-3
2025-07-08 10:17:34,752 INFO  ExportHelperExtension.cs: 1125 - Retrieving features of type [RefAxis] from standoff_M2_20mm-1
2025-07-08 10:17:34,754 INFO  ExportHelperExtension.cs: 1136 - Found 31 in standoff_M2_20mm-1
2025-07-08 10:17:34,755 INFO  ExportHelperExtension.cs: 1145 - Found 0 features of type [RefAxis] in standoff_M2_20mm-1
2025-07-08 10:17:34,755 INFO  ExportHelperExtension.cs: 1125 - Retrieving features of type [RefAxis] from X3_Lidar-1
2025-07-08 10:17:34,756 INFO  ExportHelperExtension.cs: 1136 - Found 90 in X3_Lidar-1
2025-07-08 10:17:34,758 INFO  ExportHelperExtension.cs: 1145 - Found 0 features of type [RefAxis] in X3_Lidar-1
2025-07-08 10:17:34,758 INFO  ExportHelperExtension.cs: 1125 - Retrieving features of type [RefAxis] from cum_relay_my4n_4p-1
2025-07-08 10:17:34,759 INFO  ExportHelperExtension.cs: 1136 - Found 27 in cum_relay_my4n_4p-1
2025-07-08 10:17:34,760 INFO  ExportHelperExtension.cs: 1145 - Found 0 features of type [RefAxis] in cum_relay_my4n_4p-1
2025-07-08 10:17:34,760 INFO  ExportHelperExtension.cs: 1125 - Retrieving features of type [RefAxis] from motoredit-4
2025-07-08 10:17:34,761 INFO  ExportHelperExtension.cs: 1136 - Found 40 in motoredit-4
2025-07-08 10:17:34,763 INFO  ExportHelperExtension.cs: 1145 - Found 0 features of type [RefAxis] in motoredit-4
2025-07-08 10:17:34,764 INFO  ExportHelperExtension.cs: 1125 - Retrieving features of type [RefAxis] from standoff_M2_20mm-3
2025-07-08 10:17:34,765 INFO  ExportHelperExtension.cs: 1136 - Found 31 in standoff_M2_20mm-3
2025-07-08 10:17:34,766 INFO  ExportHelperExtension.cs: 1145 - Found 0 features of type [RefAxis] in standoff_M2_20mm-3
2025-07-08 10:17:34,767 INFO  ExportHelperExtension.cs: 1125 - Retrieving features of type [RefAxis] from lidar_pushup-3
2025-07-08 10:17:34,768 INFO  ExportHelperExtension.cs: 1136 - Found 34 in lidar_pushup-3
2025-07-08 10:17:34,769 INFO  ExportHelperExtension.cs: 1145 - Found 1 features of type [RefAxis] in lidar_pushup-3
2025-07-08 10:17:34,770 INFO  ExportHelperExtension.cs: 1125 - Retrieving features of type [RefAxis] from motoredit-3
2025-07-08 10:17:34,771 INFO  ExportHelperExtension.cs: 1136 - Found 40 in motoredit-3
2025-07-08 10:17:34,772 INFO  ExportHelperExtension.cs: 1145 - Found 0 features of type [RefAxis] in motoredit-3
2025-07-08 10:17:34,773 INFO  ExportHelperExtension.cs: 1125 - Retrieving features of type [RefAxis] from 20mm-8
2025-07-08 10:17:34,774 INFO  ExportHelperExtension.cs: 1136 - Found 40 in 20mm-8
2025-07-08 10:17:34,775 INFO  ExportHelperExtension.cs: 1145 - Found 0 features of type [RefAxis] in 20mm-8
2025-07-08 10:17:34,776 INFO  ExportHelperExtension.cs: 1125 - Retrieving features of type [RefAxis] from battery-1
2025-07-08 10:17:34,777 INFO  ExportHelperExtension.cs: 1136 - Found 26 in battery-1
2025-07-08 10:17:34,778 INFO  ExportHelperExtension.cs: 1145 - Found 0 features of type [RefAxis] in battery-1
2025-07-08 10:17:34,778 INFO  ExportHelperExtension.cs: 1125 - Retrieving features of type [RefAxis] from 36v_12v_converter-1
2025-07-08 10:17:34,779 INFO  ExportHelperExtension.cs: 1136 - Found 29 in 36v_12v_converter-1
2025-07-08 10:17:34,779 INFO  ExportHelperExtension.cs: 1145 - Found 0 features of type [RefAxis] in 36v_12v_converter-1
2025-07-08 10:17:34,780 INFO  ExportHelperExtension.cs: 1125 - Retrieving features of type [RefAxis] from cum_banh_xe_lon-3
2025-07-08 10:17:34,781 INFO  ExportHelperExtension.cs: 1136 - Found 27 in cum_banh_xe_lon-3
2025-07-08 10:17:34,782 INFO  ExportHelperExtension.cs: 1145 - Found 0 features of type [RefAxis] in cum_banh_xe_lon-3
2025-07-08 10:17:34,782 INFO  ExportHelperExtension.cs: 1125 - Retrieving features of type [RefAxis] from lidar_pushup-1
2025-07-08 10:17:34,783 INFO  ExportHelperExtension.cs: 1136 - Found 34 in lidar_pushup-1
2025-07-08 10:17:34,784 INFO  ExportHelperExtension.cs: 1145 - Found 1 features of type [RefAxis] in lidar_pushup-1
2025-07-08 10:17:34,784 INFO  ExportHelperExtension.cs: 1125 - Retrieving features of type [RefAxis] from standoff_M2_20mm-4
2025-07-08 10:17:34,785 INFO  ExportHelperExtension.cs: 1136 - Found 31 in standoff_M2_20mm-4
2025-07-08 10:17:34,786 INFO  ExportHelperExtension.cs: 1145 - Found 0 features of type [RefAxis] in standoff_M2_20mm-4
2025-07-08 10:17:34,787 INFO  ExportHelperExtension.cs: 1125 - Retrieving features of type [RefAxis] from 20mm-2
2025-07-08 10:17:34,787 INFO  ExportHelperExtension.cs: 1136 - Found 40 in 20mm-2
2025-07-08 10:17:34,788 INFO  ExportHelperExtension.cs: 1145 - Found 0 features of type [RefAxis] in 20mm-2
2025-07-08 10:17:34,789 INFO  ExportHelperExtension.cs: 1125 - Retrieving features of type [RefAxis] from standoff_M2_20mm-5
2025-07-08 10:17:34,789 INFO  ExportHelperExtension.cs: 1136 - Found 31 in standoff_M2_20mm-5
2025-07-08 10:17:34,790 INFO  ExportHelperExtension.cs: 1145 - Found 0 features of type [RefAxis] in standoff_M2_20mm-5
2025-07-08 10:17:34,791 INFO  ExportHelperExtension.cs: 1125 - Retrieving features of type [RefAxis] from motorAxis-1
2025-07-08 10:17:34,792 INFO  ExportHelperExtension.cs: 1136 - Found 30 in motorAxis-1
2025-07-08 10:17:34,794 INFO  ExportHelperExtension.cs: 1145 - Found 0 features of type [RefAxis] in motorAxis-1
2025-07-08 10:17:34,794 INFO  ExportHelperExtension.cs: 1125 - Retrieving features of type [RefAxis] from hoverboard_driver-1
2025-07-08 10:17:34,795 INFO  ExportHelperExtension.cs: 1136 - Found 25 in hoverboard_driver-1
2025-07-08 10:17:34,796 INFO  ExportHelperExtension.cs: 1145 - Found 0 features of type [RefAxis] in hoverboard_driver-1
2025-07-08 10:17:34,796 INFO  ExportHelperExtension.cs: 1125 - Retrieving features of type [RefAxis] from aluminium_base-1
2025-07-08 10:17:34,797 INFO  ExportHelperExtension.cs: 1136 - Found 35 in aluminium_base-1
2025-07-08 10:17:34,798 INFO  ExportHelperExtension.cs: 1145 - Found 0 features of type [RefAxis] in aluminium_base-1
2025-07-08 10:17:34,799 INFO  ExportHelperExtension.cs: 1125 - Retrieving features of type [RefAxis] from WEIDU TB25XX-1
2025-07-08 10:17:34,800 INFO  ExportHelperExtension.cs: 1136 - Found 101 in WEIDU TB25XX-1
2025-07-08 10:17:34,801 INFO  ExportHelperExtension.cs: 1145 - Found 0 features of type [RefAxis] in WEIDU TB25XX-1
2025-07-08 10:17:34,802 INFO  ExportHelperExtension.cs: 1125 - Retrieving features of type [RefAxis] from 20x20_aluminum_extrusion_profile 26cm-1
2025-07-08 10:17:34,803 INFO  ExportHelperExtension.cs: 1136 - Found 25 in 20x20_aluminum_extrusion_profile 26cm-1
2025-07-08 10:17:34,803 INFO  ExportHelperExtension.cs: 1145 - Found 0 features of type [RefAxis] in 20x20_aluminum_extrusion_profile 26cm-1
2025-07-08 10:17:34,804 INFO  ExportHelperExtension.cs: 1125 - Retrieving features of type [RefAxis] from 20mm-10
2025-07-08 10:17:34,805 INFO  ExportHelperExtension.cs: 1136 - Found 40 in 20mm-10
2025-07-08 10:17:34,805 INFO  ExportHelperExtension.cs: 1145 - Found 0 features of type [RefAxis] in 20mm-10
2025-07-08 10:17:34,806 INFO  ExportHelperExtension.cs: 1125 - Retrieving features of type [RefAxis] from cum_banh_xe_lon-5
2025-07-08 10:17:34,807 INFO  ExportHelperExtension.cs: 1136 - Found 27 in cum_banh_xe_lon-5
2025-07-08 10:17:34,808 INFO  ExportHelperExtension.cs: 1145 - Found 0 features of type [RefAxis] in cum_banh_xe_lon-5
2025-07-08 10:17:34,808 INFO  ExportHelperExtension.cs: 1125 - Retrieving features of type [RefAxis] from motorAxis-4
2025-07-08 10:17:34,809 INFO  ExportHelperExtension.cs: 1136 - Found 30 in motorAxis-4
2025-07-08 10:17:34,810 INFO  ExportHelperExtension.cs: 1145 - Found 0 features of type [RefAxis] in motorAxis-4
2025-07-08 10:17:34,811 INFO  ExportHelperExtension.cs: 1125 - Retrieving features of type [RefAxis] from 20mm-11
2025-07-08 10:17:34,812 INFO  ExportHelperExtension.cs: 1136 - Found 40 in 20mm-11
2025-07-08 10:17:34,813 INFO  ExportHelperExtension.cs: 1145 - Found 0 features of type [RefAxis] in 20mm-11
2025-07-08 10:17:34,814 INFO  ExportHelperExtension.cs: 1125 - Retrieving features of type [RefAxis] from cum_dahuong_truoc_sau-5
2025-07-08 10:17:34,816 INFO  ExportHelperExtension.cs: 1136 - Found 53 in cum_dahuong_truoc_sau-5
2025-07-08 10:17:34,817 INFO  ExportHelperExtension.cs: 1145 - Found 0 features of type [RefAxis] in cum_dahuong_truoc_sau-5
2025-07-08 10:17:34,818 INFO  ExportHelperExtension.cs: 1125 - Retrieving features of type [RefAxis] from matxeo1-1
2025-07-08 10:17:34,819 INFO  ExportHelperExtension.cs: 1136 - Found 27 in matxeo1-1
2025-07-08 10:17:34,821 INFO  ExportHelperExtension.cs: 1145 - Found 0 features of type [RefAxis] in matxeo1-1
2025-07-08 10:17:34,822 INFO  ExportHelperExtension.cs: 1125 - Retrieving features of type [RefAxis] from final kinect-1
2025-07-08 10:17:34,823 INFO  ExportHelperExtension.cs: 1136 - Found 27 in final kinect-1
2025-07-08 10:17:34,824 INFO  ExportHelperExtension.cs: 1145 - Found 0 features of type [RefAxis] in final kinect-1
2025-07-08 10:17:34,825 INFO  ExportHelperExtension.cs: 1125 - Retrieving features of type [RefAxis] from j1-2
2025-07-08 10:17:34,826 INFO  ExportHelperExtension.cs: 1136 - Found 32 in j1-2
2025-07-08 10:17:34,827 INFO  ExportHelperExtension.cs: 1145 - Found 0 features of type [RefAxis] in j1-2
2025-07-08 10:17:34,828 INFO  ExportHelperExtension.cs: 1125 - Retrieving features of type [RefAxis] from cover_up_v2-1
2025-07-08 10:17:34,828 INFO  ExportHelperExtension.cs: 1136 - Found 26 in cover_up_v2-1
2025-07-08 10:17:34,829 INFO  ExportHelperExtension.cs: 1145 - Found 0 features of type [RefAxis] in cover_up_v2-1
2025-07-08 10:17:34,830 INFO  ExportHelperExtension.cs: 1125 - Retrieving features of type [RefAxis] from cover_joint_v3.1.2-1
2025-07-08 10:17:34,831 INFO  ExportHelperExtension.cs: 1136 - Found 35 in cover_joint_v3.1.2-1
2025-07-08 10:17:34,832 INFO  ExportHelperExtension.cs: 1145 - Found 0 features of type [RefAxis] in cover_joint_v3.1.2-1
2025-07-08 10:17:34,832 INFO  ExportHelperExtension.cs: 1125 - Retrieving features of type [RefAxis] from alibaba-1
2025-07-08 10:17:34,833 INFO  ExportHelperExtension.cs: 1136 - Found 35 in alibaba-1
2025-07-08 10:17:34,834 INFO  ExportHelperExtension.cs: 1145 - Found 0 features of type [RefAxis] in alibaba-1
2025-07-08 10:17:34,852 INFO  ExportHelperExtension.cs: 1125 - Retrieving features of type [RefAxis] from che-1
2025-07-08 10:17:34,853 INFO  ExportHelperExtension.cs: 1136 - Found 25 in che-1
2025-07-08 10:17:34,854 INFO  ExportHelperExtension.cs: 1145 - Found 0 features of type [RefAxis] in che-1
2025-07-08 10:17:34,855 INFO  ExportHelperExtension.cs: 1125 - Retrieving features of type [RefAxis] from Stop Switch Push Button LAY37 (PBC)-3
2025-07-08 10:17:34,872 INFO  ExportHelperExtension.cs: 1136 - Found 63 in Stop Switch Push Button LAY37 (PBC)-3
2025-07-08 10:17:34,874 INFO  ExportHelperExtension.cs: 1145 - Found 0 features of type [RefAxis] in Stop Switch Push Button LAY37 (PBC)-3
2025-07-08 10:17:34,875 INFO  ExportHelperExtension.cs: 1125 - Retrieving features of type [RefAxis] from cover_up_v2_linh_mica-1
2025-07-08 10:17:34,877 INFO  ExportHelperExtension.cs: 1136 - Found 28 in cover_up_v2_linh_mica-1
2025-07-08 10:17:34,878 INFO  ExportHelperExtension.cs: 1145 - Found 0 features of type [RefAxis] in cover_up_v2_linh_mica-1
2025-07-08 10:17:34,879 INFO  ExportHelperExtension.cs: 1125 - Retrieving features of type [RefAxis] from che-2
2025-07-08 10:17:34,880 INFO  ExportHelperExtension.cs: 1136 - Found 25 in che-2
2025-07-08 10:17:34,881 INFO  ExportHelperExtension.cs: 1145 - Found 0 features of type [RefAxis] in che-2
2025-07-08 10:17:34,882 INFO  ExportHelperExtension.cs: 1125 - Retrieving features of type [RefAxis] from full_cover_v2-1
2025-07-08 10:17:34,883 INFO  ExportHelperExtension.cs: 1136 - Found 29 in full_cover_v2-1
2025-07-08 10:17:34,884 INFO  ExportHelperExtension.cs: 1145 - Found 0 features of type [RefAxis] in full_cover_v2-1
2025-07-08 10:17:34,884 INFO  ExportHelperExtension.cs: 1125 - Retrieving features of type [RefAxis] from cum_dahuong_truoc_sau-6
2025-07-08 10:17:34,886 INFO  ExportHelperExtension.cs: 1136 - Found 53 in cum_dahuong_truoc_sau-6
2025-07-08 10:17:34,887 INFO  ExportHelperExtension.cs: 1145 - Found 0 features of type [RefAxis] in cum_dahuong_truoc_sau-6
2025-07-08 10:17:34,888 INFO  ExportHelperExtension.cs: 1125 - Retrieving features of type [RefAxis] from Arcade Push button asm-2
2025-07-08 10:17:34,890 INFO  ExportHelperExtension.cs: 1136 - Found 56 in Arcade Push button asm-2
2025-07-08 10:17:34,891 INFO  ExportHelperExtension.cs: 1145 - Found 0 features of type [RefAxis] in Arcade Push button asm-2
2025-07-08 10:17:34,892 INFO  ExportHelperExtension.cs: 1125 - Retrieving features of type [RefAxis] from j1-1
2025-07-08 10:17:34,892 INFO  ExportHelperExtension.cs: 1136 - Found 32 in j1-1
2025-07-08 10:17:34,893 INFO  ExportHelperExtension.cs: 1145 - Found 0 features of type [RefAxis] in j1-1
2025-07-08 10:17:34,894 INFO  ExportHelperExtension.cs: 1125 - Retrieving features of type [RefAxis] from cover_up_v2_linh-1
2025-07-08 10:17:34,895 INFO  ExportHelperExtension.cs: 1136 - Found 26 in cover_up_v2_linh-1
2025-07-08 10:17:34,896 INFO  ExportHelperExtension.cs: 1145 - Found 0 features of type [RefAxis] in cover_up_v2_linh-1
2025-07-08 10:17:34,896 INFO  ExportHelperExtension.cs: 1125 - Retrieving features of type [RefAxis] from che-3
2025-07-08 10:17:34,897 INFO  ExportHelperExtension.cs: 1136 - Found 25 in che-3
2025-07-08 10:17:34,898 INFO  ExportHelperExtension.cs: 1145 - Found 0 features of type [RefAxis] in che-3
2025-07-08 10:17:35,480 INFO  SwAddin.cs: 339 - Loading config tree
2025-07-08 10:17:35,491 INFO  ConfigurationSerialization.cs: 276 - URDF Configuration found
<Link z:Id="i1" xmlns="http://schemas.datacontract.org/2004/07/SW2URDF" xmlns:i="http://www.w3.org/2001/XMLSchema-instance" xmlns:z="http://schemas.microsoft.com/2003/10/Serialization/"><Attributes><Attribute z:Id="i2"><AttributeType>name</AttributeType><IsRequired>true</IsRequired><Value i:type="a:string" xmlns:a="http://www.w3.org/2001/XMLSchema">base_link</Value></Attribute></Attributes><ChildElements><URDFElement z:Id="i3" i:type="Inertial"><Attributes/><ChildElements><URDFElement z:Id="i4" i:type="Origin"><Attributes><Attribute z:Id="i5"><AttributeType>xyz</AttributeType><IsRequired>true</IsRequired><Value i:type="a:ArrayOfdouble" xmlns:a="http://schemas.microsoft.com/2003/10/Serialization/Arrays"><a:double>0.028369667828340384</a:double><a:double>-0.0053387669522434456</a:double><a:double>0.070976161328202669</a:double></Value></Attribute><Attribute z:Id="i6"><AttributeType>rpy</AttributeType><IsRequired>true</IsRequired><Value i:type="a:ArrayOfdouble" xmlns:a="http://schemas.microsoft.com/2003/10/Serialization/Arrays"><a:double>0</a:double><a:double>0</a:double><a:double>0</a:double></Value></Attribute></Attributes><ChildElements/><ElementName>origin</ElementName><required>false</required><RPYAttribute z:Ref="i6"/><XYZAttribute z:Ref="i5"/><isCustomized>false</isCustomized></URDFElement><URDFElement z:Id="i7" i:type="Mass"><Attributes><Attribute z:Id="i8"><AttributeType>value</AttributeType><IsRequired>true</IsRequired><Value i:type="a:double" xmlns:a="http://www.w3.org/2001/XMLSchema">9.3961906865866069</Value></Attribute></Attributes><ChildElements/><ElementName>mass</ElementName><required>false</required><ValueAttribute z:Ref="i8"/></URDFElement><URDFElement z:Id="i9" i:type="Inertia"><Attributes><Attribute z:Id="i10"><AttributeType>ixx</AttributeType><IsRequired>true</IsRequired><Value i:type="a:double" xmlns:a="http://www.w3.org/2001/XMLSchema">0.037750785721450249</Value></Attribute><Attribute z:Id="i11"><AttributeType>ixy</AttributeType><IsRequired>true</IsRequired><Value i:type="a:double" xmlns:a="http://www.w3.org/2001/XMLSchema">-0.00025260952951413994</Value></Attribute><Attribute z:Id="i12"><AttributeType>ixz</AttributeType><IsRequired>true</IsRequired><Value i:type="a:double" xmlns:a="http://www.w3.org/2001/XMLSchema">0.0004724451250570649</Value></Attribute><Attribute z:Id="i13"><AttributeType>iyy</AttributeType><IsRequired>true</IsRequired><Value i:type="a:double" xmlns:a="http://www.w3.org/2001/XMLSchema">0.059669282857082583</Value></Attribute><Attribute z:Id="i14"><AttributeType>iyz</AttributeType><IsRequired>true</IsRequired><Value i:type="a:double" xmlns:a="http://www.w3.org/2001/XMLSchema">-6.2380513801139647E-07</Value></Attribute><Attribute z:Id="i15"><AttributeType>izz</AttributeType><IsRequired>true</IsRequired><Value i:type="a:double" xmlns:a="http://www.w3.org/2001/XMLSchema">0.074553113262024712</Value></Attribute></Attributes><ChildElements/><ElementName>inertia</ElementName><required>false</required><IxxAttribute z:Ref="i10"/><IxyAttribute z:Ref="i11"/><IxzAttribute z:Ref="i12"/><IyyAttribute z:Ref="i13"/><IyzAttribute z:Ref="i14"/><IzzAttribute z:Ref="i15"/></URDFElement></ChildElements><ElementName>inertial</ElementName><required>false</required><Inertia z:Ref="i9"/><Mass z:Ref="i7"/><Origin z:Ref="i4"/></URDFElement><URDFElement z:Id="i16" i:type="Visual"><Attributes/><ChildElements><URDFElement z:Id="i17" i:type="Origin"><Attributes><Attribute z:Id="i18"><AttributeType>xyz</AttributeType><IsRequired>true</IsRequired><Value i:type="a:ArrayOfdouble" xmlns:a="http://schemas.microsoft.com/2003/10/Serialization/Arrays"><a:double>0</a:double><a:double>0</a:double><a:double>0</a:double></Value></Attribute><Attribute z:Id="i19"><AttributeType>rpy</AttributeType><IsRequired>true</IsRequired><Value i:type="a:ArrayOfdouble" xmlns:a="http://schemas.microsoft.com/2003/10/Serialization/Arrays"><a:double>0</a:double><a:double>0</a:double><a:double>0</a:double></Value></Attribute></Attributes><ChildElements/><ElementName>origin</ElementName><required>false</required><RPYAttribute z:Ref="i19"/><XYZAttribute z:Ref="i18"/><isCustomized>false</isCustomized></URDFElement><URDFElement z:Id="i20" i:type="Geometry"><Attributes/><ChildElements><URDFElement z:Id="i21" i:type="Mesh"><Attributes><Attribute z:Id="i22"><AttributeType>filename</AttributeType><IsRequired>true</IsRequired><Value i:nil="true"/></Attribute></Attributes><ChildElements/><ElementName>mesh</ElementName><required>false</required><FilenameAttribute z:Ref="i22"/></URDFElement></ChildElements><ElementName>geometry</ElementName><required>true</required><Mesh z:Ref="i21"/></URDFElement><URDFElement z:Id="i23" i:type="Material"><Attributes><Attribute z:Id="i24"><AttributeType>name</AttributeType><IsRequired>true</IsRequired><Value i:type="a:string" xmlns:a="http://www.w3.org/2001/XMLSchema"/></Attribute></Attributes><ChildElements><URDFElement z:Id="i25" i:type="Color"><Attributes><Attribute z:Id="i26"><AttributeType>rgba</AttributeType><IsRequired>true</IsRequired><Value i:type="a:ArrayOfdouble" xmlns:a="http://schemas.microsoft.com/2003/10/Serialization/Arrays"><a:double>0.75294117647058822</a:double><a:double>0.75294117647058822</a:double><a:double>0.75294117647058822</a:double><a:double>1</a:double></Value></Attribute></Attributes><ChildElements/><ElementName>color</ElementName><required>false</required><RGBAAttribute z:Ref="i26"/></URDFElement><URDFElement z:Id="i27" i:type="Texture"><Attributes><Attribute z:Id="i28"><AttributeType>filename</AttributeType><IsRequired>true</IsRequired><Value i:nil="true"/></Attribute></Attributes><ChildElements/><ElementName>texture</ElementName><required>false</required><FilenameAttribute z:Ref="i28"/><wFilename/></URDFElement></ChildElements><ElementName>material</ElementName><required>false</required><Color z:Ref="i25"/><NameAttribute z:Ref="i24"/><Texture z:Ref="i27"/></URDFElement></ChildElements><ElementName>visual</ElementName><required>false</required><Geometry z:Ref="i20"/><Material z:Ref="i23"/><Origin z:Ref="i17"/></URDFElement><URDFElement z:Id="i29" i:type="Collision"><Attributes/><ChildElements><URDFElement z:Id="i30" i:type="Origin"><Attributes><Attribute z:Id="i31"><AttributeType>xyz</AttributeType><IsRequired>true</IsRequired><Value i:type="a:ArrayOfdouble" xmlns:a="http://schemas.microsoft.com/2003/10/Serialization/Arrays"><a:double>0</a:double><a:double>0</a:double><a:double>0</a:double></Value></Attribute><Attribute z:Id="i32"><AttributeType>rpy</AttributeType><IsRequired>true</IsRequired><Value i:type="a:ArrayOfdouble" xmlns:a="http://schemas.microsoft.com/2003/10/Serialization/Arrays"><a:double>0</a:double><a:double>0</a:double><a:double>0</a:double></Value></Attribute></Attributes><ChildElements/><ElementName>origin</ElementName><required>false</required><RPYAttribute z:Ref="i32"/><XYZAttribute z:Ref="i31"/><isCustomized>false</isCustomized></URDFElement><URDFElement z:Id="i33" i:type="Geometry"><Attributes/><ChildElements><URDFElement z:Id="i34" i:type="Mesh"><Attributes><Attribute z:Id="i35"><AttributeType>filename</AttributeType><IsRequired>true</IsRequired><Value i:nil="true"/></Attribute></Attributes><ChildElements/><ElementName>mesh</ElementName><required>false</required><FilenameAttribute z:Ref="i35"/></URDFElement></ChildElements><ElementName>geometry</ElementName><required>true</required><Mesh z:Ref="i34"/></URDFElement></ChildElements><ElementName>collision</ElementName><required>false</required><Geometry z:Ref="i33"/><Origin z:Ref="i30"/></URDFElement><URDFElement z:Id="i36" i:type="Joint"><Attributes><Attribute z:Id="i37"><AttributeType>name</AttributeType><IsRequired>true</IsRequired><Value i:type="a:string" xmlns:a="http://www.w3.org/2001/XMLSchema"/></Attribute><Attribute z:Id="i38"><AttributeType>type</AttributeType><IsRequired>true</IsRequired><Value i:type="a:string" xmlns:a="http://www.w3.org/2001/XMLSchema"/></Attribute></Attributes><ChildElements><URDFElement z:Id="i39" i:type="Origin"><Attributes><Attribute z:Id="i40"><AttributeType>xyz</AttributeType><IsRequired>true</IsRequired><Value i:type="a:ArrayOfdouble" xmlns:a="http://schemas.microsoft.com/2003/10/Serialization/Arrays"><a:double>0</a:double><a:double>0</a:double><a:double>0</a:double></Value></Attribute><Attribute z:Id="i41"><AttributeType>rpy</AttributeType><IsRequired>true</IsRequired><Value i:type="a:ArrayOfdouble" xmlns:a="http://schemas.microsoft.com/2003/10/Serialization/Arrays"><a:double>0</a:double><a:double>0</a:double><a:double>0</a:double></Value></Attribute></Attributes><ChildElements/><ElementName>origin</ElementName><required>false</required><RPYAttribute z:Ref="i41"/><XYZAttribute z:Ref="i40"/><isCustomized>false</isCustomized></URDFElement><URDFElement z:Id="i42" i:type="ParentLink"><Attributes><Attribute z:Id="i43"><AttributeType>link</AttributeType><IsRequired>true</IsRequired><Value i:type="a:string" xmlns:a="http://www.w3.org/2001/XMLSchema"/></Attribute></Attributes><ChildElements/><ElementName>parent</ElementName><required>true</required><NameAttribute z:Ref="i43"/></URDFElement><URDFElement z:Id="i44" i:type="ChildLink"><Attributes><Attribute z:Id="i45"><AttributeType>link</AttributeType><IsRequired>true</IsRequired><Value i:type="a:string" xmlns:a="http://www.w3.org/2001/XMLSchema"/></Attribute></Attributes><ChildElements/><ElementName>child</ElementName><required>true</required><NameAttribute z:Ref="i45"/></URDFElement><URDFElement z:Id="i46" i:type="Axis"><Attributes><Attribute z:Id="i47"><AttributeType>xyz</AttributeType><IsRequired>true</IsRequired><Value i:type="a:ArrayOfdouble" xmlns:a="http://schemas.microsoft.com/2003/10/Serialization/Arrays"><a:double>0</a:double><a:double>0</a:double><a:double>0</a:double></Value></Attribute></Attributes><ChildElements/><ElementName>axis</ElementName><required>false</required><XYZAttribute z:Ref="i47"/></URDFElement><URDFElement z:Id="i48" i:type="Limit"><Attributes><Attribute z:Id="i49"><AttributeType>lower</AttributeType><IsRequired>false</IsRequired><Value i:nil="true"/></Attribute><Attribute z:Id="i50"><AttributeType>upper</AttributeType><IsRequired>false</IsRequired><Value i:nil="true"/></Attribute><Attribute z:Id="i51"><AttributeType>effort</AttributeType><IsRequired>true</IsRequired><Value i:nil="true"/></Attribute><Attribute z:Id="i52"><AttributeType>velocity</AttributeType><IsRequired>true</IsRequired><Value i:nil="true"/></Attribute></Attributes><ChildElements/><ElementName>limit</ElementName><required>false</required><EffortAttribute z:Ref="i51"/><LowerAttribute z:Ref="i49"/><UpperAttribute z:Ref="i50"/><VelocityAttribute z:Ref="i52"/></URDFElement><URDFElement z:Id="i53" i:type="Calibration"><Attributes><Attribute z:Id="i54"><AttributeType>rising</AttributeType><IsRequired>false</IsRequired><Value i:nil="true"/></Attribute><Attribute z:Id="i55"><AttributeType>falling</AttributeType><IsRequired>false</IsRequired><Value i:nil="true"/></Attribute></Attributes><ChildElements/><ElementName>calibration</ElementName><required>false</required><FallingAttribute z:Ref="i55"/><RisingAttribute z:Ref="i54"/></URDFElement><URDFElement z:Id="i56" i:type="Dynamics"><Attributes><Attribute z:Id="i57"><AttributeType>damping</AttributeType><IsRequired>false</IsRequired><Value i:nil="true"/></Attribute><Attribute z:Id="i58"><AttributeType>friction</AttributeType><IsRequired>false</IsRequired><Value i:nil="true"/></Attribute></Attributes><ChildElements/><ElementName>dynamics</ElementName><required>false</required><DampingAttribute z:Ref="i57"/><FrictionAttribute z:Ref="i58"/></URDFElement><URDFElement z:Id="i59" i:type="SafetyController"><Attributes><Attribute z:Id="i60"><AttributeType>soft_upper_limit</AttributeType><IsRequired>false</IsRequired><Value i:nil="true"/></Attribute><Attribute z:Id="i61"><AttributeType>soft_lower_limit</AttributeType><IsRequired>false</IsRequired><Value i:nil="true"/></Attribute><Attribute z:Id="i62"><AttributeType>k_position</AttributeType><IsRequired>false</IsRequired><Value i:nil="true"/></Attribute><Attribute z:Id="i63"><AttributeType>k_velocity</AttributeType><IsRequired>true</IsRequired><Value i:nil="true"/></Attribute></Attributes><ChildElements/><ElementName>safety_controller</ElementName><required>false</required><KPositionAttribute z:Ref="i62"/><KVelocityAttribute z:Ref="i63"/><SoftLowerAttribute z:Ref="i61"/><SoftUpperAttribute z:Ref="i60"/></URDFElement><URDFElement z:Id="i64" i:type="Mimic"><Attributes><Attribute z:Id="i65"><AttributeType>joint</AttributeType><IsRequired>true</IsRequired><Value i:nil="true"/></Attribute><Attribute z:Id="i66"><AttributeType>multiplier</AttributeType><IsRequired>false</IsRequired><Value i:nil="true"/></Attribute><Attribute z:Id="i67"><AttributeType>offset</AttributeType><IsRequired>false</IsRequired><Value i:nil="true"/></Attribute></Attributes><ChildElements/><ElementName>mimic</ElementName><required>false</required><JointNameAttribute z:Ref="i65"/><MultiplierAttribute z:Ref="i66"/><OffsetAttribute z:Ref="i67"/></URDFElement></ChildElements><ElementName>joint</ElementName><required>false</required><Axis z:Ref="i46"/><AxisName/><Calibration z:Ref="i53"/><Child z:Ref="i44"/><CoordinateSystemName>Coordinate System1</CoordinateSystemName><Dynamics z:Ref="i56"/><Limit z:Ref="i48"/><Mimic z:Ref="i64"/><NameAttribute z:Ref="i37"/><Origin z:Ref="i39"/><Parent z:Ref="i42"/><Safety z:Ref="i59"/><TypeAttribute z:Ref="i38"/></URDFElement></ChildElements><ElementName>link</ElementName><required>true</required><Children><Link z:Id="i68"><Attributes><Attribute z:Id="i69"><AttributeType>name</AttributeType><IsRequired>true</IsRequired><Value i:type="a:string" xmlns:a="http://www.w3.org/2001/XMLSchema">lidar_link</Value></Attribute></Attributes><ChildElements><URDFElement z:Id="i70" i:type="Inertial"><Attributes/><ChildElements><URDFElement z:Id="i71" i:type="Origin"><Attributes><Attribute z:Id="i72"><AttributeType>xyz</AttributeType><IsRequired>true</IsRequired><Value i:type="a:ArrayOfdouble" xmlns:a="http://schemas.microsoft.com/2003/10/Serialization/Arrays"><a:double>0.014838317136635526</a:double><a:double>0.00044768343093826157</a:double><a:double>-0.021153620820684838</a:double></Value></Attribute><Attribute z:Id="i73"><AttributeType>rpy</AttributeType><IsRequired>true</IsRequired><Value i:type="a:ArrayOfdouble" xmlns:a="http://schemas.microsoft.com/2003/10/Serialization/Arrays"><a:double>0</a:double><a:double>0</a:double><a:double>0</a:double></Value></Attribute></Attributes><ChildElements/><ElementName>origin</ElementName><required>false</required><RPYAttribute z:Ref="i73"/><XYZAttribute z:Ref="i72"/><isCustomized>false</isCustomized></URDFElement><URDFElement z:Id="i74" i:type="Mass"><Attributes><Attribute z:Id="i75"><AttributeType>value</AttributeType><IsRequired>true</IsRequired><Value i:type="a:double" xmlns:a="http://www.w3.org/2001/XMLSchema">0.031240912740647685</Value></Attribute></Attributes><ChildElements/><ElementName>mass</ElementName><required>false</required><ValueAttribute z:Ref="i75"/></URDFElement><URDFElement z:Id="i76" i:type="Inertia"><Attributes><Attribute z:Id="i77"><AttributeType>ixx</AttributeType><IsRequired>true</IsRequired><Value i:type="a:double" xmlns:a="http://www.w3.org/2001/XMLSchema">8.8802637081098885E-06</Value></Attribute><Attribute z:Id="i78"><AttributeType>ixy</AttributeType><IsRequired>true</IsRequired><Value i:type="a:double" xmlns:a="http://www.w3.org/2001/XMLSchema">-1.776644943302935E-07</Value></Attribute><Attribute z:Id="i79"><AttributeType>ixz</AttributeType><IsRequired>true</IsRequired><Value i:type="a:double" xmlns:a="http://www.w3.org/2001/XMLSchema">1.1302767991707971E-07</Value></Attribute><Attribute z:Id="i80"><AttributeType>iyy</AttributeType><IsRequired>true</IsRequired><Value i:type="a:double" xmlns:a="http://www.w3.org/2001/XMLSchema">1.4491001820543361E-05</Value></Attribute><Attribute z:Id="i81"><AttributeType>iyz</AttributeType><IsRequired>true</IsRequired><Value i:type="a:double" xmlns:a="http://www.w3.org/2001/XMLSchema">3.4607611499614985E-08</Value></Attribute><Attribute z:Id="i82"><AttributeType>izz</AttributeType><IsRequired>true</IsRequired><Value i:type="a:double" xmlns:a="http://www.w3.org/2001/XMLSchema">2.2528909952026854E-05</Value></Attribute></Attributes><ChildElements/><ElementName>inertia</ElementName><required>false</required><IxxAttribute z:Ref="i77"/><IxyAttribute z:Ref="i78"/><IxzAttribute z:Ref="i79"/><IyyAttribute z:Ref="i80"/><IyzAttribute z:Ref="i81"/><IzzAttribute z:Ref="i82"/></URDFElement></ChildElements><ElementName>inertial</ElementName><required>false</required><Inertia z:Ref="i76"/><Mass z:Ref="i74"/><Origin z:Ref="i71"/></URDFElement><URDFElement z:Id="i83" i:type="Visual"><Attributes/><ChildElements><URDFElement z:Id="i84" i:type="Origin"><Attributes><Attribute z:Id="i85"><AttributeType>xyz</AttributeType><IsRequired>true</IsRequired><Value i:type="a:ArrayOfdouble" xmlns:a="http://schemas.microsoft.com/2003/10/Serialization/Arrays"><a:double>0</a:double><a:double>0</a:double><a:double>0</a:double></Value></Attribute><Attribute z:Id="i86"><AttributeType>rpy</AttributeType><IsRequired>true</IsRequired><Value i:type="a:ArrayOfdouble" xmlns:a="http://schemas.microsoft.com/2003/10/Serialization/Arrays"><a:double>0</a:double><a:double>0</a:double><a:double>0</a:double></Value></Attribute></Attributes><ChildElements/><ElementName>origin</ElementName><required>false</required><RPYAttribute z:Ref="i86"/><XYZAttribute z:Ref="i85"/><isCustomized>false</isCustomized></URDFElement><URDFElement z:Id="i87" i:type="Geometry"><Attributes/><ChildElements><URDFElement z:Id="i88" i:type="Mesh"><Attributes><Attribute z:Id="i89"><AttributeType>filename</AttributeType><IsRequired>true</IsRequired><Value i:nil="true"/></Attribute></Attributes><ChildElements/><ElementName>mesh</ElementName><required>false</required><FilenameAttribute z:Ref="i89"/></URDFElement></ChildElements><ElementName>geometry</ElementName><required>true</required><Mesh z:Ref="i88"/></URDFElement><URDFElement z:Id="i90" i:type="Material"><Attributes><Attribute z:Id="i91"><AttributeType>name</AttributeType><IsRequired>true</IsRequired><Value i:type="a:string" xmlns:a="http://www.w3.org/2001/XMLSchema"/></Attribute></Attributes><ChildElements><URDFElement z:Id="i92" i:type="Color"><Attributes><Attribute z:Id="i93"><AttributeType>rgba</AttributeType><IsRequired>true</IsRequired><Value i:type="a:ArrayOfdouble" xmlns:a="http://schemas.microsoft.com/2003/10/Serialization/Arrays"><a:double>0.792156862745098</a:double><a:double>0.81960784313725488</a:double><a:double>0.93333333333333335</a:double><a:double>1</a:double></Value></Attribute></Attributes><ChildElements/><ElementName>color</ElementName><required>false</required><RGBAAttribute z:Ref="i93"/></URDFElement><URDFElement z:Id="i94" i:type="Texture"><Attributes><Attribute z:Id="i95"><AttributeType>filename</AttributeType><IsRequired>true</IsRequired><Value i:nil="true"/></Attribute></Attributes><ChildElements/><ElementName>texture</ElementName><required>false</required><FilenameAttribute z:Ref="i95"/><wFilename/></URDFElement></ChildElements><ElementName>material</ElementName><required>false</required><Color z:Ref="i92"/><NameAttribute z:Ref="i91"/><Texture z:Ref="i94"/></URDFElement></ChildElements><ElementName>visual</ElementName><required>false</required><Geometry z:Ref="i87"/><Material z:Ref="i90"/><Origin z:Ref="i84"/></URDFElement><URDFElement z:Id="i96" i:type="Collision"><Attributes/><ChildElements><URDFElement z:Id="i97" i:type="Origin"><Attributes><Attribute z:Id="i98"><AttributeType>xyz</AttributeType><IsRequired>true</IsRequired><Value i:type="a:ArrayOfdouble" xmlns:a="http://schemas.microsoft.com/2003/10/Serialization/Arrays"><a:double>0</a:double><a:double>0</a:double><a:double>0</a:double></Value></Attribute><Attribute z:Id="i99"><AttributeType>rpy</AttributeType><IsRequired>true</IsRequired><Value i:type="a:ArrayOfdouble" xmlns:a="http://schemas.microsoft.com/2003/10/Serialization/Arrays"><a:double>0</a:double><a:double>0</a:double><a:double>0</a:double></Value></Attribute></Attributes><ChildElements/><ElementName>origin</ElementName><required>false</required><RPYAttribute z:Ref="i99"/><XYZAttribute z:Ref="i98"/><isCustomized>false</isCustomized></URDFElement><URDFElement z:Id="i100" i:type="Geometry"><Attributes/><ChildElements><URDFElement z:Id="i101" i:type="Mesh"><Attributes><Attribute z:Id="i102"><AttributeType>filename</AttributeType><IsRequired>true</IsRequired><Value i:nil="true"/></Attribute></Attributes><ChildElements/><ElementName>mesh</ElementName><required>false</required><FilenameAttribute z:Ref="i102"/></URDFElement></ChildElements><ElementName>geometry</ElementName><required>true</required><Mesh z:Ref="i101"/></URDFElement></ChildElements><ElementName>collision</ElementName><required>false</required><Geometry z:Ref="i100"/><Origin z:Ref="i97"/></URDFElement><URDFElement z:Id="i103" i:type="Joint"><Attributes><Attribute z:Id="i104"><AttributeType>name</AttributeType><IsRequired>true</IsRequired><Value i:type="a:string" xmlns:a="http://www.w3.org/2001/XMLSchema">lidar</Value></Attribute><Attribute z:Id="i105"><AttributeType>type</AttributeType><IsRequired>true</IsRequired><Value i:type="a:string" xmlns:a="http://www.w3.org/2001/XMLSchema">fixed</Value></Attribute></Attributes><ChildElements><URDFElement z:Id="i106" i:type="Origin"><Attributes><Attribute z:Id="i107"><AttributeType>xyz</AttributeType><IsRequired>true</IsRequired><Value i:type="a:ArrayOfdouble" xmlns:a="http://schemas.microsoft.com/2003/10/Serialization/Arrays"><a:double>0.15566672564358219</a:double><a:double>0.0011277706563345147</a:double><a:double>0.14609999999809897</a:double></Value></Attribute><Attribute z:Id="i108"><AttributeType>rpy</AttributeType><IsRequired>true</IsRequired><Value i:type="a:ArrayOfdouble" xmlns:a="http://schemas.microsoft.com/2003/10/Serialization/Arrays"><a:double>0</a:double><a:double>0</a:double><a:double>0</a:double></Value></Attribute></Attributes><ChildElements/><ElementName>origin</ElementName><required>false</required><RPYAttribute z:Ref="i108"/><XYZAttribute z:Ref="i107"/><isCustomized>false</isCustomized></URDFElement><URDFElement z:Id="i109" i:type="ParentLink"><Attributes><Attribute z:Id="i110"><AttributeType>link</AttributeType><IsRequired>true</IsRequired><Value i:type="a:string" xmlns:a="http://www.w3.org/2001/XMLSchema">base_link</Value></Attribute></Attributes><ChildElements/><ElementName>parent</ElementName><required>true</required><NameAttribute z:Ref="i110"/></URDFElement><URDFElement z:Id="i111" i:type="ChildLink"><Attributes><Attribute z:Id="i112"><AttributeType>link</AttributeType><IsRequired>true</IsRequired><Value i:type="a:string" xmlns:a="http://www.w3.org/2001/XMLSchema">lidar_link</Value></Attribute></Attributes><ChildElements/><ElementName>child</ElementName><required>true</required><NameAttribute z:Ref="i112"/></URDFElement><URDFElement z:Id="i113" i:type="Axis"><Attributes><Attribute z:Id="i114"><AttributeType>xyz</AttributeType><IsRequired>true</IsRequired><Value i:type="a:ArrayOfdouble" xmlns:a="http://schemas.microsoft.com/2003/10/Serialization/Arrays"><a:double>0</a:double><a:double>0</a:double><a:double>0</a:double></Value></Attribute></Attributes><ChildElements/><ElementName>axis</ElementName><required>false</required><XYZAttribute z:Ref="i114"/></URDFElement><URDFElement z:Id="i115" i:type="Limit"><Attributes><Attribute z:Id="i116"><AttributeType>lower</AttributeType><IsRequired>false</IsRequired><Value i:nil="true"/></Attribute><Attribute z:Id="i117"><AttributeType>upper</AttributeType><IsRequired>false</IsRequired><Value i:nil="true"/></Attribute><Attribute z:Id="i118"><AttributeType>effort</AttributeType><IsRequired>true</IsRequired><Value i:nil="true"/></Attribute><Attribute z:Id="i119"><AttributeType>velocity</AttributeType><IsRequired>true</IsRequired><Value i:nil="true"/></Attribute></Attributes><ChildElements/><ElementName>limit</ElementName><required>false</required><EffortAttribute z:Ref="i118"/><LowerAttribute z:Ref="i116"/><UpperAttribute z:Ref="i117"/><VelocityAttribute z:Ref="i119"/></URDFElement><URDFElement z:Id="i120" i:type="Calibration"><Attributes><Attribute z:Id="i121"><AttributeType>rising</AttributeType><IsRequired>false</IsRequired><Value i:nil="true"/></Attribute><Attribute z:Id="i122"><AttributeType>falling</AttributeType><IsRequired>false</IsRequired><Value i:nil="true"/></Attribute></Attributes><ChildElements/><ElementName>calibration</ElementName><required>false</required><FallingAttribute z:Ref="i122"/><RisingAttribute z:Ref="i121"/></URDFElement><URDFElement z:Id="i123" i:type="Dynamics"><Attributes><Attribute z:Id="i124"><AttributeType>damping</AttributeType><IsRequired>false</IsRequired><Value i:nil="true"/></Attribute><Attribute z:Id="i125"><AttributeType>friction</AttributeType><IsRequired>false</IsRequired><Value i:nil="true"/></Attribute></Attributes><ChildElements/><ElementName>dynamics</ElementName><required>false</required><DampingAttribute z:Ref="i124"/><FrictionAttribute z:Ref="i125"/></URDFElement><URDFElement z:Id="i126" i:type="SafetyController"><Attributes><Attribute z:Id="i127"><AttributeType>soft_upper_limit</AttributeType><IsRequired>false</IsRequired><Value i:nil="true"/></Attribute><Attribute z:Id="i128"><AttributeType>soft_lower_limit</AttributeType><IsRequired>false</IsRequired><Value i:nil="true"/></Attribute><Attribute z:Id="i129"><AttributeType>k_position</AttributeType><IsRequired>false</IsRequired><Value i:nil="true"/></Attribute><Attribute z:Id="i130"><AttributeType>k_velocity</AttributeType><IsRequired>true</IsRequired><Value i:nil="true"/></Attribute></Attributes><ChildElements/><ElementName>safety_controller</ElementName><required>false</required><KPositionAttribute z:Ref="i129"/><KVelocityAttribute z:Ref="i130"/><SoftLowerAttribute z:Ref="i128"/><SoftUpperAttribute z:Ref="i127"/></URDFElement><URDFElement z:Id="i131" i:type="Mimic"><Attributes><Attribute z:Id="i132"><AttributeType>joint</AttributeType><IsRequired>true</IsRequired><Value i:nil="true"/></Attribute><Attribute z:Id="i133"><AttributeType>multiplier</AttributeType><IsRequired>false</IsRequired><Value i:nil="true"/></Attribute><Attribute z:Id="i134"><AttributeType>offset</AttributeType><IsRequired>false</IsRequired><Value i:nil="true"/></Attribute></Attributes><ChildElements/><ElementName>mimic</ElementName><required>false</required><JointNameAttribute z:Ref="i132"/><MultiplierAttribute z:Ref="i133"/><OffsetAttribute z:Ref="i134"/></URDFElement></ChildElements><ElementName>joint</ElementName><required>false</required><Axis z:Ref="i113"/><AxisName>Automatically Generate</AxisName><Calibration z:Ref="i120"/><Child z:Ref="i111"/><CoordinateSystemName>Coordinate System2</CoordinateSystemName><Dynamics z:Ref="i123"/><Limit z:Ref="i115"/><Mimic z:Ref="i131"/><NameAttribute z:Ref="i104"/><Origin z:Ref="i106"/><Parent z:Ref="i109"/><Safety z:Ref="i126"/><TypeAttribute z:Ref="i105"/></URDFElement></ChildElements><ElementName>link</ElementName><required>true</required><Children/><Collision z:Ref="i96"/><Inertial z:Ref="i70"/><Joint z:Ref="i103"/><NameAttribute z:Ref="i69"/><Parent z:Ref="i1"/><STLQualityFine>false</STLQualityFine><SWComponentPIDs xmlns:a="http://schemas.microsoft.com/2003/10/Serialization/Arrays"><a:base64Binary>aEIAAAUAAAD//v8fWAAzAF8ATABpAGQAYQByAC0AMQBAAHIAbwBiAG8AVgAzACgAdQByAGQAZgBfAGMAaABhAG4AZwBlAGQAKQAEAAAAEAAAAAEAAAABAAAAiwQAAA==</a:base64Binary></SWComponentPIDs><SWMainComponentPID i:nil="true"/><Visual z:Ref="i83"/><isFixedFrame>false</isFixedFrame><isIncomplete>false</isIncomplete></Link><Link z:Id="i135"><Attributes><Attribute z:Id="i136"><AttributeType>name</AttributeType><IsRequired>true</IsRequired><Value i:type="a:string" xmlns:a="http://www.w3.org/2001/XMLSchema">imu_link</Value></Attribute></Attributes><ChildElements><URDFElement z:Id="i137" i:type="Inertial"><Attributes/><ChildElements><URDFElement z:Id="i138" i:type="Origin"><Attributes><Attribute z:Id="i139"><AttributeType>xyz</AttributeType><IsRequired>true</IsRequired><Value i:type="a:ArrayOfdouble" xmlns:a="http://schemas.microsoft.com/2003/10/Serialization/Arrays"><a:double>-0.012652845066860929</a:double><a:double>-0.012693666024006678</a:double><a:double>-0.00550000000000006</a:double></Value></Attribute><Attribute z:Id="i140"><AttributeType>rpy</AttributeType><IsRequired>true</IsRequired><Value i:type="a:ArrayOfdouble" xmlns:a="http://schemas.microsoft.com/2003/10/Serialization/Arrays"><a:double>0</a:double><a:double>0</a:double><a:double>0</a:double></Value></Attribute></Attributes><ChildElements/><ElementName>origin</ElementName><required>false</required><RPYAttribute z:Ref="i140"/><XYZAttribute z:Ref="i139"/><isCustomized>false</isCustomized></URDFElement><URDFElement z:Id="i141" i:type="Mass"><Attributes><Attribute z:Id="i142"><AttributeType>value</AttributeType><IsRequired>true</IsRequired><Value i:type="a:double" xmlns:a="http://www.w3.org/2001/XMLSchema">0.0071204927508749195</Value></Attribute></Attributes><ChildElements/><ElementName>mass</ElementName><required>false</required><ValueAttribute z:Ref="i142"/></URDFElement><URDFElement z:Id="i143" i:type="Inertia"><Attributes><Attribute z:Id="i144"><AttributeType>ixx</AttributeType><IsRequired>true</IsRequired><Value i:type="a:double" xmlns:a="http://www.w3.org/2001/XMLSchema">4.560985156191466E-07</Value></Attribute><Attribute z:Id="i145"><AttributeType>ixy</AttributeType><IsRequired>true</IsRequired><Value i:type="a:double" xmlns:a="http://www.w3.org/2001/XMLSchema">9.31843930741966E-09</Value></Attribute><Attribute z:Id="i146"><AttributeType>ixz</AttributeType><IsRequired>true</IsRequired><Value i:type="a:double" xmlns:a="http://www.w3.org/2001/XMLSchema">-1.0936995124193384E-22</Value></Attribute><Attribute z:Id="i147"><AttributeType>iyy</AttributeType><IsRequired>true</IsRequired><Value i:type="a:double" xmlns:a="http://www.w3.org/2001/XMLSchema">4.5615854575030405E-07</Value></Attribute><Attribute z:Id="i148"><AttributeType>iyz</AttributeType><IsRequired>true</IsRequired><Value i:type="a:double" xmlns:a="http://www.w3.org/2001/XMLSchema">-1.2528223878317977E-21</Value></Attribute><Attribute z:Id="i149"><AttributeType>izz</AttributeType><IsRequired>true</IsRequired><Value i:type="a:double" xmlns:a="http://www.w3.org/2001/XMLSchema">7.6866045756013947E-07</Value></Attribute></Attributes><ChildElements/><ElementName>inertia</ElementName><required>false</required><IxxAttribute z:Ref="i144"/><IxyAttribute z:Ref="i145"/><IxzAttribute z:Ref="i146"/><IyyAttribute z:Ref="i147"/><IyzAttribute z:Ref="i148"/><IzzAttribute z:Ref="i149"/></URDFElement></ChildElements><ElementName>inertial</ElementName><required>false</required><Inertia z:Ref="i143"/><Mass z:Ref="i141"/><Origin z:Ref="i138"/></URDFElement><URDFElement z:Id="i150" i:type="Visual"><Attributes/><ChildElements><URDFElement z:Id="i151" i:type="Origin"><Attributes><Attribute z:Id="i152"><AttributeType>xyz</AttributeType><IsRequired>true</IsRequired><Value i:type="a:ArrayOfdouble" xmlns:a="http://schemas.microsoft.com/2003/10/Serialization/Arrays"><a:double>0</a:double><a:double>0</a:double><a:double>0</a:double></Value></Attribute><Attribute z:Id="i153"><AttributeType>rpy</AttributeType><IsRequired>true</IsRequired><Value i:type="a:ArrayOfdouble" xmlns:a="http://schemas.microsoft.com/2003/10/Serialization/Arrays"><a:double>0</a:double><a:double>0</a:double><a:double>0</a:double></Value></Attribute></Attributes><ChildElements/><ElementName>origin</ElementName><required>false</required><RPYAttribute z:Ref="i153"/><XYZAttribute z:Ref="i152"/><isCustomized>false</isCustomized></URDFElement><URDFElement z:Id="i154" i:type="Geometry"><Attributes/><ChildElements><URDFElement z:Id="i155" i:type="Mesh"><Attributes><Attribute z:Id="i156"><AttributeType>filename</AttributeType><IsRequired>true</IsRequired><Value i:nil="true"/></Attribute></Attributes><ChildElements/><ElementName>mesh</ElementName><required>false</required><FilenameAttribute z:Ref="i156"/></URDFElement></ChildElements><ElementName>geometry</ElementName><required>true</required><Mesh z:Ref="i155"/></URDFElement><URDFElement z:Id="i157" i:type="Material"><Attributes><Attribute z:Id="i158"><AttributeType>name</AttributeType><IsRequired>true</IsRequired><Value i:type="a:string" xmlns:a="http://www.w3.org/2001/XMLSchema"/></Attribute></Attributes><ChildElements><URDFElement z:Id="i159" i:type="Color"><Attributes><Attribute z:Id="i160"><AttributeType>rgba</AttributeType><IsRequired>true</IsRequired><Value i:type="a:ArrayOfdouble" xmlns:a="http://schemas.microsoft.com/2003/10/Serialization/Arrays"><a:double>0.792156862745098</a:double><a:double>0.81960784313725488</a:double><a:double>0.93333333333333335</a:double><a:double>1</a:double></Value></Attribute></Attributes><ChildElements/><ElementName>color</ElementName><required>false</required><RGBAAttribute z:Ref="i160"/></URDFElement><URDFElement z:Id="i161" i:type="Texture"><Attributes><Attribute z:Id="i162"><AttributeType>filename</AttributeType><IsRequired>true</IsRequired><Value i:nil="true"/></Attribute></Attributes><ChildElements/><ElementName>texture</ElementName><required>false</required><FilenameAttribute z:Ref="i162"/><wFilename/></URDFElement></ChildElements><ElementName>material</ElementName><required>false</required><Color z:Ref="i159"/><NameAttribute z:Ref="i158"/><Texture z:Ref="i161"/></URDFElement></ChildElements><ElementName>visual</ElementName><required>false</required><Geometry z:Ref="i154"/><Material z:Ref="i157"/><Origin z:Ref="i151"/></URDFElement><URDFElement z:Id="i163" i:type="Collision"><Attributes/><ChildElements><URDFElement z:Id="i164" i:type="Origin"><Attributes><Attribute z:Id="i165"><AttributeType>xyz</AttributeType><IsRequired>true</IsRequired><Value i:type="a:ArrayOfdouble" xmlns:a="http://schemas.microsoft.com/2003/10/Serialization/Arrays"><a:double>0</a:double><a:double>0</a:double><a:double>0</a:double></Value></Attribute><Attribute z:Id="i166"><AttributeType>rpy</AttributeType><IsRequired>true</IsRequired><Value i:type="a:ArrayOfdouble" xmlns:a="http://schemas.microsoft.com/2003/10/Serialization/Arrays"><a:double>0</a:double><a:double>0</a:double><a:double>0</a:double></Value></Attribute></Attributes><ChildElements/><ElementName>origin</ElementName><required>false</required><RPYAttribute z:Ref="i166"/><XYZAttribute z:Ref="i165"/><isCustomized>false</isCustomized></URDFElement><URDFElement z:Id="i167" i:type="Geometry"><Attributes/><ChildElements><URDFElement z:Id="i168" i:type="Mesh"><Attributes><Attribute z:Id="i169"><AttributeType>filename</AttributeType><IsRequired>true</IsRequired><Value i:nil="true"/></Attribute></Attributes><ChildElements/><ElementName>mesh</ElementName><required>false</required><FilenameAttribute z:Ref="i169"/></URDFElement></ChildElements><ElementName>geometry</ElementName><required>true</required><Mesh z:Ref="i168"/></URDFElement></ChildElements><ElementName>collision</ElementName><required>false</required><Geometry z:Ref="i167"/><Origin z:Ref="i164"/></URDFElement><URDFElement z:Id="i170" i:type="Joint"><Attributes><Attribute z:Id="i171"><AttributeType>name</AttributeType><IsRequired>true</IsRequired><Value i:type="a:string" xmlns:a="http://www.w3.org/2001/XMLSchema">imu</Value></Attribute><Attribute z:Id="i172"><AttributeType>type</AttributeType><IsRequired>true</IsRequired><Value i:type="a:string" xmlns:a="http://www.w3.org/2001/XMLSchema">fixed</Value></Attribute></Attributes><ChildElements><URDFElement z:Id="i173" i:type="Origin"><Attributes><Attribute z:Id="i174"><AttributeType>xyz</AttributeType><IsRequired>true</IsRequired><Value i:type="a:ArrayOfdouble" xmlns:a="http://schemas.microsoft.com/2003/10/Serialization/Arrays"><a:double>0.15399</a:double><a:double>-0.085457</a:double><a:double>0.041</a:double></Value></Attribute><Attribute z:Id="i175"><AttributeType>rpy</AttributeType><IsRequired>true</IsRequired><Value i:type="a:ArrayOfdouble" xmlns:a="http://schemas.microsoft.com/2003/10/Serialization/Arrays"><a:double>0</a:double><a:double>0</a:double><a:double>0</a:double></Value></Attribute></Attributes><ChildElements/><ElementName>origin</ElementName><required>false</required><RPYAttribute z:Ref="i175"/><XYZAttribute z:Ref="i174"/><isCustomized>false</isCustomized></URDFElement><URDFElement z:Id="i176" i:type="ParentLink"><Attributes><Attribute z:Id="i177"><AttributeType>link</AttributeType><IsRequired>true</IsRequired><Value i:type="a:string" xmlns:a="http://www.w3.org/2001/XMLSchema">base_link</Value></Attribute></Attributes><ChildElements/><ElementName>parent</ElementName><required>true</required><NameAttribute z:Ref="i177"/></URDFElement><URDFElement z:Id="i178" i:type="ChildLink"><Attributes><Attribute z:Id="i179"><AttributeType>link</AttributeType><IsRequired>true</IsRequired><Value i:type="a:string" xmlns:a="http://www.w3.org/2001/XMLSchema">imu_link</Value></Attribute></Attributes><ChildElements/><ElementName>child</ElementName><required>true</required><NameAttribute z:Ref="i179"/></URDFElement><URDFElement z:Id="i180" i:type="Axis"><Attributes><Attribute z:Id="i181"><AttributeType>xyz</AttributeType><IsRequired>true</IsRequired><Value i:type="a:ArrayOfdouble" xmlns:a="http://schemas.microsoft.com/2003/10/Serialization/Arrays"><a:double>0</a:double><a:double>0</a:double><a:double>0</a:double></Value></Attribute></Attributes><ChildElements/><ElementName>axis</ElementName><required>false</required><XYZAttribute z:Ref="i181"/></URDFElement><URDFElement z:Id="i182" i:type="Limit"><Attributes><Attribute z:Id="i183"><AttributeType>lower</AttributeType><IsRequired>false</IsRequired><Value i:nil="true"/></Attribute><Attribute z:Id="i184"><AttributeType>upper</AttributeType><IsRequired>false</IsRequired><Value i:nil="true"/></Attribute><Attribute z:Id="i185"><AttributeType>effort</AttributeType><IsRequired>true</IsRequired><Value i:nil="true"/></Attribute><Attribute z:Id="i186"><AttributeType>velocity</AttributeType><IsRequired>true</IsRequired><Value i:nil="true"/></Attribute></Attributes><ChildElements/><ElementName>limit</ElementName><required>false</required><EffortAttribute z:Ref="i185"/><LowerAttribute z:Ref="i183"/><UpperAttribute z:Ref="i184"/><VelocityAttribute z:Ref="i186"/></URDFElement><URDFElement z:Id="i187" i:type="Calibration"><Attributes><Attribute z:Id="i188"><AttributeType>rising</AttributeType><IsRequired>false</IsRequired><Value i:nil="true"/></Attribute><Attribute z:Id="i189"><AttributeType>falling</AttributeType><IsRequired>false</IsRequired><Value i:nil="true"/></Attribute></Attributes><ChildElements/><ElementName>calibration</ElementName><required>false</required><FallingAttribute z:Ref="i189"/><RisingAttribute z:Ref="i188"/></URDFElement><URDFElement z:Id="i190" i:type="Dynamics"><Attributes><Attribute z:Id="i191"><AttributeType>damping</AttributeType><IsRequired>false</IsRequired><Value i:nil="true"/></Attribute><Attribute z:Id="i192"><AttributeType>friction</AttributeType><IsRequired>false</IsRequired><Value i:nil="true"/></Attribute></Attributes><ChildElements/><ElementName>dynamics</ElementName><required>false</required><DampingAttribute z:Ref="i191"/><FrictionAttribute z:Ref="i192"/></URDFElement><URDFElement z:Id="i193" i:type="SafetyController"><Attributes><Attribute z:Id="i194"><AttributeType>soft_upper_limit</AttributeType><IsRequired>false</IsRequired><Value i:nil="true"/></Attribute><Attribute z:Id="i195"><AttributeType>soft_lower_limit</AttributeType><IsRequired>false</IsRequired><Value i:nil="true"/></Attribute><Attribute z:Id="i196"><AttributeType>k_position</AttributeType><IsRequired>false</IsRequired><Value i:nil="true"/></Attribute><Attribute z:Id="i197"><AttributeType>k_velocity</AttributeType><IsRequired>true</IsRequired><Value i:nil="true"/></Attribute></Attributes><ChildElements/><ElementName>safety_controller</ElementName><required>false</required><KPositionAttribute z:Ref="i196"/><KVelocityAttribute z:Ref="i197"/><SoftLowerAttribute z:Ref="i195"/><SoftUpperAttribute z:Ref="i194"/></URDFElement><URDFElement z:Id="i198" i:type="Mimic"><Attributes><Attribute z:Id="i199"><AttributeType>joint</AttributeType><IsRequired>true</IsRequired><Value i:nil="true"/></Attribute><Attribute z:Id="i200"><AttributeType>multiplier</AttributeType><IsRequired>false</IsRequired><Value i:nil="true"/></Attribute><Attribute z:Id="i201"><AttributeType>offset</AttributeType><IsRequired>false</IsRequired><Value i:nil="true"/></Attribute></Attributes><ChildElements/><ElementName>mimic</ElementName><required>false</required><JointNameAttribute z:Ref="i199"/><MultiplierAttribute z:Ref="i200"/><OffsetAttribute z:Ref="i201"/></URDFElement></ChildElements><ElementName>joint</ElementName><required>false</required><Axis z:Ref="i180"/><AxisName>Axis_imu</AxisName><Calibration z:Ref="i187"/><Child z:Ref="i178"/><CoordinateSystemName>Coordinate System29_imu</CoordinateSystemName><Dynamics z:Ref="i190"/><Limit z:Ref="i182"/><Mimic z:Ref="i198"/><NameAttribute z:Ref="i171"/><Origin z:Ref="i173"/><Parent z:Ref="i176"/><Safety z:Ref="i193"/><TypeAttribute z:Ref="i172"/></URDFElement></ChildElements><ElementName>link</ElementName><required>true</required><Children/><Collision z:Ref="i163"/><Inertial z:Ref="i137"/><Joint z:Ref="i170"/><NameAttribute z:Ref="i136"/><Parent z:Ref="i1"/><STLQualityFine>false</STLQualityFine><SWComponentPIDs xmlns:a="http://schemas.microsoft.com/2003/10/Serialization/Arrays"><a:base64Binary>aEIAAAUAAAD//v8faQBtAHUAXwA0ADAAZABvAC0AMQBAAHIAbwBiAG8AVgAzACgAdQByAGQAZgBfAGMAaABhAG4AZwBlAGQAKQAEAAAAEAAAAAEAAAABAAAAdwkAAA==</a:base64Binary></SWComponentPIDs><SWMainComponentPID i:nil="true"/><Visual z:Ref="i150"/><isFixedFrame>false</isFixedFrame><isIncomplete>false</isIncomplete></Link><Link z:Id="i202"><Attributes><Attribute z:Id="i203"><AttributeType>name</AttributeType><IsRequired>true</IsRequired><Value i:type="a:string" xmlns:a="http://www.w3.org/2001/XMLSchema">right_wheel_link</Value></Attribute></Attributes><ChildElements><URDFElement z:Id="i204" i:type="Inertial"><Attributes/><ChildElements><URDFElement z:Id="i205" i:type="Origin"><Attributes><Attribute z:Id="i206"><AttributeType>xyz</AttributeType><IsRequired>true</IsRequired><Value i:type="a:ArrayOfdouble" xmlns:a="http://schemas.microsoft.com/2003/10/Serialization/Arrays"><a:double>0.00024358782977840221</a:double><a:double>-0.029500099045564332</a:double><a:double>8.011608043645424E-11</a:double></Value></Attribute><Attribute z:Id="i207"><AttributeType>rpy</AttributeType><IsRequired>true</IsRequired><Value i:type="a:ArrayOfdouble" xmlns:a="http://schemas.microsoft.com/2003/10/Serialization/Arrays"><a:double>0</a:double><a:double>0</a:double><a:double>0</a:double></Value></Attribute></Attributes><ChildElements/><ElementName>origin</ElementName><required>false</required><RPYAttribute z:Ref="i207"/><XYZAttribute z:Ref="i206"/><isCustomized>false</isCustomized></URDFElement><URDFElement z:Id="i208" i:type="Mass"><Attributes><Attribute z:Id="i209"><AttributeType>value</AttributeType><IsRequired>true</IsRequired><Value i:type="a:double" xmlns:a="http://www.w3.org/2001/XMLSchema">0.98170665090243991</Value></Attribute></Attributes><ChildElements/><ElementName>mass</ElementName><required>false</required><ValueAttribute z:Ref="i209"/></URDFElement><URDFElement z:Id="i210" i:type="Inertia"><Attributes><Attribute z:Id="i211"><AttributeType>ixx</AttributeType><IsRequired>true</IsRequired><Value i:type="a:double" xmlns:a="http://www.w3.org/2001/XMLSchema">0.0016529885173842314</Value></Attribute><Attribute z:Id="i212"><AttributeType>ixy</AttributeType><IsRequired>true</IsRequired><Value i:type="a:double" xmlns:a="http://www.w3.org/2001/XMLSchema">-1.0124915182156949E-05</Value></Attribute><Attribute z:Id="i213"><AttributeType>ixz</AttributeType><IsRequired>true</IsRequired><Value i:type="a:double" xmlns:a="http://www.w3.org/2001/XMLSchema">1.3027076084662524E-08</Value></Attribute><Attribute z:Id="i214"><AttributeType>iyy</AttributeType><IsRequired>true</IsRequired><Value i:type="a:double" xmlns:a="http://www.w3.org/2001/XMLSchema">0.0028786195096230554</Value></Attribute><Attribute z:Id="i215"><AttributeType>iyz</AttributeType><IsRequired>true</IsRequired><Value i:type="a:double" xmlns:a="http://www.w3.org/2001/XMLSchema">5.3288362586811824E-10</Value></Attribute><Attribute z:Id="i216"><AttributeType>izz</AttributeType><IsRequired>true</IsRequired><Value i:type="a:double" xmlns:a="http://www.w3.org/2001/XMLSchema">0.0016529225736577403</Value></Attribute></Attributes><ChildElements/><ElementName>inertia</ElementName><required>false</required><IxxAttribute z:Ref="i211"/><IxyAttribute z:Ref="i212"/><IxzAttribute z:Ref="i213"/><IyyAttribute z:Ref="i214"/><IyzAttribute z:Ref="i215"/><IzzAttribute z:Ref="i216"/></URDFElement></ChildElements><ElementName>inertial</ElementName><required>false</required><Inertia z:Ref="i210"/><Mass z:Ref="i208"/><Origin z:Ref="i205"/></URDFElement><URDFElement z:Id="i217" i:type="Visual"><Attributes/><ChildElements><URDFElement z:Id="i218" i:type="Origin"><Attributes><Attribute z:Id="i219"><AttributeType>xyz</AttributeType><IsRequired>true</IsRequired><Value i:type="a:ArrayOfdouble" xmlns:a="http://schemas.microsoft.com/2003/10/Serialization/Arrays"><a:double>0</a:double><a:double>0</a:double><a:double>0</a:double></Value></Attribute><Attribute z:Id="i220"><AttributeType>rpy</AttributeType><IsRequired>true</IsRequired><Value i:type="a:ArrayOfdouble" xmlns:a="http://schemas.microsoft.com/2003/10/Serialization/Arrays"><a:double>0</a:double><a:double>0</a:double><a:double>0</a:double></Value></Attribute></Attributes><ChildElements/><ElementName>origin</ElementName><required>false</required><RPYAttribute z:Ref="i220"/><XYZAttribute z:Ref="i219"/><isCustomized>false</isCustomized></URDFElement><URDFElement z:Id="i221" i:type="Geometry"><Attributes/><ChildElements><URDFElement z:Id="i222" i:type="Mesh"><Attributes><Attribute z:Id="i223"><AttributeType>filename</AttributeType><IsRequired>true</IsRequired><Value i:nil="true"/></Attribute></Attributes><ChildElements/><ElementName>mesh</ElementName><required>false</required><FilenameAttribute z:Ref="i223"/></URDFElement></ChildElements><ElementName>geometry</ElementName><required>true</required><Mesh z:Ref="i222"/></URDFElement><URDFElement z:Id="i224" i:type="Material"><Attributes><Attribute z:Id="i225"><AttributeType>name</AttributeType><IsRequired>true</IsRequired><Value i:type="a:string" xmlns:a="http://www.w3.org/2001/XMLSchema"/></Attribute></Attributes><ChildElements><URDFElement z:Id="i226" i:type="Color"><Attributes><Attribute z:Id="i227"><AttributeType>rgba</AttributeType><IsRequired>true</IsRequired><Value i:type="a:ArrayOfdouble" xmlns:a="http://schemas.microsoft.com/2003/10/Serialization/Arrays"><a:double>0.2</a:double><a:double>0.2</a:double><a:double>0.2</a:double><a:double>1</a:double></Value></Attribute></Attributes><ChildElements/><ElementName>color</ElementName><required>false</required><RGBAAttribute z:Ref="i227"/></URDFElement><URDFElement z:Id="i228" i:type="Texture"><Attributes><Attribute z:Id="i229"><AttributeType>filename</AttributeType><IsRequired>true</IsRequired><Value i:nil="true"/></Attribute></Attributes><ChildElements/><ElementName>texture</ElementName><required>false</required><FilenameAttribute z:Ref="i229"/><wFilename/></URDFElement></ChildElements><ElementName>material</ElementName><required>false</required><Color z:Ref="i226"/><NameAttribute z:Ref="i225"/><Texture z:Ref="i228"/></URDFElement></ChildElements><ElementName>visual</ElementName><required>false</required><Geometry z:Ref="i221"/><Material z:Ref="i224"/><Origin z:Ref="i218"/></URDFElement><URDFElement z:Id="i230" i:type="Collision"><Attributes/><ChildElements><URDFElement z:Id="i231" i:type="Origin"><Attributes><Attribute z:Id="i232"><AttributeType>xyz</AttributeType><IsRequired>true</IsRequired><Value i:type="a:ArrayOfdouble" xmlns:a="http://schemas.microsoft.com/2003/10/Serialization/Arrays"><a:double>0</a:double><a:double>0</a:double><a:double>0</a:double></Value></Attribute><Attribute z:Id="i233"><AttributeType>rpy</AttributeType><IsRequired>true</IsRequired><Value i:type="a:ArrayOfdouble" xmlns:a="http://schemas.microsoft.com/2003/10/Serialization/Arrays"><a:double>0</a:double><a:double>0</a:double><a:double>0</a:double></Value></Attribute></Attributes><ChildElements/><ElementName>origin</ElementName><required>false</required><RPYAttribute z:Ref="i233"/><XYZAttribute z:Ref="i232"/><isCustomized>false</isCustomized></URDFElement><URDFElement z:Id="i234" i:type="Geometry"><Attributes/><ChildElements><URDFElement z:Id="i235" i:type="Mesh"><Attributes><Attribute z:Id="i236"><AttributeType>filename</AttributeType><IsRequired>true</IsRequired><Value i:nil="true"/></Attribute></Attributes><ChildElements/><ElementName>mesh</ElementName><required>false</required><FilenameAttribute z:Ref="i236"/></URDFElement></ChildElements><ElementName>geometry</ElementName><required>true</required><Mesh z:Ref="i235"/></URDFElement></ChildElements><ElementName>collision</ElementName><required>false</required><Geometry z:Ref="i234"/><Origin z:Ref="i231"/></URDFElement><URDFElement z:Id="i237" i:type="Joint"><Attributes><Attribute z:Id="i238"><AttributeType>name</AttributeType><IsRequired>true</IsRequired><Value i:type="a:string" xmlns:a="http://www.w3.org/2001/XMLSchema">right_wheel</Value></Attribute><Attribute z:Id="i239"><AttributeType>type</AttributeType><IsRequired>true</IsRequired><Value i:type="a:string" xmlns:a="http://www.w3.org/2001/XMLSchema">continuous</Value></Attribute></Attributes><ChildElements><URDFElement z:Id="i240" i:type="Origin"><Attributes><Attribute z:Id="i241"><AttributeType>xyz</AttributeType><IsRequired>true</IsRequired><Value i:type="a:ArrayOfdouble" xmlns:a="http://schemas.microsoft.com/2003/10/Serialization/Arrays"><a:double>0.0015756</a:double><a:double>-0.17502</a:double><a:double>0.015</a:double></Value></Attribute><Attribute z:Id="i242"><AttributeType>rpy</AttributeType><IsRequired>true</IsRequired><Value i:type="a:ArrayOfdouble" xmlns:a="http://schemas.microsoft.com/2003/10/Serialization/Arrays"><a:double>0</a:double><a:double>0</a:double><a:double>0</a:double></Value></Attribute></Attributes><ChildElements/><ElementName>origin</ElementName><required>false</required><RPYAttribute z:Ref="i242"/><XYZAttribute z:Ref="i241"/><isCustomized>false</isCustomized></URDFElement><URDFElement z:Id="i243" i:type="ParentLink"><Attributes><Attribute z:Id="i244"><AttributeType>link</AttributeType><IsRequired>true</IsRequired><Value i:type="a:string" xmlns:a="http://www.w3.org/2001/XMLSchema">base_link</Value></Attribute></Attributes><ChildElements/><ElementName>parent</ElementName><required>true</required><NameAttribute z:Ref="i244"/></URDFElement><URDFElement z:Id="i245" i:type="ChildLink"><Attributes><Attribute z:Id="i246"><AttributeType>link</AttributeType><IsRequired>true</IsRequired><Value i:type="a:string" xmlns:a="http://www.w3.org/2001/XMLSchema">right_wheel_link</Value></Attribute></Attributes><ChildElements/><ElementName>child</ElementName><required>true</required><NameAttribute z:Ref="i246"/></URDFElement><URDFElement z:Id="i247" i:type="Axis"><Attributes><Attribute z:Id="i248"><AttributeType>xyz</AttributeType><IsRequired>true</IsRequired><Value i:type="a:ArrayOfdouble" xmlns:a="http://schemas.microsoft.com/2003/10/Serialization/Arrays"><a:double>-0.0082569</a:double><a:double>0.99997</a:double><a:double>0</a:double></Value></Attribute></Attributes><ChildElements/><ElementName>axis</ElementName><required>false</required><XYZAttribute z:Ref="i248"/></URDFElement><URDFElement z:Id="i249" i:type="Limit"><Attributes><Attribute z:Id="i250"><AttributeType>lower</AttributeType><IsRequired>false</IsRequired><Value i:nil="true"/></Attribute><Attribute z:Id="i251"><AttributeType>upper</AttributeType><IsRequired>false</IsRequired><Value i:nil="true"/></Attribute><Attribute z:Id="i252"><AttributeType>effort</AttributeType><IsRequired>true</IsRequired><Value i:nil="true"/></Attribute><Attribute z:Id="i253"><AttributeType>velocity</AttributeType><IsRequired>true</IsRequired><Value i:nil="true"/></Attribute></Attributes><ChildElements/><ElementName>limit</ElementName><required>false</required><EffortAttribute z:Ref="i252"/><LowerAttribute z:Ref="i250"/><UpperAttribute z:Ref="i251"/><VelocityAttribute z:Ref="i253"/></URDFElement><URDFElement z:Id="i254" i:type="Calibration"><Attributes><Attribute z:Id="i255"><AttributeType>rising</AttributeType><IsRequired>false</IsRequired><Value i:nil="true"/></Attribute><Attribute z:Id="i256"><AttributeType>falling</AttributeType><IsRequired>false</IsRequired><Value i:nil="true"/></Attribute></Attributes><ChildElements/><ElementName>calibration</ElementName><required>false</required><FallingAttribute z:Ref="i256"/><RisingAttribute z:Ref="i255"/></URDFElement><URDFElement z:Id="i257" i:type="Dynamics"><Attributes><Attribute z:Id="i258"><AttributeType>damping</AttributeType><IsRequired>false</IsRequired><Value i:nil="true"/></Attribute><Attribute z:Id="i259"><AttributeType>friction</AttributeType><IsRequired>false</IsRequired><Value i:nil="true"/></Attribute></Attributes><ChildElements/><ElementName>dynamics</ElementName><required>false</required><DampingAttribute z:Ref="i258"/><FrictionAttribute z:Ref="i259"/></URDFElement><URDFElement z:Id="i260" i:type="SafetyController"><Attributes><Attribute z:Id="i261"><AttributeType>soft_upper_limit</AttributeType><IsRequired>false</IsRequired><Value i:nil="true"/></Attribute><Attribute z:Id="i262"><AttributeType>soft_lower_limit</AttributeType><IsRequired>false</IsRequired><Value i:nil="true"/></Attribute><Attribute z:Id="i263"><AttributeType>k_position</AttributeType><IsRequired>false</IsRequired><Value i:nil="true"/></Attribute><Attribute z:Id="i264"><AttributeType>k_velocity</AttributeType><IsRequired>true</IsRequired><Value i:nil="true"/></Attribute></Attributes><ChildElements/><ElementName>safety_controller</ElementName><required>false</required><KPositionAttribute z:Ref="i263"/><KVelocityAttribute z:Ref="i264"/><SoftLowerAttribute z:Ref="i262"/><SoftUpperAttribute z:Ref="i261"/></URDFElement><URDFElement z:Id="i265" i:type="Mimic"><Attributes><Attribute z:Id="i266"><AttributeType>joint</AttributeType><IsRequired>true</IsRequired><Value i:nil="true"/></Attribute><Attribute z:Id="i267"><AttributeType>multiplier</AttributeType><IsRequired>false</IsRequired><Value i:nil="true"/></Attribute><Attribute z:Id="i268"><AttributeType>offset</AttributeType><IsRequired>false</IsRequired><Value i:nil="true"/></Attribute></Attributes><ChildElements/><ElementName>mimic</ElementName><required>false</required><JointNameAttribute z:Ref="i266"/><MultiplierAttribute z:Ref="i267"/><OffsetAttribute z:Ref="i268"/></URDFElement></ChildElements><ElementName>joint</ElementName><required>false</required><Axis z:Ref="i247"/><AxisName>Axis2</AxisName><Calibration z:Ref="i254"/><Child z:Ref="i245"/><CoordinateSystemName>Coordinate System6</CoordinateSystemName><Dynamics z:Ref="i257"/><Limit z:Ref="i249"/><Mimic z:Ref="i265"/><NameAttribute z:Ref="i238"/><Origin z:Ref="i240"/><Parent z:Ref="i243"/><Safety z:Ref="i260"/><TypeAttribute z:Ref="i239"/></URDFElement></ChildElements><ElementName>link</ElementName><required>true</required><Children/><Collision z:Ref="i230"/><Inertial z:Ref="i204"/><Joint z:Ref="i237"/><NameAttribute z:Ref="i203"/><Parent z:Ref="i1"/><STLQualityFine>false</STLQualityFine><SWComponentPIDs xmlns:a="http://schemas.microsoft.com/2003/10/Serialization/Arrays"><a:base64Binary>aEIAAAUAAAD//v8gbQBvAHQAbwByAGUAZABpAHQALQA0AEAAcgBvAGIAbwBWADMAKAB1AHIAZABmAF8AYwBoAGEAbgBnAGUAZAApAAQAAAAQAAAAAQAAAAEAAADOBQAA</a:base64Binary></SWComponentPIDs><SWMainComponentPID i:nil="true"/><Visual z:Ref="i217"/><isFixedFrame>false</isFixedFrame><isIncomplete>false</isIncomplete></Link><Link z:Id="i269"><Attributes><Attribute z:Id="i270"><AttributeType>name</AttributeType><IsRequired>true</IsRequired><Value i:type="a:string" xmlns:a="http://www.w3.org/2001/XMLSchema">left_wheel_link</Value></Attribute></Attributes><ChildElements><URDFElement z:Id="i271" i:type="Inertial"><Attributes/><ChildElements><URDFElement z:Id="i272" i:type="Origin"><Attributes><Attribute z:Id="i273"><AttributeType>xyz</AttributeType><IsRequired>true</IsRequired><Value i:type="a:ArrayOfdouble" xmlns:a="http://schemas.microsoft.com/2003/10/Serialization/Arrays"><a:double>-0.00024358782977862425</a:double><a:double>0.029500099045563943</a:double><a:double>8.0114970213429615E-11</a:double></Value></Attribute><Attribute z:Id="i274"><AttributeType>rpy</AttributeType><IsRequired>true</IsRequired><Value i:type="a:ArrayOfdouble" xmlns:a="http://schemas.microsoft.com/2003/10/Serialization/Arrays"><a:double>0</a:double><a:double>0</a:double><a:double>0</a:double></Value></Attribute></Attributes><ChildElements/><ElementName>origin</ElementName><required>false</required><RPYAttribute z:Ref="i274"/><XYZAttribute z:Ref="i273"/><isCustomized>false</isCustomized></URDFElement><URDFElement z:Id="i275" i:type="Mass"><Attributes><Attribute z:Id="i276"><AttributeType>value</AttributeType><IsRequired>true</IsRequired><Value i:type="a:double" xmlns:a="http://www.w3.org/2001/XMLSchema">0.9817066509024428</Value></Attribute></Attributes><ChildElements/><ElementName>mass</ElementName><required>false</required><ValueAttribute z:Ref="i276"/></URDFElement><URDFElement z:Id="i277" i:type="Inertia"><Attributes><Attribute z:Id="i278"><AttributeType>ixx</AttributeType><IsRequired>true</IsRequired><Value i:type="a:double" xmlns:a="http://www.w3.org/2001/XMLSchema">0.0016529912083484673</Value></Attribute><Attribute z:Id="i279"><AttributeType>ixy</AttributeType><IsRequired>true</IsRequired><Value i:type="a:double" xmlns:a="http://www.w3.org/2001/XMLSchema">-1.0124910987100583E-05</Value></Attribute><Attribute z:Id="i280"><AttributeType>ixz</AttributeType><IsRequired>true</IsRequired><Value i:type="a:double" xmlns:a="http://www.w3.org/2001/XMLSchema">-1.449841150929756E-08</Value></Attribute><Attribute z:Id="i281"><AttributeType>iyy</AttributeType><IsRequired>true</IsRequired><Value i:type="a:double" xmlns:a="http://www.w3.org/2001/XMLSchema">0.0028786195090139263</Value></Attribute><Attribute z:Id="i282"><AttributeType>iyz</AttributeType><IsRequired>true</IsRequired><Value i:type="a:double" xmlns:a="http://www.w3.org/2001/XMLSchema">7.250042172824309E-11</Value></Attribute><Attribute z:Id="i283"><AttributeType>izz</AttributeType><IsRequired>true</IsRequired><Value i:type="a:double" xmlns:a="http://www.w3.org/2001/XMLSchema">0.0016529198823447624</Value></Attribute></Attributes><ChildElements/><ElementName>inertia</ElementName><required>false</required><IxxAttribute z:Ref="i278"/><IxyAttribute z:Ref="i279"/><IxzAttribute z:Ref="i280"/><IyyAttribute z:Ref="i281"/><IyzAttribute z:Ref="i282"/><IzzAttribute z:Ref="i283"/></URDFElement></ChildElements><ElementName>inertial</ElementName><required>false</required><Inertia z:Ref="i277"/><Mass z:Ref="i275"/><Origin z:Ref="i272"/></URDFElement><URDFElement z:Id="i284" i:type="Visual"><Attributes/><ChildElements><URDFElement z:Id="i285" i:type="Origin"><Attributes><Attribute z:Id="i286"><AttributeType>xyz</AttributeType><IsRequired>true</IsRequired><Value i:type="a:ArrayOfdouble" xmlns:a="http://schemas.microsoft.com/2003/10/Serialization/Arrays"><a:double>0</a:double><a:double>0</a:double><a:double>0</a:double></Value></Attribute><Attribute z:Id="i287"><AttributeType>rpy</AttributeType><IsRequired>true</IsRequired><Value i:type="a:ArrayOfdouble" xmlns:a="http://schemas.microsoft.com/2003/10/Serialization/Arrays"><a:double>0</a:double><a:double>0</a:double><a:double>0</a:double></Value></Attribute></Attributes><ChildElements/><ElementName>origin</ElementName><required>false</required><RPYAttribute z:Ref="i287"/><XYZAttribute z:Ref="i286"/><isCustomized>false</isCustomized></URDFElement><URDFElement z:Id="i288" i:type="Geometry"><Attributes/><ChildElements><URDFElement z:Id="i289" i:type="Mesh"><Attributes><Attribute z:Id="i290"><AttributeType>filename</AttributeType><IsRequired>true</IsRequired><Value i:nil="true"/></Attribute></Attributes><ChildElements/><ElementName>mesh</ElementName><required>false</required><FilenameAttribute z:Ref="i290"/></URDFElement></ChildElements><ElementName>geometry</ElementName><required>true</required><Mesh z:Ref="i289"/></URDFElement><URDFElement z:Id="i291" i:type="Material"><Attributes><Attribute z:Id="i292"><AttributeType>name</AttributeType><IsRequired>true</IsRequired><Value i:type="a:string" xmlns:a="http://www.w3.org/2001/XMLSchema"/></Attribute></Attributes><ChildElements><URDFElement z:Id="i293" i:type="Color"><Attributes><Attribute z:Id="i294"><AttributeType>rgba</AttributeType><IsRequired>true</IsRequired><Value i:type="a:ArrayOfdouble" xmlns:a="http://schemas.microsoft.com/2003/10/Serialization/Arrays"><a:double>0.2</a:double><a:double>0.2</a:double><a:double>0.2</a:double><a:double>1</a:double></Value></Attribute></Attributes><ChildElements/><ElementName>color</ElementName><required>false</required><RGBAAttribute z:Ref="i294"/></URDFElement><URDFElement z:Id="i295" i:type="Texture"><Attributes><Attribute z:Id="i296"><AttributeType>filename</AttributeType><IsRequired>true</IsRequired><Value i:nil="true"/></Attribute></Attributes><ChildElements/><ElementName>texture</ElementName><required>false</required><FilenameAttribute z:Ref="i296"/><wFilename/></URDFElement></ChildElements><ElementName>material</ElementName><required>false</required><Color z:Ref="i293"/><NameAttribute z:Ref="i292"/><Texture z:Ref="i295"/></URDFElement></ChildElements><ElementName>visual</ElementName><required>false</required><Geometry z:Ref="i288"/><Material z:Ref="i291"/><Origin z:Ref="i285"/></URDFElement><URDFElement z:Id="i297" i:type="Collision"><Attributes/><ChildElements><URDFElement z:Id="i298" i:type="Origin"><Attributes><Attribute z:Id="i299"><AttributeType>xyz</AttributeType><IsRequired>true</IsRequired><Value i:type="a:ArrayOfdouble" xmlns:a="http://schemas.microsoft.com/2003/10/Serialization/Arrays"><a:double>0</a:double><a:double>0</a:double><a:double>0</a:double></Value></Attribute><Attribute z:Id="i300"><AttributeType>rpy</AttributeType><IsRequired>true</IsRequired><Value i:type="a:ArrayOfdouble" xmlns:a="http://schemas.microsoft.com/2003/10/Serialization/Arrays"><a:double>0</a:double><a:double>0</a:double><a:double>0</a:double></Value></Attribute></Attributes><ChildElements/><ElementName>origin</ElementName><required>false</required><RPYAttribute z:Ref="i300"/><XYZAttribute z:Ref="i299"/><isCustomized>false</isCustomized></URDFElement><URDFElement z:Id="i301" i:type="Geometry"><Attributes/><ChildElements><URDFElement z:Id="i302" i:type="Mesh"><Attributes><Attribute z:Id="i303"><AttributeType>filename</AttributeType><IsRequired>true</IsRequired><Value i:nil="true"/></Attribute></Attributes><ChildElements/><ElementName>mesh</ElementName><required>false</required><FilenameAttribute z:Ref="i303"/></URDFElement></ChildElements><ElementName>geometry</ElementName><required>true</required><Mesh z:Ref="i302"/></URDFElement></ChildElements><ElementName>collision</ElementName><required>false</required><Geometry z:Ref="i301"/><Origin z:Ref="i298"/></URDFElement><URDFElement z:Id="i304" i:type="Joint"><Attributes><Attribute z:Id="i305"><AttributeType>name</AttributeType><IsRequired>true</IsRequired><Value i:type="a:string" xmlns:a="http://www.w3.org/2001/XMLSchema">left_wheel</Value></Attribute><Attribute z:Id="i306"><AttributeType>type</AttributeType><IsRequired>true</IsRequired><Value i:type="a:string" xmlns:a="http://www.w3.org/2001/XMLSchema">continuous</Value></Attribute></Attributes><ChildElements><URDFElement z:Id="i307" i:type="Origin"><Attributes><Attribute z:Id="i308"><AttributeType>xyz</AttributeType><IsRequired>true</IsRequired><Value i:type="a:ArrayOfdouble" xmlns:a="http://schemas.microsoft.com/2003/10/Serialization/Arrays"><a:double>-0.0013143</a:double><a:double>0.17497</a:double><a:double>0.015</a:double></Value></Attribute><Attribute z:Id="i309"><AttributeType>rpy</AttributeType><IsRequired>true</IsRequired><Value i:type="a:ArrayOfdouble" xmlns:a="http://schemas.microsoft.com/2003/10/Serialization/Arrays"><a:double>0</a:double><a:double>0</a:double><a:double>0</a:double></Value></Attribute></Attributes><ChildElements/><ElementName>origin</ElementName><required>false</required><RPYAttribute z:Ref="i309"/><XYZAttribute z:Ref="i308"/><isCustomized>false</isCustomized></URDFElement><URDFElement z:Id="i310" i:type="ParentLink"><Attributes><Attribute z:Id="i311"><AttributeType>link</AttributeType><IsRequired>true</IsRequired><Value i:type="a:string" xmlns:a="http://www.w3.org/2001/XMLSchema">base_link</Value></Attribute></Attributes><ChildElements/><ElementName>parent</ElementName><required>true</required><NameAttribute z:Ref="i311"/></URDFElement><URDFElement z:Id="i312" i:type="ChildLink"><Attributes><Attribute z:Id="i313"><AttributeType>link</AttributeType><IsRequired>true</IsRequired><Value i:type="a:string" xmlns:a="http://www.w3.org/2001/XMLSchema">left_wheel_link</Value></Attribute></Attributes><ChildElements/><ElementName>child</ElementName><required>true</required><NameAttribute z:Ref="i313"/></URDFElement><URDFElement z:Id="i314" i:type="Axis"><Attributes><Attribute z:Id="i315"><AttributeType>xyz</AttributeType><IsRequired>true</IsRequired><Value i:type="a:ArrayOfdouble" xmlns:a="http://schemas.microsoft.com/2003/10/Serialization/Arrays"><a:double>0.0082569</a:double><a:double>-0.99997</a:double><a:double>0</a:double></Value></Attribute></Attributes><ChildElements/><ElementName>axis</ElementName><required>false</required><XYZAttribute z:Ref="i315"/></URDFElement><URDFElement z:Id="i316" i:type="Limit"><Attributes><Attribute z:Id="i317"><AttributeType>lower</AttributeType><IsRequired>false</IsRequired><Value i:nil="true"/></Attribute><Attribute z:Id="i318"><AttributeType>upper</AttributeType><IsRequired>false</IsRequired><Value i:nil="true"/></Attribute><Attribute z:Id="i319"><AttributeType>effort</AttributeType><IsRequired>true</IsRequired><Value i:nil="true"/></Attribute><Attribute z:Id="i320"><AttributeType>velocity</AttributeType><IsRequired>true</IsRequired><Value i:nil="true"/></Attribute></Attributes><ChildElements/><ElementName>limit</ElementName><required>false</required><EffortAttribute z:Ref="i319"/><LowerAttribute z:Ref="i317"/><UpperAttribute z:Ref="i318"/><VelocityAttribute z:Ref="i320"/></URDFElement><URDFElement z:Id="i321" i:type="Calibration"><Attributes><Attribute z:Id="i322"><AttributeType>rising</AttributeType><IsRequired>false</IsRequired><Value i:nil="true"/></Attribute><Attribute z:Id="i323"><AttributeType>falling</AttributeType><IsRequired>false</IsRequired><Value i:nil="true"/></Attribute></Attributes><ChildElements/><ElementName>calibration</ElementName><required>false</required><FallingAttribute z:Ref="i323"/><RisingAttribute z:Ref="i322"/></URDFElement><URDFElement z:Id="i324" i:type="Dynamics"><Attributes><Attribute z:Id="i325"><AttributeType>damping</AttributeType><IsRequired>false</IsRequired><Value i:nil="true"/></Attribute><Attribute z:Id="i326"><AttributeType>friction</AttributeType><IsRequired>false</IsRequired><Value i:nil="true"/></Attribute></Attributes><ChildElements/><ElementName>dynamics</ElementName><required>false</required><DampingAttribute z:Ref="i325"/><FrictionAttribute z:Ref="i326"/></URDFElement><URDFElement z:Id="i327" i:type="SafetyController"><Attributes><Attribute z:Id="i328"><AttributeType>soft_upper_limit</AttributeType><IsRequired>false</IsRequired><Value i:nil="true"/></Attribute><Attribute z:Id="i329"><AttributeType>soft_lower_limit</AttributeType><IsRequired>false</IsRequired><Value i:nil="true"/></Attribute><Attribute z:Id="i330"><AttributeType>k_position</AttributeType><IsRequired>false</IsRequired><Value i:nil="true"/></Attribute><Attribute z:Id="i331"><AttributeType>k_velocity</AttributeType><IsRequired>true</IsRequired><Value i:nil="true"/></Attribute></Attributes><ChildElements/><ElementName>safety_controller</ElementName><required>false</required><KPositionAttribute z:Ref="i330"/><KVelocityAttribute z:Ref="i331"/><SoftLowerAttribute z:Ref="i329"/><SoftUpperAttribute z:Ref="i328"/></URDFElement><URDFElement z:Id="i332" i:type="Mimic"><Attributes><Attribute z:Id="i333"><AttributeType>joint</AttributeType><IsRequired>true</IsRequired><Value i:nil="true"/></Attribute><Attribute z:Id="i334"><AttributeType>multiplier</AttributeType><IsRequired>false</IsRequired><Value i:nil="true"/></Attribute><Attribute z:Id="i335"><AttributeType>offset</AttributeType><IsRequired>false</IsRequired><Value i:nil="true"/></Attribute></Attributes><ChildElements/><ElementName>mimic</ElementName><required>false</required><JointNameAttribute z:Ref="i333"/><MultiplierAttribute z:Ref="i334"/><OffsetAttribute z:Ref="i335"/></URDFElement></ChildElements><ElementName>joint</ElementName><required>false</required><Axis z:Ref="i314"/><AxisName>Axis3</AxisName><Calibration z:Ref="i321"/><Child z:Ref="i312"/><CoordinateSystemName>Coordinate System7</CoordinateSystemName><Dynamics z:Ref="i324"/><Limit z:Ref="i316"/><Mimic z:Ref="i332"/><NameAttribute z:Ref="i305"/><Origin z:Ref="i307"/><Parent z:Ref="i310"/><Safety z:Ref="i327"/><TypeAttribute z:Ref="i306"/></URDFElement></ChildElements><ElementName>link</ElementName><required>true</required><Children/><Collision z:Ref="i297"/><Inertial z:Ref="i271"/><Joint z:Ref="i304"/><NameAttribute z:Ref="i270"/><Parent z:Ref="i1"/><STLQualityFine>false</STLQualityFine><SWComponentPIDs xmlns:a="http://schemas.microsoft.com/2003/10/Serialization/Arrays"><a:base64Binary>aEIAAAUAAAD//v8gbQBvAHQAbwByAGUAZABpAHQALQAzAEAAcgBvAGIAbwBWADMAKAB1AHIAZABmAF8AYwBoAGEAbgBnAGUAZAApAAQAAAAQAAAAAQAAAAEAAADKAgAA</a:base64Binary></SWComponentPIDs><SWMainComponentPID i:nil="true"/><Visual z:Ref="i284"/><isFixedFrame>false</isFixedFrame><isIncomplete>false</isIncomplete></Link><Link z:Id="i336"><Attributes><Attribute z:Id="i337"><AttributeType>name</AttributeType><IsRequired>true</IsRequired><Value i:type="a:string" xmlns:a="http://www.w3.org/2001/XMLSchema">camera_link</Value></Attribute></Attributes><ChildElements><URDFElement z:Id="i338" i:type="Inertial"><Attributes/><ChildElements><URDFElement z:Id="i339" i:type="Origin"><Attributes><Attribute z:Id="i340"><AttributeType>xyz</AttributeType><IsRequired>true</IsRequired><Value i:type="a:ArrayOfdouble" xmlns:a="http://schemas.microsoft.com/2003/10/Serialization/Arrays"><a:double>-0.028697404385694125</a:double><a:double>-0.0031532314154304464</a:double><a:double>-0.0069642717036187962</a:double></Value></Attribute><Attribute z:Id="i341"><AttributeType>rpy</AttributeType><IsRequired>true</IsRequired><Value i:type="a:ArrayOfdouble" xmlns:a="http://schemas.microsoft.com/2003/10/Serialization/Arrays"><a:double>0</a:double><a:double>0</a:double><a:double>0</a:double></Value></Attribute></Attributes><ChildElements/><ElementName>origin</ElementName><required>false</required><RPYAttribute z:Ref="i341"/><XYZAttribute z:Ref="i340"/><isCustomized>false</isCustomized></URDFElement><URDFElement z:Id="i342" i:type="Mass"><Attributes><Attribute z:Id="i343"><AttributeType>value</AttributeType><IsRequired>true</IsRequired><Value i:type="a:double" xmlns:a="http://www.w3.org/2001/XMLSchema">0.64645488472217083</Value></Attribute></Attributes><ChildElements/><ElementName>mass</ElementName><required>false</required><ValueAttribute z:Ref="i343"/></URDFElement><URDFElement z:Id="i344" i:type="Inertia"><Attributes><Attribute z:Id="i345"><AttributeType>ixx</AttributeType><IsRequired>true</IsRequired><Value i:type="a:double" xmlns:a="http://www.w3.org/2001/XMLSchema">0.0028423827316273191</Value></Attribute><Attribute z:Id="i346"><AttributeType>ixy</AttributeType><IsRequired>true</IsRequired><Value i:type="a:double" xmlns:a="http://www.w3.org/2001/XMLSchema">1.8727304572263611E-05</Value></Attribute><Attribute z:Id="i347"><AttributeType>ixz</AttributeType><IsRequired>true</IsRequired><Value i:type="a:double" xmlns:a="http://www.w3.org/2001/XMLSchema">1.4807509092677482E-07</Value></Attribute><Attribute z:Id="i348"><AttributeType>iyy</AttributeType><IsRequired>true</IsRequired><Value i:type="a:double" xmlns:a="http://www.w3.org/2001/XMLSchema">0.000263758634501103</Value></Attribute><Attribute z:Id="i349"><AttributeType>iyz</AttributeType><IsRequired>true</IsRequired><Value i:type="a:double" xmlns:a="http://www.w3.org/2001/XMLSchema">-3.3373612907346736E-08</Value></Attribute><Attribute z:Id="i350"><AttributeType>izz</AttributeType><IsRequired>true</IsRequired><Value i:type="a:double" xmlns:a="http://www.w3.org/2001/XMLSchema">0.0029627405896730766</Value></Attribute></Attributes><ChildElements/><ElementName>inertia</ElementName><required>false</required><IxxAttribute z:Ref="i345"/><IxyAttribute z:Ref="i346"/><IxzAttribute z:Ref="i347"/><IyyAttribute z:Ref="i348"/><IyzAttribute z:Ref="i349"/><IzzAttribute z:Ref="i350"/></URDFElement></ChildElements><ElementName>inertial</ElementName><required>false</required><Inertia z:Ref="i344"/><Mass z:Ref="i342"/><Origin z:Ref="i339"/></URDFElement><URDFElement z:Id="i351" i:type="Visual"><Attributes/><ChildElements><URDFElement z:Id="i352" i:type="Origin"><Attributes><Attribute z:Id="i353"><AttributeType>xyz</AttributeType><IsRequired>true</IsRequired><Value i:type="a:ArrayOfdouble" xmlns:a="http://schemas.microsoft.com/2003/10/Serialization/Arrays"><a:double>0</a:double><a:double>0</a:double><a:double>0</a:double></Value></Attribute><Attribute z:Id="i354"><AttributeType>rpy</AttributeType><IsRequired>true</IsRequired><Value i:type="a:ArrayOfdouble" xmlns:a="http://schemas.microsoft.com/2003/10/Serialization/Arrays"><a:double>0</a:double><a:double>0</a:double><a:double>0</a:double></Value></Attribute></Attributes><ChildElements/><ElementName>origin</ElementName><required>false</required><RPYAttribute z:Ref="i354"/><XYZAttribute z:Ref="i353"/><isCustomized>false</isCustomized></URDFElement><URDFElement z:Id="i355" i:type="Geometry"><Attributes/><ChildElements><URDFElement z:Id="i356" i:type="Mesh"><Attributes><Attribute z:Id="i357"><AttributeType>filename</AttributeType><IsRequired>true</IsRequired><Value i:nil="true"/></Attribute></Attributes><ChildElements/><ElementName>mesh</ElementName><required>false</required><FilenameAttribute z:Ref="i357"/></URDFElement></ChildElements><ElementName>geometry</ElementName><required>true</required><Mesh z:Ref="i356"/></URDFElement><URDFElement z:Id="i358" i:type="Material"><Attributes><Attribute z:Id="i359"><AttributeType>name</AttributeType><IsRequired>true</IsRequired><Value i:type="a:string" xmlns:a="http://www.w3.org/2001/XMLSchema"/></Attribute></Attributes><ChildElements><URDFElement z:Id="i360" i:type="Color"><Attributes><Attribute z:Id="i361"><AttributeType>rgba</AttributeType><IsRequired>true</IsRequired><Value i:type="a:ArrayOfdouble" xmlns:a="http://schemas.microsoft.com/2003/10/Serialization/Arrays"><a:double>0.75294117647058822</a:double><a:double>0.75294117647058822</a:double><a:double>0.75294117647058822</a:double><a:double>1</a:double></Value></Attribute></Attributes><ChildElements/><ElementName>color</ElementName><required>false</required><RGBAAttribute z:Ref="i361"/></URDFElement><URDFElement z:Id="i362" i:type="Texture"><Attributes><Attribute z:Id="i363"><AttributeType>filename</AttributeType><IsRequired>true</IsRequired><Value i:nil="true"/></Attribute></Attributes><ChildElements/><ElementName>texture</ElementName><required>false</required><FilenameAttribute z:Ref="i363"/><wFilename/></URDFElement></ChildElements><ElementName>material</ElementName><required>false</required><Color z:Ref="i360"/><NameAttribute z:Ref="i359"/><Texture z:Ref="i362"/></URDFElement></ChildElements><ElementName>visual</ElementName><required>false</required><Geometry z:Ref="i355"/><Material z:Ref="i358"/><Origin z:Ref="i352"/></URDFElement><URDFElement z:Id="i364" i:type="Collision"><Attributes/><ChildElements><URDFElement z:Id="i365" i:type="Origin"><Attributes><Attribute z:Id="i366"><AttributeType>xyz</AttributeType><IsRequired>true</IsRequired><Value i:type="a:ArrayOfdouble" xmlns:a="http://schemas.microsoft.com/2003/10/Serialization/Arrays"><a:double>0</a:double><a:double>0</a:double><a:double>0</a:double></Value></Attribute><Attribute z:Id="i367"><AttributeType>rpy</AttributeType><IsRequired>true</IsRequired><Value i:type="a:ArrayOfdouble" xmlns:a="http://schemas.microsoft.com/2003/10/Serialization/Arrays"><a:double>0</a:double><a:double>0</a:double><a:double>0</a:double></Value></Attribute></Attributes><ChildElements/><ElementName>origin</ElementName><required>false</required><RPYAttribute z:Ref="i367"/><XYZAttribute z:Ref="i366"/><isCustomized>false</isCustomized></URDFElement><URDFElement z:Id="i368" i:type="Geometry"><Attributes/><ChildElements><URDFElement z:Id="i369" i:type="Mesh"><Attributes><Attribute z:Id="i370"><AttributeType>filename</AttributeType><IsRequired>true</IsRequired><Value i:nil="true"/></Attribute></Attributes><ChildElements/><ElementName>mesh</ElementName><required>false</required><FilenameAttribute z:Ref="i370"/></URDFElement></ChildElements><ElementName>geometry</ElementName><required>true</required><Mesh z:Ref="i369"/></URDFElement></ChildElements><ElementName>collision</ElementName><required>false</required><Geometry z:Ref="i368"/><Origin z:Ref="i365"/></URDFElement><URDFElement z:Id="i371" i:type="Joint"><Attributes><Attribute z:Id="i372"><AttributeType>name</AttributeType><IsRequired>true</IsRequired><Value i:type="a:string" xmlns:a="http://www.w3.org/2001/XMLSchema">cam</Value></Attribute><Attribute z:Id="i373"><AttributeType>type</AttributeType><IsRequired>true</IsRequired><Value i:type="a:string" xmlns:a="http://www.w3.org/2001/XMLSchema">fixed</Value></Attribute></Attributes><ChildElements><URDFElement z:Id="i374" i:type="Origin"><Attributes><Attribute z:Id="i375"><AttributeType>xyz</AttributeType><IsRequired>true</IsRequired><Value i:type="a:ArrayOfdouble" xmlns:a="http://schemas.microsoft.com/2003/10/Serialization/Arrays"><a:double>0.26495227055491077</a:double><a:double>0.0053582123173611662</a:double><a:double>0.28442516461510226</a:double></Value></Attribute><Attribute z:Id="i376"><AttributeType>rpy</AttributeType><IsRequired>true</IsRequired><Value i:type="a:ArrayOfdouble" xmlns:a="http://schemas.microsoft.com/2003/10/Serialization/Arrays"><a:double>0</a:double><a:double>0</a:double><a:double>0</a:double></Value></Attribute></Attributes><ChildElements/><ElementName>origin</ElementName><required>false</required><RPYAttribute z:Ref="i376"/><XYZAttribute z:Ref="i375"/><isCustomized>false</isCustomized></URDFElement><URDFElement z:Id="i377" i:type="ParentLink"><Attributes><Attribute z:Id="i378"><AttributeType>link</AttributeType><IsRequired>true</IsRequired><Value i:type="a:string" xmlns:a="http://www.w3.org/2001/XMLSchema">base_link</Value></Attribute></Attributes><ChildElements/><ElementName>parent</ElementName><required>true</required><NameAttribute z:Ref="i378"/></URDFElement><URDFElement z:Id="i379" i:type="ChildLink"><Attributes><Attribute z:Id="i380"><AttributeType>link</AttributeType><IsRequired>true</IsRequired><Value i:type="a:string" xmlns:a="http://www.w3.org/2001/XMLSchema">camera_link</Value></Attribute></Attributes><ChildElements/><ElementName>child</ElementName><required>true</required><NameAttribute z:Ref="i380"/></URDFElement><URDFElement z:Id="i381" i:type="Axis"><Attributes><Attribute z:Id="i382"><AttributeType>xyz</AttributeType><IsRequired>true</IsRequired><Value i:type="a:ArrayOfdouble" xmlns:a="http://schemas.microsoft.com/2003/10/Serialization/Arrays"><a:double>0</a:double><a:double>0</a:double><a:double>0</a:double></Value></Attribute></Attributes><ChildElements/><ElementName>axis</ElementName><required>false</required><XYZAttribute z:Ref="i382"/></URDFElement><URDFElement z:Id="i383" i:type="Limit"><Attributes><Attribute z:Id="i384"><AttributeType>lower</AttributeType><IsRequired>false</IsRequired><Value i:nil="true"/></Attribute><Attribute z:Id="i385"><AttributeType>upper</AttributeType><IsRequired>false</IsRequired><Value i:nil="true"/></Attribute><Attribute z:Id="i386"><AttributeType>effort</AttributeType><IsRequired>true</IsRequired><Value i:nil="true"/></Attribute><Attribute z:Id="i387"><AttributeType>velocity</AttributeType><IsRequired>true</IsRequired><Value i:nil="true"/></Attribute></Attributes><ChildElements/><ElementName>limit</ElementName><required>false</required><EffortAttribute z:Ref="i386"/><LowerAttribute z:Ref="i384"/><UpperAttribute z:Ref="i385"/><VelocityAttribute z:Ref="i387"/></URDFElement><URDFElement z:Id="i388" i:type="Calibration"><Attributes><Attribute z:Id="i389"><AttributeType>rising</AttributeType><IsRequired>false</IsRequired><Value i:nil="true"/></Attribute><Attribute z:Id="i390"><AttributeType>falling</AttributeType><IsRequired>false</IsRequired><Value i:nil="true"/></Attribute></Attributes><ChildElements/><ElementName>calibration</ElementName><required>false</required><FallingAttribute z:Ref="i390"/><RisingAttribute z:Ref="i389"/></URDFElement><URDFElement z:Id="i391" i:type="Dynamics"><Attributes><Attribute z:Id="i392"><AttributeType>damping</AttributeType><IsRequired>false</IsRequired><Value i:nil="true"/></Attribute><Attribute z:Id="i393"><AttributeType>friction</AttributeType><IsRequired>false</IsRequired><Value i:nil="true"/></Attribute></Attributes><ChildElements/><ElementName>dynamics</ElementName><required>false</required><DampingAttribute z:Ref="i392"/><FrictionAttribute z:Ref="i393"/></URDFElement><URDFElement z:Id="i394" i:type="SafetyController"><Attributes><Attribute z:Id="i395"><AttributeType>soft_upper_limit</AttributeType><IsRequired>false</IsRequired><Value i:nil="true"/></Attribute><Attribute z:Id="i396"><AttributeType>soft_lower_limit</AttributeType><IsRequired>false</IsRequired><Value i:nil="true"/></Attribute><Attribute z:Id="i397"><AttributeType>k_position</AttributeType><IsRequired>false</IsRequired><Value i:nil="true"/></Attribute><Attribute z:Id="i398"><AttributeType>k_velocity</AttributeType><IsRequired>true</IsRequired><Value i:nil="true"/></Attribute></Attributes><ChildElements/><ElementName>safety_controller</ElementName><required>false</required><KPositionAttribute z:Ref="i397"/><KVelocityAttribute z:Ref="i398"/><SoftLowerAttribute z:Ref="i396"/><SoftUpperAttribute z:Ref="i395"/></URDFElement><URDFElement z:Id="i399" i:type="Mimic"><Attributes><Attribute z:Id="i400"><AttributeType>joint</AttributeType><IsRequired>true</IsRequired><Value i:nil="true"/></Attribute><Attribute z:Id="i401"><AttributeType>multiplier</AttributeType><IsRequired>false</IsRequired><Value i:nil="true"/></Attribute><Attribute z:Id="i402"><AttributeType>offset</AttributeType><IsRequired>false</IsRequired><Value i:nil="true"/></Attribute></Attributes><ChildElements/><ElementName>mimic</ElementName><required>false</required><JointNameAttribute z:Ref="i400"/><MultiplierAttribute z:Ref="i401"/><OffsetAttribute z:Ref="i402"/></URDFElement></ChildElements><ElementName>joint</ElementName><required>false</required><Axis z:Ref="i381"/><AxisName>Automatically Generate</AxisName><Calibration z:Ref="i388"/><Child z:Ref="i379"/><CoordinateSystemName>Coordinate System8</CoordinateSystemName><Dynamics z:Ref="i391"/><Limit z:Ref="i383"/><Mimic z:Ref="i399"/><NameAttribute z:Ref="i372"/><Origin z:Ref="i374"/><Parent z:Ref="i377"/><Safety z:Ref="i394"/><TypeAttribute z:Ref="i373"/></URDFElement></ChildElements><ElementName>link</ElementName><required>true</required><Children/><Collision z:Ref="i364"/><Inertial z:Ref="i338"/><Joint z:Ref="i371"/><NameAttribute z:Ref="i337"/><Parent z:Ref="i1"/><STLQualityFine>false</STLQualityFine><SWComponentPIDs xmlns:a="http://schemas.microsoft.com/2003/10/Serialization/Arrays"><a:base64Binary>aEIAAAUAAAD//v8jZgBpAG4AYQBsACAAawBpAG4AZQBjAHQALQAxAEAAcgBvAGIAbwBWADMAKAB1AHIAZABmAF8AYwBoAGEAbgBnAGUAZAApAAQAAAAQAAAAAQAAAAEAAADeBwAA</a:base64Binary></SWComponentPIDs><SWMainComponentPID i:nil="true"/><Visual z:Ref="i351"/><isFixedFrame>false</isFixedFrame><isIncomplete>false</isIncomplete></Link></Children><Collision z:Ref="i29"/><Inertial z:Ref="i3"/><Joint z:Ref="i36"/><NameAttribute z:Ref="i2"/><Parent i:nil="true"/><STLQualityFine>false</STLQualityFine><SWComponentPIDs xmlns:a="http://schemas.microsoft.com/2003/10/Serialization/Arrays"><a:base64Binary>aEIAAAUAAAD//v8mYwB1AG0AXwBiAGEAbgBoAF8AeABlAF8AbABvAG4ALQAzAEAAcgBvAGIAbwBWADMAKAB1AHIAZABmAF8AYwBoAGEAbgBnAGUAZAApAAQAAAAQAAAAAQAAAAEAAACMAQAA</a:base64Binary><a:base64Binary>aEIAAAUAAAD//v8bMgAwAG0AbQAtADIAQAByAG8AYgBvAFYAMwAoAHUAcgBkAGYAXwBjAGgAYQBuAGcAZQBkACkABAAAABAAAAABAAAAAQAAACkCAAA=</a:base64Binary><a:base64Binary>aEIAAAUAAAD//v8bMgAwAG0AbQAtADgAQAByAG8AYgBvAFYAMwAoAHUAcgBkAGYAXwBjAGgAYQBuAGcAZQBkACkABAAAABAAAAABAAAAAQAAAC8CAAA=</a:base64Binary><a:base64Binary>aEIAAAUAAAD//v8gbQBvAHQAbwByAEEAeABpAHMALQAxAEAAcgBvAGIAbwBWADMAKAB1AHIAZABmAF8AYwBoAGEAbgBnAGUAZAApAAQAAAAQAAAAAQAAAAEAAACrAgAA</a:base64Binary><a:base64Binary>aEIAAAUAAAD//v8jbABpAGQAYQByAF8AcAB1AHMAaAB1AHAALQAxAEAAcgBvAGIAbwBWADMAKAB1AHIAZABmAF8AYwBoAGEAbgBnAGUAZAApAAQAAAAQAAAAAQAAAAEAAACHBAAA</a:base64Binary><a:base64Binary>aEIAAAUAAAD//v8ncwB0AGEAbgBkAG8AZgBmAF8ATQAyAF8AMgAwAG0AbQAtADEAQAByAG8AYgBvAFYAMwAoAHUAcgBkAGYAXwBjAGgAYQBuAGcAZQBkACkABAAAABAAAAABAAAAAQAAAMkEAAA=</a:base64Binary><a:base64Binary>aEIAAAUAAAD//v8ncwB0AGEAbgBkAG8AZgBmAF8ATQAyAF8AMgAwAG0AbQAtADMAQAByAG8AYgBvAFYAMwAoAHUAcgBkAGYAXwBjAGgAYQBuAGcAZQBkACkABAAAABAAAAABAAAAAQAAANAEAAA=</a:base64Binary><a:base64Binary>aEIAAAUAAAD//v8ncwB0AGEAbgBkAG8AZgBmAF8ATQAyAF8AMgAwAG0AbQAtADQAQAByAG8AYgBvAFYAMwAoAHUAcgBkAGYAXwBjAGgAYQBuAGcAZQBkACkABAAAABAAAAABAAAAAQAAANYEAAA=</a:base64Binary><a:base64Binary>aEIAAAUAAAD//v8ncwB0AGEAbgBkAG8AZgBmAF8ATQAyAF8AMgAwAG0AbQAtADUAQAByAG8AYgBvAFYAMwAoAHUAcgBkAGYAXwBjAGgAYQBuAGcAZQBkACkABAAAABAAAAABAAAAAQAAANkEAAA=</a:base64Binary><a:base64Binary>aEIAAAUAAAD//v8eYgBhAHQAdABlAHIAeQAtADEAQAByAG8AYgBvAFYAMwAoAHUAcgBkAGYAXwBjAGgAYQBuAGcAZQBkACkABAAAABAAAAABAAAAAQAAANwEAAA=</a:base64Binary><a:base64Binary>aEIAAAUAAAD//v8oaABvAHYAZQByAGIAbwBhAHIAZABfAGQAcgBpAHYAZQByAC0AMQBAAHIAbwBiAG8AVgAzACgAdQByAGQAZgBfAGMAaABhAG4AZwBlAGQAKQAEAAAAEAAAAAEAAAABAAAA3QQAAA==</a:base64Binary><a:base64Binary>aEIAAAUAAAD//v8oYwB1AG0AXwByAGUAbABhAHkAXwBtAHkANABuAF8ANABwAC0AMQBAAHIAbwBiAG8AVgAzACgAdQByAGQAZgBfAGMAaABhAG4AZwBlAGQAKQAEAAAAEAAAAAEAAAABAAAA4QQAAA==</a:base64Binary><a:base64Binary>aEIAAAUAAAD//v8jbABpAGQAYQByAF8AcAB1AHMAaAB1AHAALQAzAEAAcgBvAGIAbwBWADMAKAB1AHIAZABmAF8AYwBoAGEAbgBnAGUAZAApAAQAAAAQAAAAAQAAAAEAAAATBQAA</a:base64Binary><a:base64Binary>aEIAAAUAAAD//v8oMwA2AHYAXwAxADIAdgBfAGMAbwBuAHYAZQByAHQAZQByAC0AMQBAAHIAbwBiAG8AVgAzACgAdQByAGQAZgBfAGMAaABhAG4AZwBlAGQAKQAEAAAAEAAAAAEAAAABAAAAIAUAAA==</a:base64Binary><a:base64Binary>aEIAAAUAAAD//v8jcgBlAG0AbwB0AGUAXwByAGUAbABhAHkALQAxAEAAcgBvAGIAbwBWADMAKAB1AHIAZABmAF8AYwBoAGEAbgBnAGUAZAApAAQAAAAQAAAAAQAAAAEAAAAxBQAA</a:base64Binary><a:base64Binary>aEIAAAUAAAD//v8lYQBsAHUAbQBpAG4AaQB1AG0AXwBiAGEAcwBlAC0AMQBAAHIAbwBiAG8AVgAzACgAdQByAGQAZgBfAGMAaABhAG4AZwBlAGQAKQAEAAAAEAAAAAEAAAABAAAANQUAAA==</a:base64Binary><a:base64Binary>aEIAAAUAAAD//v8icABpAF8AaABhAG4AZwBfAGkAbQB1AC0AMQBAAHIAbwBiAG8AVgAzACgAdQByAGQAZgBfAGMAaABhAG4AZwBlAGQAKQAEAAAAEAAAAAEAAAABAAAAWwUAAA==</a:base64Binary><a:base64Binary>aEIAAAUAAAD//v8jVwBFAEkARABVACAAVABCADIANQBYAFgALQAxAEAAcgBvAGIAbwBWADMAKAB1AHIAZABmAF8AYwBoAGEAbgBnAGUAZAApAAQAAAAQAAAAAQAAAAEAAAB4BQAA</a:base64Binary><a:base64Binary>aEIAAAUAAAD//v8rHwRABD4ERAQ4BDsETAQgAFYALQBzAGwAbwB0ACAAMgAwAHgANAAwAC0AMQBAAHIAbwBiAG8AVgAzACgAdQByAGQAZgBfAGMAaABhAG4AZwBlAGQAKQAEAAAAEAAAAAEAAAABAAAAfgUAAA==</a:base64Binary><a:base64Binary>aEIAAAUAAAD//v8rHwRABD4ERAQ4BDsETAQgAFYALQBzAGwAbwB0ACAAMgAwAHgANAAwAC0AMwBAAHIAbwBiAG8AVgAzACgAdQByAGQAZgBfAGMAaABhAG4AZwBlAGQAKQAEAAAAEAAAAAEAAAABAAAAgAUAAA==</a:base64Binary><a:base64Binary>aEIAAAUAAAD//v88MgAwAHgAMgAwAF8AYQBsAHUAbQBpAG4AdQBtAF8AZQB4AHQAcgB1AHMAaQBvAG4AXwBwAHIAbwBmAGkAbABlACAAMgA2AGMAbQAtADEAQAByAG8AYgBvAFYAMwAoAHUAcgBkAGYAXwBjAGgAYQBuAGcAZQBkACkABAAAABAAAAABAAAAAQAAAJkFAAA=</a:base64Binary><a:base64Binary>aEIAAAUAAAD//v8cMgAwAG0AbQAtADEAMABAAHIAbwBiAG8AVgAzACgAdQByAGQAZgBfAGMAaABhAG4AZwBlAGQAKQAEAAAAEAAAAAEAAAABAAAAygUAAA==</a:base64Binary><a:base64Binary>aEIAAAUAAAD//v8mYwB1AG0AXwBiAGEAbgBoAF8AeABlAF8AbABvAG4ALQA1AEAAcgBvAGIAbwBWADMAKAB1AHIAZABmAF8AYwBoAGEAbgBnAGUAZAApAAQAAAAQAAAAAQAAAAEAAADLBQAA</a:base64Binary><a:base64Binary>aEIAAAUAAAD//v8gbQBvAHQAbwByAEEAeABpAHMALQA0AEAAcgBvAGIAbwBWADMAKAB1AHIAZABmAF8AYwBoAGEAbgBnAGUAZAApAAQAAAAQAAAAAQAAAAEAAADMBQAA</a:base64Binary><a:base64Binary>aEIAAAUAAAD//v8cMgAwAG0AbQAtADEAMQBAAHIAbwBiAG8AVgAzACgAdQByAGQAZgBfAGMAaABhAG4AZwBlAGQAKQAEAAAAEAAAAAEAAAABAAAAzQUAAA==</a:base64Binary><a:base64Binary>aEIAAAUAAAD//v8sYwB1AG0AXwBkAGEAaAB1AG8AbgBnAF8AdAByAHUAbwBjAF8AcwBhAHUALQA1AEAAcgBvAGIAbwBWADMAKAB1AHIAZABmAF8AYwBoAGEAbgBnAGUAZAApAAQAAAAQAAAAAQAAAAEAAAAZBgAA</a:base64Binary><a:base64Binary>aEIAAAUAAAD//v8sYwB1AG0AXwBkAGEAaAB1AG8AbgBnAF8AdAByAHUAbwBjAF8AcwBhAHUALQA2AEAAcgBvAGIAbwBWADMAKAB1AHIAZABmAF8AYwBoAGEAbgBnAGUAZAApAAQAAAAQAAAAAQAAAAEAAAAgBgAA</a:base64Binary><a:base64Binary>aEIAAAUAAAD//v8kZgB1AGwAbABfAGMAbwB2AGUAcgBfAHYAMgAtADEAQAByAG8AYgBvAFYAMwAoAHUAcgBkAGYAXwBjAGgAYQBuAGcAZQBkACkABAAAABAAAAABAAAAAQAAAFwGAAA=</a:base64Binary><a:base64Binary>aEIAAAUAAAD//v8pYwBvAHYAZQByAF8AagBvAGkAbgB0AF8AdgAzAC4AMQAuADIALQAxAEAAcgBvAGIAbwBWADMAKAB1AHIAZABmAF8AYwBoAGEAbgBnAGUAZAApAAQAAAAQAAAAAQAAAAEAAACjBgAA</a:base64Binary><a:base64Binary>aEIAAAUAAAD//v8ZagAxAC0AMQBAAHIAbwBiAG8AVgAzACgAdQByAGQAZgBfAGMAaABhAG4AZwBlAGQAKQAEAAAAEAAAAAEAAAABAAAArAYAAA==</a:base64Binary><a:base64Binary>aEIAAAUAAAD//v8ZagAxAC0AMgBAAHIAbwBiAG8AVgAzACgAdQByAGQAZgBfAGMAaABhAG4AZwBlAGQAKQAEAAAAEAAAAAEAAAABAAAArQYAAA==</a:base64Binary><a:base64Binary>aEIAAAUAAAD//v8ebQBhAHQAeABlAG8AMQAtADEAQAByAG8AYgBvAFYAMwAoAHUAcgBkAGYAXwBjAGgAYQBuAGcAZQBkACkABAAAABAAAAABAAAAAQAAAL0GAAA=</a:base64Binary><a:base64Binary>aEIAAAUAAAD//v8tQQByAGMAYQBkAGUAIABQAHUAcwBoACAAYgB1AHQAdABvAG4AIABhAHMAbQAtADIAQAByAG8AYgBvAFYAMwAoAHUAcgBkAGYAXwBjAGgAYQBuAGcAZQBkACkABAAAABAAAAABAAAAAQAAAM8GAAA=</a:base64Binary><a:base64Binary>aEIAAAUAAAD//v86UwB0AG8AcAAgAFMAdwBpAHQAYwBoACAAUAB1AHMAaAAgAEIAdQB0AHQAbwBuACAATABBAFkAMwA3ACAAKABQAEIAQwApAC0AMwBAAHIAbwBiAG8AVgAzACgAdQByAGQAZgBfAGMAaABhAG4AZwBlAGQAKQAEAAAAEAAAAAEAAAABAAAA9wYAAA==</a:base64Binary><a:base64Binary>aEIAAAUAAAD//v8sYwBvAHYAZQByAF8AdQBwAF8AdgAyAF8AbABpAG4AaABfAG0AaQBjAGEALQAxAEAAcgBvAGIAbwBWADMAKAB1AHIAZABmAF8AYwBoAGEAbgBnAGUAZAApAAQAAAAQAAAAAQAAAAEAAADZBwAA</a:base64Binary><a:base64Binary>aEIAAAUAAAD//v8eYQBsAGkAYgBhAGIAYQAtADEAQAByAG8AYgBvAFYAMwAoAHUAcgBkAGYAXwBjAGgAYQBuAGcAZQBkACkABAAAABAAAAABAAAAAQAAADYIAAA=</a:base64Binary><a:base64Binary>aEIAAAUAAAD//v8aYwBoAGUALQAxAEAAcgBvAGIAbwBWADMAKAB1AHIAZABmAF8AYwBoAGEAbgBnAGUAZAApAAQAAAAQAAAAAQAAAAEAAAA8CAAA</a:base64Binary><a:base64Binary>aEIAAAUAAAD//v8aYwBoAGUALQAyAEAAcgBvAGIAbwBWADMAKAB1AHIAZABmAF8AYwBoAGEAbgBnAGUAZAApAAQAAAAQAAAAAQAAAAEAAABQCAAA</a:base64Binary><a:base64Binary>aEIAAAUAAAD//v8aYwBoAGUALQAzAEAAcgBvAGIAbwBWADMAKAB1AHIAZABmAF8AYwBoAGEAbgBnAGUAZAApAAQAAAAQAAAAAQAAAAEAAABZCAAA</a:base64Binary><a:base64Binary>aEIAAAUAAAD//v8aYwBoAGUALQA0AEAAcgBvAGIAbwBWADMAKAB1AHIAZABmAF8AYwBoAGEAbgBnAGUAZAApAAQAAAAQAAAAAQAAAAEAAABhCAAA</a:base64Binary><a:base64Binary>aEIAAAUAAAD//v8aYwBoAGUALQA1AEAAcgBvAGIAbwBWADMAKAB1AHIAZABmAF8AYwBoAGEAbgBnAGUAZAApAAQAAAAQAAAAAQAAAAEAAABpCAAA</a:base64Binary><a:base64Binary>aEIAAAUAAAD//v8aYwBoAGUALQA2AEAAcgBvAGIAbwBWADMAKAB1AHIAZABmAF8AYwBoAGEAbgBnAGUAZAApAAQAAAAQAAAAAQAAAAEAAABxCAAA</a:base64Binary><a:base64Binary>aEIAAAUAAAD//v8lZwBhAF8AbQBpAG4AaQBwAGMAXwBjAG8AbQBwAC0AMQBAAHIAbwBiAG8AVgAzACgAdQByAGQAZgBfAGMAaABhAG4AZwBlAGQAKQAEAAAAEAAAAAEAAAABAAAAxggAAA==</a:base64Binary><a:base64Binary>aEIAAAUAAAD//v8jZwBhAF8AbQBpAG4AaQBwAGMAXwB2ADIALQAyAEAAcgBvAGIAbwBWADMAKAB1AHIAZABmAF8AYwBoAGEAbgBnAGUAZAApAAQAAAAQAAAAAQAAAAEAAACxCAAA</a:base64Binary><a:base64Binary>aEIAAAUAAAD//v8jZwBhAF8AbQBpAG4AaQBwAGMAXwB2ADIALQAxAEAAcgBvAGIAbwBWADMAKAB1AHIAZABmAF8AYwBoAGEAbgBnAGUAZAApAAQAAAAQAAAAAQAAAAEAAACwCAAA</a:base64Binary><a:base64Binary>aEIAAAUAAAD//v8eaABvAHAAXwBwAGkAbgAtADEAQAByAG8AYgBvAFYAMwAoAHUAcgBkAGYAXwBjAGgAYQBuAGcAZQBkACkABAAAABAAAAABAAAAAQAAAN8IAAA=</a:base64Binary><a:base64Binary>aEIAAAUAAAD//v8fbgBhAG4AZwBfAGMAYQBtAC0AMQBAAHIAbwBiAG8AVgAzACgAdQByAGQAZgBfAGMAaABhAG4AZwBlAGQAKQAEAAAAEAAAAAEAAAABAAAA6ggAAA==</a:base64Binary><a:base64Binary>aEIAAAUAAAD//v81ZwBhAF8AYwBvAG0ALQAxAEAAcgBvAGIAbwBWADMAKAB1AHIAZABmAF8AYwBoAGEAbgBnAGUAZAApAC8AMgAwAHgAMgAwAF8AYQBsAHUAXwBkAG8AYwAxAC0AMgBAAGcAYQBfAGMAbwBtAAQAAAAQAAAAAQAAAAIAAAANCQAAGwAAAA==</a:base64Binary><a:base64Binary>aEIAAAUAAAD//v81ZwBhAF8AYwBvAG0ALQAxAEAAcgBvAGIAbwBWADMAKAB1AHIAZABmAF8AYwBoAGEAbgBnAGUAZAApAC8AMgAwAHgAMgAwAF8AYQBsAHUAXwBkAG8AYwAxAC0AMQBAAGcAYQBfAGMAbwBtAAQAAAAQAAAAAQAAAAIAAAANCQAAGgAAAA==</a:base64Binary><a:base64Binary>aEIAAAUAAAD//v83ZwBhAF8AYwBvAG0ALQAxAEAAcgBvAGIAbwBWADMAKAB1AHIAZABmAF8AYwBoAGEAbgBnAGUAZAApAC8AMgAwAHgAMgAwAF8AYQBsAHUAXwBuAGcAYQBuAGcAMQAtADEAQABnAGEAXwBjAG8AbQAEAAAAEAAAAAEAAAACAAAADQkAABkAAAA=</a:base64Binary><a:base64Binary>aEIAAAUAAAD//v8faABvAHAAXwBuAGEAbgBvAC0AMQBAAHIAbwBiAG8AVgAzACgAdQByAGQAZgBfAGMAaABhAG4AZwBlAGQAKQAEAAAAEAAAAAEAAAABAAAANAkAAA==</a:base64Binary><a:base64Binary>aEIAAAUAAAD//v8hawBlAGcAbwBjAF8AdABhAGIAMQAtADEAQAByAG8AYgBvAFYAMwAoAHUAcgBkAGYAXwBjAGgAYQBuAGcAZQBkACkABAAAABAAAAABAAAAAQAAAG4JAAA=</a:base64Binary><a:base64Binary>aEIAAAUAAAD//v8hawBlAGcAbwBjAF8AdABhAGIAMgAtADEAQAByAG8AYgBvAFYAMwAoAHUAcgBkAGYAXwBjAGgAYQBuAGcAZQBkACkABAAAABAAAAABAAAAAQAAAG8JAAA=</a:base64Binary><a:base64Binary>aEIAAAUAAAD//v8edAByAG8AZABvAG4AZwAtADEAQAByAG8AYgBvAFYAMwAoAHUAcgBkAGYAXwBjAGgAYQBuAGcAZQBkACkABAAAABAAAAABAAAAAQAAAHgJAAA=</a:base64Binary></SWComponentPIDs><SWMainComponentPID i:nil="true"/><Visual z:Ref="i16"/><isFixedFrame>false</isFixedFrame><isIncomplete>false</isIncomplete></Link>
2025-07-08 10:17:35,605 INFO  LinkNode.cs: 35 - Building node base_link
2025-07-08 10:17:35,606 INFO  LinkNode.cs: 35 - Building node lidar_link
2025-07-08 10:17:35,608 INFO  LinkNode.cs: 35 - Building node imu_link
2025-07-08 10:17:35,608 INFO  LinkNode.cs: 35 - Building node right_wheel_link
2025-07-08 10:17:35,608 INFO  LinkNode.cs: 35 - Building node left_wheel_link
2025-07-08 10:17:35,609 INFO  LinkNode.cs: 35 - Building node camera_link
2025-07-08 10:17:35,611 INFO  CommonSwOperations.cs: 221 - Loading SolidWorks components for base_link from D:\DA_Robot\hoc_solid\model_v5_packgo1\robotv2\roboV3(urdf_changed).SLDASM
2025-07-08 10:17:35,613 INFO  CommonSwOperations.cs: 245 - Loading component with PID hB     ???&c u m _ b a n h _ x e _ l o n - 3 @ r o b o V 3 ( u r d f _ c h a n g e d )             ?  
2025-07-08 10:17:35,616 INFO  CommonSwOperations.cs: 254 - Successfully loaded component D:\DA_Robot\hoc_solid\model_v5_packgo1\cum_banh_xe_lon.SLDASM
2025-07-08 10:17:35,617 INFO  CommonSwOperations.cs: 245 - Loading component with PID hB     ???2 0 m m - 2 @ r o b o V 3 ( u r d f _ c h a n g e d )             )  
2025-07-08 10:17:35,618 INFO  CommonSwOperations.cs: 254 - Successfully loaded component D:\DA_Robot\hoc_solid\model_v5_packgo1\20mm.SLDPRT
2025-07-08 10:17:35,619 INFO  CommonSwOperations.cs: 245 - Loading component with PID hB     ???2 0 m m - 8 @ r o b o V 3 ( u r d f _ c h a n g e d )             /  
2025-07-08 10:17:35,619 INFO  CommonSwOperations.cs: 254 - Successfully loaded component D:\DA_Robot\hoc_solid\model_v5_packgo1\20mm.SLDPRT
2025-07-08 10:17:35,620 INFO  CommonSwOperations.cs: 245 - Loading component with PID hB     ??? m o t o r A x i s - 1 @ r o b o V 3 ( u r d f _ c h a n g e d )             ?  
2025-07-08 10:17:35,621 INFO  CommonSwOperations.cs: 254 - Successfully loaded component D:\DA_Robot\hoc_solid\model_v5_packgo1\motorAxis.SLDPRT
2025-07-08 10:17:35,622 INFO  CommonSwOperations.cs: 245 - Loading component with PID hB     ???#l i d a r _ p u s h u p - 1 @ r o b o V 3 ( u r d f _ c h a n g e d )             ?  
2025-07-08 10:17:35,622 INFO  CommonSwOperations.cs: 254 - Successfully loaded component D:\DA_Robot\hoc_solid\model_v5_packgo1\lidar_pushup.SLDPRT
2025-07-08 10:17:35,624 INFO  CommonSwOperations.cs: 245 - Loading component with PID hB     ???'s t a n d o f f _ M 2 _ 2 0 m m - 1 @ r o b o V 3 ( u r d f _ c h a n g e d )             ?  
2025-07-08 10:17:35,624 INFO  CommonSwOperations.cs: 254 - Successfully loaded component D:\DA_Robot\hoc_solid\model_v5_packgo1\standoff_M2_20mm.SLDPRT
2025-07-08 10:17:35,625 INFO  CommonSwOperations.cs: 245 - Loading component with PID hB     ???'s t a n d o f f _ M 2 _ 2 0 m m - 3 @ r o b o V 3 ( u r d f _ c h a n g e d )             ?  
2025-07-08 10:17:35,626 INFO  CommonSwOperations.cs: 254 - Successfully loaded component D:\DA_Robot\hoc_solid\model_v5_packgo1\standoff_M2_20mm.SLDPRT
2025-07-08 10:17:35,627 INFO  CommonSwOperations.cs: 245 - Loading component with PID hB     ???'s t a n d o f f _ M 2 _ 2 0 m m - 4 @ r o b o V 3 ( u r d f _ c h a n g e d )             ?  
2025-07-08 10:17:35,628 INFO  CommonSwOperations.cs: 254 - Successfully loaded component D:\DA_Robot\hoc_solid\model_v5_packgo1\standoff_M2_20mm.SLDPRT
2025-07-08 10:17:35,629 INFO  CommonSwOperations.cs: 245 - Loading component with PID hB     ???'s t a n d o f f _ M 2 _ 2 0 m m - 5 @ r o b o V 3 ( u r d f _ c h a n g e d )             ?  
2025-07-08 10:17:35,630 INFO  CommonSwOperations.cs: 254 - Successfully loaded component D:\DA_Robot\hoc_solid\model_v5_packgo1\standoff_M2_20mm.SLDPRT
2025-07-08 10:17:35,631 INFO  CommonSwOperations.cs: 245 - Loading component with PID hB     ???b a t t e r y - 1 @ r o b o V 3 ( u r d f _ c h a n g e d )             ?  
2025-07-08 10:17:35,632 INFO  CommonSwOperations.cs: 254 - Successfully loaded component D:\DA_Robot\hoc_solid\model_v5_packgo1\battery.SLDPRT
2025-07-08 10:17:35,633 INFO  CommonSwOperations.cs: 245 - Loading component with PID hB     ???(h o v e r b o a r d _ d r i v e r - 1 @ r o b o V 3 ( u r d f _ c h a n g e d )             ?  
2025-07-08 10:17:35,634 INFO  CommonSwOperations.cs: 254 - Successfully loaded component D:\DA_Robot\hoc_solid\model_v5_packgo1\hoverboard_driver.SLDPRT
2025-07-08 10:17:35,634 INFO  CommonSwOperations.cs: 245 - Loading component with PID hB     ???(c u m _ r e l a y _ m y 4 n _ 4 p - 1 @ r o b o V 3 ( u r d f _ c h a n g e d )             ?  
2025-07-08 10:17:35,635 INFO  CommonSwOperations.cs: 254 - Successfully loaded component D:\DA_Robot\hoc_solid\model_v5_packgo1\cum_relay_my4n_4p.SLDASM
2025-07-08 10:17:35,636 INFO  CommonSwOperations.cs: 245 - Loading component with PID hB     ???#l i d a r _ p u s h u p - 3 @ r o b o V 3 ( u r d f _ c h a n g e d )               
2025-07-08 10:17:35,637 INFO  CommonSwOperations.cs: 254 - Successfully loaded component D:\DA_Robot\hoc_solid\model_v5_packgo1\lidar_pushup.SLDPRT
2025-07-08 10:17:35,637 INFO  CommonSwOperations.cs: 245 - Loading component with PID hB     ???(3 6 v _ 1 2 v _ c o n v e r t e r - 1 @ r o b o V 3 ( u r d f _ c h a n g e d )                
2025-07-08 10:17:35,638 INFO  CommonSwOperations.cs: 254 - Successfully loaded component D:\DA_Robot\hoc_solid\model_v5_packgo1\36v_12v_converter.SLDPRT
2025-07-08 10:17:35,639 INFO  CommonSwOperations.cs: 245 - Loading component with PID hB     ???#r e m o t e _ r e l a y - 1 @ r o b o V 3 ( u r d f _ c h a n g e d )             1  
2025-07-08 10:17:35,639 INFO  CommonSwOperations.cs: 254 - Successfully loaded component D:\DA_Robot\hoc_solid\model_v5_packgo1\remote_relay.SLDPRT
2025-07-08 10:17:35,640 INFO  CommonSwOperations.cs: 245 - Loading component with PID hB     ???%a l u m i n i u m _ b a s e - 1 @ r o b o V 3 ( u r d f _ c h a n g e d )             5  
2025-07-08 10:17:35,641 INFO  CommonSwOperations.cs: 254 - Successfully loaded component D:\DA_Robot\hoc_solid\model_v5_packgo1\aluminium_base.SLDPRT
2025-07-08 10:17:35,642 INFO  CommonSwOperations.cs: 245 - Loading component with PID hB     ???"p i _ h a n g _ i m u - 1 @ r o b o V 3 ( u r d f _ c h a n g e d )             [  
2025-07-08 10:17:35,643 INFO  CommonSwOperations.cs: 254 - Successfully loaded component D:\DA_Robot\hoc_solid\model_v5_packgo1\pi_hang_imu.SLDPRT
2025-07-08 10:17:35,643 INFO  CommonSwOperations.cs: 245 - Loading component with PID hB     ???#W E I D U   T B 2 5 X X - 1 @ r o b o V 3 ( u r d f _ c h a n g e d )             x  
2025-07-08 10:17:35,644 INFO  CommonSwOperations.cs: 254 - Successfully loaded component D:\DA_Robot\hoc_solid\model_v5_packgo1\WEIDU TB25XX.SLDASM
2025-07-08 10:17:35,645 INFO  CommonSwOperations.cs: 245 - Loading component with PID hB     ???+@>D8;L  V - s l o t   2 0 x 4 0 - 1 @ r o b o V 3 ( u r d f _ c h a n g e d )             ~  
2025-07-08 10:17:35,646 INFO  CommonSwOperations.cs: 254 - Successfully loaded component D:\DA_Robot\hoc_solid\model_v5_packgo1\??????? V-slot 20x40.SLDPRT
2025-07-08 10:17:35,646 INFO  CommonSwOperations.cs: 245 - Loading component with PID hB     ???+@>D8;L  V - s l o t   2 0 x 4 0 - 3 @ r o b o V 3 ( u r d f _ c h a n g e d )             ?  
2025-07-08 10:17:35,647 INFO  CommonSwOperations.cs: 254 - Successfully loaded component D:\DA_Robot\hoc_solid\model_v5_packgo1\??????? V-slot 20x40.SLDPRT
2025-07-08 10:17:35,648 INFO  CommonSwOperations.cs: 245 - Loading component with PID hB     ???<2 0 x 2 0 _ a l u m i n u m _ e x t r u s i o n _ p r o f i l e   2 6 c m - 1 @ r o b o V 3 ( u r d f _ c h a n g e d )             ?  
2025-07-08 10:17:35,649 INFO  CommonSwOperations.cs: 254 - Successfully loaded component D:\DA_Robot\hoc_solid\model_v5_packgo1\20x20_aluminum_extrusion_profile 26cm.SLDPRT
2025-07-08 10:17:35,649 INFO  CommonSwOperations.cs: 245 - Loading component with PID hB     ???2 0 m m - 1 0 @ r o b o V 3 ( u r d f _ c h a n g e d )             ?  
2025-07-08 10:17:35,650 INFO  CommonSwOperations.cs: 254 - Successfully loaded component D:\DA_Robot\hoc_solid\model_v5_packgo1\20mm.SLDPRT
2025-07-08 10:17:35,651 INFO  CommonSwOperations.cs: 245 - Loading component with PID hB     ???&c u m _ b a n h _ x e _ l o n - 5 @ r o b o V 3 ( u r d f _ c h a n g e d )             ?  
2025-07-08 10:17:35,652 INFO  CommonSwOperations.cs: 254 - Successfully loaded component D:\DA_Robot\hoc_solid\model_v5_packgo1\cum_banh_xe_lon.SLDASM
2025-07-08 10:17:35,653 INFO  CommonSwOperations.cs: 245 - Loading component with PID hB     ??? m o t o r A x i s - 4 @ r o b o V 3 ( u r d f _ c h a n g e d )             ?  
2025-07-08 10:17:35,655 INFO  CommonSwOperations.cs: 254 - Successfully loaded component D:\DA_Robot\hoc_solid\model_v5_packgo1\motorAxis.SLDPRT
2025-07-08 10:17:35,655 INFO  CommonSwOperations.cs: 245 - Loading component with PID hB     ???2 0 m m - 1 1 @ r o b o V 3 ( u r d f _ c h a n g e d )             ?  
2025-07-08 10:17:35,911 INFO  CommonSwOperations.cs: 254 - Successfully loaded component D:\DA_Robot\hoc_solid\model_v5_packgo1\20mm.SLDPRT
2025-07-08 10:17:35,913 INFO  CommonSwOperations.cs: 245 - Loading component with PID hB     ???,c u m _ d a h u o n g _ t r u o c _ s a u - 5 @ r o b o V 3 ( u r d f _ c h a n g e d )               
2025-07-08 10:17:35,914 INFO  CommonSwOperations.cs: 254 - Successfully loaded component D:\DA_Robot\hoc_solid\model_v5_packgo1\cum_dahuong_truoc_sau.SLDASM
2025-07-08 10:17:35,915 INFO  CommonSwOperations.cs: 245 - Loading component with PID hB     ???,c u m _ d a h u o n g _ t r u o c _ s a u - 6 @ r o b o V 3 ( u r d f _ c h a n g e d )                
2025-07-08 10:17:35,916 INFO  CommonSwOperations.cs: 254 - Successfully loaded component D:\DA_Robot\hoc_solid\model_v5_packgo1\cum_dahuong_truoc_sau.SLDASM
2025-07-08 10:17:35,917 INFO  CommonSwOperations.cs: 245 - Loading component with PID hB     ???$f u l l _ c o v e r _ v 2 - 1 @ r o b o V 3 ( u r d f _ c h a n g e d )             \  
2025-07-08 10:17:35,918 INFO  CommonSwOperations.cs: 254 - Successfully loaded component D:\DA_Robot\hoc_solid\model_v5_packgo1\full_cover_v2.SLDASM
2025-07-08 10:17:35,919 INFO  CommonSwOperations.cs: 245 - Loading component with PID hB     ???)c o v e r _ j o i n t _ v 3 . 1 . 2 - 1 @ r o b o V 3 ( u r d f _ c h a n g e d )             ?  
2025-07-08 10:17:35,920 INFO  CommonSwOperations.cs: 254 - Successfully loaded component D:\DA_Robot\hoc_solid\model_v5_packgo1\cover_joint_v3.1.2.SLDPRT
2025-07-08 10:17:35,921 INFO  CommonSwOperations.cs: 245 - Loading component with PID hB     ???j 1 - 1 @ r o b o V 3 ( u r d f _ c h a n g e d )             ?  
2025-07-08 10:17:35,922 INFO  CommonSwOperations.cs: 254 - Successfully loaded component D:\DA_Robot\hoc_solid\model_v5_packgo1\j1.SLDPRT
2025-07-08 10:17:35,923 INFO  CommonSwOperations.cs: 245 - Loading component with PID hB     ???j 1 - 2 @ r o b o V 3 ( u r d f _ c h a n g e d )             ?  
2025-07-08 10:17:35,924 INFO  CommonSwOperations.cs: 254 - Successfully loaded component D:\DA_Robot\hoc_solid\model_v5_packgo1\j1.SLDPRT
2025-07-08 10:17:35,925 INFO  CommonSwOperations.cs: 245 - Loading component with PID hB     ???m a t x e o 1 - 1 @ r o b o V 3 ( u r d f _ c h a n g e d )             ?  
2025-07-08 10:17:35,926 INFO  CommonSwOperations.cs: 254 - Successfully loaded component D:\DA_Robot\hoc_solid\model_v5_packgo1\matxeo1.SLDPRT
2025-07-08 10:17:35,927 INFO  CommonSwOperations.cs: 245 - Loading component with PID hB     ???-A r c a d e   P u s h   b u t t o n   a s m - 2 @ r o b o V 3 ( u r d f _ c h a n g e d )             ?  
2025-07-08 10:17:35,929 INFO  CommonSwOperations.cs: 254 - Successfully loaded component D:\DA_Robot\hoc_solid\model_v5_packgo1\Arcade Push button asm.SLDASM
2025-07-08 10:17:35,929 INFO  CommonSwOperations.cs: 245 - Loading component with PID hB     ???:S t o p   S w i t c h   P u s h   B u t t o n   L A Y 3 7   ( P B C ) - 3 @ r o b o V 3 ( u r d f _ c h a n g e d )             ?  
2025-07-08 10:17:35,930 INFO  CommonSwOperations.cs: 254 - Successfully loaded component D:\DA_Robot\hoc_solid\model_v5_packgo1\Stop Switch Push Button LAY37 (PBC).SLDPRT
2025-07-08 10:17:35,931 INFO  CommonSwOperations.cs: 245 - Loading component with PID hB     ???,c o v e r _ u p _ v 2 _ l i n h _ m i c a - 1 @ r o b o V 3 ( u r d f _ c h a n g e d )             ?  
2025-07-08 10:17:35,933 INFO  CommonSwOperations.cs: 254 - Successfully loaded component D:\DA_Robot\hoc_solid\model_v5_packgo1\cover_up_v2_linh_mica.SLDPRT
2025-07-08 10:17:35,933 INFO  CommonSwOperations.cs: 245 - Loading component with PID hB     ???a l i b a b a - 1 @ r o b o V 3 ( u r d f _ c h a n g e d )             6  
2025-07-08 10:17:35,934 INFO  CommonSwOperations.cs: 254 - Successfully loaded component D:\DA_Robot\hoc_solid\model_v5_packgo1\cam\alibaba.SLDASM
2025-07-08 10:17:35,935 INFO  CommonSwOperations.cs: 245 - Loading component with PID hB     ???c h e - 1 @ r o b o V 3 ( u r d f _ c h a n g e d )             <  
2025-07-08 10:17:35,936 INFO  CommonSwOperations.cs: 254 - Successfully loaded component D:\DA_Robot\hoc_solid\model_v5_packgo1\che\che.SLDPRT
2025-07-08 10:17:35,936 INFO  CommonSwOperations.cs: 245 - Loading component with PID hB     ???c h e - 2 @ r o b o V 3 ( u r d f _ c h a n g e d )             P  
2025-07-08 10:17:35,937 INFO  CommonSwOperations.cs: 254 - Successfully loaded component D:\DA_Robot\hoc_solid\model_v5_packgo1\che\che.SLDPRT
2025-07-08 10:17:35,938 INFO  CommonSwOperations.cs: 245 - Loading component with PID hB     ???c h e - 3 @ r o b o V 3 ( u r d f _ c h a n g e d )             Y  
2025-07-08 10:17:35,940 INFO  CommonSwOperations.cs: 254 - Successfully loaded component D:\DA_Robot\hoc_solid\model_v5_packgo1\che\che.SLDPRT
2025-07-08 10:17:35,941 INFO  CommonSwOperations.cs: 245 - Loading component with PID hB     ???c h e - 4 @ r o b o V 3 ( u r d f _ c h a n g e d )             a  
2025-07-08 10:17:35,942 INFO  CommonSwOperations.cs: 254 - Successfully loaded component D:\DA_Robot\hoc_solid\model_v5_packgo1\che\che.SLDPRT
2025-07-08 10:17:35,943 INFO  CommonSwOperations.cs: 245 - Loading component with PID hB     ???c h e - 5 @ r o b o V 3 ( u r d f _ c h a n g e d )             i  
2025-07-08 10:17:35,944 INFO  CommonSwOperations.cs: 254 - Successfully loaded component D:\DA_Robot\hoc_solid\model_v5_packgo1\che\che.SLDPRT
2025-07-08 10:17:35,945 INFO  CommonSwOperations.cs: 245 - Loading component with PID hB     ???c h e - 6 @ r o b o V 3 ( u r d f _ c h a n g e d )             q  
2025-07-08 10:17:35,946 INFO  CommonSwOperations.cs: 254 - Successfully loaded component D:\DA_Robot\hoc_solid\model_v5_packgo1\che\che.SLDPRT
2025-07-08 10:17:35,947 INFO  CommonSwOperations.cs: 245 - Loading component with PID hB     ???%g a _ m i n i p c _ c o m p - 1 @ r o b o V 3 ( u r d f _ c h a n g e d )             ?  
2025-07-08 10:17:35,948 INFO  CommonSwOperations.cs: 254 - Successfully loaded component D:\DA_Robot\hoc_solid\model_v5_packgo1\robotv2\2nd_floor_v2\ga_minipc_comp.SLDASM
2025-07-08 10:17:35,948 INFO  CommonSwOperations.cs: 245 - Loading component with PID hB     ???#g a _ m i n i p c _ v 2 - 2 @ r o b o V 3 ( u r d f _ c h a n g e d )             ?  
2025-07-08 10:17:35,949 INFO  CommonSwOperations.cs: 254 - Successfully loaded component D:\DA_Robot\hoc_solid\model_v5_packgo1\robotv2\2nd_floor_v2\ga_minipc_v2.SLDASM
2025-07-08 10:17:35,950 INFO  CommonSwOperations.cs: 245 - Loading component with PID hB     ???#g a _ m i n i p c _ v 2 - 1 @ r o b o V 3 ( u r d f _ c h a n g e d )             ?  
2025-07-08 10:17:35,951 INFO  CommonSwOperations.cs: 254 - Successfully loaded component D:\DA_Robot\hoc_solid\model_v5_packgo1\robotv2\2nd_floor_v2\ga_minipc_v2.SLDASM
2025-07-08 10:17:35,952 INFO  CommonSwOperations.cs: 245 - Loading component with PID hB     ???h o p _ p i n - 1 @ r o b o V 3 ( u r d f _ c h a n g e d )             ?  
2025-07-08 10:17:35,953 INFO  CommonSwOperations.cs: 254 - Successfully loaded component D:\DA_Robot\hoc_solid\model_v5_packgo1\robotv2\hop_pin\hop_pin.SLDPRT
2025-07-08 10:17:35,953 INFO  CommonSwOperations.cs: 245 - Loading component with PID hB     ???n a n g _ c a m - 1 @ r o b o V 3 ( u r d f _ c h a n g e d )             ?  
2025-07-08 10:17:35,954 INFO  CommonSwOperations.cs: 254 - Successfully loaded component D:\DA_Robot\hoc_solid\model_v5_packgo1\robotv2\nang_cam.SLDPRT
2025-07-08 10:17:35,955 INFO  CommonSwOperations.cs: 245 - Loading component with PID hB     ???5g a _ c o m - 1 @ r o b o V 3 ( u r d f _ c h a n g e d ) / 2 0 x 2 0 _ a l u _ d o c 1 - 2 @ g a _ c o m             	     
2025-07-08 10:17:35,956 INFO  CommonSwOperations.cs: 254 - Successfully loaded component D:\DA_Robot\hoc_solid\model_v5_packgo1\robotv2\ga_tablet\20x20_alu_doc1.SLDPRT
2025-07-08 10:17:35,956 INFO  CommonSwOperations.cs: 245 - Loading component with PID hB     ???5g a _ c o m - 1 @ r o b o V 3 ( u r d f _ c h a n g e d ) / 2 0 x 2 0 _ a l u _ d o c 1 - 1 @ g a _ c o m             	     
2025-07-08 10:17:35,957 INFO  CommonSwOperations.cs: 254 - Successfully loaded component D:\DA_Robot\hoc_solid\model_v5_packgo1\robotv2\ga_tablet\20x20_alu_doc1.SLDPRT
2025-07-08 10:17:35,958 INFO  CommonSwOperations.cs: 245 - Loading component with PID hB     ???7g a _ c o m - 1 @ r o b o V 3 ( u r d f _ c h a n g e d ) / 2 0 x 2 0 _ a l u _ n g a n g 1 - 1 @ g a _ c o m             	     
2025-07-08 10:17:35,959 INFO  CommonSwOperations.cs: 254 - Successfully loaded component D:\DA_Robot\hoc_solid\model_v5_packgo1\robotv2\ga_tablet\20x20_alu_ngang1.SLDPRT
2025-07-08 10:17:35,959 INFO  CommonSwOperations.cs: 245 - Loading component with PID hB     ???h o p _ n a n o - 1 @ r o b o V 3 ( u r d f _ c h a n g e d )             4	  
2025-07-08 10:17:35,960 INFO  CommonSwOperations.cs: 254 - Successfully loaded component D:\DA_Robot\hoc_solid\model_v5_packgo1\robotv2\hop_nano.SLDPRT
2025-07-08 10:17:35,961 INFO  CommonSwOperations.cs: 245 - Loading component with PID hB     ???!k e g o c _ t a b 1 - 1 @ r o b o V 3 ( u r d f _ c h a n g e d )             n	  
2025-07-08 10:17:35,962 INFO  CommonSwOperations.cs: 254 - Successfully loaded component D:\DA_Robot\hoc_solid\model_v5_packgo1\tablet_new\kegoc_tab1.SLDPRT
2025-07-08 10:17:35,962 INFO  CommonSwOperations.cs: 245 - Loading component with PID hB     ???!k e g o c _ t a b 2 - 1 @ r o b o V 3 ( u r d f _ c h a n g e d )             o	  
2025-07-08 10:17:35,963 INFO  CommonSwOperations.cs: 254 - Successfully loaded component D:\DA_Robot\hoc_solid\model_v5_packgo1\tablet_new\kegoc_tab2.SLDPRT
2025-07-08 10:17:35,964 INFO  CommonSwOperations.cs: 245 - Loading component with PID hB     ???t r o d o n g - 1 @ r o b o V 3 ( u r d f _ c h a n g e d )             x	  
2025-07-08 10:17:35,964 INFO  CommonSwOperations.cs: 254 - Successfully loaded component D:\DA_Robot\hoc_solid\model_v5_packgo1\robotv2\trodong.SLDPRT
2025-07-08 10:17:35,965 INFO  CommonSwOperations.cs: 230 - Loaded 54 components for link base_link
2025-07-08 10:17:35,965 INFO  CommonSwOperations.cs: 221 - Loading SolidWorks components for lidar_link from D:\DA_Robot\hoc_solid\model_v5_packgo1\robotv2\roboV3(urdf_changed).SLDASM
2025-07-08 10:17:35,966 INFO  CommonSwOperations.cs: 245 - Loading component with PID hB     ???X 3 _ L i d a r - 1 @ r o b o V 3 ( u r d f _ c h a n g e d )             ?  
2025-07-08 10:17:35,967 INFO  CommonSwOperations.cs: 254 - Successfully loaded component D:\DA_Robot\hoc_solid\model_v5_packgo1\X3_Lidar.SLDPRT
2025-07-08 10:17:35,967 INFO  CommonSwOperations.cs: 230 - Loaded 1 components for link lidar_link
2025-07-08 10:17:35,968 INFO  CommonSwOperations.cs: 221 - Loading SolidWorks components for imu_link from D:\DA_Robot\hoc_solid\model_v5_packgo1\robotv2\roboV3(urdf_changed).SLDASM
2025-07-08 10:17:35,969 INFO  CommonSwOperations.cs: 245 - Loading component with PID hB     ???i m u _ 4 0 d o - 1 @ r o b o V 3 ( u r d f _ c h a n g e d )             w	  
2025-07-08 10:17:35,971 INFO  CommonSwOperations.cs: 254 - Successfully loaded component D:\DA_Robot\hoc_solid\model_v5_packgo1\robotv2\imu_40do.SLDPRT
2025-07-08 10:17:35,971 INFO  CommonSwOperations.cs: 230 - Loaded 1 components for link imu_link
2025-07-08 10:17:35,972 INFO  CommonSwOperations.cs: 221 - Loading SolidWorks components for right_wheel_link from D:\DA_Robot\hoc_solid\model_v5_packgo1\robotv2\roboV3(urdf_changed).SLDASM
2025-07-08 10:17:35,972 INFO  CommonSwOperations.cs: 245 - Loading component with PID hB     ??? m o t o r e d i t - 4 @ r o b o V 3 ( u r d f _ c h a n g e d )             ?  
2025-07-08 10:17:35,973 INFO  CommonSwOperations.cs: 254 - Successfully loaded component D:\DA_Robot\hoc_solid\model_v5_packgo1\motoredit.SLDPRT
2025-07-08 10:17:35,974 INFO  CommonSwOperations.cs: 230 - Loaded 1 components for link right_wheel_link
2025-07-08 10:17:35,975 INFO  CommonSwOperations.cs: 221 - Loading SolidWorks components for left_wheel_link from D:\DA_Robot\hoc_solid\model_v5_packgo1\robotv2\roboV3(urdf_changed).SLDASM
2025-07-08 10:17:35,975 INFO  CommonSwOperations.cs: 245 - Loading component with PID hB     ??? m o t o r e d i t - 3 @ r o b o V 3 ( u r d f _ c h a n g e d )             ?  
2025-07-08 10:17:35,976 INFO  CommonSwOperations.cs: 254 - Successfully loaded component D:\DA_Robot\hoc_solid\model_v5_packgo1\motoredit.SLDPRT
2025-07-08 10:17:35,977 INFO  CommonSwOperations.cs: 230 - Loaded 1 components for link left_wheel_link
2025-07-08 10:17:35,977 INFO  CommonSwOperations.cs: 221 - Loading SolidWorks components for camera_link from D:\DA_Robot\hoc_solid\model_v5_packgo1\robotv2\roboV3(urdf_changed).SLDASM
2025-07-08 10:17:35,978 INFO  CommonSwOperations.cs: 245 - Loading component with PID hB     ???#f i n a l   k i n e c t - 1 @ r o b o V 3 ( u r d f _ c h a n g e d )             ?  
2025-07-08 10:17:35,979 INFO  CommonSwOperations.cs: 254 - Successfully loaded component D:\DA_Robot\hoc_solid\model_v5_packgo1\lib\final kinect.SLDASM
2025-07-08 10:17:35,979 INFO  CommonSwOperations.cs: 230 - Loaded 1 components for link camera_link
2025-07-08 10:17:37,214 INFO  SwAddin.cs: 344 - Showing property manager
2025-07-08 10:17:45,217 INFO  ExportPropertyManager.cs: 422 - Configuration saved
2025-07-08 10:17:45,225 INFO  ConfigurationSerialization.cs: 276 - URDF Configuration found
<Link z:Id="i1" xmlns="http://schemas.datacontract.org/2004/07/SW2URDF" xmlns:i="http://www.w3.org/2001/XMLSchema-instance" xmlns:z="http://schemas.microsoft.com/2003/10/Serialization/"><Attributes><Attribute z:Id="i2"><AttributeType>name</AttributeType><IsRequired>true</IsRequired><Value i:type="a:string" xmlns:a="http://www.w3.org/2001/XMLSchema">base_link</Value></Attribute></Attributes><ChildElements><URDFElement z:Id="i3" i:type="Inertial"><Attributes/><ChildElements><URDFElement z:Id="i4" i:type="Origin"><Attributes><Attribute z:Id="i5"><AttributeType>xyz</AttributeType><IsRequired>true</IsRequired><Value i:type="a:ArrayOfdouble" xmlns:a="http://schemas.microsoft.com/2003/10/Serialization/Arrays"><a:double>0.028369667828340384</a:double><a:double>-0.0053387669522434456</a:double><a:double>0.070976161328202669</a:double></Value></Attribute><Attribute z:Id="i6"><AttributeType>rpy</AttributeType><IsRequired>true</IsRequired><Value i:type="a:ArrayOfdouble" xmlns:a="http://schemas.microsoft.com/2003/10/Serialization/Arrays"><a:double>0</a:double><a:double>0</a:double><a:double>0</a:double></Value></Attribute></Attributes><ChildElements/><ElementName>origin</ElementName><required>false</required><RPYAttribute z:Ref="i6"/><XYZAttribute z:Ref="i5"/><isCustomized>false</isCustomized></URDFElement><URDFElement z:Id="i7" i:type="Mass"><Attributes><Attribute z:Id="i8"><AttributeType>value</AttributeType><IsRequired>true</IsRequired><Value i:type="a:double" xmlns:a="http://www.w3.org/2001/XMLSchema">9.3961906865866069</Value></Attribute></Attributes><ChildElements/><ElementName>mass</ElementName><required>false</required><ValueAttribute z:Ref="i8"/></URDFElement><URDFElement z:Id="i9" i:type="Inertia"><Attributes><Attribute z:Id="i10"><AttributeType>ixx</AttributeType><IsRequired>true</IsRequired><Value i:type="a:double" xmlns:a="http://www.w3.org/2001/XMLSchema">0.037750785721450249</Value></Attribute><Attribute z:Id="i11"><AttributeType>ixy</AttributeType><IsRequired>true</IsRequired><Value i:type="a:double" xmlns:a="http://www.w3.org/2001/XMLSchema">-0.00025260952951413994</Value></Attribute><Attribute z:Id="i12"><AttributeType>ixz</AttributeType><IsRequired>true</IsRequired><Value i:type="a:double" xmlns:a="http://www.w3.org/2001/XMLSchema">0.0004724451250570649</Value></Attribute><Attribute z:Id="i13"><AttributeType>iyy</AttributeType><IsRequired>true</IsRequired><Value i:type="a:double" xmlns:a="http://www.w3.org/2001/XMLSchema">0.059669282857082583</Value></Attribute><Attribute z:Id="i14"><AttributeType>iyz</AttributeType><IsRequired>true</IsRequired><Value i:type="a:double" xmlns:a="http://www.w3.org/2001/XMLSchema">-6.2380513801139647E-07</Value></Attribute><Attribute z:Id="i15"><AttributeType>izz</AttributeType><IsRequired>true</IsRequired><Value i:type="a:double" xmlns:a="http://www.w3.org/2001/XMLSchema">0.074553113262024712</Value></Attribute></Attributes><ChildElements/><ElementName>inertia</ElementName><required>false</required><IxxAttribute z:Ref="i10"/><IxyAttribute z:Ref="i11"/><IxzAttribute z:Ref="i12"/><IyyAttribute z:Ref="i13"/><IyzAttribute z:Ref="i14"/><IzzAttribute z:Ref="i15"/></URDFElement></ChildElements><ElementName>inertial</ElementName><required>false</required><Inertia z:Ref="i9"/><Mass z:Ref="i7"/><Origin z:Ref="i4"/></URDFElement><URDFElement z:Id="i16" i:type="Visual"><Attributes/><ChildElements><URDFElement z:Id="i17" i:type="Origin"><Attributes><Attribute z:Id="i18"><AttributeType>xyz</AttributeType><IsRequired>true</IsRequired><Value i:type="a:ArrayOfdouble" xmlns:a="http://schemas.microsoft.com/2003/10/Serialization/Arrays"><a:double>0</a:double><a:double>0</a:double><a:double>0</a:double></Value></Attribute><Attribute z:Id="i19"><AttributeType>rpy</AttributeType><IsRequired>true</IsRequired><Value i:type="a:ArrayOfdouble" xmlns:a="http://schemas.microsoft.com/2003/10/Serialization/Arrays"><a:double>0</a:double><a:double>0</a:double><a:double>0</a:double></Value></Attribute></Attributes><ChildElements/><ElementName>origin</ElementName><required>false</required><RPYAttribute z:Ref="i19"/><XYZAttribute z:Ref="i18"/><isCustomized>false</isCustomized></URDFElement><URDFElement z:Id="i20" i:type="Geometry"><Attributes/><ChildElements><URDFElement z:Id="i21" i:type="Mesh"><Attributes><Attribute z:Id="i22"><AttributeType>filename</AttributeType><IsRequired>true</IsRequired><Value i:nil="true"/></Attribute></Attributes><ChildElements/><ElementName>mesh</ElementName><required>false</required><FilenameAttribute z:Ref="i22"/></URDFElement></ChildElements><ElementName>geometry</ElementName><required>true</required><Mesh z:Ref="i21"/></URDFElement><URDFElement z:Id="i23" i:type="Material"><Attributes><Attribute z:Id="i24"><AttributeType>name</AttributeType><IsRequired>true</IsRequired><Value i:type="a:string" xmlns:a="http://www.w3.org/2001/XMLSchema"/></Attribute></Attributes><ChildElements><URDFElement z:Id="i25" i:type="Color"><Attributes><Attribute z:Id="i26"><AttributeType>rgba</AttributeType><IsRequired>true</IsRequired><Value i:type="a:ArrayOfdouble" xmlns:a="http://schemas.microsoft.com/2003/10/Serialization/Arrays"><a:double>0.75294117647058822</a:double><a:double>0.75294117647058822</a:double><a:double>0.75294117647058822</a:double><a:double>1</a:double></Value></Attribute></Attributes><ChildElements/><ElementName>color</ElementName><required>false</required><RGBAAttribute z:Ref="i26"/></URDFElement><URDFElement z:Id="i27" i:type="Texture"><Attributes><Attribute z:Id="i28"><AttributeType>filename</AttributeType><IsRequired>true</IsRequired><Value i:nil="true"/></Attribute></Attributes><ChildElements/><ElementName>texture</ElementName><required>false</required><FilenameAttribute z:Ref="i28"/><wFilename/></URDFElement></ChildElements><ElementName>material</ElementName><required>false</required><Color z:Ref="i25"/><NameAttribute z:Ref="i24"/><Texture z:Ref="i27"/></URDFElement></ChildElements><ElementName>visual</ElementName><required>false</required><Geometry z:Ref="i20"/><Material z:Ref="i23"/><Origin z:Ref="i17"/></URDFElement><URDFElement z:Id="i29" i:type="Collision"><Attributes/><ChildElements><URDFElement z:Id="i30" i:type="Origin"><Attributes><Attribute z:Id="i31"><AttributeType>xyz</AttributeType><IsRequired>true</IsRequired><Value i:type="a:ArrayOfdouble" xmlns:a="http://schemas.microsoft.com/2003/10/Serialization/Arrays"><a:double>0</a:double><a:double>0</a:double><a:double>0</a:double></Value></Attribute><Attribute z:Id="i32"><AttributeType>rpy</AttributeType><IsRequired>true</IsRequired><Value i:type="a:ArrayOfdouble" xmlns:a="http://schemas.microsoft.com/2003/10/Serialization/Arrays"><a:double>0</a:double><a:double>0</a:double><a:double>0</a:double></Value></Attribute></Attributes><ChildElements/><ElementName>origin</ElementName><required>false</required><RPYAttribute z:Ref="i32"/><XYZAttribute z:Ref="i31"/><isCustomized>false</isCustomized></URDFElement><URDFElement z:Id="i33" i:type="Geometry"><Attributes/><ChildElements><URDFElement z:Id="i34" i:type="Mesh"><Attributes><Attribute z:Id="i35"><AttributeType>filename</AttributeType><IsRequired>true</IsRequired><Value i:nil="true"/></Attribute></Attributes><ChildElements/><ElementName>mesh</ElementName><required>false</required><FilenameAttribute z:Ref="i35"/></URDFElement></ChildElements><ElementName>geometry</ElementName><required>true</required><Mesh z:Ref="i34"/></URDFElement></ChildElements><ElementName>collision</ElementName><required>false</required><Geometry z:Ref="i33"/><Origin z:Ref="i30"/></URDFElement><URDFElement z:Id="i36" i:type="Joint"><Attributes><Attribute z:Id="i37"><AttributeType>name</AttributeType><IsRequired>true</IsRequired><Value i:type="a:string" xmlns:a="http://www.w3.org/2001/XMLSchema"/></Attribute><Attribute z:Id="i38"><AttributeType>type</AttributeType><IsRequired>true</IsRequired><Value i:type="a:string" xmlns:a="http://www.w3.org/2001/XMLSchema"/></Attribute></Attributes><ChildElements><URDFElement z:Id="i39" i:type="Origin"><Attributes><Attribute z:Id="i40"><AttributeType>xyz</AttributeType><IsRequired>true</IsRequired><Value i:type="a:ArrayOfdouble" xmlns:a="http://schemas.microsoft.com/2003/10/Serialization/Arrays"><a:double>0</a:double><a:double>0</a:double><a:double>0</a:double></Value></Attribute><Attribute z:Id="i41"><AttributeType>rpy</AttributeType><IsRequired>true</IsRequired><Value i:type="a:ArrayOfdouble" xmlns:a="http://schemas.microsoft.com/2003/10/Serialization/Arrays"><a:double>0</a:double><a:double>0</a:double><a:double>0</a:double></Value></Attribute></Attributes><ChildElements/><ElementName>origin</ElementName><required>false</required><RPYAttribute z:Ref="i41"/><XYZAttribute z:Ref="i40"/><isCustomized>false</isCustomized></URDFElement><URDFElement z:Id="i42" i:type="ParentLink"><Attributes><Attribute z:Id="i43"><AttributeType>link</AttributeType><IsRequired>true</IsRequired><Value i:type="a:string" xmlns:a="http://www.w3.org/2001/XMLSchema"/></Attribute></Attributes><ChildElements/><ElementName>parent</ElementName><required>true</required><NameAttribute z:Ref="i43"/></URDFElement><URDFElement z:Id="i44" i:type="ChildLink"><Attributes><Attribute z:Id="i45"><AttributeType>link</AttributeType><IsRequired>true</IsRequired><Value i:type="a:string" xmlns:a="http://www.w3.org/2001/XMLSchema"/></Attribute></Attributes><ChildElements/><ElementName>child</ElementName><required>true</required><NameAttribute z:Ref="i45"/></URDFElement><URDFElement z:Id="i46" i:type="Axis"><Attributes><Attribute z:Id="i47"><AttributeType>xyz</AttributeType><IsRequired>true</IsRequired><Value i:type="a:ArrayOfdouble" xmlns:a="http://schemas.microsoft.com/2003/10/Serialization/Arrays"><a:double>0</a:double><a:double>0</a:double><a:double>0</a:double></Value></Attribute></Attributes><ChildElements/><ElementName>axis</ElementName><required>false</required><XYZAttribute z:Ref="i47"/></URDFElement><URDFElement z:Id="i48" i:type="Limit"><Attributes><Attribute z:Id="i49"><AttributeType>lower</AttributeType><IsRequired>false</IsRequired><Value i:nil="true"/></Attribute><Attribute z:Id="i50"><AttributeType>upper</AttributeType><IsRequired>false</IsRequired><Value i:nil="true"/></Attribute><Attribute z:Id="i51"><AttributeType>effort</AttributeType><IsRequired>true</IsRequired><Value i:nil="true"/></Attribute><Attribute z:Id="i52"><AttributeType>velocity</AttributeType><IsRequired>true</IsRequired><Value i:nil="true"/></Attribute></Attributes><ChildElements/><ElementName>limit</ElementName><required>false</required><EffortAttribute z:Ref="i51"/><LowerAttribute z:Ref="i49"/><UpperAttribute z:Ref="i50"/><VelocityAttribute z:Ref="i52"/></URDFElement><URDFElement z:Id="i53" i:type="Calibration"><Attributes><Attribute z:Id="i54"><AttributeType>rising</AttributeType><IsRequired>false</IsRequired><Value i:nil="true"/></Attribute><Attribute z:Id="i55"><AttributeType>falling</AttributeType><IsRequired>false</IsRequired><Value i:nil="true"/></Attribute></Attributes><ChildElements/><ElementName>calibration</ElementName><required>false</required><FallingAttribute z:Ref="i55"/><RisingAttribute z:Ref="i54"/></URDFElement><URDFElement z:Id="i56" i:type="Dynamics"><Attributes><Attribute z:Id="i57"><AttributeType>damping</AttributeType><IsRequired>false</IsRequired><Value i:nil="true"/></Attribute><Attribute z:Id="i58"><AttributeType>friction</AttributeType><IsRequired>false</IsRequired><Value i:nil="true"/></Attribute></Attributes><ChildElements/><ElementName>dynamics</ElementName><required>false</required><DampingAttribute z:Ref="i57"/><FrictionAttribute z:Ref="i58"/></URDFElement><URDFElement z:Id="i59" i:type="SafetyController"><Attributes><Attribute z:Id="i60"><AttributeType>soft_upper_limit</AttributeType><IsRequired>false</IsRequired><Value i:nil="true"/></Attribute><Attribute z:Id="i61"><AttributeType>soft_lower_limit</AttributeType><IsRequired>false</IsRequired><Value i:nil="true"/></Attribute><Attribute z:Id="i62"><AttributeType>k_position</AttributeType><IsRequired>false</IsRequired><Value i:nil="true"/></Attribute><Attribute z:Id="i63"><AttributeType>k_velocity</AttributeType><IsRequired>true</IsRequired><Value i:nil="true"/></Attribute></Attributes><ChildElements/><ElementName>safety_controller</ElementName><required>false</required><KPositionAttribute z:Ref="i62"/><KVelocityAttribute z:Ref="i63"/><SoftLowerAttribute z:Ref="i61"/><SoftUpperAttribute z:Ref="i60"/></URDFElement><URDFElement z:Id="i64" i:type="Mimic"><Attributes><Attribute z:Id="i65"><AttributeType>joint</AttributeType><IsRequired>true</IsRequired><Value i:nil="true"/></Attribute><Attribute z:Id="i66"><AttributeType>multiplier</AttributeType><IsRequired>false</IsRequired><Value i:nil="true"/></Attribute><Attribute z:Id="i67"><AttributeType>offset</AttributeType><IsRequired>false</IsRequired><Value i:nil="true"/></Attribute></Attributes><ChildElements/><ElementName>mimic</ElementName><required>false</required><JointNameAttribute z:Ref="i65"/><MultiplierAttribute z:Ref="i66"/><OffsetAttribute z:Ref="i67"/></URDFElement></ChildElements><ElementName>joint</ElementName><required>false</required><Axis z:Ref="i46"/><AxisName/><Calibration z:Ref="i53"/><Child z:Ref="i44"/><CoordinateSystemName>Coordinate System1</CoordinateSystemName><Dynamics z:Ref="i56"/><Limit z:Ref="i48"/><Mimic z:Ref="i64"/><NameAttribute z:Ref="i37"/><Origin z:Ref="i39"/><Parent z:Ref="i42"/><Safety z:Ref="i59"/><TypeAttribute z:Ref="i38"/></URDFElement></ChildElements><ElementName>link</ElementName><required>true</required><Children><Link z:Id="i68"><Attributes><Attribute z:Id="i69"><AttributeType>name</AttributeType><IsRequired>true</IsRequired><Value i:type="a:string" xmlns:a="http://www.w3.org/2001/XMLSchema">lidar_link</Value></Attribute></Attributes><ChildElements><URDFElement z:Id="i70" i:type="Inertial"><Attributes/><ChildElements><URDFElement z:Id="i71" i:type="Origin"><Attributes><Attribute z:Id="i72"><AttributeType>xyz</AttributeType><IsRequired>true</IsRequired><Value i:type="a:ArrayOfdouble" xmlns:a="http://schemas.microsoft.com/2003/10/Serialization/Arrays"><a:double>0.014838317136635526</a:double><a:double>0.00044768343093826157</a:double><a:double>-0.021153620820684838</a:double></Value></Attribute><Attribute z:Id="i73"><AttributeType>rpy</AttributeType><IsRequired>true</IsRequired><Value i:type="a:ArrayOfdouble" xmlns:a="http://schemas.microsoft.com/2003/10/Serialization/Arrays"><a:double>0</a:double><a:double>0</a:double><a:double>0</a:double></Value></Attribute></Attributes><ChildElements/><ElementName>origin</ElementName><required>false</required><RPYAttribute z:Ref="i73"/><XYZAttribute z:Ref="i72"/><isCustomized>false</isCustomized></URDFElement><URDFElement z:Id="i74" i:type="Mass"><Attributes><Attribute z:Id="i75"><AttributeType>value</AttributeType><IsRequired>true</IsRequired><Value i:type="a:double" xmlns:a="http://www.w3.org/2001/XMLSchema">0.031240912740647685</Value></Attribute></Attributes><ChildElements/><ElementName>mass</ElementName><required>false</required><ValueAttribute z:Ref="i75"/></URDFElement><URDFElement z:Id="i76" i:type="Inertia"><Attributes><Attribute z:Id="i77"><AttributeType>ixx</AttributeType><IsRequired>true</IsRequired><Value i:type="a:double" xmlns:a="http://www.w3.org/2001/XMLSchema">8.8802637081098885E-06</Value></Attribute><Attribute z:Id="i78"><AttributeType>ixy</AttributeType><IsRequired>true</IsRequired><Value i:type="a:double" xmlns:a="http://www.w3.org/2001/XMLSchema">-1.776644943302935E-07</Value></Attribute><Attribute z:Id="i79"><AttributeType>ixz</AttributeType><IsRequired>true</IsRequired><Value i:type="a:double" xmlns:a="http://www.w3.org/2001/XMLSchema">1.1302767991707971E-07</Value></Attribute><Attribute z:Id="i80"><AttributeType>iyy</AttributeType><IsRequired>true</IsRequired><Value i:type="a:double" xmlns:a="http://www.w3.org/2001/XMLSchema">1.4491001820543361E-05</Value></Attribute><Attribute z:Id="i81"><AttributeType>iyz</AttributeType><IsRequired>true</IsRequired><Value i:type="a:double" xmlns:a="http://www.w3.org/2001/XMLSchema">3.4607611499614985E-08</Value></Attribute><Attribute z:Id="i82"><AttributeType>izz</AttributeType><IsRequired>true</IsRequired><Value i:type="a:double" xmlns:a="http://www.w3.org/2001/XMLSchema">2.2528909952026854E-05</Value></Attribute></Attributes><ChildElements/><ElementName>inertia</ElementName><required>false</required><IxxAttribute z:Ref="i77"/><IxyAttribute z:Ref="i78"/><IxzAttribute z:Ref="i79"/><IyyAttribute z:Ref="i80"/><IyzAttribute z:Ref="i81"/><IzzAttribute z:Ref="i82"/></URDFElement></ChildElements><ElementName>inertial</ElementName><required>false</required><Inertia z:Ref="i76"/><Mass z:Ref="i74"/><Origin z:Ref="i71"/></URDFElement><URDFElement z:Id="i83" i:type="Visual"><Attributes/><ChildElements><URDFElement z:Id="i84" i:type="Origin"><Attributes><Attribute z:Id="i85"><AttributeType>xyz</AttributeType><IsRequired>true</IsRequired><Value i:type="a:ArrayOfdouble" xmlns:a="http://schemas.microsoft.com/2003/10/Serialization/Arrays"><a:double>0</a:double><a:double>0</a:double><a:double>0</a:double></Value></Attribute><Attribute z:Id="i86"><AttributeType>rpy</AttributeType><IsRequired>true</IsRequired><Value i:type="a:ArrayOfdouble" xmlns:a="http://schemas.microsoft.com/2003/10/Serialization/Arrays"><a:double>0</a:double><a:double>0</a:double><a:double>0</a:double></Value></Attribute></Attributes><ChildElements/><ElementName>origin</ElementName><required>false</required><RPYAttribute z:Ref="i86"/><XYZAttribute z:Ref="i85"/><isCustomized>false</isCustomized></URDFElement><URDFElement z:Id="i87" i:type="Geometry"><Attributes/><ChildElements><URDFElement z:Id="i88" i:type="Mesh"><Attributes><Attribute z:Id="i89"><AttributeType>filename</AttributeType><IsRequired>true</IsRequired><Value i:nil="true"/></Attribute></Attributes><ChildElements/><ElementName>mesh</ElementName><required>false</required><FilenameAttribute z:Ref="i89"/></URDFElement></ChildElements><ElementName>geometry</ElementName><required>true</required><Mesh z:Ref="i88"/></URDFElement><URDFElement z:Id="i90" i:type="Material"><Attributes><Attribute z:Id="i91"><AttributeType>name</AttributeType><IsRequired>true</IsRequired><Value i:type="a:string" xmlns:a="http://www.w3.org/2001/XMLSchema"/></Attribute></Attributes><ChildElements><URDFElement z:Id="i92" i:type="Color"><Attributes><Attribute z:Id="i93"><AttributeType>rgba</AttributeType><IsRequired>true</IsRequired><Value i:type="a:ArrayOfdouble" xmlns:a="http://schemas.microsoft.com/2003/10/Serialization/Arrays"><a:double>0.792156862745098</a:double><a:double>0.81960784313725488</a:double><a:double>0.93333333333333335</a:double><a:double>1</a:double></Value></Attribute></Attributes><ChildElements/><ElementName>color</ElementName><required>false</required><RGBAAttribute z:Ref="i93"/></URDFElement><URDFElement z:Id="i94" i:type="Texture"><Attributes><Attribute z:Id="i95"><AttributeType>filename</AttributeType><IsRequired>true</IsRequired><Value i:nil="true"/></Attribute></Attributes><ChildElements/><ElementName>texture</ElementName><required>false</required><FilenameAttribute z:Ref="i95"/><wFilename/></URDFElement></ChildElements><ElementName>material</ElementName><required>false</required><Color z:Ref="i92"/><NameAttribute z:Ref="i91"/><Texture z:Ref="i94"/></URDFElement></ChildElements><ElementName>visual</ElementName><required>false</required><Geometry z:Ref="i87"/><Material z:Ref="i90"/><Origin z:Ref="i84"/></URDFElement><URDFElement z:Id="i96" i:type="Collision"><Attributes/><ChildElements><URDFElement z:Id="i97" i:type="Origin"><Attributes><Attribute z:Id="i98"><AttributeType>xyz</AttributeType><IsRequired>true</IsRequired><Value i:type="a:ArrayOfdouble" xmlns:a="http://schemas.microsoft.com/2003/10/Serialization/Arrays"><a:double>0</a:double><a:double>0</a:double><a:double>0</a:double></Value></Attribute><Attribute z:Id="i99"><AttributeType>rpy</AttributeType><IsRequired>true</IsRequired><Value i:type="a:ArrayOfdouble" xmlns:a="http://schemas.microsoft.com/2003/10/Serialization/Arrays"><a:double>0</a:double><a:double>0</a:double><a:double>0</a:double></Value></Attribute></Attributes><ChildElements/><ElementName>origin</ElementName><required>false</required><RPYAttribute z:Ref="i99"/><XYZAttribute z:Ref="i98"/><isCustomized>false</isCustomized></URDFElement><URDFElement z:Id="i100" i:type="Geometry"><Attributes/><ChildElements><URDFElement z:Id="i101" i:type="Mesh"><Attributes><Attribute z:Id="i102"><AttributeType>filename</AttributeType><IsRequired>true</IsRequired><Value i:nil="true"/></Attribute></Attributes><ChildElements/><ElementName>mesh</ElementName><required>false</required><FilenameAttribute z:Ref="i102"/></URDFElement></ChildElements><ElementName>geometry</ElementName><required>true</required><Mesh z:Ref="i101"/></URDFElement></ChildElements><ElementName>collision</ElementName><required>false</required><Geometry z:Ref="i100"/><Origin z:Ref="i97"/></URDFElement><URDFElement z:Id="i103" i:type="Joint"><Attributes><Attribute z:Id="i104"><AttributeType>name</AttributeType><IsRequired>true</IsRequired><Value i:type="a:string" xmlns:a="http://www.w3.org/2001/XMLSchema">lidar</Value></Attribute><Attribute z:Id="i105"><AttributeType>type</AttributeType><IsRequired>true</IsRequired><Value i:type="a:string" xmlns:a="http://www.w3.org/2001/XMLSchema">fixed</Value></Attribute></Attributes><ChildElements><URDFElement z:Id="i106" i:type="Origin"><Attributes><Attribute z:Id="i107"><AttributeType>xyz</AttributeType><IsRequired>true</IsRequired><Value i:type="a:ArrayOfdouble" xmlns:a="http://schemas.microsoft.com/2003/10/Serialization/Arrays"><a:double>0.15566672564358219</a:double><a:double>0.0011277706563345147</a:double><a:double>0.14609999999809897</a:double></Value></Attribute><Attribute z:Id="i108"><AttributeType>rpy</AttributeType><IsRequired>true</IsRequired><Value i:type="a:ArrayOfdouble" xmlns:a="http://schemas.microsoft.com/2003/10/Serialization/Arrays"><a:double>0</a:double><a:double>0</a:double><a:double>0</a:double></Value></Attribute></Attributes><ChildElements/><ElementName>origin</ElementName><required>false</required><RPYAttribute z:Ref="i108"/><XYZAttribute z:Ref="i107"/><isCustomized>false</isCustomized></URDFElement><URDFElement z:Id="i109" i:type="ParentLink"><Attributes><Attribute z:Id="i110"><AttributeType>link</AttributeType><IsRequired>true</IsRequired><Value i:type="a:string" xmlns:a="http://www.w3.org/2001/XMLSchema">base_link</Value></Attribute></Attributes><ChildElements/><ElementName>parent</ElementName><required>true</required><NameAttribute z:Ref="i110"/></URDFElement><URDFElement z:Id="i111" i:type="ChildLink"><Attributes><Attribute z:Id="i112"><AttributeType>link</AttributeType><IsRequired>true</IsRequired><Value i:type="a:string" xmlns:a="http://www.w3.org/2001/XMLSchema">lidar_link</Value></Attribute></Attributes><ChildElements/><ElementName>child</ElementName><required>true</required><NameAttribute z:Ref="i112"/></URDFElement><URDFElement z:Id="i113" i:type="Axis"><Attributes><Attribute z:Id="i114"><AttributeType>xyz</AttributeType><IsRequired>true</IsRequired><Value i:type="a:ArrayOfdouble" xmlns:a="http://schemas.microsoft.com/2003/10/Serialization/Arrays"><a:double>0</a:double><a:double>0</a:double><a:double>0</a:double></Value></Attribute></Attributes><ChildElements/><ElementName>axis</ElementName><required>false</required><XYZAttribute z:Ref="i114"/></URDFElement><URDFElement z:Id="i115" i:type="Limit"><Attributes><Attribute z:Id="i116"><AttributeType>lower</AttributeType><IsRequired>false</IsRequired><Value i:nil="true"/></Attribute><Attribute z:Id="i117"><AttributeType>upper</AttributeType><IsRequired>false</IsRequired><Value i:nil="true"/></Attribute><Attribute z:Id="i118"><AttributeType>effort</AttributeType><IsRequired>true</IsRequired><Value i:nil="true"/></Attribute><Attribute z:Id="i119"><AttributeType>velocity</AttributeType><IsRequired>true</IsRequired><Value i:nil="true"/></Attribute></Attributes><ChildElements/><ElementName>limit</ElementName><required>false</required><EffortAttribute z:Ref="i118"/><LowerAttribute z:Ref="i116"/><UpperAttribute z:Ref="i117"/><VelocityAttribute z:Ref="i119"/></URDFElement><URDFElement z:Id="i120" i:type="Calibration"><Attributes><Attribute z:Id="i121"><AttributeType>rising</AttributeType><IsRequired>false</IsRequired><Value i:nil="true"/></Attribute><Attribute z:Id="i122"><AttributeType>falling</AttributeType><IsRequired>false</IsRequired><Value i:nil="true"/></Attribute></Attributes><ChildElements/><ElementName>calibration</ElementName><required>false</required><FallingAttribute z:Ref="i122"/><RisingAttribute z:Ref="i121"/></URDFElement><URDFElement z:Id="i123" i:type="Dynamics"><Attributes><Attribute z:Id="i124"><AttributeType>damping</AttributeType><IsRequired>false</IsRequired><Value i:nil="true"/></Attribute><Attribute z:Id="i125"><AttributeType>friction</AttributeType><IsRequired>false</IsRequired><Value i:nil="true"/></Attribute></Attributes><ChildElements/><ElementName>dynamics</ElementName><required>false</required><DampingAttribute z:Ref="i124"/><FrictionAttribute z:Ref="i125"/></URDFElement><URDFElement z:Id="i126" i:type="SafetyController"><Attributes><Attribute z:Id="i127"><AttributeType>soft_upper_limit</AttributeType><IsRequired>false</IsRequired><Value i:nil="true"/></Attribute><Attribute z:Id="i128"><AttributeType>soft_lower_limit</AttributeType><IsRequired>false</IsRequired><Value i:nil="true"/></Attribute><Attribute z:Id="i129"><AttributeType>k_position</AttributeType><IsRequired>false</IsRequired><Value i:nil="true"/></Attribute><Attribute z:Id="i130"><AttributeType>k_velocity</AttributeType><IsRequired>true</IsRequired><Value i:nil="true"/></Attribute></Attributes><ChildElements/><ElementName>safety_controller</ElementName><required>false</required><KPositionAttribute z:Ref="i129"/><KVelocityAttribute z:Ref="i130"/><SoftLowerAttribute z:Ref="i128"/><SoftUpperAttribute z:Ref="i127"/></URDFElement><URDFElement z:Id="i131" i:type="Mimic"><Attributes><Attribute z:Id="i132"><AttributeType>joint</AttributeType><IsRequired>true</IsRequired><Value i:nil="true"/></Attribute><Attribute z:Id="i133"><AttributeType>multiplier</AttributeType><IsRequired>false</IsRequired><Value i:nil="true"/></Attribute><Attribute z:Id="i134"><AttributeType>offset</AttributeType><IsRequired>false</IsRequired><Value i:nil="true"/></Attribute></Attributes><ChildElements/><ElementName>mimic</ElementName><required>false</required><JointNameAttribute z:Ref="i132"/><MultiplierAttribute z:Ref="i133"/><OffsetAttribute z:Ref="i134"/></URDFElement></ChildElements><ElementName>joint</ElementName><required>false</required><Axis z:Ref="i113"/><AxisName>Automatically Generate</AxisName><Calibration z:Ref="i120"/><Child z:Ref="i111"/><CoordinateSystemName>Coordinate System2</CoordinateSystemName><Dynamics z:Ref="i123"/><Limit z:Ref="i115"/><Mimic z:Ref="i131"/><NameAttribute z:Ref="i104"/><Origin z:Ref="i106"/><Parent z:Ref="i109"/><Safety z:Ref="i126"/><TypeAttribute z:Ref="i105"/></URDFElement></ChildElements><ElementName>link</ElementName><required>true</required><Children/><Collision z:Ref="i96"/><Inertial z:Ref="i70"/><Joint z:Ref="i103"/><NameAttribute z:Ref="i69"/><Parent z:Ref="i1"/><STLQualityFine>false</STLQualityFine><SWComponentPIDs xmlns:a="http://schemas.microsoft.com/2003/10/Serialization/Arrays"><a:base64Binary>aEIAAAUAAAD//v8fWAAzAF8ATABpAGQAYQByAC0AMQBAAHIAbwBiAG8AVgAzACgAdQByAGQAZgBfAGMAaABhAG4AZwBlAGQAKQAEAAAAEAAAAAEAAAABAAAAiwQAAA==</a:base64Binary></SWComponentPIDs><SWMainComponentPID i:nil="true"/><Visual z:Ref="i83"/><isFixedFrame>false</isFixedFrame><isIncomplete>false</isIncomplete></Link><Link z:Id="i135"><Attributes><Attribute z:Id="i136"><AttributeType>name</AttributeType><IsRequired>true</IsRequired><Value i:type="a:string" xmlns:a="http://www.w3.org/2001/XMLSchema">imu_link</Value></Attribute></Attributes><ChildElements><URDFElement z:Id="i137" i:type="Inertial"><Attributes/><ChildElements><URDFElement z:Id="i138" i:type="Origin"><Attributes><Attribute z:Id="i139"><AttributeType>xyz</AttributeType><IsRequired>true</IsRequired><Value i:type="a:ArrayOfdouble" xmlns:a="http://schemas.microsoft.com/2003/10/Serialization/Arrays"><a:double>-0.012652845066860929</a:double><a:double>-0.012693666024006678</a:double><a:double>-0.00550000000000006</a:double></Value></Attribute><Attribute z:Id="i140"><AttributeType>rpy</AttributeType><IsRequired>true</IsRequired><Value i:type="a:ArrayOfdouble" xmlns:a="http://schemas.microsoft.com/2003/10/Serialization/Arrays"><a:double>0</a:double><a:double>0</a:double><a:double>0</a:double></Value></Attribute></Attributes><ChildElements/><ElementName>origin</ElementName><required>false</required><RPYAttribute z:Ref="i140"/><XYZAttribute z:Ref="i139"/><isCustomized>false</isCustomized></URDFElement><URDFElement z:Id="i141" i:type="Mass"><Attributes><Attribute z:Id="i142"><AttributeType>value</AttributeType><IsRequired>true</IsRequired><Value i:type="a:double" xmlns:a="http://www.w3.org/2001/XMLSchema">0.0071204927508749195</Value></Attribute></Attributes><ChildElements/><ElementName>mass</ElementName><required>false</required><ValueAttribute z:Ref="i142"/></URDFElement><URDFElement z:Id="i143" i:type="Inertia"><Attributes><Attribute z:Id="i144"><AttributeType>ixx</AttributeType><IsRequired>true</IsRequired><Value i:type="a:double" xmlns:a="http://www.w3.org/2001/XMLSchema">4.560985156191466E-07</Value></Attribute><Attribute z:Id="i145"><AttributeType>ixy</AttributeType><IsRequired>true</IsRequired><Value i:type="a:double" xmlns:a="http://www.w3.org/2001/XMLSchema">9.31843930741966E-09</Value></Attribute><Attribute z:Id="i146"><AttributeType>ixz</AttributeType><IsRequired>true</IsRequired><Value i:type="a:double" xmlns:a="http://www.w3.org/2001/XMLSchema">-1.0936995124193384E-22</Value></Attribute><Attribute z:Id="i147"><AttributeType>iyy</AttributeType><IsRequired>true</IsRequired><Value i:type="a:double" xmlns:a="http://www.w3.org/2001/XMLSchema">4.5615854575030405E-07</Value></Attribute><Attribute z:Id="i148"><AttributeType>iyz</AttributeType><IsRequired>true</IsRequired><Value i:type="a:double" xmlns:a="http://www.w3.org/2001/XMLSchema">-1.2528223878317977E-21</Value></Attribute><Attribute z:Id="i149"><AttributeType>izz</AttributeType><IsRequired>true</IsRequired><Value i:type="a:double" xmlns:a="http://www.w3.org/2001/XMLSchema">7.6866045756013947E-07</Value></Attribute></Attributes><ChildElements/><ElementName>inertia</ElementName><required>false</required><IxxAttribute z:Ref="i144"/><IxyAttribute z:Ref="i145"/><IxzAttribute z:Ref="i146"/><IyyAttribute z:Ref="i147"/><IyzAttribute z:Ref="i148"/><IzzAttribute z:Ref="i149"/></URDFElement></ChildElements><ElementName>inertial</ElementName><required>false</required><Inertia z:Ref="i143"/><Mass z:Ref="i141"/><Origin z:Ref="i138"/></URDFElement><URDFElement z:Id="i150" i:type="Visual"><Attributes/><ChildElements><URDFElement z:Id="i151" i:type="Origin"><Attributes><Attribute z:Id="i152"><AttributeType>xyz</AttributeType><IsRequired>true</IsRequired><Value i:type="a:ArrayOfdouble" xmlns:a="http://schemas.microsoft.com/2003/10/Serialization/Arrays"><a:double>0</a:double><a:double>0</a:double><a:double>0</a:double></Value></Attribute><Attribute z:Id="i153"><AttributeType>rpy</AttributeType><IsRequired>true</IsRequired><Value i:type="a:ArrayOfdouble" xmlns:a="http://schemas.microsoft.com/2003/10/Serialization/Arrays"><a:double>0</a:double><a:double>0</a:double><a:double>0</a:double></Value></Attribute></Attributes><ChildElements/><ElementName>origin</ElementName><required>false</required><RPYAttribute z:Ref="i153"/><XYZAttribute z:Ref="i152"/><isCustomized>false</isCustomized></URDFElement><URDFElement z:Id="i154" i:type="Geometry"><Attributes/><ChildElements><URDFElement z:Id="i155" i:type="Mesh"><Attributes><Attribute z:Id="i156"><AttributeType>filename</AttributeType><IsRequired>true</IsRequired><Value i:nil="true"/></Attribute></Attributes><ChildElements/><ElementName>mesh</ElementName><required>false</required><FilenameAttribute z:Ref="i156"/></URDFElement></ChildElements><ElementName>geometry</ElementName><required>true</required><Mesh z:Ref="i155"/></URDFElement><URDFElement z:Id="i157" i:type="Material"><Attributes><Attribute z:Id="i158"><AttributeType>name</AttributeType><IsRequired>true</IsRequired><Value i:type="a:string" xmlns:a="http://www.w3.org/2001/XMLSchema"/></Attribute></Attributes><ChildElements><URDFElement z:Id="i159" i:type="Color"><Attributes><Attribute z:Id="i160"><AttributeType>rgba</AttributeType><IsRequired>true</IsRequired><Value i:type="a:ArrayOfdouble" xmlns:a="http://schemas.microsoft.com/2003/10/Serialization/Arrays"><a:double>0.792156862745098</a:double><a:double>0.81960784313725488</a:double><a:double>0.93333333333333335</a:double><a:double>1</a:double></Value></Attribute></Attributes><ChildElements/><ElementName>color</ElementName><required>false</required><RGBAAttribute z:Ref="i160"/></URDFElement><URDFElement z:Id="i161" i:type="Texture"><Attributes><Attribute z:Id="i162"><AttributeType>filename</AttributeType><IsRequired>true</IsRequired><Value i:nil="true"/></Attribute></Attributes><ChildElements/><ElementName>texture</ElementName><required>false</required><FilenameAttribute z:Ref="i162"/><wFilename/></URDFElement></ChildElements><ElementName>material</ElementName><required>false</required><Color z:Ref="i159"/><NameAttribute z:Ref="i158"/><Texture z:Ref="i161"/></URDFElement></ChildElements><ElementName>visual</ElementName><required>false</required><Geometry z:Ref="i154"/><Material z:Ref="i157"/><Origin z:Ref="i151"/></URDFElement><URDFElement z:Id="i163" i:type="Collision"><Attributes/><ChildElements><URDFElement z:Id="i164" i:type="Origin"><Attributes><Attribute z:Id="i165"><AttributeType>xyz</AttributeType><IsRequired>true</IsRequired><Value i:type="a:ArrayOfdouble" xmlns:a="http://schemas.microsoft.com/2003/10/Serialization/Arrays"><a:double>0</a:double><a:double>0</a:double><a:double>0</a:double></Value></Attribute><Attribute z:Id="i166"><AttributeType>rpy</AttributeType><IsRequired>true</IsRequired><Value i:type="a:ArrayOfdouble" xmlns:a="http://schemas.microsoft.com/2003/10/Serialization/Arrays"><a:double>0</a:double><a:double>0</a:double><a:double>0</a:double></Value></Attribute></Attributes><ChildElements/><ElementName>origin</ElementName><required>false</required><RPYAttribute z:Ref="i166"/><XYZAttribute z:Ref="i165"/><isCustomized>false</isCustomized></URDFElement><URDFElement z:Id="i167" i:type="Geometry"><Attributes/><ChildElements><URDFElement z:Id="i168" i:type="Mesh"><Attributes><Attribute z:Id="i169"><AttributeType>filename</AttributeType><IsRequired>true</IsRequired><Value i:nil="true"/></Attribute></Attributes><ChildElements/><ElementName>mesh</ElementName><required>false</required><FilenameAttribute z:Ref="i169"/></URDFElement></ChildElements><ElementName>geometry</ElementName><required>true</required><Mesh z:Ref="i168"/></URDFElement></ChildElements><ElementName>collision</ElementName><required>false</required><Geometry z:Ref="i167"/><Origin z:Ref="i164"/></URDFElement><URDFElement z:Id="i170" i:type="Joint"><Attributes><Attribute z:Id="i171"><AttributeType>name</AttributeType><IsRequired>true</IsRequired><Value i:type="a:string" xmlns:a="http://www.w3.org/2001/XMLSchema">imu</Value></Attribute><Attribute z:Id="i172"><AttributeType>type</AttributeType><IsRequired>true</IsRequired><Value i:type="a:string" xmlns:a="http://www.w3.org/2001/XMLSchema">fixed</Value></Attribute></Attributes><ChildElements><URDFElement z:Id="i173" i:type="Origin"><Attributes><Attribute z:Id="i174"><AttributeType>xyz</AttributeType><IsRequired>true</IsRequired><Value i:type="a:ArrayOfdouble" xmlns:a="http://schemas.microsoft.com/2003/10/Serialization/Arrays"><a:double>0.15399</a:double><a:double>-0.085457</a:double><a:double>0.041</a:double></Value></Attribute><Attribute z:Id="i175"><AttributeType>rpy</AttributeType><IsRequired>true</IsRequired><Value i:type="a:ArrayOfdouble" xmlns:a="http://schemas.microsoft.com/2003/10/Serialization/Arrays"><a:double>0</a:double><a:double>0</a:double><a:double>0</a:double></Value></Attribute></Attributes><ChildElements/><ElementName>origin</ElementName><required>false</required><RPYAttribute z:Ref="i175"/><XYZAttribute z:Ref="i174"/><isCustomized>false</isCustomized></URDFElement><URDFElement z:Id="i176" i:type="ParentLink"><Attributes><Attribute z:Id="i177"><AttributeType>link</AttributeType><IsRequired>true</IsRequired><Value i:type="a:string" xmlns:a="http://www.w3.org/2001/XMLSchema">base_link</Value></Attribute></Attributes><ChildElements/><ElementName>parent</ElementName><required>true</required><NameAttribute z:Ref="i177"/></URDFElement><URDFElement z:Id="i178" i:type="ChildLink"><Attributes><Attribute z:Id="i179"><AttributeType>link</AttributeType><IsRequired>true</IsRequired><Value i:type="a:string" xmlns:a="http://www.w3.org/2001/XMLSchema">imu_link</Value></Attribute></Attributes><ChildElements/><ElementName>child</ElementName><required>true</required><NameAttribute z:Ref="i179"/></URDFElement><URDFElement z:Id="i180" i:type="Axis"><Attributes><Attribute z:Id="i181"><AttributeType>xyz</AttributeType><IsRequired>true</IsRequired><Value i:type="a:ArrayOfdouble" xmlns:a="http://schemas.microsoft.com/2003/10/Serialization/Arrays"><a:double>0</a:double><a:double>0</a:double><a:double>0</a:double></Value></Attribute></Attributes><ChildElements/><ElementName>axis</ElementName><required>false</required><XYZAttribute z:Ref="i181"/></URDFElement><URDFElement z:Id="i182" i:type="Limit"><Attributes><Attribute z:Id="i183"><AttributeType>lower</AttributeType><IsRequired>false</IsRequired><Value i:nil="true"/></Attribute><Attribute z:Id="i184"><AttributeType>upper</AttributeType><IsRequired>false</IsRequired><Value i:nil="true"/></Attribute><Attribute z:Id="i185"><AttributeType>effort</AttributeType><IsRequired>true</IsRequired><Value i:nil="true"/></Attribute><Attribute z:Id="i186"><AttributeType>velocity</AttributeType><IsRequired>true</IsRequired><Value i:nil="true"/></Attribute></Attributes><ChildElements/><ElementName>limit</ElementName><required>false</required><EffortAttribute z:Ref="i185"/><LowerAttribute z:Ref="i183"/><UpperAttribute z:Ref="i184"/><VelocityAttribute z:Ref="i186"/></URDFElement><URDFElement z:Id="i187" i:type="Calibration"><Attributes><Attribute z:Id="i188"><AttributeType>rising</AttributeType><IsRequired>false</IsRequired><Value i:nil="true"/></Attribute><Attribute z:Id="i189"><AttributeType>falling</AttributeType><IsRequired>false</IsRequired><Value i:nil="true"/></Attribute></Attributes><ChildElements/><ElementName>calibration</ElementName><required>false</required><FallingAttribute z:Ref="i189"/><RisingAttribute z:Ref="i188"/></URDFElement><URDFElement z:Id="i190" i:type="Dynamics"><Attributes><Attribute z:Id="i191"><AttributeType>damping</AttributeType><IsRequired>false</IsRequired><Value i:nil="true"/></Attribute><Attribute z:Id="i192"><AttributeType>friction</AttributeType><IsRequired>false</IsRequired><Value i:nil="true"/></Attribute></Attributes><ChildElements/><ElementName>dynamics</ElementName><required>false</required><DampingAttribute z:Ref="i191"/><FrictionAttribute z:Ref="i192"/></URDFElement><URDFElement z:Id="i193" i:type="SafetyController"><Attributes><Attribute z:Id="i194"><AttributeType>soft_upper_limit</AttributeType><IsRequired>false</IsRequired><Value i:nil="true"/></Attribute><Attribute z:Id="i195"><AttributeType>soft_lower_limit</AttributeType><IsRequired>false</IsRequired><Value i:nil="true"/></Attribute><Attribute z:Id="i196"><AttributeType>k_position</AttributeType><IsRequired>false</IsRequired><Value i:nil="true"/></Attribute><Attribute z:Id="i197"><AttributeType>k_velocity</AttributeType><IsRequired>true</IsRequired><Value i:nil="true"/></Attribute></Attributes><ChildElements/><ElementName>safety_controller</ElementName><required>false</required><KPositionAttribute z:Ref="i196"/><KVelocityAttribute z:Ref="i197"/><SoftLowerAttribute z:Ref="i195"/><SoftUpperAttribute z:Ref="i194"/></URDFElement><URDFElement z:Id="i198" i:type="Mimic"><Attributes><Attribute z:Id="i199"><AttributeType>joint</AttributeType><IsRequired>true</IsRequired><Value i:nil="true"/></Attribute><Attribute z:Id="i200"><AttributeType>multiplier</AttributeType><IsRequired>false</IsRequired><Value i:nil="true"/></Attribute><Attribute z:Id="i201"><AttributeType>offset</AttributeType><IsRequired>false</IsRequired><Value i:nil="true"/></Attribute></Attributes><ChildElements/><ElementName>mimic</ElementName><required>false</required><JointNameAttribute z:Ref="i199"/><MultiplierAttribute z:Ref="i200"/><OffsetAttribute z:Ref="i201"/></URDFElement></ChildElements><ElementName>joint</ElementName><required>false</required><Axis z:Ref="i180"/><AxisName>Axis_imu</AxisName><Calibration z:Ref="i187"/><Child z:Ref="i178"/><CoordinateSystemName>Coordinate System29_imu</CoordinateSystemName><Dynamics z:Ref="i190"/><Limit z:Ref="i182"/><Mimic z:Ref="i198"/><NameAttribute z:Ref="i171"/><Origin z:Ref="i173"/><Parent z:Ref="i176"/><Safety z:Ref="i193"/><TypeAttribute z:Ref="i172"/></URDFElement></ChildElements><ElementName>link</ElementName><required>true</required><Children/><Collision z:Ref="i163"/><Inertial z:Ref="i137"/><Joint z:Ref="i170"/><NameAttribute z:Ref="i136"/><Parent z:Ref="i1"/><STLQualityFine>false</STLQualityFine><SWComponentPIDs xmlns:a="http://schemas.microsoft.com/2003/10/Serialization/Arrays"><a:base64Binary>aEIAAAUAAAD//v8faQBtAHUAXwA0ADAAZABvAC0AMQBAAHIAbwBiAG8AVgAzACgAdQByAGQAZgBfAGMAaABhAG4AZwBlAGQAKQAEAAAAEAAAAAEAAAABAAAAdwkAAA==</a:base64Binary></SWComponentPIDs><SWMainComponentPID i:nil="true"/><Visual z:Ref="i150"/><isFixedFrame>false</isFixedFrame><isIncomplete>false</isIncomplete></Link><Link z:Id="i202"><Attributes><Attribute z:Id="i203"><AttributeType>name</AttributeType><IsRequired>true</IsRequired><Value i:type="a:string" xmlns:a="http://www.w3.org/2001/XMLSchema">right_wheel_link</Value></Attribute></Attributes><ChildElements><URDFElement z:Id="i204" i:type="Inertial"><Attributes/><ChildElements><URDFElement z:Id="i205" i:type="Origin"><Attributes><Attribute z:Id="i206"><AttributeType>xyz</AttributeType><IsRequired>true</IsRequired><Value i:type="a:ArrayOfdouble" xmlns:a="http://schemas.microsoft.com/2003/10/Serialization/Arrays"><a:double>0.00024358782977840221</a:double><a:double>-0.029500099045564332</a:double><a:double>8.011608043645424E-11</a:double></Value></Attribute><Attribute z:Id="i207"><AttributeType>rpy</AttributeType><IsRequired>true</IsRequired><Value i:type="a:ArrayOfdouble" xmlns:a="http://schemas.microsoft.com/2003/10/Serialization/Arrays"><a:double>0</a:double><a:double>0</a:double><a:double>0</a:double></Value></Attribute></Attributes><ChildElements/><ElementName>origin</ElementName><required>false</required><RPYAttribute z:Ref="i207"/><XYZAttribute z:Ref="i206"/><isCustomized>false</isCustomized></URDFElement><URDFElement z:Id="i208" i:type="Mass"><Attributes><Attribute z:Id="i209"><AttributeType>value</AttributeType><IsRequired>true</IsRequired><Value i:type="a:double" xmlns:a="http://www.w3.org/2001/XMLSchema">0.98170665090243991</Value></Attribute></Attributes><ChildElements/><ElementName>mass</ElementName><required>false</required><ValueAttribute z:Ref="i209"/></URDFElement><URDFElement z:Id="i210" i:type="Inertia"><Attributes><Attribute z:Id="i211"><AttributeType>ixx</AttributeType><IsRequired>true</IsRequired><Value i:type="a:double" xmlns:a="http://www.w3.org/2001/XMLSchema">0.0016529885173842314</Value></Attribute><Attribute z:Id="i212"><AttributeType>ixy</AttributeType><IsRequired>true</IsRequired><Value i:type="a:double" xmlns:a="http://www.w3.org/2001/XMLSchema">-1.0124915182156949E-05</Value></Attribute><Attribute z:Id="i213"><AttributeType>ixz</AttributeType><IsRequired>true</IsRequired><Value i:type="a:double" xmlns:a="http://www.w3.org/2001/XMLSchema">1.3027076084662524E-08</Value></Attribute><Attribute z:Id="i214"><AttributeType>iyy</AttributeType><IsRequired>true</IsRequired><Value i:type="a:double" xmlns:a="http://www.w3.org/2001/XMLSchema">0.0028786195096230554</Value></Attribute><Attribute z:Id="i215"><AttributeType>iyz</AttributeType><IsRequired>true</IsRequired><Value i:type="a:double" xmlns:a="http://www.w3.org/2001/XMLSchema">5.3288362586811824E-10</Value></Attribute><Attribute z:Id="i216"><AttributeType>izz</AttributeType><IsRequired>true</IsRequired><Value i:type="a:double" xmlns:a="http://www.w3.org/2001/XMLSchema">0.0016529225736577403</Value></Attribute></Attributes><ChildElements/><ElementName>inertia</ElementName><required>false</required><IxxAttribute z:Ref="i211"/><IxyAttribute z:Ref="i212"/><IxzAttribute z:Ref="i213"/><IyyAttribute z:Ref="i214"/><IyzAttribute z:Ref="i215"/><IzzAttribute z:Ref="i216"/></URDFElement></ChildElements><ElementName>inertial</ElementName><required>false</required><Inertia z:Ref="i210"/><Mass z:Ref="i208"/><Origin z:Ref="i205"/></URDFElement><URDFElement z:Id="i217" i:type="Visual"><Attributes/><ChildElements><URDFElement z:Id="i218" i:type="Origin"><Attributes><Attribute z:Id="i219"><AttributeType>xyz</AttributeType><IsRequired>true</IsRequired><Value i:type="a:ArrayOfdouble" xmlns:a="http://schemas.microsoft.com/2003/10/Serialization/Arrays"><a:double>0</a:double><a:double>0</a:double><a:double>0</a:double></Value></Attribute><Attribute z:Id="i220"><AttributeType>rpy</AttributeType><IsRequired>true</IsRequired><Value i:type="a:ArrayOfdouble" xmlns:a="http://schemas.microsoft.com/2003/10/Serialization/Arrays"><a:double>0</a:double><a:double>0</a:double><a:double>0</a:double></Value></Attribute></Attributes><ChildElements/><ElementName>origin</ElementName><required>false</required><RPYAttribute z:Ref="i220"/><XYZAttribute z:Ref="i219"/><isCustomized>false</isCustomized></URDFElement><URDFElement z:Id="i221" i:type="Geometry"><Attributes/><ChildElements><URDFElement z:Id="i222" i:type="Mesh"><Attributes><Attribute z:Id="i223"><AttributeType>filename</AttributeType><IsRequired>true</IsRequired><Value i:nil="true"/></Attribute></Attributes><ChildElements/><ElementName>mesh</ElementName><required>false</required><FilenameAttribute z:Ref="i223"/></URDFElement></ChildElements><ElementName>geometry</ElementName><required>true</required><Mesh z:Ref="i222"/></URDFElement><URDFElement z:Id="i224" i:type="Material"><Attributes><Attribute z:Id="i225"><AttributeType>name</AttributeType><IsRequired>true</IsRequired><Value i:type="a:string" xmlns:a="http://www.w3.org/2001/XMLSchema"/></Attribute></Attributes><ChildElements><URDFElement z:Id="i226" i:type="Color"><Attributes><Attribute z:Id="i227"><AttributeType>rgba</AttributeType><IsRequired>true</IsRequired><Value i:type="a:ArrayOfdouble" xmlns:a="http://schemas.microsoft.com/2003/10/Serialization/Arrays"><a:double>0.2</a:double><a:double>0.2</a:double><a:double>0.2</a:double><a:double>1</a:double></Value></Attribute></Attributes><ChildElements/><ElementName>color</ElementName><required>false</required><RGBAAttribute z:Ref="i227"/></URDFElement><URDFElement z:Id="i228" i:type="Texture"><Attributes><Attribute z:Id="i229"><AttributeType>filename</AttributeType><IsRequired>true</IsRequired><Value i:nil="true"/></Attribute></Attributes><ChildElements/><ElementName>texture</ElementName><required>false</required><FilenameAttribute z:Ref="i229"/><wFilename/></URDFElement></ChildElements><ElementName>material</ElementName><required>false</required><Color z:Ref="i226"/><NameAttribute z:Ref="i225"/><Texture z:Ref="i228"/></URDFElement></ChildElements><ElementName>visual</ElementName><required>false</required><Geometry z:Ref="i221"/><Material z:Ref="i224"/><Origin z:Ref="i218"/></URDFElement><URDFElement z:Id="i230" i:type="Collision"><Attributes/><ChildElements><URDFElement z:Id="i231" i:type="Origin"><Attributes><Attribute z:Id="i232"><AttributeType>xyz</AttributeType><IsRequired>true</IsRequired><Value i:type="a:ArrayOfdouble" xmlns:a="http://schemas.microsoft.com/2003/10/Serialization/Arrays"><a:double>0</a:double><a:double>0</a:double><a:double>0</a:double></Value></Attribute><Attribute z:Id="i233"><AttributeType>rpy</AttributeType><IsRequired>true</IsRequired><Value i:type="a:ArrayOfdouble" xmlns:a="http://schemas.microsoft.com/2003/10/Serialization/Arrays"><a:double>0</a:double><a:double>0</a:double><a:double>0</a:double></Value></Attribute></Attributes><ChildElements/><ElementName>origin</ElementName><required>false</required><RPYAttribute z:Ref="i233"/><XYZAttribute z:Ref="i232"/><isCustomized>false</isCustomized></URDFElement><URDFElement z:Id="i234" i:type="Geometry"><Attributes/><ChildElements><URDFElement z:Id="i235" i:type="Mesh"><Attributes><Attribute z:Id="i236"><AttributeType>filename</AttributeType><IsRequired>true</IsRequired><Value i:nil="true"/></Attribute></Attributes><ChildElements/><ElementName>mesh</ElementName><required>false</required><FilenameAttribute z:Ref="i236"/></URDFElement></ChildElements><ElementName>geometry</ElementName><required>true</required><Mesh z:Ref="i235"/></URDFElement></ChildElements><ElementName>collision</ElementName><required>false</required><Geometry z:Ref="i234"/><Origin z:Ref="i231"/></URDFElement><URDFElement z:Id="i237" i:type="Joint"><Attributes><Attribute z:Id="i238"><AttributeType>name</AttributeType><IsRequired>true</IsRequired><Value i:type="a:string" xmlns:a="http://www.w3.org/2001/XMLSchema">right_wheel</Value></Attribute><Attribute z:Id="i239"><AttributeType>type</AttributeType><IsRequired>true</IsRequired><Value i:type="a:string" xmlns:a="http://www.w3.org/2001/XMLSchema">continuous</Value></Attribute></Attributes><ChildElements><URDFElement z:Id="i240" i:type="Origin"><Attributes><Attribute z:Id="i241"><AttributeType>xyz</AttributeType><IsRequired>true</IsRequired><Value i:type="a:ArrayOfdouble" xmlns:a="http://schemas.microsoft.com/2003/10/Serialization/Arrays"><a:double>0.0015756</a:double><a:double>-0.17502</a:double><a:double>0.015</a:double></Value></Attribute><Attribute z:Id="i242"><AttributeType>rpy</AttributeType><IsRequired>true</IsRequired><Value i:type="a:ArrayOfdouble" xmlns:a="http://schemas.microsoft.com/2003/10/Serialization/Arrays"><a:double>0</a:double><a:double>0</a:double><a:double>0</a:double></Value></Attribute></Attributes><ChildElements/><ElementName>origin</ElementName><required>false</required><RPYAttribute z:Ref="i242"/><XYZAttribute z:Ref="i241"/><isCustomized>false</isCustomized></URDFElement><URDFElement z:Id="i243" i:type="ParentLink"><Attributes><Attribute z:Id="i244"><AttributeType>link</AttributeType><IsRequired>true</IsRequired><Value i:type="a:string" xmlns:a="http://www.w3.org/2001/XMLSchema">base_link</Value></Attribute></Attributes><ChildElements/><ElementName>parent</ElementName><required>true</required><NameAttribute z:Ref="i244"/></URDFElement><URDFElement z:Id="i245" i:type="ChildLink"><Attributes><Attribute z:Id="i246"><AttributeType>link</AttributeType><IsRequired>true</IsRequired><Value i:type="a:string" xmlns:a="http://www.w3.org/2001/XMLSchema">right_wheel_link</Value></Attribute></Attributes><ChildElements/><ElementName>child</ElementName><required>true</required><NameAttribute z:Ref="i246"/></URDFElement><URDFElement z:Id="i247" i:type="Axis"><Attributes><Attribute z:Id="i248"><AttributeType>xyz</AttributeType><IsRequired>true</IsRequired><Value i:type="a:ArrayOfdouble" xmlns:a="http://schemas.microsoft.com/2003/10/Serialization/Arrays"><a:double>-0.0082569</a:double><a:double>0.99997</a:double><a:double>0</a:double></Value></Attribute></Attributes><ChildElements/><ElementName>axis</ElementName><required>false</required><XYZAttribute z:Ref="i248"/></URDFElement><URDFElement z:Id="i249" i:type="Limit"><Attributes><Attribute z:Id="i250"><AttributeType>lower</AttributeType><IsRequired>false</IsRequired><Value i:nil="true"/></Attribute><Attribute z:Id="i251"><AttributeType>upper</AttributeType><IsRequired>false</IsRequired><Value i:nil="true"/></Attribute><Attribute z:Id="i252"><AttributeType>effort</AttributeType><IsRequired>true</IsRequired><Value i:nil="true"/></Attribute><Attribute z:Id="i253"><AttributeType>velocity</AttributeType><IsRequired>true</IsRequired><Value i:nil="true"/></Attribute></Attributes><ChildElements/><ElementName>limit</ElementName><required>false</required><EffortAttribute z:Ref="i252"/><LowerAttribute z:Ref="i250"/><UpperAttribute z:Ref="i251"/><VelocityAttribute z:Ref="i253"/></URDFElement><URDFElement z:Id="i254" i:type="Calibration"><Attributes><Attribute z:Id="i255"><AttributeType>rising</AttributeType><IsRequired>false</IsRequired><Value i:nil="true"/></Attribute><Attribute z:Id="i256"><AttributeType>falling</AttributeType><IsRequired>false</IsRequired><Value i:nil="true"/></Attribute></Attributes><ChildElements/><ElementName>calibration</ElementName><required>false</required><FallingAttribute z:Ref="i256"/><RisingAttribute z:Ref="i255"/></URDFElement><URDFElement z:Id="i257" i:type="Dynamics"><Attributes><Attribute z:Id="i258"><AttributeType>damping</AttributeType><IsRequired>false</IsRequired><Value i:nil="true"/></Attribute><Attribute z:Id="i259"><AttributeType>friction</AttributeType><IsRequired>false</IsRequired><Value i:nil="true"/></Attribute></Attributes><ChildElements/><ElementName>dynamics</ElementName><required>false</required><DampingAttribute z:Ref="i258"/><FrictionAttribute z:Ref="i259"/></URDFElement><URDFElement z:Id="i260" i:type="SafetyController"><Attributes><Attribute z:Id="i261"><AttributeType>soft_upper_limit</AttributeType><IsRequired>false</IsRequired><Value i:nil="true"/></Attribute><Attribute z:Id="i262"><AttributeType>soft_lower_limit</AttributeType><IsRequired>false</IsRequired><Value i:nil="true"/></Attribute><Attribute z:Id="i263"><AttributeType>k_position</AttributeType><IsRequired>false</IsRequired><Value i:nil="true"/></Attribute><Attribute z:Id="i264"><AttributeType>k_velocity</AttributeType><IsRequired>true</IsRequired><Value i:nil="true"/></Attribute></Attributes><ChildElements/><ElementName>safety_controller</ElementName><required>false</required><KPositionAttribute z:Ref="i263"/><KVelocityAttribute z:Ref="i264"/><SoftLowerAttribute z:Ref="i262"/><SoftUpperAttribute z:Ref="i261"/></URDFElement><URDFElement z:Id="i265" i:type="Mimic"><Attributes><Attribute z:Id="i266"><AttributeType>joint</AttributeType><IsRequired>true</IsRequired><Value i:nil="true"/></Attribute><Attribute z:Id="i267"><AttributeType>multiplier</AttributeType><IsRequired>false</IsRequired><Value i:nil="true"/></Attribute><Attribute z:Id="i268"><AttributeType>offset</AttributeType><IsRequired>false</IsRequired><Value i:nil="true"/></Attribute></Attributes><ChildElements/><ElementName>mimic</ElementName><required>false</required><JointNameAttribute z:Ref="i266"/><MultiplierAttribute z:Ref="i267"/><OffsetAttribute z:Ref="i268"/></URDFElement></ChildElements><ElementName>joint</ElementName><required>false</required><Axis z:Ref="i247"/><AxisName>Axis2</AxisName><Calibration z:Ref="i254"/><Child z:Ref="i245"/><CoordinateSystemName>Coordinate System6</CoordinateSystemName><Dynamics z:Ref="i257"/><Limit z:Ref="i249"/><Mimic z:Ref="i265"/><NameAttribute z:Ref="i238"/><Origin z:Ref="i240"/><Parent z:Ref="i243"/><Safety z:Ref="i260"/><TypeAttribute z:Ref="i239"/></URDFElement></ChildElements><ElementName>link</ElementName><required>true</required><Children/><Collision z:Ref="i230"/><Inertial z:Ref="i204"/><Joint z:Ref="i237"/><NameAttribute z:Ref="i203"/><Parent z:Ref="i1"/><STLQualityFine>false</STLQualityFine><SWComponentPIDs xmlns:a="http://schemas.microsoft.com/2003/10/Serialization/Arrays"><a:base64Binary>aEIAAAUAAAD//v8gbQBvAHQAbwByAGUAZABpAHQALQA0AEAAcgBvAGIAbwBWADMAKAB1AHIAZABmAF8AYwBoAGEAbgBnAGUAZAApAAQAAAAQAAAAAQAAAAEAAADOBQAA</a:base64Binary></SWComponentPIDs><SWMainComponentPID i:nil="true"/><Visual z:Ref="i217"/><isFixedFrame>false</isFixedFrame><isIncomplete>false</isIncomplete></Link><Link z:Id="i269"><Attributes><Attribute z:Id="i270"><AttributeType>name</AttributeType><IsRequired>true</IsRequired><Value i:type="a:string" xmlns:a="http://www.w3.org/2001/XMLSchema">left_wheel_link</Value></Attribute></Attributes><ChildElements><URDFElement z:Id="i271" i:type="Inertial"><Attributes/><ChildElements><URDFElement z:Id="i272" i:type="Origin"><Attributes><Attribute z:Id="i273"><AttributeType>xyz</AttributeType><IsRequired>true</IsRequired><Value i:type="a:ArrayOfdouble" xmlns:a="http://schemas.microsoft.com/2003/10/Serialization/Arrays"><a:double>-0.00024358782977862425</a:double><a:double>0.029500099045563943</a:double><a:double>8.0114970213429615E-11</a:double></Value></Attribute><Attribute z:Id="i274"><AttributeType>rpy</AttributeType><IsRequired>true</IsRequired><Value i:type="a:ArrayOfdouble" xmlns:a="http://schemas.microsoft.com/2003/10/Serialization/Arrays"><a:double>0</a:double><a:double>0</a:double><a:double>0</a:double></Value></Attribute></Attributes><ChildElements/><ElementName>origin</ElementName><required>false</required><RPYAttribute z:Ref="i274"/><XYZAttribute z:Ref="i273"/><isCustomized>false</isCustomized></URDFElement><URDFElement z:Id="i275" i:type="Mass"><Attributes><Attribute z:Id="i276"><AttributeType>value</AttributeType><IsRequired>true</IsRequired><Value i:type="a:double" xmlns:a="http://www.w3.org/2001/XMLSchema">0.9817066509024428</Value></Attribute></Attributes><ChildElements/><ElementName>mass</ElementName><required>false</required><ValueAttribute z:Ref="i276"/></URDFElement><URDFElement z:Id="i277" i:type="Inertia"><Attributes><Attribute z:Id="i278"><AttributeType>ixx</AttributeType><IsRequired>true</IsRequired><Value i:type="a:double" xmlns:a="http://www.w3.org/2001/XMLSchema">0.0016529912083484673</Value></Attribute><Attribute z:Id="i279"><AttributeType>ixy</AttributeType><IsRequired>true</IsRequired><Value i:type="a:double" xmlns:a="http://www.w3.org/2001/XMLSchema">-1.0124910987100583E-05</Value></Attribute><Attribute z:Id="i280"><AttributeType>ixz</AttributeType><IsRequired>true</IsRequired><Value i:type="a:double" xmlns:a="http://www.w3.org/2001/XMLSchema">-1.449841150929756E-08</Value></Attribute><Attribute z:Id="i281"><AttributeType>iyy</AttributeType><IsRequired>true</IsRequired><Value i:type="a:double" xmlns:a="http://www.w3.org/2001/XMLSchema">0.0028786195090139263</Value></Attribute><Attribute z:Id="i282"><AttributeType>iyz</AttributeType><IsRequired>true</IsRequired><Value i:type="a:double" xmlns:a="http://www.w3.org/2001/XMLSchema">7.250042172824309E-11</Value></Attribute><Attribute z:Id="i283"><AttributeType>izz</AttributeType><IsRequired>true</IsRequired><Value i:type="a:double" xmlns:a="http://www.w3.org/2001/XMLSchema">0.0016529198823447624</Value></Attribute></Attributes><ChildElements/><ElementName>inertia</ElementName><required>false</required><IxxAttribute z:Ref="i278"/><IxyAttribute z:Ref="i279"/><IxzAttribute z:Ref="i280"/><IyyAttribute z:Ref="i281"/><IyzAttribute z:Ref="i282"/><IzzAttribute z:Ref="i283"/></URDFElement></ChildElements><ElementName>inertial</ElementName><required>false</required><Inertia z:Ref="i277"/><Mass z:Ref="i275"/><Origin z:Ref="i272"/></URDFElement><URDFElement z:Id="i284" i:type="Visual"><Attributes/><ChildElements><URDFElement z:Id="i285" i:type="Origin"><Attributes><Attribute z:Id="i286"><AttributeType>xyz</AttributeType><IsRequired>true</IsRequired><Value i:type="a:ArrayOfdouble" xmlns:a="http://schemas.microsoft.com/2003/10/Serialization/Arrays"><a:double>0</a:double><a:double>0</a:double><a:double>0</a:double></Value></Attribute><Attribute z:Id="i287"><AttributeType>rpy</AttributeType><IsRequired>true</IsRequired><Value i:type="a:ArrayOfdouble" xmlns:a="http://schemas.microsoft.com/2003/10/Serialization/Arrays"><a:double>0</a:double><a:double>0</a:double><a:double>0</a:double></Value></Attribute></Attributes><ChildElements/><ElementName>origin</ElementName><required>false</required><RPYAttribute z:Ref="i287"/><XYZAttribute z:Ref="i286"/><isCustomized>false</isCustomized></URDFElement><URDFElement z:Id="i288" i:type="Geometry"><Attributes/><ChildElements><URDFElement z:Id="i289" i:type="Mesh"><Attributes><Attribute z:Id="i290"><AttributeType>filename</AttributeType><IsRequired>true</IsRequired><Value i:nil="true"/></Attribute></Attributes><ChildElements/><ElementName>mesh</ElementName><required>false</required><FilenameAttribute z:Ref="i290"/></URDFElement></ChildElements><ElementName>geometry</ElementName><required>true</required><Mesh z:Ref="i289"/></URDFElement><URDFElement z:Id="i291" i:type="Material"><Attributes><Attribute z:Id="i292"><AttributeType>name</AttributeType><IsRequired>true</IsRequired><Value i:type="a:string" xmlns:a="http://www.w3.org/2001/XMLSchema"/></Attribute></Attributes><ChildElements><URDFElement z:Id="i293" i:type="Color"><Attributes><Attribute z:Id="i294"><AttributeType>rgba</AttributeType><IsRequired>true</IsRequired><Value i:type="a:ArrayOfdouble" xmlns:a="http://schemas.microsoft.com/2003/10/Serialization/Arrays"><a:double>0.2</a:double><a:double>0.2</a:double><a:double>0.2</a:double><a:double>1</a:double></Value></Attribute></Attributes><ChildElements/><ElementName>color</ElementName><required>false</required><RGBAAttribute z:Ref="i294"/></URDFElement><URDFElement z:Id="i295" i:type="Texture"><Attributes><Attribute z:Id="i296"><AttributeType>filename</AttributeType><IsRequired>true</IsRequired><Value i:nil="true"/></Attribute></Attributes><ChildElements/><ElementName>texture</ElementName><required>false</required><FilenameAttribute z:Ref="i296"/><wFilename/></URDFElement></ChildElements><ElementName>material</ElementName><required>false</required><Color z:Ref="i293"/><NameAttribute z:Ref="i292"/><Texture z:Ref="i295"/></URDFElement></ChildElements><ElementName>visual</ElementName><required>false</required><Geometry z:Ref="i288"/><Material z:Ref="i291"/><Origin z:Ref="i285"/></URDFElement><URDFElement z:Id="i297" i:type="Collision"><Attributes/><ChildElements><URDFElement z:Id="i298" i:type="Origin"><Attributes><Attribute z:Id="i299"><AttributeType>xyz</AttributeType><IsRequired>true</IsRequired><Value i:type="a:ArrayOfdouble" xmlns:a="http://schemas.microsoft.com/2003/10/Serialization/Arrays"><a:double>0</a:double><a:double>0</a:double><a:double>0</a:double></Value></Attribute><Attribute z:Id="i300"><AttributeType>rpy</AttributeType><IsRequired>true</IsRequired><Value i:type="a:ArrayOfdouble" xmlns:a="http://schemas.microsoft.com/2003/10/Serialization/Arrays"><a:double>0</a:double><a:double>0</a:double><a:double>0</a:double></Value></Attribute></Attributes><ChildElements/><ElementName>origin</ElementName><required>false</required><RPYAttribute z:Ref="i300"/><XYZAttribute z:Ref="i299"/><isCustomized>false</isCustomized></URDFElement><URDFElement z:Id="i301" i:type="Geometry"><Attributes/><ChildElements><URDFElement z:Id="i302" i:type="Mesh"><Attributes><Attribute z:Id="i303"><AttributeType>filename</AttributeType><IsRequired>true</IsRequired><Value i:nil="true"/></Attribute></Attributes><ChildElements/><ElementName>mesh</ElementName><required>false</required><FilenameAttribute z:Ref="i303"/></URDFElement></ChildElements><ElementName>geometry</ElementName><required>true</required><Mesh z:Ref="i302"/></URDFElement></ChildElements><ElementName>collision</ElementName><required>false</required><Geometry z:Ref="i301"/><Origin z:Ref="i298"/></URDFElement><URDFElement z:Id="i304" i:type="Joint"><Attributes><Attribute z:Id="i305"><AttributeType>name</AttributeType><IsRequired>true</IsRequired><Value i:type="a:string" xmlns:a="http://www.w3.org/2001/XMLSchema">left_wheel</Value></Attribute><Attribute z:Id="i306"><AttributeType>type</AttributeType><IsRequired>true</IsRequired><Value i:type="a:string" xmlns:a="http://www.w3.org/2001/XMLSchema">continuous</Value></Attribute></Attributes><ChildElements><URDFElement z:Id="i307" i:type="Origin"><Attributes><Attribute z:Id="i308"><AttributeType>xyz</AttributeType><IsRequired>true</IsRequired><Value i:type="a:ArrayOfdouble" xmlns:a="http://schemas.microsoft.com/2003/10/Serialization/Arrays"><a:double>-0.0013143</a:double><a:double>0.17497</a:double><a:double>0.015</a:double></Value></Attribute><Attribute z:Id="i309"><AttributeType>rpy</AttributeType><IsRequired>true</IsRequired><Value i:type="a:ArrayOfdouble" xmlns:a="http://schemas.microsoft.com/2003/10/Serialization/Arrays"><a:double>0</a:double><a:double>0</a:double><a:double>0</a:double></Value></Attribute></Attributes><ChildElements/><ElementName>origin</ElementName><required>false</required><RPYAttribute z:Ref="i309"/><XYZAttribute z:Ref="i308"/><isCustomized>false</isCustomized></URDFElement><URDFElement z:Id="i310" i:type="ParentLink"><Attributes><Attribute z:Id="i311"><AttributeType>link</AttributeType><IsRequired>true</IsRequired><Value i:type="a:string" xmlns:a="http://www.w3.org/2001/XMLSchema">base_link</Value></Attribute></Attributes><ChildElements/><ElementName>parent</ElementName><required>true</required><NameAttribute z:Ref="i311"/></URDFElement><URDFElement z:Id="i312" i:type="ChildLink"><Attributes><Attribute z:Id="i313"><AttributeType>link</AttributeType><IsRequired>true</IsRequired><Value i:type="a:string" xmlns:a="http://www.w3.org/2001/XMLSchema">left_wheel_link</Value></Attribute></Attributes><ChildElements/><ElementName>child</ElementName><required>true</required><NameAttribute z:Ref="i313"/></URDFElement><URDFElement z:Id="i314" i:type="Axis"><Attributes><Attribute z:Id="i315"><AttributeType>xyz</AttributeType><IsRequired>true</IsRequired><Value i:type="a:ArrayOfdouble" xmlns:a="http://schemas.microsoft.com/2003/10/Serialization/Arrays"><a:double>0.0082569</a:double><a:double>-0.99997</a:double><a:double>0</a:double></Value></Attribute></Attributes><ChildElements/><ElementName>axis</ElementName><required>false</required><XYZAttribute z:Ref="i315"/></URDFElement><URDFElement z:Id="i316" i:type="Limit"><Attributes><Attribute z:Id="i317"><AttributeType>lower</AttributeType><IsRequired>false</IsRequired><Value i:nil="true"/></Attribute><Attribute z:Id="i318"><AttributeType>upper</AttributeType><IsRequired>false</IsRequired><Value i:nil="true"/></Attribute><Attribute z:Id="i319"><AttributeType>effort</AttributeType><IsRequired>true</IsRequired><Value i:nil="true"/></Attribute><Attribute z:Id="i320"><AttributeType>velocity</AttributeType><IsRequired>true</IsRequired><Value i:nil="true"/></Attribute></Attributes><ChildElements/><ElementName>limit</ElementName><required>false</required><EffortAttribute z:Ref="i319"/><LowerAttribute z:Ref="i317"/><UpperAttribute z:Ref="i318"/><VelocityAttribute z:Ref="i320"/></URDFElement><URDFElement z:Id="i321" i:type="Calibration"><Attributes><Attribute z:Id="i322"><AttributeType>rising</AttributeType><IsRequired>false</IsRequired><Value i:nil="true"/></Attribute><Attribute z:Id="i323"><AttributeType>falling</AttributeType><IsRequired>false</IsRequired><Value i:nil="true"/></Attribute></Attributes><ChildElements/><ElementName>calibration</ElementName><required>false</required><FallingAttribute z:Ref="i323"/><RisingAttribute z:Ref="i322"/></URDFElement><URDFElement z:Id="i324" i:type="Dynamics"><Attributes><Attribute z:Id="i325"><AttributeType>damping</AttributeType><IsRequired>false</IsRequired><Value i:nil="true"/></Attribute><Attribute z:Id="i326"><AttributeType>friction</AttributeType><IsRequired>false</IsRequired><Value i:nil="true"/></Attribute></Attributes><ChildElements/><ElementName>dynamics</ElementName><required>false</required><DampingAttribute z:Ref="i325"/><FrictionAttribute z:Ref="i326"/></URDFElement><URDFElement z:Id="i327" i:type="SafetyController"><Attributes><Attribute z:Id="i328"><AttributeType>soft_upper_limit</AttributeType><IsRequired>false</IsRequired><Value i:nil="true"/></Attribute><Attribute z:Id="i329"><AttributeType>soft_lower_limit</AttributeType><IsRequired>false</IsRequired><Value i:nil="true"/></Attribute><Attribute z:Id="i330"><AttributeType>k_position</AttributeType><IsRequired>false</IsRequired><Value i:nil="true"/></Attribute><Attribute z:Id="i331"><AttributeType>k_velocity</AttributeType><IsRequired>true</IsRequired><Value i:nil="true"/></Attribute></Attributes><ChildElements/><ElementName>safety_controller</ElementName><required>false</required><KPositionAttribute z:Ref="i330"/><KVelocityAttribute z:Ref="i331"/><SoftLowerAttribute z:Ref="i329"/><SoftUpperAttribute z:Ref="i328"/></URDFElement><URDFElement z:Id="i332" i:type="Mimic"><Attributes><Attribute z:Id="i333"><AttributeType>joint</AttributeType><IsRequired>true</IsRequired><Value i:nil="true"/></Attribute><Attribute z:Id="i334"><AttributeType>multiplier</AttributeType><IsRequired>false</IsRequired><Value i:nil="true"/></Attribute><Attribute z:Id="i335"><AttributeType>offset</AttributeType><IsRequired>false</IsRequired><Value i:nil="true"/></Attribute></Attributes><ChildElements/><ElementName>mimic</ElementName><required>false</required><JointNameAttribute z:Ref="i333"/><MultiplierAttribute z:Ref="i334"/><OffsetAttribute z:Ref="i335"/></URDFElement></ChildElements><ElementName>joint</ElementName><required>false</required><Axis z:Ref="i314"/><AxisName>Axis3</AxisName><Calibration z:Ref="i321"/><Child z:Ref="i312"/><CoordinateSystemName>Coordinate System7</CoordinateSystemName><Dynamics z:Ref="i324"/><Limit z:Ref="i316"/><Mimic z:Ref="i332"/><NameAttribute z:Ref="i305"/><Origin z:Ref="i307"/><Parent z:Ref="i310"/><Safety z:Ref="i327"/><TypeAttribute z:Ref="i306"/></URDFElement></ChildElements><ElementName>link</ElementName><required>true</required><Children/><Collision z:Ref="i297"/><Inertial z:Ref="i271"/><Joint z:Ref="i304"/><NameAttribute z:Ref="i270"/><Parent z:Ref="i1"/><STLQualityFine>false</STLQualityFine><SWComponentPIDs xmlns:a="http://schemas.microsoft.com/2003/10/Serialization/Arrays"><a:base64Binary>aEIAAAUAAAD//v8gbQBvAHQAbwByAGUAZABpAHQALQAzAEAAcgBvAGIAbwBWADMAKAB1AHIAZABmAF8AYwBoAGEAbgBnAGUAZAApAAQAAAAQAAAAAQAAAAEAAADKAgAA</a:base64Binary></SWComponentPIDs><SWMainComponentPID i:nil="true"/><Visual z:Ref="i284"/><isFixedFrame>false</isFixedFrame><isIncomplete>false</isIncomplete></Link><Link z:Id="i336"><Attributes><Attribute z:Id="i337"><AttributeType>name</AttributeType><IsRequired>true</IsRequired><Value i:type="a:string" xmlns:a="http://www.w3.org/2001/XMLSchema">camera_link</Value></Attribute></Attributes><ChildElements><URDFElement z:Id="i338" i:type="Inertial"><Attributes/><ChildElements><URDFElement z:Id="i339" i:type="Origin"><Attributes><Attribute z:Id="i340"><AttributeType>xyz</AttributeType><IsRequired>true</IsRequired><Value i:type="a:ArrayOfdouble" xmlns:a="http://schemas.microsoft.com/2003/10/Serialization/Arrays"><a:double>-0.028697404385694125</a:double><a:double>-0.0031532314154304464</a:double><a:double>-0.0069642717036187962</a:double></Value></Attribute><Attribute z:Id="i341"><AttributeType>rpy</AttributeType><IsRequired>true</IsRequired><Value i:type="a:ArrayOfdouble" xmlns:a="http://schemas.microsoft.com/2003/10/Serialization/Arrays"><a:double>0</a:double><a:double>0</a:double><a:double>0</a:double></Value></Attribute></Attributes><ChildElements/><ElementName>origin</ElementName><required>false</required><RPYAttribute z:Ref="i341"/><XYZAttribute z:Ref="i340"/><isCustomized>false</isCustomized></URDFElement><URDFElement z:Id="i342" i:type="Mass"><Attributes><Attribute z:Id="i343"><AttributeType>value</AttributeType><IsRequired>true</IsRequired><Value i:type="a:double" xmlns:a="http://www.w3.org/2001/XMLSchema">0.64645488472217083</Value></Attribute></Attributes><ChildElements/><ElementName>mass</ElementName><required>false</required><ValueAttribute z:Ref="i343"/></URDFElement><URDFElement z:Id="i344" i:type="Inertia"><Attributes><Attribute z:Id="i345"><AttributeType>ixx</AttributeType><IsRequired>true</IsRequired><Value i:type="a:double" xmlns:a="http://www.w3.org/2001/XMLSchema">0.0028423827316273191</Value></Attribute><Attribute z:Id="i346"><AttributeType>ixy</AttributeType><IsRequired>true</IsRequired><Value i:type="a:double" xmlns:a="http://www.w3.org/2001/XMLSchema">1.8727304572263611E-05</Value></Attribute><Attribute z:Id="i347"><AttributeType>ixz</AttributeType><IsRequired>true</IsRequired><Value i:type="a:double" xmlns:a="http://www.w3.org/2001/XMLSchema">1.4807509092677482E-07</Value></Attribute><Attribute z:Id="i348"><AttributeType>iyy</AttributeType><IsRequired>true</IsRequired><Value i:type="a:double" xmlns:a="http://www.w3.org/2001/XMLSchema">0.000263758634501103</Value></Attribute><Attribute z:Id="i349"><AttributeType>iyz</AttributeType><IsRequired>true</IsRequired><Value i:type="a:double" xmlns:a="http://www.w3.org/2001/XMLSchema">-3.3373612907346736E-08</Value></Attribute><Attribute z:Id="i350"><AttributeType>izz</AttributeType><IsRequired>true</IsRequired><Value i:type="a:double" xmlns:a="http://www.w3.org/2001/XMLSchema">0.0029627405896730766</Value></Attribute></Attributes><ChildElements/><ElementName>inertia</ElementName><required>false</required><IxxAttribute z:Ref="i345"/><IxyAttribute z:Ref="i346"/><IxzAttribute z:Ref="i347"/><IyyAttribute z:Ref="i348"/><IyzAttribute z:Ref="i349"/><IzzAttribute z:Ref="i350"/></URDFElement></ChildElements><ElementName>inertial</ElementName><required>false</required><Inertia z:Ref="i344"/><Mass z:Ref="i342"/><Origin z:Ref="i339"/></URDFElement><URDFElement z:Id="i351" i:type="Visual"><Attributes/><ChildElements><URDFElement z:Id="i352" i:type="Origin"><Attributes><Attribute z:Id="i353"><AttributeType>xyz</AttributeType><IsRequired>true</IsRequired><Value i:type="a:ArrayOfdouble" xmlns:a="http://schemas.microsoft.com/2003/10/Serialization/Arrays"><a:double>0</a:double><a:double>0</a:double><a:double>0</a:double></Value></Attribute><Attribute z:Id="i354"><AttributeType>rpy</AttributeType><IsRequired>true</IsRequired><Value i:type="a:ArrayOfdouble" xmlns:a="http://schemas.microsoft.com/2003/10/Serialization/Arrays"><a:double>0</a:double><a:double>0</a:double><a:double>0</a:double></Value></Attribute></Attributes><ChildElements/><ElementName>origin</ElementName><required>false</required><RPYAttribute z:Ref="i354"/><XYZAttribute z:Ref="i353"/><isCustomized>false</isCustomized></URDFElement><URDFElement z:Id="i355" i:type="Geometry"><Attributes/><ChildElements><URDFElement z:Id="i356" i:type="Mesh"><Attributes><Attribute z:Id="i357"><AttributeType>filename</AttributeType><IsRequired>true</IsRequired><Value i:nil="true"/></Attribute></Attributes><ChildElements/><ElementName>mesh</ElementName><required>false</required><FilenameAttribute z:Ref="i357"/></URDFElement></ChildElements><ElementName>geometry</ElementName><required>true</required><Mesh z:Ref="i356"/></URDFElement><URDFElement z:Id="i358" i:type="Material"><Attributes><Attribute z:Id="i359"><AttributeType>name</AttributeType><IsRequired>true</IsRequired><Value i:type="a:string" xmlns:a="http://www.w3.org/2001/XMLSchema"/></Attribute></Attributes><ChildElements><URDFElement z:Id="i360" i:type="Color"><Attributes><Attribute z:Id="i361"><AttributeType>rgba</AttributeType><IsRequired>true</IsRequired><Value i:type="a:ArrayOfdouble" xmlns:a="http://schemas.microsoft.com/2003/10/Serialization/Arrays"><a:double>0.75294117647058822</a:double><a:double>0.75294117647058822</a:double><a:double>0.75294117647058822</a:double><a:double>1</a:double></Value></Attribute></Attributes><ChildElements/><ElementName>color</ElementName><required>false</required><RGBAAttribute z:Ref="i361"/></URDFElement><URDFElement z:Id="i362" i:type="Texture"><Attributes><Attribute z:Id="i363"><AttributeType>filename</AttributeType><IsRequired>true</IsRequired><Value i:nil="true"/></Attribute></Attributes><ChildElements/><ElementName>texture</ElementName><required>false</required><FilenameAttribute z:Ref="i363"/><wFilename/></URDFElement></ChildElements><ElementName>material</ElementName><required>false</required><Color z:Ref="i360"/><NameAttribute z:Ref="i359"/><Texture z:Ref="i362"/></URDFElement></ChildElements><ElementName>visual</ElementName><required>false</required><Geometry z:Ref="i355"/><Material z:Ref="i358"/><Origin z:Ref="i352"/></URDFElement><URDFElement z:Id="i364" i:type="Collision"><Attributes/><ChildElements><URDFElement z:Id="i365" i:type="Origin"><Attributes><Attribute z:Id="i366"><AttributeType>xyz</AttributeType><IsRequired>true</IsRequired><Value i:type="a:ArrayOfdouble" xmlns:a="http://schemas.microsoft.com/2003/10/Serialization/Arrays"><a:double>0</a:double><a:double>0</a:double><a:double>0</a:double></Value></Attribute><Attribute z:Id="i367"><AttributeType>rpy</AttributeType><IsRequired>true</IsRequired><Value i:type="a:ArrayOfdouble" xmlns:a="http://schemas.microsoft.com/2003/10/Serialization/Arrays"><a:double>0</a:double><a:double>0</a:double><a:double>0</a:double></Value></Attribute></Attributes><ChildElements/><ElementName>origin</ElementName><required>false</required><RPYAttribute z:Ref="i367"/><XYZAttribute z:Ref="i366"/><isCustomized>false</isCustomized></URDFElement><URDFElement z:Id="i368" i:type="Geometry"><Attributes/><ChildElements><URDFElement z:Id="i369" i:type="Mesh"><Attributes><Attribute z:Id="i370"><AttributeType>filename</AttributeType><IsRequired>true</IsRequired><Value i:nil="true"/></Attribute></Attributes><ChildElements/><ElementName>mesh</ElementName><required>false</required><FilenameAttribute z:Ref="i370"/></URDFElement></ChildElements><ElementName>geometry</ElementName><required>true</required><Mesh z:Ref="i369"/></URDFElement></ChildElements><ElementName>collision</ElementName><required>false</required><Geometry z:Ref="i368"/><Origin z:Ref="i365"/></URDFElement><URDFElement z:Id="i371" i:type="Joint"><Attributes><Attribute z:Id="i372"><AttributeType>name</AttributeType><IsRequired>true</IsRequired><Value i:type="a:string" xmlns:a="http://www.w3.org/2001/XMLSchema">cam</Value></Attribute><Attribute z:Id="i373"><AttributeType>type</AttributeType><IsRequired>true</IsRequired><Value i:type="a:string" xmlns:a="http://www.w3.org/2001/XMLSchema">fixed</Value></Attribute></Attributes><ChildElements><URDFElement z:Id="i374" i:type="Origin"><Attributes><Attribute z:Id="i375"><AttributeType>xyz</AttributeType><IsRequired>true</IsRequired><Value i:type="a:ArrayOfdouble" xmlns:a="http://schemas.microsoft.com/2003/10/Serialization/Arrays"><a:double>0.26495227055491077</a:double><a:double>0.0053582123173611662</a:double><a:double>0.28442516461510226</a:double></Value></Attribute><Attribute z:Id="i376"><AttributeType>rpy</AttributeType><IsRequired>true</IsRequired><Value i:type="a:ArrayOfdouble" xmlns:a="http://schemas.microsoft.com/2003/10/Serialization/Arrays"><a:double>0</a:double><a:double>0</a:double><a:double>0</a:double></Value></Attribute></Attributes><ChildElements/><ElementName>origin</ElementName><required>false</required><RPYAttribute z:Ref="i376"/><XYZAttribute z:Ref="i375"/><isCustomized>false</isCustomized></URDFElement><URDFElement z:Id="i377" i:type="ParentLink"><Attributes><Attribute z:Id="i378"><AttributeType>link</AttributeType><IsRequired>true</IsRequired><Value i:type="a:string" xmlns:a="http://www.w3.org/2001/XMLSchema">base_link</Value></Attribute></Attributes><ChildElements/><ElementName>parent</ElementName><required>true</required><NameAttribute z:Ref="i378"/></URDFElement><URDFElement z:Id="i379" i:type="ChildLink"><Attributes><Attribute z:Id="i380"><AttributeType>link</AttributeType><IsRequired>true</IsRequired><Value i:type="a:string" xmlns:a="http://www.w3.org/2001/XMLSchema">camera_link</Value></Attribute></Attributes><ChildElements/><ElementName>child</ElementName><required>true</required><NameAttribute z:Ref="i380"/></URDFElement><URDFElement z:Id="i381" i:type="Axis"><Attributes><Attribute z:Id="i382"><AttributeType>xyz</AttributeType><IsRequired>true</IsRequired><Value i:type="a:ArrayOfdouble" xmlns:a="http://schemas.microsoft.com/2003/10/Serialization/Arrays"><a:double>0</a:double><a:double>0</a:double><a:double>0</a:double></Value></Attribute></Attributes><ChildElements/><ElementName>axis</ElementName><required>false</required><XYZAttribute z:Ref="i382"/></URDFElement><URDFElement z:Id="i383" i:type="Limit"><Attributes><Attribute z:Id="i384"><AttributeType>lower</AttributeType><IsRequired>false</IsRequired><Value i:nil="true"/></Attribute><Attribute z:Id="i385"><AttributeType>upper</AttributeType><IsRequired>false</IsRequired><Value i:nil="true"/></Attribute><Attribute z:Id="i386"><AttributeType>effort</AttributeType><IsRequired>true</IsRequired><Value i:nil="true"/></Attribute><Attribute z:Id="i387"><AttributeType>velocity</AttributeType><IsRequired>true</IsRequired><Value i:nil="true"/></Attribute></Attributes><ChildElements/><ElementName>limit</ElementName><required>false</required><EffortAttribute z:Ref="i386"/><LowerAttribute z:Ref="i384"/><UpperAttribute z:Ref="i385"/><VelocityAttribute z:Ref="i387"/></URDFElement><URDFElement z:Id="i388" i:type="Calibration"><Attributes><Attribute z:Id="i389"><AttributeType>rising</AttributeType><IsRequired>false</IsRequired><Value i:nil="true"/></Attribute><Attribute z:Id="i390"><AttributeType>falling</AttributeType><IsRequired>false</IsRequired><Value i:nil="true"/></Attribute></Attributes><ChildElements/><ElementName>calibration</ElementName><required>false</required><FallingAttribute z:Ref="i390"/><RisingAttribute z:Ref="i389"/></URDFElement><URDFElement z:Id="i391" i:type="Dynamics"><Attributes><Attribute z:Id="i392"><AttributeType>damping</AttributeType><IsRequired>false</IsRequired><Value i:nil="true"/></Attribute><Attribute z:Id="i393"><AttributeType>friction</AttributeType><IsRequired>false</IsRequired><Value i:nil="true"/></Attribute></Attributes><ChildElements/><ElementName>dynamics</ElementName><required>false</required><DampingAttribute z:Ref="i392"/><FrictionAttribute z:Ref="i393"/></URDFElement><URDFElement z:Id="i394" i:type="SafetyController"><Attributes><Attribute z:Id="i395"><AttributeType>soft_upper_limit</AttributeType><IsRequired>false</IsRequired><Value i:nil="true"/></Attribute><Attribute z:Id="i396"><AttributeType>soft_lower_limit</AttributeType><IsRequired>false</IsRequired><Value i:nil="true"/></Attribute><Attribute z:Id="i397"><AttributeType>k_position</AttributeType><IsRequired>false</IsRequired><Value i:nil="true"/></Attribute><Attribute z:Id="i398"><AttributeType>k_velocity</AttributeType><IsRequired>true</IsRequired><Value i:nil="true"/></Attribute></Attributes><ChildElements/><ElementName>safety_controller</ElementName><required>false</required><KPositionAttribute z:Ref="i397"/><KVelocityAttribute z:Ref="i398"/><SoftLowerAttribute z:Ref="i396"/><SoftUpperAttribute z:Ref="i395"/></URDFElement><URDFElement z:Id="i399" i:type="Mimic"><Attributes><Attribute z:Id="i400"><AttributeType>joint</AttributeType><IsRequired>true</IsRequired><Value i:nil="true"/></Attribute><Attribute z:Id="i401"><AttributeType>multiplier</AttributeType><IsRequired>false</IsRequired><Value i:nil="true"/></Attribute><Attribute z:Id="i402"><AttributeType>offset</AttributeType><IsRequired>false</IsRequired><Value i:nil="true"/></Attribute></Attributes><ChildElements/><ElementName>mimic</ElementName><required>false</required><JointNameAttribute z:Ref="i400"/><MultiplierAttribute z:Ref="i401"/><OffsetAttribute z:Ref="i402"/></URDFElement></ChildElements><ElementName>joint</ElementName><required>false</required><Axis z:Ref="i381"/><AxisName>Automatically Generate</AxisName><Calibration z:Ref="i388"/><Child z:Ref="i379"/><CoordinateSystemName>Coordinate System8</CoordinateSystemName><Dynamics z:Ref="i391"/><Limit z:Ref="i383"/><Mimic z:Ref="i399"/><NameAttribute z:Ref="i372"/><Origin z:Ref="i374"/><Parent z:Ref="i377"/><Safety z:Ref="i394"/><TypeAttribute z:Ref="i373"/></URDFElement></ChildElements><ElementName>link</ElementName><required>true</required><Children/><Collision z:Ref="i364"/><Inertial z:Ref="i338"/><Joint z:Ref="i371"/><NameAttribute z:Ref="i337"/><Parent z:Ref="i1"/><STLQualityFine>false</STLQualityFine><SWComponentPIDs xmlns:a="http://schemas.microsoft.com/2003/10/Serialization/Arrays"><a:base64Binary>aEIAAAUAAAD//v8jZgBpAG4AYQBsACAAawBpAG4AZQBjAHQALQAxAEAAcgBvAGIAbwBWADMAKAB1AHIAZABmAF8AYwBoAGEAbgBnAGUAZAApAAQAAAAQAAAAAQAAAAEAAADeBwAA</a:base64Binary></SWComponentPIDs><SWMainComponentPID i:nil="true"/><Visual z:Ref="i351"/><isFixedFrame>false</isFixedFrame><isIncomplete>false</isIncomplete></Link></Children><Collision z:Ref="i29"/><Inertial z:Ref="i3"/><Joint z:Ref="i36"/><NameAttribute z:Ref="i2"/><Parent i:nil="true"/><STLQualityFine>false</STLQualityFine><SWComponentPIDs xmlns:a="http://schemas.microsoft.com/2003/10/Serialization/Arrays"><a:base64Binary>aEIAAAUAAAD//v8mYwB1AG0AXwBiAGEAbgBoAF8AeABlAF8AbABvAG4ALQAzAEAAcgBvAGIAbwBWADMAKAB1AHIAZABmAF8AYwBoAGEAbgBnAGUAZAApAAQAAAAQAAAAAQAAAAEAAACMAQAA</a:base64Binary><a:base64Binary>aEIAAAUAAAD//v8bMgAwAG0AbQAtADIAQAByAG8AYgBvAFYAMwAoAHUAcgBkAGYAXwBjAGgAYQBuAGcAZQBkACkABAAAABAAAAABAAAAAQAAACkCAAA=</a:base64Binary><a:base64Binary>aEIAAAUAAAD//v8bMgAwAG0AbQAtADgAQAByAG8AYgBvAFYAMwAoAHUAcgBkAGYAXwBjAGgAYQBuAGcAZQBkACkABAAAABAAAAABAAAAAQAAAC8CAAA=</a:base64Binary><a:base64Binary>aEIAAAUAAAD//v8gbQBvAHQAbwByAEEAeABpAHMALQAxAEAAcgBvAGIAbwBWADMAKAB1AHIAZABmAF8AYwBoAGEAbgBnAGUAZAApAAQAAAAQAAAAAQAAAAEAAACrAgAA</a:base64Binary><a:base64Binary>aEIAAAUAAAD//v8jbABpAGQAYQByAF8AcAB1AHMAaAB1AHAALQAxAEAAcgBvAGIAbwBWADMAKAB1AHIAZABmAF8AYwBoAGEAbgBnAGUAZAApAAQAAAAQAAAAAQAAAAEAAACHBAAA</a:base64Binary><a:base64Binary>aEIAAAUAAAD//v8ncwB0AGEAbgBkAG8AZgBmAF8ATQAyAF8AMgAwAG0AbQAtADEAQAByAG8AYgBvAFYAMwAoAHUAcgBkAGYAXwBjAGgAYQBuAGcAZQBkACkABAAAABAAAAABAAAAAQAAAMkEAAA=</a:base64Binary><a:base64Binary>aEIAAAUAAAD//v8ncwB0AGEAbgBkAG8AZgBmAF8ATQAyAF8AMgAwAG0AbQAtADMAQAByAG8AYgBvAFYAMwAoAHUAcgBkAGYAXwBjAGgAYQBuAGcAZQBkACkABAAAABAAAAABAAAAAQAAANAEAAA=</a:base64Binary><a:base64Binary>aEIAAAUAAAD//v8ncwB0AGEAbgBkAG8AZgBmAF8ATQAyAF8AMgAwAG0AbQAtADQAQAByAG8AYgBvAFYAMwAoAHUAcgBkAGYAXwBjAGgAYQBuAGcAZQBkACkABAAAABAAAAABAAAAAQAAANYEAAA=</a:base64Binary><a:base64Binary>aEIAAAUAAAD//v8ncwB0AGEAbgBkAG8AZgBmAF8ATQAyAF8AMgAwAG0AbQAtADUAQAByAG8AYgBvAFYAMwAoAHUAcgBkAGYAXwBjAGgAYQBuAGcAZQBkACkABAAAABAAAAABAAAAAQAAANkEAAA=</a:base64Binary><a:base64Binary>aEIAAAUAAAD//v8eYgBhAHQAdABlAHIAeQAtADEAQAByAG8AYgBvAFYAMwAoAHUAcgBkAGYAXwBjAGgAYQBuAGcAZQBkACkABAAAABAAAAABAAAAAQAAANwEAAA=</a:base64Binary><a:base64Binary>aEIAAAUAAAD//v8oaABvAHYAZQByAGIAbwBhAHIAZABfAGQAcgBpAHYAZQByAC0AMQBAAHIAbwBiAG8AVgAzACgAdQByAGQAZgBfAGMAaABhAG4AZwBlAGQAKQAEAAAAEAAAAAEAAAABAAAA3QQAAA==</a:base64Binary><a:base64Binary>aEIAAAUAAAD//v8oYwB1AG0AXwByAGUAbABhAHkAXwBtAHkANABuAF8ANABwAC0AMQBAAHIAbwBiAG8AVgAzACgAdQByAGQAZgBfAGMAaABhAG4AZwBlAGQAKQAEAAAAEAAAAAEAAAABAAAA4QQAAA==</a:base64Binary><a:base64Binary>aEIAAAUAAAD//v8jbABpAGQAYQByAF8AcAB1AHMAaAB1AHAALQAzAEAAcgBvAGIAbwBWADMAKAB1AHIAZABmAF8AYwBoAGEAbgBnAGUAZAApAAQAAAAQAAAAAQAAAAEAAAATBQAA</a:base64Binary><a:base64Binary>aEIAAAUAAAD//v8oMwA2AHYAXwAxADIAdgBfAGMAbwBuAHYAZQByAHQAZQByAC0AMQBAAHIAbwBiAG8AVgAzACgAdQByAGQAZgBfAGMAaABhAG4AZwBlAGQAKQAEAAAAEAAAAAEAAAABAAAAIAUAAA==</a:base64Binary><a:base64Binary>aEIAAAUAAAD//v8jcgBlAG0AbwB0AGUAXwByAGUAbABhAHkALQAxAEAAcgBvAGIAbwBWADMAKAB1AHIAZABmAF8AYwBoAGEAbgBnAGUAZAApAAQAAAAQAAAAAQAAAAEAAAAxBQAA</a:base64Binary><a:base64Binary>aEIAAAUAAAD//v8lYQBsAHUAbQBpAG4AaQB1AG0AXwBiAGEAcwBlAC0AMQBAAHIAbwBiAG8AVgAzACgAdQByAGQAZgBfAGMAaABhAG4AZwBlAGQAKQAEAAAAEAAAAAEAAAABAAAANQUAAA==</a:base64Binary><a:base64Binary>aEIAAAUAAAD//v8icABpAF8AaABhAG4AZwBfAGkAbQB1AC0AMQBAAHIAbwBiAG8AVgAzACgAdQByAGQAZgBfAGMAaABhAG4AZwBlAGQAKQAEAAAAEAAAAAEAAAABAAAAWwUAAA==</a:base64Binary><a:base64Binary>aEIAAAUAAAD//v8jVwBFAEkARABVACAAVABCADIANQBYAFgALQAxAEAAcgBvAGIAbwBWADMAKAB1AHIAZABmAF8AYwBoAGEAbgBnAGUAZAApAAQAAAAQAAAAAQAAAAEAAAB4BQAA</a:base64Binary><a:base64Binary>aEIAAAUAAAD//v8rHwRABD4ERAQ4BDsETAQgAFYALQBzAGwAbwB0ACAAMgAwAHgANAAwAC0AMQBAAHIAbwBiAG8AVgAzACgAdQByAGQAZgBfAGMAaABhAG4AZwBlAGQAKQAEAAAAEAAAAAEAAAABAAAAfgUAAA==</a:base64Binary><a:base64Binary>aEIAAAUAAAD//v8rHwRABD4ERAQ4BDsETAQgAFYALQBzAGwAbwB0ACAAMgAwAHgANAAwAC0AMwBAAHIAbwBiAG8AVgAzACgAdQByAGQAZgBfAGMAaABhAG4AZwBlAGQAKQAEAAAAEAAAAAEAAAABAAAAgAUAAA==</a:base64Binary><a:base64Binary>aEIAAAUAAAD//v88MgAwAHgAMgAwAF8AYQBsAHUAbQBpAG4AdQBtAF8AZQB4AHQAcgB1AHMAaQBvAG4AXwBwAHIAbwBmAGkAbABlACAAMgA2AGMAbQAtADEAQAByAG8AYgBvAFYAMwAoAHUAcgBkAGYAXwBjAGgAYQBuAGcAZQBkACkABAAAABAAAAABAAAAAQAAAJkFAAA=</a:base64Binary><a:base64Binary>aEIAAAUAAAD//v8cMgAwAG0AbQAtADEAMABAAHIAbwBiAG8AVgAzACgAdQByAGQAZgBfAGMAaABhAG4AZwBlAGQAKQAEAAAAEAAAAAEAAAABAAAAygUAAA==</a:base64Binary><a:base64Binary>aEIAAAUAAAD//v8mYwB1AG0AXwBiAGEAbgBoAF8AeABlAF8AbABvAG4ALQA1AEAAcgBvAGIAbwBWADMAKAB1AHIAZABmAF8AYwBoAGEAbgBnAGUAZAApAAQAAAAQAAAAAQAAAAEAAADLBQAA</a:base64Binary><a:base64Binary>aEIAAAUAAAD//v8gbQBvAHQAbwByAEEAeABpAHMALQA0AEAAcgBvAGIAbwBWADMAKAB1AHIAZABmAF8AYwBoAGEAbgBnAGUAZAApAAQAAAAQAAAAAQAAAAEAAADMBQAA</a:base64Binary><a:base64Binary>aEIAAAUAAAD//v8cMgAwAG0AbQAtADEAMQBAAHIAbwBiAG8AVgAzACgAdQByAGQAZgBfAGMAaABhAG4AZwBlAGQAKQAEAAAAEAAAAAEAAAABAAAAzQUAAA==</a:base64Binary><a:base64Binary>aEIAAAUAAAD//v8sYwB1AG0AXwBkAGEAaAB1AG8AbgBnAF8AdAByAHUAbwBjAF8AcwBhAHUALQA1AEAAcgBvAGIAbwBWADMAKAB1AHIAZABmAF8AYwBoAGEAbgBnAGUAZAApAAQAAAAQAAAAAQAAAAEAAAAZBgAA</a:base64Binary><a:base64Binary>aEIAAAUAAAD//v8sYwB1AG0AXwBkAGEAaAB1AG8AbgBnAF8AdAByAHUAbwBjAF8AcwBhAHUALQA2AEAAcgBvAGIAbwBWADMAKAB1AHIAZABmAF8AYwBoAGEAbgBnAGUAZAApAAQAAAAQAAAAAQAAAAEAAAAgBgAA</a:base64Binary><a:base64Binary>aEIAAAUAAAD//v8kZgB1AGwAbABfAGMAbwB2AGUAcgBfAHYAMgAtADEAQAByAG8AYgBvAFYAMwAoAHUAcgBkAGYAXwBjAGgAYQBuAGcAZQBkACkABAAAABAAAAABAAAAAQAAAFwGAAA=</a:base64Binary><a:base64Binary>aEIAAAUAAAD//v8pYwBvAHYAZQByAF8AagBvAGkAbgB0AF8AdgAzAC4AMQAuADIALQAxAEAAcgBvAGIAbwBWADMAKAB1AHIAZABmAF8AYwBoAGEAbgBnAGUAZAApAAQAAAAQAAAAAQAAAAEAAACjBgAA</a:base64Binary><a:base64Binary>aEIAAAUAAAD//v8ZagAxAC0AMQBAAHIAbwBiAG8AVgAzACgAdQByAGQAZgBfAGMAaABhAG4AZwBlAGQAKQAEAAAAEAAAAAEAAAABAAAArAYAAA==</a:base64Binary><a:base64Binary>aEIAAAUAAAD//v8ZagAxAC0AMgBAAHIAbwBiAG8AVgAzACgAdQByAGQAZgBfAGMAaABhAG4AZwBlAGQAKQAEAAAAEAAAAAEAAAABAAAArQYAAA==</a:base64Binary><a:base64Binary>aEIAAAUAAAD//v8ebQBhAHQAeABlAG8AMQAtADEAQAByAG8AYgBvAFYAMwAoAHUAcgBkAGYAXwBjAGgAYQBuAGcAZQBkACkABAAAABAAAAABAAAAAQAAAL0GAAA=</a:base64Binary><a:base64Binary>aEIAAAUAAAD//v8tQQByAGMAYQBkAGUAIABQAHUAcwBoACAAYgB1AHQAdABvAG4AIABhAHMAbQAtADIAQAByAG8AYgBvAFYAMwAoAHUAcgBkAGYAXwBjAGgAYQBuAGcAZQBkACkABAAAABAAAAABAAAAAQAAAM8GAAA=</a:base64Binary><a:base64Binary>aEIAAAUAAAD//v86UwB0AG8AcAAgAFMAdwBpAHQAYwBoACAAUAB1AHMAaAAgAEIAdQB0AHQAbwBuACAATABBAFkAMwA3ACAAKABQAEIAQwApAC0AMwBAAHIAbwBiAG8AVgAzACgAdQByAGQAZgBfAGMAaABhAG4AZwBlAGQAKQAEAAAAEAAAAAEAAAABAAAA9wYAAA==</a:base64Binary><a:base64Binary>aEIAAAUAAAD//v8sYwBvAHYAZQByAF8AdQBwAF8AdgAyAF8AbABpAG4AaABfAG0AaQBjAGEALQAxAEAAcgBvAGIAbwBWADMAKAB1AHIAZABmAF8AYwBoAGEAbgBnAGUAZAApAAQAAAAQAAAAAQAAAAEAAADZBwAA</a:base64Binary><a:base64Binary>aEIAAAUAAAD//v8eYQBsAGkAYgBhAGIAYQAtADEAQAByAG8AYgBvAFYAMwAoAHUAcgBkAGYAXwBjAGgAYQBuAGcAZQBkACkABAAAABAAAAABAAAAAQAAADYIAAA=</a:base64Binary><a:base64Binary>aEIAAAUAAAD//v8aYwBoAGUALQAxAEAAcgBvAGIAbwBWADMAKAB1AHIAZABmAF8AYwBoAGEAbgBnAGUAZAApAAQAAAAQAAAAAQAAAAEAAAA8CAAA</a:base64Binary><a:base64Binary>aEIAAAUAAAD//v8aYwBoAGUALQAyAEAAcgBvAGIAbwBWADMAKAB1AHIAZABmAF8AYwBoAGEAbgBnAGUAZAApAAQAAAAQAAAAAQAAAAEAAABQCAAA</a:base64Binary><a:base64Binary>aEIAAAUAAAD//v8aYwBoAGUALQAzAEAAcgBvAGIAbwBWADMAKAB1AHIAZABmAF8AYwBoAGEAbgBnAGUAZAApAAQAAAAQAAAAAQAAAAEAAABZCAAA</a:base64Binary><a:base64Binary>aEIAAAUAAAD//v8aYwBoAGUALQA0AEAAcgBvAGIAbwBWADMAKAB1AHIAZABmAF8AYwBoAGEAbgBnAGUAZAApAAQAAAAQAAAAAQAAAAEAAABhCAAA</a:base64Binary><a:base64Binary>aEIAAAUAAAD//v8aYwBoAGUALQA1AEAAcgBvAGIAbwBWADMAKAB1AHIAZABmAF8AYwBoAGEAbgBnAGUAZAApAAQAAAAQAAAAAQAAAAEAAABpCAAA</a:base64Binary><a:base64Binary>aEIAAAUAAAD//v8aYwBoAGUALQA2AEAAcgBvAGIAbwBWADMAKAB1AHIAZABmAF8AYwBoAGEAbgBnAGUAZAApAAQAAAAQAAAAAQAAAAEAAABxCAAA</a:base64Binary><a:base64Binary>aEIAAAUAAAD//v8lZwBhAF8AbQBpAG4AaQBwAGMAXwBjAG8AbQBwAC0AMQBAAHIAbwBiAG8AVgAzACgAdQByAGQAZgBfAGMAaABhAG4AZwBlAGQAKQAEAAAAEAAAAAEAAAABAAAAxggAAA==</a:base64Binary><a:base64Binary>aEIAAAUAAAD//v8jZwBhAF8AbQBpAG4AaQBwAGMAXwB2ADIALQAyAEAAcgBvAGIAbwBWADMAKAB1AHIAZABmAF8AYwBoAGEAbgBnAGUAZAApAAQAAAAQAAAAAQAAAAEAAACxCAAA</a:base64Binary><a:base64Binary>aEIAAAUAAAD//v8jZwBhAF8AbQBpAG4AaQBwAGMAXwB2ADIALQAxAEAAcgBvAGIAbwBWADMAKAB1AHIAZABmAF8AYwBoAGEAbgBnAGUAZAApAAQAAAAQAAAAAQAAAAEAAACwCAAA</a:base64Binary><a:base64Binary>aEIAAAUAAAD//v8eaABvAHAAXwBwAGkAbgAtADEAQAByAG8AYgBvAFYAMwAoAHUAcgBkAGYAXwBjAGgAYQBuAGcAZQBkACkABAAAABAAAAABAAAAAQAAAN8IAAA=</a:base64Binary><a:base64Binary>aEIAAAUAAAD//v8fbgBhAG4AZwBfAGMAYQBtAC0AMQBAAHIAbwBiAG8AVgAzACgAdQByAGQAZgBfAGMAaABhAG4AZwBlAGQAKQAEAAAAEAAAAAEAAAABAAAA6ggAAA==</a:base64Binary><a:base64Binary>aEIAAAUAAAD//v81ZwBhAF8AYwBvAG0ALQAxAEAAcgBvAGIAbwBWADMAKAB1AHIAZABmAF8AYwBoAGEAbgBnAGUAZAApAC8AMgAwAHgAMgAwAF8AYQBsAHUAXwBkAG8AYwAxAC0AMgBAAGcAYQBfAGMAbwBtAAQAAAAQAAAAAQAAAAIAAAANCQAAGwAAAA==</a:base64Binary><a:base64Binary>aEIAAAUAAAD//v81ZwBhAF8AYwBvAG0ALQAxAEAAcgBvAGIAbwBWADMAKAB1AHIAZABmAF8AYwBoAGEAbgBnAGUAZAApAC8AMgAwAHgAMgAwAF8AYQBsAHUAXwBkAG8AYwAxAC0AMQBAAGcAYQBfAGMAbwBtAAQAAAAQAAAAAQAAAAIAAAANCQAAGgAAAA==</a:base64Binary><a:base64Binary>aEIAAAUAAAD//v83ZwBhAF8AYwBvAG0ALQAxAEAAcgBvAGIAbwBWADMAKAB1AHIAZABmAF8AYwBoAGEAbgBnAGUAZAApAC8AMgAwAHgAMgAwAF8AYQBsAHUAXwBuAGcAYQBuAGcAMQAtADEAQABnAGEAXwBjAG8AbQAEAAAAEAAAAAEAAAACAAAADQkAABkAAAA=</a:base64Binary><a:base64Binary>aEIAAAUAAAD//v8faABvAHAAXwBuAGEAbgBvAC0AMQBAAHIAbwBiAG8AVgAzACgAdQByAGQAZgBfAGMAaABhAG4AZwBlAGQAKQAEAAAAEAAAAAEAAAABAAAANAkAAA==</a:base64Binary><a:base64Binary>aEIAAAUAAAD//v8hawBlAGcAbwBjAF8AdABhAGIAMQAtADEAQAByAG8AYgBvAFYAMwAoAHUAcgBkAGYAXwBjAGgAYQBuAGcAZQBkACkABAAAABAAAAABAAAAAQAAAG4JAAA=</a:base64Binary><a:base64Binary>aEIAAAUAAAD//v8hawBlAGcAbwBjAF8AdABhAGIAMgAtADEAQAByAG8AYgBvAFYAMwAoAHUAcgBkAGYAXwBjAGgAYQBuAGcAZQBkACkABAAAABAAAAABAAAAAQAAAG8JAAA=</a:base64Binary><a:base64Binary>aEIAAAUAAAD//v8edAByAG8AZABvAG4AZwAtADEAQAByAG8AYgBvAFYAMwAoAHUAcgBkAGYAXwBjAGgAYQBuAGcAZQBkACkABAAAABAAAAABAAAAAQAAAHgJAAA=</a:base64Binary></SWComponentPIDs><SWMainComponentPID i:nil="true"/><Visual z:Ref="i16"/><isFixedFrame>false</isFixedFrame><isIncomplete>false</isIncomplete></Link>
2025-07-08 10:17:45,441 INFO  ExportPropertyManager.cs: 1142 - AfterClose called. This method no longer throws an Exception. It just silently does nothing. Ok, except for this logging message
2025-07-08 10:17:49,468 INFO  SwAddin.cs: 294 - Assembly export called for file roboV3(urdf_changed).SLDASM
2025-07-08 10:17:49,469 INFO  SwAddin.cs: 299 - Save is required
2025-07-08 10:17:49,470 INFO  SwAddin.cs: 313 - Saving assembly
2025-07-08 10:17:50,769 INFO  SwAddin.cs: 316 - Opening property manager
2025-07-08 10:17:50,770 INFO  ExportHelperExtension.cs: 1125 - Retrieving features of type [CoordSys] from roboV3(urdf_changed).SLDASM
2025-07-08 10:17:50,772 INFO  ExportHelperExtension.cs: 1136 - Found 313 in roboV3(urdf_changed).SLDASM
2025-07-08 10:17:50,774 INFO  ExportHelperExtension.cs: 1145 - Found 18 features of type [CoordSys] in roboV3(urdf_changed).SLDASM
2025-07-08 10:17:50,776 INFO  ExportHelperExtension.cs: 1148 - Proceeding through assembly components
2025-07-08 10:17:50,813 INFO  ExportHelperExtension.cs: 1160 - 60 components to check
2025-07-08 10:17:50,814 INFO  ExportHelperExtension.cs: 1125 - Retrieving features of type [CoordSys] from ga_minipc_v2-2
2025-07-08 10:17:50,815 INFO  ExportHelperExtension.cs: 1136 - Found 31 in ga_minipc_v2-2
2025-07-08 10:17:50,816 INFO  ExportHelperExtension.cs: 1145 - Found 0 features of type [CoordSys] in ga_minipc_v2-2
2025-07-08 10:17:50,817 INFO  ExportHelperExtension.cs: 1125 - Retrieving features of type [CoordSys] from nang_cam-1
2025-07-08 10:17:50,818 INFO  ExportHelperExtension.cs: 1136 - Found 25 in nang_cam-1
2025-07-08 10:17:50,819 INFO  ExportHelperExtension.cs: 1145 - Found 0 features of type [CoordSys] in nang_cam-1
2025-07-08 10:17:50,820 INFO  ExportHelperExtension.cs: 1125 - Retrieving features of type [CoordSys] from ga_minipc_comp-1
2025-07-08 10:17:50,821 INFO  ExportHelperExtension.cs: 1136 - Found 40 in ga_minipc_comp-1
2025-07-08 10:17:50,822 INFO  ExportHelperExtension.cs: 1145 - Found 0 features of type [CoordSys] in ga_minipc_comp-1
2025-07-08 10:17:50,822 INFO  ExportHelperExtension.cs: 1125 - Retrieving features of type [CoordSys] from che-4
2025-07-08 10:17:50,823 INFO  ExportHelperExtension.cs: 1136 - Found 25 in che-4
2025-07-08 10:17:50,824 INFO  ExportHelperExtension.cs: 1145 - Found 0 features of type [CoordSys] in che-4
2025-07-08 10:17:50,825 INFO  ExportHelperExtension.cs: 1125 - Retrieving features of type [CoordSys] from imu_40do-1
2025-07-08 10:17:50,825 INFO  ExportHelperExtension.cs: 1136 - Found 25 in imu_40do-1
2025-07-08 10:17:50,826 INFO  ExportHelperExtension.cs: 1145 - Found 0 features of type [CoordSys] in imu_40do-1
2025-07-08 10:17:50,827 INFO  ExportHelperExtension.cs: 1125 - Retrieving features of type [CoordSys] from che-5
2025-07-08 10:17:50,828 INFO  ExportHelperExtension.cs: 1136 - Found 25 in che-5
2025-07-08 10:17:50,829 INFO  ExportHelperExtension.cs: 1145 - Found 0 features of type [CoordSys] in che-5
2025-07-08 10:17:50,829 INFO  ExportHelperExtension.cs: 1125 - Retrieving features of type [CoordSys] from che-6
2025-07-08 10:17:50,830 INFO  ExportHelperExtension.cs: 1136 - Found 25 in che-6
2025-07-08 10:17:50,831 INFO  ExportHelperExtension.cs: 1145 - Found 0 features of type [CoordSys] in che-6
2025-07-08 10:17:50,831 INFO  ExportHelperExtension.cs: 1125 - Retrieving features of type [CoordSys] from hop_pin-1
2025-07-08 10:17:50,832 INFO  ExportHelperExtension.cs: 1136 - Found 27 in hop_pin-1
2025-07-08 10:17:50,833 INFO  ExportHelperExtension.cs: 1145 - Found 0 features of type [CoordSys] in hop_pin-1
2025-07-08 10:17:50,833 INFO  ExportHelperExtension.cs: 1125 - Retrieving features of type [CoordSys] from ga_com-1
2025-07-08 10:17:50,834 INFO  ExportHelperExtension.cs: 1136 - Found 33 in ga_com-1
2025-07-08 10:17:50,835 INFO  ExportHelperExtension.cs: 1145 - Found 0 features of type [CoordSys] in ga_com-1
2025-07-08 10:17:50,835 INFO  ExportHelperExtension.cs: 1125 - Retrieving features of type [CoordSys] from op_tablet-1
2025-07-08 10:17:50,836 INFO  ExportHelperExtension.cs: 1136 - Found 37 in op_tablet-1
2025-07-08 10:17:50,836 INFO  ExportHelperExtension.cs: 1145 - Found 0 features of type [CoordSys] in op_tablet-1
2025-07-08 10:17:50,837 INFO  ExportHelperExtension.cs: 1125 - Retrieving features of type [CoordSys] from kegoc_tab2-1
2025-07-08 10:17:50,838 INFO  ExportHelperExtension.cs: 1136 - Found 25 in kegoc_tab2-1
2025-07-08 10:17:50,838 INFO  ExportHelperExtension.cs: 1145 - Found 0 features of type [CoordSys] in kegoc_tab2-1
2025-07-08 10:17:50,839 INFO  ExportHelperExtension.cs: 1125 - Retrieving features of type [CoordSys] from ga_minipc_v2-1
2025-07-08 10:17:50,840 INFO  ExportHelperExtension.cs: 1136 - Found 31 in ga_minipc_v2-1
2025-07-08 10:17:50,840 INFO  ExportHelperExtension.cs: 1145 - Found 0 features of type [CoordSys] in ga_minipc_v2-1
2025-07-08 10:17:50,841 INFO  ExportHelperExtension.cs: 1125 - Retrieving features of type [CoordSys] from hop_nano-1
2025-07-08 10:17:50,841 INFO  ExportHelperExtension.cs: 1136 - Found 35 in hop_nano-1
2025-07-08 10:17:50,842 INFO  ExportHelperExtension.cs: 1145 - Found 0 features of type [CoordSys] in hop_nano-1
2025-07-08 10:17:50,842 INFO  ExportHelperExtension.cs: 1125 - Retrieving features of type [CoordSys] from trodong-1
2025-07-08 10:17:50,843 INFO  ExportHelperExtension.cs: 1136 - Found 25 in trodong-1
2025-07-08 10:17:50,844 INFO  ExportHelperExtension.cs: 1145 - Found 0 features of type [CoordSys] in trodong-1
2025-07-08 10:17:50,845 INFO  ExportHelperExtension.cs: 1125 - Retrieving features of type [CoordSys] from kegoc_tab1-1
2025-07-08 10:17:50,845 INFO  ExportHelperExtension.cs: 1136 - Found 25 in kegoc_tab1-1
2025-07-08 10:17:50,846 INFO  ExportHelperExtension.cs: 1145 - Found 0 features of type [CoordSys] in kegoc_tab1-1
2025-07-08 10:17:50,847 INFO  ExportHelperExtension.cs: 1125 - Retrieving features of type [CoordSys] from remote_relay-1
2025-07-08 10:17:50,847 INFO  ExportHelperExtension.cs: 1136 - Found 28 in remote_relay-1
2025-07-08 10:17:50,848 INFO  ExportHelperExtension.cs: 1145 - Found 0 features of type [CoordSys] in remote_relay-1
2025-07-08 10:17:50,849 INFO  ExportHelperExtension.cs: 1125 - Retrieving features of type [CoordSys] from pi_hang_imu-1
2025-07-08 10:17:50,849 INFO  ExportHelperExtension.cs: 1136 - Found 33 in pi_hang_imu-1
2025-07-08 10:17:50,850 INFO  ExportHelperExtension.cs: 1145 - Found 0 features of type [CoordSys] in pi_hang_imu-1
2025-07-08 10:17:50,850 INFO  ExportHelperExtension.cs: 1125 - Retrieving features of type [CoordSys] from ??????? V-slot 20x40-1
2025-07-08 10:17:50,850 INFO  ExportHelperExtension.cs: 1136 - Found 30 in ??????? V-slot 20x40-1
2025-07-08 10:17:50,850 INFO  ExportHelperExtension.cs: 1145 - Found 0 features of type [CoordSys] in ??????? V-slot 20x40-1
2025-07-08 10:17:50,851 INFO  ExportHelperExtension.cs: 1125 - Retrieving features of type [CoordSys] from ??????? V-slot 20x40-3
2025-07-08 10:17:50,851 INFO  ExportHelperExtension.cs: 1136 - Found 30 in ??????? V-slot 20x40-3
2025-07-08 10:17:50,852 INFO  ExportHelperExtension.cs: 1145 - Found 0 features of type [CoordSys] in ??????? V-slot 20x40-3
2025-07-08 10:17:50,852 INFO  ExportHelperExtension.cs: 1125 - Retrieving features of type [CoordSys] from standoff_M2_20mm-1
2025-07-08 10:17:50,852 INFO  ExportHelperExtension.cs: 1136 - Found 31 in standoff_M2_20mm-1
2025-07-08 10:17:50,853 INFO  ExportHelperExtension.cs: 1145 - Found 0 features of type [CoordSys] in standoff_M2_20mm-1
2025-07-08 10:17:50,853 INFO  ExportHelperExtension.cs: 1125 - Retrieving features of type [CoordSys] from X3_Lidar-1
2025-07-08 10:17:50,854 INFO  ExportHelperExtension.cs: 1136 - Found 90 in X3_Lidar-1
2025-07-08 10:17:50,854 INFO  ExportHelperExtension.cs: 1145 - Found 0 features of type [CoordSys] in X3_Lidar-1
2025-07-08 10:17:50,855 INFO  ExportHelperExtension.cs: 1125 - Retrieving features of type [CoordSys] from cum_relay_my4n_4p-1
2025-07-08 10:17:50,855 INFO  ExportHelperExtension.cs: 1136 - Found 27 in cum_relay_my4n_4p-1
2025-07-08 10:17:50,855 INFO  ExportHelperExtension.cs: 1145 - Found 0 features of type [CoordSys] in cum_relay_my4n_4p-1
2025-07-08 10:17:50,856 INFO  ExportHelperExtension.cs: 1125 - Retrieving features of type [CoordSys] from motoredit-4
2025-07-08 10:17:50,856 INFO  ExportHelperExtension.cs: 1136 - Found 40 in motoredit-4
2025-07-08 10:17:50,857 INFO  ExportHelperExtension.cs: 1145 - Found 0 features of type [CoordSys] in motoredit-4
2025-07-08 10:17:50,857 INFO  ExportHelperExtension.cs: 1125 - Retrieving features of type [CoordSys] from standoff_M2_20mm-3
2025-07-08 10:17:50,857 INFO  ExportHelperExtension.cs: 1136 - Found 31 in standoff_M2_20mm-3
2025-07-08 10:17:50,859 INFO  ExportHelperExtension.cs: 1145 - Found 0 features of type [CoordSys] in standoff_M2_20mm-3
2025-07-08 10:17:50,860 INFO  ExportHelperExtension.cs: 1125 - Retrieving features of type [CoordSys] from lidar_pushup-3
2025-07-08 10:17:50,861 INFO  ExportHelperExtension.cs: 1136 - Found 34 in lidar_pushup-3
2025-07-08 10:17:50,861 INFO  ExportHelperExtension.cs: 1145 - Found 0 features of type [CoordSys] in lidar_pushup-3
2025-07-08 10:17:50,862 INFO  ExportHelperExtension.cs: 1125 - Retrieving features of type [CoordSys] from motoredit-3
2025-07-08 10:17:50,863 INFO  ExportHelperExtension.cs: 1136 - Found 40 in motoredit-3
2025-07-08 10:17:50,863 INFO  ExportHelperExtension.cs: 1145 - Found 0 features of type [CoordSys] in motoredit-3
2025-07-08 10:17:50,863 INFO  ExportHelperExtension.cs: 1125 - Retrieving features of type [CoordSys] from 20mm-8
2025-07-08 10:17:50,863 INFO  ExportHelperExtension.cs: 1136 - Found 40 in 20mm-8
2025-07-08 10:17:50,865 INFO  ExportHelperExtension.cs: 1145 - Found 0 features of type [CoordSys] in 20mm-8
2025-07-08 10:17:50,865 INFO  ExportHelperExtension.cs: 1125 - Retrieving features of type [CoordSys] from battery-1
2025-07-08 10:17:50,865 INFO  ExportHelperExtension.cs: 1136 - Found 26 in battery-1
2025-07-08 10:17:50,866 INFO  ExportHelperExtension.cs: 1145 - Found 0 features of type [CoordSys] in battery-1
2025-07-08 10:17:50,866 INFO  ExportHelperExtension.cs: 1125 - Retrieving features of type [CoordSys] from 36v_12v_converter-1
2025-07-08 10:17:50,867 INFO  ExportHelperExtension.cs: 1136 - Found 29 in 36v_12v_converter-1
2025-07-08 10:17:50,868 INFO  ExportHelperExtension.cs: 1145 - Found 0 features of type [CoordSys] in 36v_12v_converter-1
2025-07-08 10:17:50,868 INFO  ExportHelperExtension.cs: 1125 - Retrieving features of type [CoordSys] from cum_banh_xe_lon-3
2025-07-08 10:17:50,869 INFO  ExportHelperExtension.cs: 1136 - Found 27 in cum_banh_xe_lon-3
2025-07-08 10:17:50,869 INFO  ExportHelperExtension.cs: 1145 - Found 0 features of type [CoordSys] in cum_banh_xe_lon-3
2025-07-08 10:17:50,870 INFO  ExportHelperExtension.cs: 1125 - Retrieving features of type [CoordSys] from lidar_pushup-1
2025-07-08 10:17:50,870 INFO  ExportHelperExtension.cs: 1136 - Found 34 in lidar_pushup-1
2025-07-08 10:17:50,871 INFO  ExportHelperExtension.cs: 1145 - Found 0 features of type [CoordSys] in lidar_pushup-1
2025-07-08 10:17:50,871 INFO  ExportHelperExtension.cs: 1125 - Retrieving features of type [CoordSys] from standoff_M2_20mm-4
2025-07-08 10:17:50,872 INFO  ExportHelperExtension.cs: 1136 - Found 31 in standoff_M2_20mm-4
2025-07-08 10:17:50,872 INFO  ExportHelperExtension.cs: 1145 - Found 0 features of type [CoordSys] in standoff_M2_20mm-4
2025-07-08 10:17:50,872 INFO  ExportHelperExtension.cs: 1125 - Retrieving features of type [CoordSys] from 20mm-2
2025-07-08 10:17:50,873 INFO  ExportHelperExtension.cs: 1136 - Found 40 in 20mm-2
2025-07-08 10:17:50,873 INFO  ExportHelperExtension.cs: 1145 - Found 0 features of type [CoordSys] in 20mm-2
2025-07-08 10:17:50,873 INFO  ExportHelperExtension.cs: 1125 - Retrieving features of type [CoordSys] from standoff_M2_20mm-5
2025-07-08 10:17:50,874 INFO  ExportHelperExtension.cs: 1136 - Found 31 in standoff_M2_20mm-5
2025-07-08 10:17:50,874 INFO  ExportHelperExtension.cs: 1145 - Found 0 features of type [CoordSys] in standoff_M2_20mm-5
2025-07-08 10:17:50,874 INFO  ExportHelperExtension.cs: 1125 - Retrieving features of type [CoordSys] from motorAxis-1
2025-07-08 10:17:50,875 INFO  ExportHelperExtension.cs: 1136 - Found 30 in motorAxis-1
2025-07-08 10:17:50,875 INFO  ExportHelperExtension.cs: 1145 - Found 0 features of type [CoordSys] in motorAxis-1
2025-07-08 10:17:50,877 INFO  ExportHelperExtension.cs: 1125 - Retrieving features of type [CoordSys] from hoverboard_driver-1
2025-07-08 10:17:50,877 INFO  ExportHelperExtension.cs: 1136 - Found 25 in hoverboard_driver-1
2025-07-08 10:17:50,878 INFO  ExportHelperExtension.cs: 1145 - Found 0 features of type [CoordSys] in hoverboard_driver-1
2025-07-08 10:17:50,878 INFO  ExportHelperExtension.cs: 1125 - Retrieving features of type [CoordSys] from aluminium_base-1
2025-07-08 10:17:50,878 INFO  ExportHelperExtension.cs: 1136 - Found 35 in aluminium_base-1
2025-07-08 10:17:50,878 INFO  ExportHelperExtension.cs: 1145 - Found 0 features of type [CoordSys] in aluminium_base-1
2025-07-08 10:17:50,879 INFO  ExportHelperExtension.cs: 1125 - Retrieving features of type [CoordSys] from WEIDU TB25XX-1
2025-07-08 10:17:50,879 INFO  ExportHelperExtension.cs: 1136 - Found 101 in WEIDU TB25XX-1
2025-07-08 10:17:50,880 INFO  ExportHelperExtension.cs: 1145 - Found 0 features of type [CoordSys] in WEIDU TB25XX-1
2025-07-08 10:17:50,880 INFO  ExportHelperExtension.cs: 1125 - Retrieving features of type [CoordSys] from 20x20_aluminum_extrusion_profile 26cm-1
2025-07-08 10:17:50,881 INFO  ExportHelperExtension.cs: 1136 - Found 25 in 20x20_aluminum_extrusion_profile 26cm-1
2025-07-08 10:17:50,881 INFO  ExportHelperExtension.cs: 1145 - Found 0 features of type [CoordSys] in 20x20_aluminum_extrusion_profile 26cm-1
2025-07-08 10:17:50,881 INFO  ExportHelperExtension.cs: 1125 - Retrieving features of type [CoordSys] from 20mm-10
2025-07-08 10:17:50,882 INFO  ExportHelperExtension.cs: 1136 - Found 40 in 20mm-10
2025-07-08 10:17:50,882 INFO  ExportHelperExtension.cs: 1145 - Found 0 features of type [CoordSys] in 20mm-10
2025-07-08 10:17:50,883 INFO  ExportHelperExtension.cs: 1125 - Retrieving features of type [CoordSys] from cum_banh_xe_lon-5
2025-07-08 10:17:50,883 INFO  ExportHelperExtension.cs: 1136 - Found 27 in cum_banh_xe_lon-5
2025-07-08 10:17:50,883 INFO  ExportHelperExtension.cs: 1145 - Found 0 features of type [CoordSys] in cum_banh_xe_lon-5
2025-07-08 10:17:50,884 INFO  ExportHelperExtension.cs: 1125 - Retrieving features of type [CoordSys] from motorAxis-4
2025-07-08 10:17:50,884 INFO  ExportHelperExtension.cs: 1136 - Found 30 in motorAxis-4
2025-07-08 10:17:50,884 INFO  ExportHelperExtension.cs: 1145 - Found 0 features of type [CoordSys] in motorAxis-4
2025-07-08 10:17:50,885 INFO  ExportHelperExtension.cs: 1125 - Retrieving features of type [CoordSys] from 20mm-11
2025-07-08 10:17:50,885 INFO  ExportHelperExtension.cs: 1136 - Found 40 in 20mm-11
2025-07-08 10:17:50,885 INFO  ExportHelperExtension.cs: 1145 - Found 0 features of type [CoordSys] in 20mm-11
2025-07-08 10:17:50,886 INFO  ExportHelperExtension.cs: 1125 - Retrieving features of type [CoordSys] from cum_dahuong_truoc_sau-5
2025-07-08 10:17:50,886 INFO  ExportHelperExtension.cs: 1136 - Found 53 in cum_dahuong_truoc_sau-5
2025-07-08 10:17:50,886 INFO  ExportHelperExtension.cs: 1145 - Found 0 features of type [CoordSys] in cum_dahuong_truoc_sau-5
2025-07-08 10:17:50,887 INFO  ExportHelperExtension.cs: 1125 - Retrieving features of type [CoordSys] from matxeo1-1
2025-07-08 10:17:50,887 INFO  ExportHelperExtension.cs: 1136 - Found 27 in matxeo1-1
2025-07-08 10:17:50,888 INFO  ExportHelperExtension.cs: 1145 - Found 0 features of type [CoordSys] in matxeo1-1
2025-07-08 10:17:50,888 INFO  ExportHelperExtension.cs: 1125 - Retrieving features of type [CoordSys] from final kinect-1
2025-07-08 10:17:50,888 INFO  ExportHelperExtension.cs: 1136 - Found 27 in final kinect-1
2025-07-08 10:17:50,889 INFO  ExportHelperExtension.cs: 1145 - Found 0 features of type [CoordSys] in final kinect-1
2025-07-08 10:17:50,890 INFO  ExportHelperExtension.cs: 1125 - Retrieving features of type [CoordSys] from j1-2
2025-07-08 10:17:50,890 INFO  ExportHelperExtension.cs: 1136 - Found 32 in j1-2
2025-07-08 10:17:50,890 INFO  ExportHelperExtension.cs: 1145 - Found 0 features of type [CoordSys] in j1-2
2025-07-08 10:17:50,891 INFO  ExportHelperExtension.cs: 1125 - Retrieving features of type [CoordSys] from cover_up_v2-1
2025-07-08 10:17:50,891 INFO  ExportHelperExtension.cs: 1136 - Found 26 in cover_up_v2-1
2025-07-08 10:17:50,891 INFO  ExportHelperExtension.cs: 1145 - Found 0 features of type [CoordSys] in cover_up_v2-1
2025-07-08 10:17:50,892 INFO  ExportHelperExtension.cs: 1125 - Retrieving features of type [CoordSys] from cover_joint_v3.1.2-1
2025-07-08 10:17:50,892 INFO  ExportHelperExtension.cs: 1136 - Found 35 in cover_joint_v3.1.2-1
2025-07-08 10:17:50,892 INFO  ExportHelperExtension.cs: 1145 - Found 0 features of type [CoordSys] in cover_joint_v3.1.2-1
2025-07-08 10:17:50,893 INFO  ExportHelperExtension.cs: 1125 - Retrieving features of type [CoordSys] from alibaba-1
2025-07-08 10:17:50,894 INFO  ExportHelperExtension.cs: 1136 - Found 35 in alibaba-1
2025-07-08 10:17:50,895 INFO  ExportHelperExtension.cs: 1145 - Found 0 features of type [CoordSys] in alibaba-1
2025-07-08 10:17:50,895 INFO  ExportHelperExtension.cs: 1125 - Retrieving features of type [CoordSys] from che-1
2025-07-08 10:17:50,895 INFO  ExportHelperExtension.cs: 1136 - Found 25 in che-1
2025-07-08 10:17:50,895 INFO  ExportHelperExtension.cs: 1145 - Found 0 features of type [CoordSys] in che-1
2025-07-08 10:17:50,896 INFO  ExportHelperExtension.cs: 1125 - Retrieving features of type [CoordSys] from Stop Switch Push Button LAY37 (PBC)-3
2025-07-08 10:17:50,897 INFO  ExportHelperExtension.cs: 1136 - Found 63 in Stop Switch Push Button LAY37 (PBC)-3
2025-07-08 10:17:50,897 INFO  ExportHelperExtension.cs: 1145 - Found 0 features of type [CoordSys] in Stop Switch Push Button LAY37 (PBC)-3
2025-07-08 10:17:50,898 INFO  ExportHelperExtension.cs: 1125 - Retrieving features of type [CoordSys] from cover_up_v2_linh_mica-1
2025-07-08 10:17:50,912 INFO  ExportHelperExtension.cs: 1136 - Found 28 in cover_up_v2_linh_mica-1
2025-07-08 10:17:50,913 INFO  ExportHelperExtension.cs: 1145 - Found 0 features of type [CoordSys] in cover_up_v2_linh_mica-1
2025-07-08 10:17:50,913 INFO  ExportHelperExtension.cs: 1125 - Retrieving features of type [CoordSys] from che-2
2025-07-08 10:17:50,914 INFO  ExportHelperExtension.cs: 1136 - Found 25 in che-2
2025-07-08 10:17:50,914 INFO  ExportHelperExtension.cs: 1145 - Found 0 features of type [CoordSys] in che-2
2025-07-08 10:17:50,915 INFO  ExportHelperExtension.cs: 1125 - Retrieving features of type [CoordSys] from full_cover_v2-1
2025-07-08 10:17:50,915 INFO  ExportHelperExtension.cs: 1136 - Found 29 in full_cover_v2-1
2025-07-08 10:17:50,915 INFO  ExportHelperExtension.cs: 1145 - Found 0 features of type [CoordSys] in full_cover_v2-1
2025-07-08 10:17:50,916 INFO  ExportHelperExtension.cs: 1125 - Retrieving features of type [CoordSys] from cum_dahuong_truoc_sau-6
2025-07-08 10:17:50,916 INFO  ExportHelperExtension.cs: 1136 - Found 53 in cum_dahuong_truoc_sau-6
2025-07-08 10:17:50,917 INFO  ExportHelperExtension.cs: 1145 - Found 0 features of type [CoordSys] in cum_dahuong_truoc_sau-6
2025-07-08 10:17:50,917 INFO  ExportHelperExtension.cs: 1125 - Retrieving features of type [CoordSys] from Arcade Push button asm-2
2025-07-08 10:17:50,917 INFO  ExportHelperExtension.cs: 1136 - Found 56 in Arcade Push button asm-2
2025-07-08 10:17:50,918 INFO  ExportHelperExtension.cs: 1145 - Found 0 features of type [CoordSys] in Arcade Push button asm-2
2025-07-08 10:17:50,918 INFO  ExportHelperExtension.cs: 1125 - Retrieving features of type [CoordSys] from j1-1
2025-07-08 10:17:50,919 INFO  ExportHelperExtension.cs: 1136 - Found 32 in j1-1
2025-07-08 10:17:50,919 INFO  ExportHelperExtension.cs: 1145 - Found 0 features of type [CoordSys] in j1-1
2025-07-08 10:17:50,919 INFO  ExportHelperExtension.cs: 1125 - Retrieving features of type [CoordSys] from cover_up_v2_linh-1
2025-07-08 10:17:50,920 INFO  ExportHelperExtension.cs: 1136 - Found 26 in cover_up_v2_linh-1
2025-07-08 10:17:50,920 INFO  ExportHelperExtension.cs: 1145 - Found 0 features of type [CoordSys] in cover_up_v2_linh-1
2025-07-08 10:17:50,921 INFO  ExportHelperExtension.cs: 1125 - Retrieving features of type [CoordSys] from che-3
2025-07-08 10:17:50,922 INFO  ExportHelperExtension.cs: 1136 - Found 25 in che-3
2025-07-08 10:17:50,923 INFO  ExportHelperExtension.cs: 1145 - Found 0 features of type [CoordSys] in che-3
2025-07-08 10:17:50,923 INFO  ExportHelperExtension.cs: 1125 - Retrieving features of type [RefAxis] from roboV3(urdf_changed).SLDASM
2025-07-08 10:17:50,924 INFO  ExportHelperExtension.cs: 1136 - Found 313 in roboV3(urdf_changed).SLDASM
2025-07-08 10:17:50,927 INFO  ExportHelperExtension.cs: 1145 - Found 12 features of type [RefAxis] in roboV3(urdf_changed).SLDASM
2025-07-08 10:17:50,928 INFO  ExportHelperExtension.cs: 1148 - Proceeding through assembly components
2025-07-08 10:17:50,928 INFO  ExportHelperExtension.cs: 1160 - 60 components to check
2025-07-08 10:17:50,929 INFO  ExportHelperExtension.cs: 1125 - Retrieving features of type [RefAxis] from ga_minipc_v2-2
2025-07-08 10:17:50,930 INFO  ExportHelperExtension.cs: 1136 - Found 31 in ga_minipc_v2-2
2025-07-08 10:17:50,930 INFO  ExportHelperExtension.cs: 1145 - Found 0 features of type [RefAxis] in ga_minipc_v2-2
2025-07-08 10:17:50,931 INFO  ExportHelperExtension.cs: 1125 - Retrieving features of type [RefAxis] from nang_cam-1
2025-07-08 10:17:50,932 INFO  ExportHelperExtension.cs: 1136 - Found 25 in nang_cam-1
2025-07-08 10:17:50,933 INFO  ExportHelperExtension.cs: 1145 - Found 0 features of type [RefAxis] in nang_cam-1
2025-07-08 10:17:50,934 INFO  ExportHelperExtension.cs: 1125 - Retrieving features of type [RefAxis] from ga_minipc_comp-1
2025-07-08 10:17:50,935 INFO  ExportHelperExtension.cs: 1136 - Found 40 in ga_minipc_comp-1
2025-07-08 10:17:50,936 INFO  ExportHelperExtension.cs: 1145 - Found 0 features of type [RefAxis] in ga_minipc_comp-1
2025-07-08 10:17:50,936 INFO  ExportHelperExtension.cs: 1125 - Retrieving features of type [RefAxis] from che-4
2025-07-08 10:17:50,936 INFO  ExportHelperExtension.cs: 1136 - Found 25 in che-4
2025-07-08 10:17:50,938 INFO  ExportHelperExtension.cs: 1145 - Found 0 features of type [RefAxis] in che-4
2025-07-08 10:17:50,938 INFO  ExportHelperExtension.cs: 1125 - Retrieving features of type [RefAxis] from imu_40do-1
2025-07-08 10:17:50,938 INFO  ExportHelperExtension.cs: 1136 - Found 25 in imu_40do-1
2025-07-08 10:17:50,939 INFO  ExportHelperExtension.cs: 1145 - Found 0 features of type [RefAxis] in imu_40do-1
2025-07-08 10:17:50,939 INFO  ExportHelperExtension.cs: 1125 - Retrieving features of type [RefAxis] from che-5
2025-07-08 10:17:50,940 INFO  ExportHelperExtension.cs: 1136 - Found 25 in che-5
2025-07-08 10:17:50,940 INFO  ExportHelperExtension.cs: 1145 - Found 0 features of type [RefAxis] in che-5
2025-07-08 10:17:50,940 INFO  ExportHelperExtension.cs: 1125 - Retrieving features of type [RefAxis] from che-6
2025-07-08 10:17:50,941 INFO  ExportHelperExtension.cs: 1136 - Found 25 in che-6
2025-07-08 10:17:50,941 INFO  ExportHelperExtension.cs: 1145 - Found 0 features of type [RefAxis] in che-6
2025-07-08 10:17:50,942 INFO  ExportHelperExtension.cs: 1125 - Retrieving features of type [RefAxis] from hop_pin-1
2025-07-08 10:17:50,942 INFO  ExportHelperExtension.cs: 1136 - Found 27 in hop_pin-1
2025-07-08 10:17:50,942 INFO  ExportHelperExtension.cs: 1145 - Found 0 features of type [RefAxis] in hop_pin-1
2025-07-08 10:17:50,943 INFO  ExportHelperExtension.cs: 1125 - Retrieving features of type [RefAxis] from ga_com-1
2025-07-08 10:17:50,943 INFO  ExportHelperExtension.cs: 1136 - Found 33 in ga_com-1
2025-07-08 10:17:50,944 INFO  ExportHelperExtension.cs: 1145 - Found 0 features of type [RefAxis] in ga_com-1
2025-07-08 10:17:50,944 INFO  ExportHelperExtension.cs: 1125 - Retrieving features of type [RefAxis] from op_tablet-1
2025-07-08 10:17:50,944 INFO  ExportHelperExtension.cs: 1136 - Found 37 in op_tablet-1
2025-07-08 10:17:50,945 INFO  ExportHelperExtension.cs: 1145 - Found 0 features of type [RefAxis] in op_tablet-1
2025-07-08 10:17:50,945 INFO  ExportHelperExtension.cs: 1125 - Retrieving features of type [RefAxis] from kegoc_tab2-1
2025-07-08 10:17:50,946 INFO  ExportHelperExtension.cs: 1136 - Found 25 in kegoc_tab2-1
2025-07-08 10:17:50,946 INFO  ExportHelperExtension.cs: 1145 - Found 0 features of type [RefAxis] in kegoc_tab2-1
2025-07-08 10:17:50,946 INFO  ExportHelperExtension.cs: 1125 - Retrieving features of type [RefAxis] from ga_minipc_v2-1
2025-07-08 10:17:50,947 INFO  ExportHelperExtension.cs: 1136 - Found 31 in ga_minipc_v2-1
2025-07-08 10:17:50,947 INFO  ExportHelperExtension.cs: 1145 - Found 0 features of type [RefAxis] in ga_minipc_v2-1
2025-07-08 10:17:50,948 INFO  ExportHelperExtension.cs: 1125 - Retrieving features of type [RefAxis] from hop_nano-1
2025-07-08 10:17:50,948 INFO  ExportHelperExtension.cs: 1136 - Found 35 in hop_nano-1
2025-07-08 10:17:50,948 INFO  ExportHelperExtension.cs: 1145 - Found 0 features of type [RefAxis] in hop_nano-1
2025-07-08 10:17:50,949 INFO  ExportHelperExtension.cs: 1125 - Retrieving features of type [RefAxis] from trodong-1
2025-07-08 10:17:50,949 INFO  ExportHelperExtension.cs: 1136 - Found 25 in trodong-1
2025-07-08 10:17:50,950 INFO  ExportHelperExtension.cs: 1145 - Found 0 features of type [RefAxis] in trodong-1
2025-07-08 10:17:50,950 INFO  ExportHelperExtension.cs: 1125 - Retrieving features of type [RefAxis] from kegoc_tab1-1
2025-07-08 10:17:50,950 INFO  ExportHelperExtension.cs: 1136 - Found 25 in kegoc_tab1-1
2025-07-08 10:17:50,951 INFO  ExportHelperExtension.cs: 1145 - Found 0 features of type [RefAxis] in kegoc_tab1-1
2025-07-08 10:17:50,951 INFO  ExportHelperExtension.cs: 1125 - Retrieving features of type [RefAxis] from remote_relay-1
2025-07-08 10:17:50,951 INFO  ExportHelperExtension.cs: 1136 - Found 28 in remote_relay-1
2025-07-08 10:17:50,952 INFO  ExportHelperExtension.cs: 1145 - Found 0 features of type [RefAxis] in remote_relay-1
2025-07-08 10:17:50,952 INFO  ExportHelperExtension.cs: 1125 - Retrieving features of type [RefAxis] from pi_hang_imu-1
2025-07-08 10:17:50,953 INFO  ExportHelperExtension.cs: 1136 - Found 33 in pi_hang_imu-1
2025-07-08 10:17:50,953 INFO  ExportHelperExtension.cs: 1145 - Found 4 features of type [RefAxis] in pi_hang_imu-1
2025-07-08 10:17:50,953 INFO  ExportHelperExtension.cs: 1125 - Retrieving features of type [RefAxis] from ??????? V-slot 20x40-1
2025-07-08 10:17:50,954 INFO  ExportHelperExtension.cs: 1136 - Found 30 in ??????? V-slot 20x40-1
2025-07-08 10:17:50,954 INFO  ExportHelperExtension.cs: 1145 - Found 0 features of type [RefAxis] in ??????? V-slot 20x40-1
2025-07-08 10:17:50,954 INFO  ExportHelperExtension.cs: 1125 - Retrieving features of type [RefAxis] from ??????? V-slot 20x40-3
2025-07-08 10:17:50,955 INFO  ExportHelperExtension.cs: 1136 - Found 30 in ??????? V-slot 20x40-3
2025-07-08 10:17:50,955 INFO  ExportHelperExtension.cs: 1145 - Found 0 features of type [RefAxis] in ??????? V-slot 20x40-3
2025-07-08 10:17:50,956 INFO  ExportHelperExtension.cs: 1125 - Retrieving features of type [RefAxis] from standoff_M2_20mm-1
2025-07-08 10:17:50,956 INFO  ExportHelperExtension.cs: 1136 - Found 31 in standoff_M2_20mm-1
2025-07-08 10:17:50,956 INFO  ExportHelperExtension.cs: 1145 - Found 0 features of type [RefAxis] in standoff_M2_20mm-1
2025-07-08 10:17:50,957 INFO  ExportHelperExtension.cs: 1125 - Retrieving features of type [RefAxis] from X3_Lidar-1
2025-07-08 10:17:50,957 INFO  ExportHelperExtension.cs: 1136 - Found 90 in X3_Lidar-1
2025-07-08 10:17:50,958 INFO  ExportHelperExtension.cs: 1145 - Found 0 features of type [RefAxis] in X3_Lidar-1
2025-07-08 10:17:50,958 INFO  ExportHelperExtension.cs: 1125 - Retrieving features of type [RefAxis] from cum_relay_my4n_4p-1
2025-07-08 10:17:50,959 INFO  ExportHelperExtension.cs: 1136 - Found 27 in cum_relay_my4n_4p-1
2025-07-08 10:17:50,960 INFO  ExportHelperExtension.cs: 1145 - Found 0 features of type [RefAxis] in cum_relay_my4n_4p-1
2025-07-08 10:17:50,960 INFO  ExportHelperExtension.cs: 1125 - Retrieving features of type [RefAxis] from motoredit-4
2025-07-08 10:17:50,961 INFO  ExportHelperExtension.cs: 1136 - Found 40 in motoredit-4
2025-07-08 10:17:50,961 INFO  ExportHelperExtension.cs: 1145 - Found 0 features of type [RefAxis] in motoredit-4
2025-07-08 10:17:50,961 INFO  ExportHelperExtension.cs: 1125 - Retrieving features of type [RefAxis] from standoff_M2_20mm-3
2025-07-08 10:17:50,962 INFO  ExportHelperExtension.cs: 1136 - Found 31 in standoff_M2_20mm-3
2025-07-08 10:17:50,962 INFO  ExportHelperExtension.cs: 1145 - Found 0 features of type [RefAxis] in standoff_M2_20mm-3
2025-07-08 10:17:50,962 INFO  ExportHelperExtension.cs: 1125 - Retrieving features of type [RefAxis] from lidar_pushup-3
2025-07-08 10:17:50,963 INFO  ExportHelperExtension.cs: 1136 - Found 34 in lidar_pushup-3
2025-07-08 10:17:50,963 INFO  ExportHelperExtension.cs: 1145 - Found 1 features of type [RefAxis] in lidar_pushup-3
2025-07-08 10:17:50,963 INFO  ExportHelperExtension.cs: 1125 - Retrieving features of type [RefAxis] from motoredit-3
2025-07-08 10:17:50,964 INFO  ExportHelperExtension.cs: 1136 - Found 40 in motoredit-3
2025-07-08 10:17:50,964 INFO  ExportHelperExtension.cs: 1145 - Found 0 features of type [RefAxis] in motoredit-3
2025-07-08 10:17:50,964 INFO  ExportHelperExtension.cs: 1125 - Retrieving features of type [RefAxis] from 20mm-8
2025-07-08 10:17:50,965 INFO  ExportHelperExtension.cs: 1136 - Found 40 in 20mm-8
2025-07-08 10:17:50,965 INFO  ExportHelperExtension.cs: 1145 - Found 0 features of type [RefAxis] in 20mm-8
2025-07-08 10:17:50,966 INFO  ExportHelperExtension.cs: 1125 - Retrieving features of type [RefAxis] from battery-1
2025-07-08 10:17:50,966 INFO  ExportHelperExtension.cs: 1136 - Found 26 in battery-1
2025-07-08 10:17:50,966 INFO  ExportHelperExtension.cs: 1145 - Found 0 features of type [RefAxis] in battery-1
2025-07-08 10:17:50,967 INFO  ExportHelperExtension.cs: 1125 - Retrieving features of type [RefAxis] from 36v_12v_converter-1
2025-07-08 10:17:50,967 INFO  ExportHelperExtension.cs: 1136 - Found 29 in 36v_12v_converter-1
2025-07-08 10:17:50,967 INFO  ExportHelperExtension.cs: 1145 - Found 0 features of type [RefAxis] in 36v_12v_converter-1
2025-07-08 10:17:50,968 INFO  ExportHelperExtension.cs: 1125 - Retrieving features of type [RefAxis] from cum_banh_xe_lon-3
2025-07-08 10:17:50,968 INFO  ExportHelperExtension.cs: 1136 - Found 27 in cum_banh_xe_lon-3
2025-07-08 10:17:50,969 INFO  ExportHelperExtension.cs: 1145 - Found 0 features of type [RefAxis] in cum_banh_xe_lon-3
2025-07-08 10:17:50,969 INFO  ExportHelperExtension.cs: 1125 - Retrieving features of type [RefAxis] from lidar_pushup-1
2025-07-08 10:17:50,970 INFO  ExportHelperExtension.cs: 1136 - Found 34 in lidar_pushup-1
2025-07-08 10:17:50,970 INFO  ExportHelperExtension.cs: 1145 - Found 1 features of type [RefAxis] in lidar_pushup-1
2025-07-08 10:17:50,970 INFO  ExportHelperExtension.cs: 1125 - Retrieving features of type [RefAxis] from standoff_M2_20mm-4
2025-07-08 10:17:50,971 INFO  ExportHelperExtension.cs: 1136 - Found 31 in standoff_M2_20mm-4
2025-07-08 10:17:50,971 INFO  ExportHelperExtension.cs: 1145 - Found 0 features of type [RefAxis] in standoff_M2_20mm-4
2025-07-08 10:17:50,971 INFO  ExportHelperExtension.cs: 1125 - Retrieving features of type [RefAxis] from 20mm-2
2025-07-08 10:17:50,972 INFO  ExportHelperExtension.cs: 1136 - Found 40 in 20mm-2
2025-07-08 10:17:50,972 INFO  ExportHelperExtension.cs: 1145 - Found 0 features of type [RefAxis] in 20mm-2
2025-07-08 10:17:50,973 INFO  ExportHelperExtension.cs: 1125 - Retrieving features of type [RefAxis] from standoff_M2_20mm-5
2025-07-08 10:17:50,973 INFO  ExportHelperExtension.cs: 1136 - Found 31 in standoff_M2_20mm-5
2025-07-08 10:17:50,973 INFO  ExportHelperExtension.cs: 1145 - Found 0 features of type [RefAxis] in standoff_M2_20mm-5
2025-07-08 10:17:50,974 INFO  ExportHelperExtension.cs: 1125 - Retrieving features of type [RefAxis] from motorAxis-1
2025-07-08 10:17:50,974 INFO  ExportHelperExtension.cs: 1136 - Found 30 in motorAxis-1
2025-07-08 10:17:50,974 INFO  ExportHelperExtension.cs: 1145 - Found 0 features of type [RefAxis] in motorAxis-1
2025-07-08 10:17:50,975 INFO  ExportHelperExtension.cs: 1125 - Retrieving features of type [RefAxis] from hoverboard_driver-1
2025-07-08 10:17:50,975 INFO  ExportHelperExtension.cs: 1136 - Found 25 in hoverboard_driver-1
2025-07-08 10:17:50,976 INFO  ExportHelperExtension.cs: 1145 - Found 0 features of type [RefAxis] in hoverboard_driver-1
2025-07-08 10:17:50,976 INFO  ExportHelperExtension.cs: 1125 - Retrieving features of type [RefAxis] from aluminium_base-1
2025-07-08 10:17:50,976 INFO  ExportHelperExtension.cs: 1136 - Found 35 in aluminium_base-1
2025-07-08 10:17:50,977 INFO  ExportHelperExtension.cs: 1145 - Found 0 features of type [RefAxis] in aluminium_base-1
2025-07-08 10:17:50,977 INFO  ExportHelperExtension.cs: 1125 - Retrieving features of type [RefAxis] from WEIDU TB25XX-1
2025-07-08 10:17:50,978 INFO  ExportHelperExtension.cs: 1136 - Found 101 in WEIDU TB25XX-1
2025-07-08 10:17:50,978 INFO  ExportHelperExtension.cs: 1145 - Found 0 features of type [RefAxis] in WEIDU TB25XX-1
2025-07-08 10:17:50,979 INFO  ExportHelperExtension.cs: 1125 - Retrieving features of type [RefAxis] from 20x20_aluminum_extrusion_profile 26cm-1
2025-07-08 10:17:50,979 INFO  ExportHelperExtension.cs: 1136 - Found 25 in 20x20_aluminum_extrusion_profile 26cm-1
2025-07-08 10:17:50,980 INFO  ExportHelperExtension.cs: 1145 - Found 0 features of type [RefAxis] in 20x20_aluminum_extrusion_profile 26cm-1
2025-07-08 10:17:50,980 INFO  ExportHelperExtension.cs: 1125 - Retrieving features of type [RefAxis] from 20mm-10
2025-07-08 10:17:50,980 INFO  ExportHelperExtension.cs: 1136 - Found 40 in 20mm-10
2025-07-08 10:17:50,981 INFO  ExportHelperExtension.cs: 1145 - Found 0 features of type [RefAxis] in 20mm-10
2025-07-08 10:17:50,981 INFO  ExportHelperExtension.cs: 1125 - Retrieving features of type [RefAxis] from cum_banh_xe_lon-5
2025-07-08 10:17:50,981 INFO  ExportHelperExtension.cs: 1136 - Found 27 in cum_banh_xe_lon-5
2025-07-08 10:17:50,982 INFO  ExportHelperExtension.cs: 1145 - Found 0 features of type [RefAxis] in cum_banh_xe_lon-5
2025-07-08 10:17:50,982 INFO  ExportHelperExtension.cs: 1125 - Retrieving features of type [RefAxis] from motorAxis-4
2025-07-08 10:17:50,982 INFO  ExportHelperExtension.cs: 1136 - Found 30 in motorAxis-4
2025-07-08 10:17:50,983 INFO  ExportHelperExtension.cs: 1145 - Found 0 features of type [RefAxis] in motorAxis-4
2025-07-08 10:17:50,983 INFO  ExportHelperExtension.cs: 1125 - Retrieving features of type [RefAxis] from 20mm-11
2025-07-08 10:17:50,984 INFO  ExportHelperExtension.cs: 1136 - Found 40 in 20mm-11
2025-07-08 10:17:50,984 INFO  ExportHelperExtension.cs: 1145 - Found 0 features of type [RefAxis] in 20mm-11
2025-07-08 10:17:50,985 INFO  ExportHelperExtension.cs: 1125 - Retrieving features of type [RefAxis] from cum_dahuong_truoc_sau-5
2025-07-08 10:17:50,990 INFO  ExportHelperExtension.cs: 1136 - Found 53 in cum_dahuong_truoc_sau-5
2025-07-08 10:17:50,991 INFO  ExportHelperExtension.cs: 1145 - Found 0 features of type [RefAxis] in cum_dahuong_truoc_sau-5
2025-07-08 10:17:50,991 INFO  ExportHelperExtension.cs: 1125 - Retrieving features of type [RefAxis] from matxeo1-1
2025-07-08 10:17:50,992 INFO  ExportHelperExtension.cs: 1136 - Found 27 in matxeo1-1
2025-07-08 10:17:50,992 INFO  ExportHelperExtension.cs: 1145 - Found 0 features of type [RefAxis] in matxeo1-1
2025-07-08 10:17:50,993 INFO  ExportHelperExtension.cs: 1125 - Retrieving features of type [RefAxis] from final kinect-1
2025-07-08 10:17:50,993 INFO  ExportHelperExtension.cs: 1136 - Found 27 in final kinect-1
2025-07-08 10:17:50,994 INFO  ExportHelperExtension.cs: 1145 - Found 0 features of type [RefAxis] in final kinect-1
2025-07-08 10:17:50,995 INFO  ExportHelperExtension.cs: 1125 - Retrieving features of type [RefAxis] from j1-2
2025-07-08 10:17:50,996 INFO  ExportHelperExtension.cs: 1136 - Found 32 in j1-2
2025-07-08 10:17:50,998 INFO  ExportHelperExtension.cs: 1145 - Found 0 features of type [RefAxis] in j1-2
2025-07-08 10:17:50,999 INFO  ExportHelperExtension.cs: 1125 - Retrieving features of type [RefAxis] from cover_up_v2-1
2025-07-08 10:17:51,000 INFO  ExportHelperExtension.cs: 1136 - Found 26 in cover_up_v2-1
2025-07-08 10:17:51,001 INFO  ExportHelperExtension.cs: 1145 - Found 0 features of type [RefAxis] in cover_up_v2-1
2025-07-08 10:17:51,001 INFO  ExportHelperExtension.cs: 1125 - Retrieving features of type [RefAxis] from cover_joint_v3.1.2-1
2025-07-08 10:17:51,002 INFO  ExportHelperExtension.cs: 1136 - Found 35 in cover_joint_v3.1.2-1
2025-07-08 10:17:51,003 INFO  ExportHelperExtension.cs: 1145 - Found 0 features of type [RefAxis] in cover_joint_v3.1.2-1
2025-07-08 10:17:51,004 INFO  ExportHelperExtension.cs: 1125 - Retrieving features of type [RefAxis] from alibaba-1
2025-07-08 10:17:51,005 INFO  ExportHelperExtension.cs: 1136 - Found 35 in alibaba-1
2025-07-08 10:17:51,005 INFO  ExportHelperExtension.cs: 1145 - Found 0 features of type [RefAxis] in alibaba-1
2025-07-08 10:17:51,006 INFO  ExportHelperExtension.cs: 1125 - Retrieving features of type [RefAxis] from che-1
2025-07-08 10:17:51,007 INFO  ExportHelperExtension.cs: 1136 - Found 25 in che-1
2025-07-08 10:17:51,008 INFO  ExportHelperExtension.cs: 1145 - Found 0 features of type [RefAxis] in che-1
2025-07-08 10:17:51,008 INFO  ExportHelperExtension.cs: 1125 - Retrieving features of type [RefAxis] from Stop Switch Push Button LAY37 (PBC)-3
2025-07-08 10:17:51,009 INFO  ExportHelperExtension.cs: 1136 - Found 63 in Stop Switch Push Button LAY37 (PBC)-3
2025-07-08 10:17:51,011 INFO  ExportHelperExtension.cs: 1145 - Found 0 features of type [RefAxis] in Stop Switch Push Button LAY37 (PBC)-3
2025-07-08 10:17:51,012 INFO  ExportHelperExtension.cs: 1125 - Retrieving features of type [RefAxis] from cover_up_v2_linh_mica-1
2025-07-08 10:17:51,013 INFO  ExportHelperExtension.cs: 1136 - Found 28 in cover_up_v2_linh_mica-1
2025-07-08 10:17:51,014 INFO  ExportHelperExtension.cs: 1145 - Found 0 features of type [RefAxis] in cover_up_v2_linh_mica-1
2025-07-08 10:17:51,015 INFO  ExportHelperExtension.cs: 1125 - Retrieving features of type [RefAxis] from che-2
2025-07-08 10:17:51,016 INFO  ExportHelperExtension.cs: 1136 - Found 25 in che-2
2025-07-08 10:17:51,016 INFO  ExportHelperExtension.cs: 1145 - Found 0 features of type [RefAxis] in che-2
2025-07-08 10:17:51,017 INFO  ExportHelperExtension.cs: 1125 - Retrieving features of type [RefAxis] from full_cover_v2-1
2025-07-08 10:17:51,017 INFO  ExportHelperExtension.cs: 1136 - Found 29 in full_cover_v2-1
2025-07-08 10:17:51,018 INFO  ExportHelperExtension.cs: 1145 - Found 0 features of type [RefAxis] in full_cover_v2-1
2025-07-08 10:17:51,019 INFO  ExportHelperExtension.cs: 1125 - Retrieving features of type [RefAxis] from cum_dahuong_truoc_sau-6
2025-07-08 10:17:51,020 INFO  ExportHelperExtension.cs: 1136 - Found 53 in cum_dahuong_truoc_sau-6
2025-07-08 10:17:51,021 INFO  ExportHelperExtension.cs: 1145 - Found 0 features of type [RefAxis] in cum_dahuong_truoc_sau-6
2025-07-08 10:17:51,022 INFO  ExportHelperExtension.cs: 1125 - Retrieving features of type [RefAxis] from Arcade Push button asm-2
2025-07-08 10:17:51,023 INFO  ExportHelperExtension.cs: 1136 - Found 56 in Arcade Push button asm-2
2025-07-08 10:17:51,024 INFO  ExportHelperExtension.cs: 1145 - Found 0 features of type [RefAxis] in Arcade Push button asm-2
2025-07-08 10:17:51,025 INFO  ExportHelperExtension.cs: 1125 - Retrieving features of type [RefAxis] from j1-1
2025-07-08 10:17:51,026 INFO  ExportHelperExtension.cs: 1136 - Found 32 in j1-1
2025-07-08 10:17:51,027 INFO  ExportHelperExtension.cs: 1145 - Found 0 features of type [RefAxis] in j1-1
2025-07-08 10:17:51,028 INFO  ExportHelperExtension.cs: 1125 - Retrieving features of type [RefAxis] from cover_up_v2_linh-1
2025-07-08 10:17:51,029 INFO  ExportHelperExtension.cs: 1136 - Found 26 in cover_up_v2_linh-1
2025-07-08 10:17:51,029 INFO  ExportHelperExtension.cs: 1145 - Found 0 features of type [RefAxis] in cover_up_v2_linh-1
2025-07-08 10:17:51,030 INFO  ExportHelperExtension.cs: 1125 - Retrieving features of type [RefAxis] from che-3
2025-07-08 10:17:51,031 INFO  ExportHelperExtension.cs: 1136 - Found 25 in che-3
2025-07-08 10:17:51,032 INFO  ExportHelperExtension.cs: 1145 - Found 0 features of type [RefAxis] in che-3
2025-07-08 10:17:51,211 INFO  SwAddin.cs: 339 - Loading config tree
2025-07-08 10:17:51,213 INFO  ConfigurationSerialization.cs: 276 - URDF Configuration found
<Link z:Id="i1" xmlns="http://schemas.datacontract.org/2004/07/SW2URDF" xmlns:i="http://www.w3.org/2001/XMLSchema-instance" xmlns:z="http://schemas.microsoft.com/2003/10/Serialization/"><Attributes><Attribute z:Id="i2"><AttributeType>name</AttributeType><IsRequired>true</IsRequired><Value i:type="a:string" xmlns:a="http://www.w3.org/2001/XMLSchema">base_link</Value></Attribute></Attributes><ChildElements><URDFElement z:Id="i3" i:type="Inertial"><Attributes/><ChildElements><URDFElement z:Id="i4" i:type="Origin"><Attributes><Attribute z:Id="i5"><AttributeType>xyz</AttributeType><IsRequired>true</IsRequired><Value i:type="a:ArrayOfdouble" xmlns:a="http://schemas.microsoft.com/2003/10/Serialization/Arrays"><a:double>0.028369667828340384</a:double><a:double>-0.0053387669522434456</a:double><a:double>0.070976161328202669</a:double></Value></Attribute><Attribute z:Id="i6"><AttributeType>rpy</AttributeType><IsRequired>true</IsRequired><Value i:type="a:ArrayOfdouble" xmlns:a="http://schemas.microsoft.com/2003/10/Serialization/Arrays"><a:double>0</a:double><a:double>0</a:double><a:double>0</a:double></Value></Attribute></Attributes><ChildElements/><ElementName>origin</ElementName><required>false</required><RPYAttribute z:Ref="i6"/><XYZAttribute z:Ref="i5"/><isCustomized>false</isCustomized></URDFElement><URDFElement z:Id="i7" i:type="Mass"><Attributes><Attribute z:Id="i8"><AttributeType>value</AttributeType><IsRequired>true</IsRequired><Value i:type="a:double" xmlns:a="http://www.w3.org/2001/XMLSchema">9.3961906865866069</Value></Attribute></Attributes><ChildElements/><ElementName>mass</ElementName><required>false</required><ValueAttribute z:Ref="i8"/></URDFElement><URDFElement z:Id="i9" i:type="Inertia"><Attributes><Attribute z:Id="i10"><AttributeType>ixx</AttributeType><IsRequired>true</IsRequired><Value i:type="a:double" xmlns:a="http://www.w3.org/2001/XMLSchema">0.037750785721450249</Value></Attribute><Attribute z:Id="i11"><AttributeType>ixy</AttributeType><IsRequired>true</IsRequired><Value i:type="a:double" xmlns:a="http://www.w3.org/2001/XMLSchema">-0.00025260952951413994</Value></Attribute><Attribute z:Id="i12"><AttributeType>ixz</AttributeType><IsRequired>true</IsRequired><Value i:type="a:double" xmlns:a="http://www.w3.org/2001/XMLSchema">0.0004724451250570649</Value></Attribute><Attribute z:Id="i13"><AttributeType>iyy</AttributeType><IsRequired>true</IsRequired><Value i:type="a:double" xmlns:a="http://www.w3.org/2001/XMLSchema">0.059669282857082583</Value></Attribute><Attribute z:Id="i14"><AttributeType>iyz</AttributeType><IsRequired>true</IsRequired><Value i:type="a:double" xmlns:a="http://www.w3.org/2001/XMLSchema">-6.2380513801139647E-07</Value></Attribute><Attribute z:Id="i15"><AttributeType>izz</AttributeType><IsRequired>true</IsRequired><Value i:type="a:double" xmlns:a="http://www.w3.org/2001/XMLSchema">0.074553113262024712</Value></Attribute></Attributes><ChildElements/><ElementName>inertia</ElementName><required>false</required><IxxAttribute z:Ref="i10"/><IxyAttribute z:Ref="i11"/><IxzAttribute z:Ref="i12"/><IyyAttribute z:Ref="i13"/><IyzAttribute z:Ref="i14"/><IzzAttribute z:Ref="i15"/></URDFElement></ChildElements><ElementName>inertial</ElementName><required>false</required><Inertia z:Ref="i9"/><Mass z:Ref="i7"/><Origin z:Ref="i4"/></URDFElement><URDFElement z:Id="i16" i:type="Visual"><Attributes/><ChildElements><URDFElement z:Id="i17" i:type="Origin"><Attributes><Attribute z:Id="i18"><AttributeType>xyz</AttributeType><IsRequired>true</IsRequired><Value i:type="a:ArrayOfdouble" xmlns:a="http://schemas.microsoft.com/2003/10/Serialization/Arrays"><a:double>0</a:double><a:double>0</a:double><a:double>0</a:double></Value></Attribute><Attribute z:Id="i19"><AttributeType>rpy</AttributeType><IsRequired>true</IsRequired><Value i:type="a:ArrayOfdouble" xmlns:a="http://schemas.microsoft.com/2003/10/Serialization/Arrays"><a:double>0</a:double><a:double>0</a:double><a:double>0</a:double></Value></Attribute></Attributes><ChildElements/><ElementName>origin</ElementName><required>false</required><RPYAttribute z:Ref="i19"/><XYZAttribute z:Ref="i18"/><isCustomized>false</isCustomized></URDFElement><URDFElement z:Id="i20" i:type="Geometry"><Attributes/><ChildElements><URDFElement z:Id="i21" i:type="Mesh"><Attributes><Attribute z:Id="i22"><AttributeType>filename</AttributeType><IsRequired>true</IsRequired><Value i:nil="true"/></Attribute></Attributes><ChildElements/><ElementName>mesh</ElementName><required>false</required><FilenameAttribute z:Ref="i22"/></URDFElement></ChildElements><ElementName>geometry</ElementName><required>true</required><Mesh z:Ref="i21"/></URDFElement><URDFElement z:Id="i23" i:type="Material"><Attributes><Attribute z:Id="i24"><AttributeType>name</AttributeType><IsRequired>true</IsRequired><Value i:type="a:string" xmlns:a="http://www.w3.org/2001/XMLSchema"/></Attribute></Attributes><ChildElements><URDFElement z:Id="i25" i:type="Color"><Attributes><Attribute z:Id="i26"><AttributeType>rgba</AttributeType><IsRequired>true</IsRequired><Value i:type="a:ArrayOfdouble" xmlns:a="http://schemas.microsoft.com/2003/10/Serialization/Arrays"><a:double>0.75294117647058822</a:double><a:double>0.75294117647058822</a:double><a:double>0.75294117647058822</a:double><a:double>1</a:double></Value></Attribute></Attributes><ChildElements/><ElementName>color</ElementName><required>false</required><RGBAAttribute z:Ref="i26"/></URDFElement><URDFElement z:Id="i27" i:type="Texture"><Attributes><Attribute z:Id="i28"><AttributeType>filename</AttributeType><IsRequired>true</IsRequired><Value i:nil="true"/></Attribute></Attributes><ChildElements/><ElementName>texture</ElementName><required>false</required><FilenameAttribute z:Ref="i28"/><wFilename/></URDFElement></ChildElements><ElementName>material</ElementName><required>false</required><Color z:Ref="i25"/><NameAttribute z:Ref="i24"/><Texture z:Ref="i27"/></URDFElement></ChildElements><ElementName>visual</ElementName><required>false</required><Geometry z:Ref="i20"/><Material z:Ref="i23"/><Origin z:Ref="i17"/></URDFElement><URDFElement z:Id="i29" i:type="Collision"><Attributes/><ChildElements><URDFElement z:Id="i30" i:type="Origin"><Attributes><Attribute z:Id="i31"><AttributeType>xyz</AttributeType><IsRequired>true</IsRequired><Value i:type="a:ArrayOfdouble" xmlns:a="http://schemas.microsoft.com/2003/10/Serialization/Arrays"><a:double>0</a:double><a:double>0</a:double><a:double>0</a:double></Value></Attribute><Attribute z:Id="i32"><AttributeType>rpy</AttributeType><IsRequired>true</IsRequired><Value i:type="a:ArrayOfdouble" xmlns:a="http://schemas.microsoft.com/2003/10/Serialization/Arrays"><a:double>0</a:double><a:double>0</a:double><a:double>0</a:double></Value></Attribute></Attributes><ChildElements/><ElementName>origin</ElementName><required>false</required><RPYAttribute z:Ref="i32"/><XYZAttribute z:Ref="i31"/><isCustomized>false</isCustomized></URDFElement><URDFElement z:Id="i33" i:type="Geometry"><Attributes/><ChildElements><URDFElement z:Id="i34" i:type="Mesh"><Attributes><Attribute z:Id="i35"><AttributeType>filename</AttributeType><IsRequired>true</IsRequired><Value i:nil="true"/></Attribute></Attributes><ChildElements/><ElementName>mesh</ElementName><required>false</required><FilenameAttribute z:Ref="i35"/></URDFElement></ChildElements><ElementName>geometry</ElementName><required>true</required><Mesh z:Ref="i34"/></URDFElement></ChildElements><ElementName>collision</ElementName><required>false</required><Geometry z:Ref="i33"/><Origin z:Ref="i30"/></URDFElement><URDFElement z:Id="i36" i:type="Joint"><Attributes><Attribute z:Id="i37"><AttributeType>name</AttributeType><IsRequired>true</IsRequired><Value i:type="a:string" xmlns:a="http://www.w3.org/2001/XMLSchema"/></Attribute><Attribute z:Id="i38"><AttributeType>type</AttributeType><IsRequired>true</IsRequired><Value i:type="a:string" xmlns:a="http://www.w3.org/2001/XMLSchema"/></Attribute></Attributes><ChildElements><URDFElement z:Id="i39" i:type="Origin"><Attributes><Attribute z:Id="i40"><AttributeType>xyz</AttributeType><IsRequired>true</IsRequired><Value i:type="a:ArrayOfdouble" xmlns:a="http://schemas.microsoft.com/2003/10/Serialization/Arrays"><a:double>0</a:double><a:double>0</a:double><a:double>0</a:double></Value></Attribute><Attribute z:Id="i41"><AttributeType>rpy</AttributeType><IsRequired>true</IsRequired><Value i:type="a:ArrayOfdouble" xmlns:a="http://schemas.microsoft.com/2003/10/Serialization/Arrays"><a:double>0</a:double><a:double>0</a:double><a:double>0</a:double></Value></Attribute></Attributes><ChildElements/><ElementName>origin</ElementName><required>false</required><RPYAttribute z:Ref="i41"/><XYZAttribute z:Ref="i40"/><isCustomized>false</isCustomized></URDFElement><URDFElement z:Id="i42" i:type="ParentLink"><Attributes><Attribute z:Id="i43"><AttributeType>link</AttributeType><IsRequired>true</IsRequired><Value i:type="a:string" xmlns:a="http://www.w3.org/2001/XMLSchema"/></Attribute></Attributes><ChildElements/><ElementName>parent</ElementName><required>true</required><NameAttribute z:Ref="i43"/></URDFElement><URDFElement z:Id="i44" i:type="ChildLink"><Attributes><Attribute z:Id="i45"><AttributeType>link</AttributeType><IsRequired>true</IsRequired><Value i:type="a:string" xmlns:a="http://www.w3.org/2001/XMLSchema"/></Attribute></Attributes><ChildElements/><ElementName>child</ElementName><required>true</required><NameAttribute z:Ref="i45"/></URDFElement><URDFElement z:Id="i46" i:type="Axis"><Attributes><Attribute z:Id="i47"><AttributeType>xyz</AttributeType><IsRequired>true</IsRequired><Value i:type="a:ArrayOfdouble" xmlns:a="http://schemas.microsoft.com/2003/10/Serialization/Arrays"><a:double>0</a:double><a:double>0</a:double><a:double>0</a:double></Value></Attribute></Attributes><ChildElements/><ElementName>axis</ElementName><required>false</required><XYZAttribute z:Ref="i47"/></URDFElement><URDFElement z:Id="i48" i:type="Limit"><Attributes><Attribute z:Id="i49"><AttributeType>lower</AttributeType><IsRequired>false</IsRequired><Value i:nil="true"/></Attribute><Attribute z:Id="i50"><AttributeType>upper</AttributeType><IsRequired>false</IsRequired><Value i:nil="true"/></Attribute><Attribute z:Id="i51"><AttributeType>effort</AttributeType><IsRequired>true</IsRequired><Value i:nil="true"/></Attribute><Attribute z:Id="i52"><AttributeType>velocity</AttributeType><IsRequired>true</IsRequired><Value i:nil="true"/></Attribute></Attributes><ChildElements/><ElementName>limit</ElementName><required>false</required><EffortAttribute z:Ref="i51"/><LowerAttribute z:Ref="i49"/><UpperAttribute z:Ref="i50"/><VelocityAttribute z:Ref="i52"/></URDFElement><URDFElement z:Id="i53" i:type="Calibration"><Attributes><Attribute z:Id="i54"><AttributeType>rising</AttributeType><IsRequired>false</IsRequired><Value i:nil="true"/></Attribute><Attribute z:Id="i55"><AttributeType>falling</AttributeType><IsRequired>false</IsRequired><Value i:nil="true"/></Attribute></Attributes><ChildElements/><ElementName>calibration</ElementName><required>false</required><FallingAttribute z:Ref="i55"/><RisingAttribute z:Ref="i54"/></URDFElement><URDFElement z:Id="i56" i:type="Dynamics"><Attributes><Attribute z:Id="i57"><AttributeType>damping</AttributeType><IsRequired>false</IsRequired><Value i:nil="true"/></Attribute><Attribute z:Id="i58"><AttributeType>friction</AttributeType><IsRequired>false</IsRequired><Value i:nil="true"/></Attribute></Attributes><ChildElements/><ElementName>dynamics</ElementName><required>false</required><DampingAttribute z:Ref="i57"/><FrictionAttribute z:Ref="i58"/></URDFElement><URDFElement z:Id="i59" i:type="SafetyController"><Attributes><Attribute z:Id="i60"><AttributeType>soft_upper_limit</AttributeType><IsRequired>false</IsRequired><Value i:nil="true"/></Attribute><Attribute z:Id="i61"><AttributeType>soft_lower_limit</AttributeType><IsRequired>false</IsRequired><Value i:nil="true"/></Attribute><Attribute z:Id="i62"><AttributeType>k_position</AttributeType><IsRequired>false</IsRequired><Value i:nil="true"/></Attribute><Attribute z:Id="i63"><AttributeType>k_velocity</AttributeType><IsRequired>true</IsRequired><Value i:nil="true"/></Attribute></Attributes><ChildElements/><ElementName>safety_controller</ElementName><required>false</required><KPositionAttribute z:Ref="i62"/><KVelocityAttribute z:Ref="i63"/><SoftLowerAttribute z:Ref="i61"/><SoftUpperAttribute z:Ref="i60"/></URDFElement><URDFElement z:Id="i64" i:type="Mimic"><Attributes><Attribute z:Id="i65"><AttributeType>joint</AttributeType><IsRequired>true</IsRequired><Value i:nil="true"/></Attribute><Attribute z:Id="i66"><AttributeType>multiplier</AttributeType><IsRequired>false</IsRequired><Value i:nil="true"/></Attribute><Attribute z:Id="i67"><AttributeType>offset</AttributeType><IsRequired>false</IsRequired><Value i:nil="true"/></Attribute></Attributes><ChildElements/><ElementName>mimic</ElementName><required>false</required><JointNameAttribute z:Ref="i65"/><MultiplierAttribute z:Ref="i66"/><OffsetAttribute z:Ref="i67"/></URDFElement></ChildElements><ElementName>joint</ElementName><required>false</required><Axis z:Ref="i46"/><AxisName/><Calibration z:Ref="i53"/><Child z:Ref="i44"/><CoordinateSystemName>Coordinate System1</CoordinateSystemName><Dynamics z:Ref="i56"/><Limit z:Ref="i48"/><Mimic z:Ref="i64"/><NameAttribute z:Ref="i37"/><Origin z:Ref="i39"/><Parent z:Ref="i42"/><Safety z:Ref="i59"/><TypeAttribute z:Ref="i38"/></URDFElement></ChildElements><ElementName>link</ElementName><required>true</required><Children><Link z:Id="i68"><Attributes><Attribute z:Id="i69"><AttributeType>name</AttributeType><IsRequired>true</IsRequired><Value i:type="a:string" xmlns:a="http://www.w3.org/2001/XMLSchema">lidar_link</Value></Attribute></Attributes><ChildElements><URDFElement z:Id="i70" i:type="Inertial"><Attributes/><ChildElements><URDFElement z:Id="i71" i:type="Origin"><Attributes><Attribute z:Id="i72"><AttributeType>xyz</AttributeType><IsRequired>true</IsRequired><Value i:type="a:ArrayOfdouble" xmlns:a="http://schemas.microsoft.com/2003/10/Serialization/Arrays"><a:double>0.014838317136635526</a:double><a:double>0.00044768343093826157</a:double><a:double>-0.021153620820684838</a:double></Value></Attribute><Attribute z:Id="i73"><AttributeType>rpy</AttributeType><IsRequired>true</IsRequired><Value i:type="a:ArrayOfdouble" xmlns:a="http://schemas.microsoft.com/2003/10/Serialization/Arrays"><a:double>0</a:double><a:double>0</a:double><a:double>0</a:double></Value></Attribute></Attributes><ChildElements/><ElementName>origin</ElementName><required>false</required><RPYAttribute z:Ref="i73"/><XYZAttribute z:Ref="i72"/><isCustomized>false</isCustomized></URDFElement><URDFElement z:Id="i74" i:type="Mass"><Attributes><Attribute z:Id="i75"><AttributeType>value</AttributeType><IsRequired>true</IsRequired><Value i:type="a:double" xmlns:a="http://www.w3.org/2001/XMLSchema">0.031240912740647685</Value></Attribute></Attributes><ChildElements/><ElementName>mass</ElementName><required>false</required><ValueAttribute z:Ref="i75"/></URDFElement><URDFElement z:Id="i76" i:type="Inertia"><Attributes><Attribute z:Id="i77"><AttributeType>ixx</AttributeType><IsRequired>true</IsRequired><Value i:type="a:double" xmlns:a="http://www.w3.org/2001/XMLSchema">8.8802637081098885E-06</Value></Attribute><Attribute z:Id="i78"><AttributeType>ixy</AttributeType><IsRequired>true</IsRequired><Value i:type="a:double" xmlns:a="http://www.w3.org/2001/XMLSchema">-1.776644943302935E-07</Value></Attribute><Attribute z:Id="i79"><AttributeType>ixz</AttributeType><IsRequired>true</IsRequired><Value i:type="a:double" xmlns:a="http://www.w3.org/2001/XMLSchema">1.1302767991707971E-07</Value></Attribute><Attribute z:Id="i80"><AttributeType>iyy</AttributeType><IsRequired>true</IsRequired><Value i:type="a:double" xmlns:a="http://www.w3.org/2001/XMLSchema">1.4491001820543361E-05</Value></Attribute><Attribute z:Id="i81"><AttributeType>iyz</AttributeType><IsRequired>true</IsRequired><Value i:type="a:double" xmlns:a="http://www.w3.org/2001/XMLSchema">3.4607611499614985E-08</Value></Attribute><Attribute z:Id="i82"><AttributeType>izz</AttributeType><IsRequired>true</IsRequired><Value i:type="a:double" xmlns:a="http://www.w3.org/2001/XMLSchema">2.2528909952026854E-05</Value></Attribute></Attributes><ChildElements/><ElementName>inertia</ElementName><required>false</required><IxxAttribute z:Ref="i77"/><IxyAttribute z:Ref="i78"/><IxzAttribute z:Ref="i79"/><IyyAttribute z:Ref="i80"/><IyzAttribute z:Ref="i81"/><IzzAttribute z:Ref="i82"/></URDFElement></ChildElements><ElementName>inertial</ElementName><required>false</required><Inertia z:Ref="i76"/><Mass z:Ref="i74"/><Origin z:Ref="i71"/></URDFElement><URDFElement z:Id="i83" i:type="Visual"><Attributes/><ChildElements><URDFElement z:Id="i84" i:type="Origin"><Attributes><Attribute z:Id="i85"><AttributeType>xyz</AttributeType><IsRequired>true</IsRequired><Value i:type="a:ArrayOfdouble" xmlns:a="http://schemas.microsoft.com/2003/10/Serialization/Arrays"><a:double>0</a:double><a:double>0</a:double><a:double>0</a:double></Value></Attribute><Attribute z:Id="i86"><AttributeType>rpy</AttributeType><IsRequired>true</IsRequired><Value i:type="a:ArrayOfdouble" xmlns:a="http://schemas.microsoft.com/2003/10/Serialization/Arrays"><a:double>0</a:double><a:double>0</a:double><a:double>0</a:double></Value></Attribute></Attributes><ChildElements/><ElementName>origin</ElementName><required>false</required><RPYAttribute z:Ref="i86"/><XYZAttribute z:Ref="i85"/><isCustomized>false</isCustomized></URDFElement><URDFElement z:Id="i87" i:type="Geometry"><Attributes/><ChildElements><URDFElement z:Id="i88" i:type="Mesh"><Attributes><Attribute z:Id="i89"><AttributeType>filename</AttributeType><IsRequired>true</IsRequired><Value i:nil="true"/></Attribute></Attributes><ChildElements/><ElementName>mesh</ElementName><required>false</required><FilenameAttribute z:Ref="i89"/></URDFElement></ChildElements><ElementName>geometry</ElementName><required>true</required><Mesh z:Ref="i88"/></URDFElement><URDFElement z:Id="i90" i:type="Material"><Attributes><Attribute z:Id="i91"><AttributeType>name</AttributeType><IsRequired>true</IsRequired><Value i:type="a:string" xmlns:a="http://www.w3.org/2001/XMLSchema"/></Attribute></Attributes><ChildElements><URDFElement z:Id="i92" i:type="Color"><Attributes><Attribute z:Id="i93"><AttributeType>rgba</AttributeType><IsRequired>true</IsRequired><Value i:type="a:ArrayOfdouble" xmlns:a="http://schemas.microsoft.com/2003/10/Serialization/Arrays"><a:double>0.792156862745098</a:double><a:double>0.81960784313725488</a:double><a:double>0.93333333333333335</a:double><a:double>1</a:double></Value></Attribute></Attributes><ChildElements/><ElementName>color</ElementName><required>false</required><RGBAAttribute z:Ref="i93"/></URDFElement><URDFElement z:Id="i94" i:type="Texture"><Attributes><Attribute z:Id="i95"><AttributeType>filename</AttributeType><IsRequired>true</IsRequired><Value i:nil="true"/></Attribute></Attributes><ChildElements/><ElementName>texture</ElementName><required>false</required><FilenameAttribute z:Ref="i95"/><wFilename/></URDFElement></ChildElements><ElementName>material</ElementName><required>false</required><Color z:Ref="i92"/><NameAttribute z:Ref="i91"/><Texture z:Ref="i94"/></URDFElement></ChildElements><ElementName>visual</ElementName><required>false</required><Geometry z:Ref="i87"/><Material z:Ref="i90"/><Origin z:Ref="i84"/></URDFElement><URDFElement z:Id="i96" i:type="Collision"><Attributes/><ChildElements><URDFElement z:Id="i97" i:type="Origin"><Attributes><Attribute z:Id="i98"><AttributeType>xyz</AttributeType><IsRequired>true</IsRequired><Value i:type="a:ArrayOfdouble" xmlns:a="http://schemas.microsoft.com/2003/10/Serialization/Arrays"><a:double>0</a:double><a:double>0</a:double><a:double>0</a:double></Value></Attribute><Attribute z:Id="i99"><AttributeType>rpy</AttributeType><IsRequired>true</IsRequired><Value i:type="a:ArrayOfdouble" xmlns:a="http://schemas.microsoft.com/2003/10/Serialization/Arrays"><a:double>0</a:double><a:double>0</a:double><a:double>0</a:double></Value></Attribute></Attributes><ChildElements/><ElementName>origin</ElementName><required>false</required><RPYAttribute z:Ref="i99"/><XYZAttribute z:Ref="i98"/><isCustomized>false</isCustomized></URDFElement><URDFElement z:Id="i100" i:type="Geometry"><Attributes/><ChildElements><URDFElement z:Id="i101" i:type="Mesh"><Attributes><Attribute z:Id="i102"><AttributeType>filename</AttributeType><IsRequired>true</IsRequired><Value i:nil="true"/></Attribute></Attributes><ChildElements/><ElementName>mesh</ElementName><required>false</required><FilenameAttribute z:Ref="i102"/></URDFElement></ChildElements><ElementName>geometry</ElementName><required>true</required><Mesh z:Ref="i101"/></URDFElement></ChildElements><ElementName>collision</ElementName><required>false</required><Geometry z:Ref="i100"/><Origin z:Ref="i97"/></URDFElement><URDFElement z:Id="i103" i:type="Joint"><Attributes><Attribute z:Id="i104"><AttributeType>name</AttributeType><IsRequired>true</IsRequired><Value i:type="a:string" xmlns:a="http://www.w3.org/2001/XMLSchema">lidar</Value></Attribute><Attribute z:Id="i105"><AttributeType>type</AttributeType><IsRequired>true</IsRequired><Value i:type="a:string" xmlns:a="http://www.w3.org/2001/XMLSchema">fixed</Value></Attribute></Attributes><ChildElements><URDFElement z:Id="i106" i:type="Origin"><Attributes><Attribute z:Id="i107"><AttributeType>xyz</AttributeType><IsRequired>true</IsRequired><Value i:type="a:ArrayOfdouble" xmlns:a="http://schemas.microsoft.com/2003/10/Serialization/Arrays"><a:double>0.15566672564358219</a:double><a:double>0.0011277706563345147</a:double><a:double>0.14609999999809897</a:double></Value></Attribute><Attribute z:Id="i108"><AttributeType>rpy</AttributeType><IsRequired>true</IsRequired><Value i:type="a:ArrayOfdouble" xmlns:a="http://schemas.microsoft.com/2003/10/Serialization/Arrays"><a:double>0</a:double><a:double>0</a:double><a:double>0</a:double></Value></Attribute></Attributes><ChildElements/><ElementName>origin</ElementName><required>false</required><RPYAttribute z:Ref="i108"/><XYZAttribute z:Ref="i107"/><isCustomized>false</isCustomized></URDFElement><URDFElement z:Id="i109" i:type="ParentLink"><Attributes><Attribute z:Id="i110"><AttributeType>link</AttributeType><IsRequired>true</IsRequired><Value i:type="a:string" xmlns:a="http://www.w3.org/2001/XMLSchema">base_link</Value></Attribute></Attributes><ChildElements/><ElementName>parent</ElementName><required>true</required><NameAttribute z:Ref="i110"/></URDFElement><URDFElement z:Id="i111" i:type="ChildLink"><Attributes><Attribute z:Id="i112"><AttributeType>link</AttributeType><IsRequired>true</IsRequired><Value i:type="a:string" xmlns:a="http://www.w3.org/2001/XMLSchema">lidar_link</Value></Attribute></Attributes><ChildElements/><ElementName>child</ElementName><required>true</required><NameAttribute z:Ref="i112"/></URDFElement><URDFElement z:Id="i113" i:type="Axis"><Attributes><Attribute z:Id="i114"><AttributeType>xyz</AttributeType><IsRequired>true</IsRequired><Value i:type="a:ArrayOfdouble" xmlns:a="http://schemas.microsoft.com/2003/10/Serialization/Arrays"><a:double>0</a:double><a:double>0</a:double><a:double>0</a:double></Value></Attribute></Attributes><ChildElements/><ElementName>axis</ElementName><required>false</required><XYZAttribute z:Ref="i114"/></URDFElement><URDFElement z:Id="i115" i:type="Limit"><Attributes><Attribute z:Id="i116"><AttributeType>lower</AttributeType><IsRequired>false</IsRequired><Value i:nil="true"/></Attribute><Attribute z:Id="i117"><AttributeType>upper</AttributeType><IsRequired>false</IsRequired><Value i:nil="true"/></Attribute><Attribute z:Id="i118"><AttributeType>effort</AttributeType><IsRequired>true</IsRequired><Value i:nil="true"/></Attribute><Attribute z:Id="i119"><AttributeType>velocity</AttributeType><IsRequired>true</IsRequired><Value i:nil="true"/></Attribute></Attributes><ChildElements/><ElementName>limit</ElementName><required>false</required><EffortAttribute z:Ref="i118"/><LowerAttribute z:Ref="i116"/><UpperAttribute z:Ref="i117"/><VelocityAttribute z:Ref="i119"/></URDFElement><URDFElement z:Id="i120" i:type="Calibration"><Attributes><Attribute z:Id="i121"><AttributeType>rising</AttributeType><IsRequired>false</IsRequired><Value i:nil="true"/></Attribute><Attribute z:Id="i122"><AttributeType>falling</AttributeType><IsRequired>false</IsRequired><Value i:nil="true"/></Attribute></Attributes><ChildElements/><ElementName>calibration</ElementName><required>false</required><FallingAttribute z:Ref="i122"/><RisingAttribute z:Ref="i121"/></URDFElement><URDFElement z:Id="i123" i:type="Dynamics"><Attributes><Attribute z:Id="i124"><AttributeType>damping</AttributeType><IsRequired>false</IsRequired><Value i:nil="true"/></Attribute><Attribute z:Id="i125"><AttributeType>friction</AttributeType><IsRequired>false</IsRequired><Value i:nil="true"/></Attribute></Attributes><ChildElements/><ElementName>dynamics</ElementName><required>false</required><DampingAttribute z:Ref="i124"/><FrictionAttribute z:Ref="i125"/></URDFElement><URDFElement z:Id="i126" i:type="SafetyController"><Attributes><Attribute z:Id="i127"><AttributeType>soft_upper_limit</AttributeType><IsRequired>false</IsRequired><Value i:nil="true"/></Attribute><Attribute z:Id="i128"><AttributeType>soft_lower_limit</AttributeType><IsRequired>false</IsRequired><Value i:nil="true"/></Attribute><Attribute z:Id="i129"><AttributeType>k_position</AttributeType><IsRequired>false</IsRequired><Value i:nil="true"/></Attribute><Attribute z:Id="i130"><AttributeType>k_velocity</AttributeType><IsRequired>true</IsRequired><Value i:nil="true"/></Attribute></Attributes><ChildElements/><ElementName>safety_controller</ElementName><required>false</required><KPositionAttribute z:Ref="i129"/><KVelocityAttribute z:Ref="i130"/><SoftLowerAttribute z:Ref="i128"/><SoftUpperAttribute z:Ref="i127"/></URDFElement><URDFElement z:Id="i131" i:type="Mimic"><Attributes><Attribute z:Id="i132"><AttributeType>joint</AttributeType><IsRequired>true</IsRequired><Value i:nil="true"/></Attribute><Attribute z:Id="i133"><AttributeType>multiplier</AttributeType><IsRequired>false</IsRequired><Value i:nil="true"/></Attribute><Attribute z:Id="i134"><AttributeType>offset</AttributeType><IsRequired>false</IsRequired><Value i:nil="true"/></Attribute></Attributes><ChildElements/><ElementName>mimic</ElementName><required>false</required><JointNameAttribute z:Ref="i132"/><MultiplierAttribute z:Ref="i133"/><OffsetAttribute z:Ref="i134"/></URDFElement></ChildElements><ElementName>joint</ElementName><required>false</required><Axis z:Ref="i113"/><AxisName>Automatically Generate</AxisName><Calibration z:Ref="i120"/><Child z:Ref="i111"/><CoordinateSystemName>Coordinate System2</CoordinateSystemName><Dynamics z:Ref="i123"/><Limit z:Ref="i115"/><Mimic z:Ref="i131"/><NameAttribute z:Ref="i104"/><Origin z:Ref="i106"/><Parent z:Ref="i109"/><Safety z:Ref="i126"/><TypeAttribute z:Ref="i105"/></URDFElement></ChildElements><ElementName>link</ElementName><required>true</required><Children/><Collision z:Ref="i96"/><Inertial z:Ref="i70"/><Joint z:Ref="i103"/><NameAttribute z:Ref="i69"/><Parent z:Ref="i1"/><STLQualityFine>false</STLQualityFine><SWComponentPIDs xmlns:a="http://schemas.microsoft.com/2003/10/Serialization/Arrays"><a:base64Binary>aEIAAAUAAAD//v8fWAAzAF8ATABpAGQAYQByAC0AMQBAAHIAbwBiAG8AVgAzACgAdQByAGQAZgBfAGMAaABhAG4AZwBlAGQAKQAEAAAAEAAAAAEAAAABAAAAiwQAAA==</a:base64Binary></SWComponentPIDs><SWMainComponentPID i:nil="true"/><Visual z:Ref="i83"/><isFixedFrame>false</isFixedFrame><isIncomplete>false</isIncomplete></Link><Link z:Id="i135"><Attributes><Attribute z:Id="i136"><AttributeType>name</AttributeType><IsRequired>true</IsRequired><Value i:type="a:string" xmlns:a="http://www.w3.org/2001/XMLSchema">imu_link</Value></Attribute></Attributes><ChildElements><URDFElement z:Id="i137" i:type="Inertial"><Attributes/><ChildElements><URDFElement z:Id="i138" i:type="Origin"><Attributes><Attribute z:Id="i139"><AttributeType>xyz</AttributeType><IsRequired>true</IsRequired><Value i:type="a:ArrayOfdouble" xmlns:a="http://schemas.microsoft.com/2003/10/Serialization/Arrays"><a:double>-0.012652845066860929</a:double><a:double>-0.012693666024006678</a:double><a:double>-0.00550000000000006</a:double></Value></Attribute><Attribute z:Id="i140"><AttributeType>rpy</AttributeType><IsRequired>true</IsRequired><Value i:type="a:ArrayOfdouble" xmlns:a="http://schemas.microsoft.com/2003/10/Serialization/Arrays"><a:double>0</a:double><a:double>0</a:double><a:double>0</a:double></Value></Attribute></Attributes><ChildElements/><ElementName>origin</ElementName><required>false</required><RPYAttribute z:Ref="i140"/><XYZAttribute z:Ref="i139"/><isCustomized>false</isCustomized></URDFElement><URDFElement z:Id="i141" i:type="Mass"><Attributes><Attribute z:Id="i142"><AttributeType>value</AttributeType><IsRequired>true</IsRequired><Value i:type="a:double" xmlns:a="http://www.w3.org/2001/XMLSchema">0.0071204927508749195</Value></Attribute></Attributes><ChildElements/><ElementName>mass</ElementName><required>false</required><ValueAttribute z:Ref="i142"/></URDFElement><URDFElement z:Id="i143" i:type="Inertia"><Attributes><Attribute z:Id="i144"><AttributeType>ixx</AttributeType><IsRequired>true</IsRequired><Value i:type="a:double" xmlns:a="http://www.w3.org/2001/XMLSchema">4.560985156191466E-07</Value></Attribute><Attribute z:Id="i145"><AttributeType>ixy</AttributeType><IsRequired>true</IsRequired><Value i:type="a:double" xmlns:a="http://www.w3.org/2001/XMLSchema">9.31843930741966E-09</Value></Attribute><Attribute z:Id="i146"><AttributeType>ixz</AttributeType><IsRequired>true</IsRequired><Value i:type="a:double" xmlns:a="http://www.w3.org/2001/XMLSchema">-1.0936995124193384E-22</Value></Attribute><Attribute z:Id="i147"><AttributeType>iyy</AttributeType><IsRequired>true</IsRequired><Value i:type="a:double" xmlns:a="http://www.w3.org/2001/XMLSchema">4.5615854575030405E-07</Value></Attribute><Attribute z:Id="i148"><AttributeType>iyz</AttributeType><IsRequired>true</IsRequired><Value i:type="a:double" xmlns:a="http://www.w3.org/2001/XMLSchema">-1.2528223878317977E-21</Value></Attribute><Attribute z:Id="i149"><AttributeType>izz</AttributeType><IsRequired>true</IsRequired><Value i:type="a:double" xmlns:a="http://www.w3.org/2001/XMLSchema">7.6866045756013947E-07</Value></Attribute></Attributes><ChildElements/><ElementName>inertia</ElementName><required>false</required><IxxAttribute z:Ref="i144"/><IxyAttribute z:Ref="i145"/><IxzAttribute z:Ref="i146"/><IyyAttribute z:Ref="i147"/><IyzAttribute z:Ref="i148"/><IzzAttribute z:Ref="i149"/></URDFElement></ChildElements><ElementName>inertial</ElementName><required>false</required><Inertia z:Ref="i143"/><Mass z:Ref="i141"/><Origin z:Ref="i138"/></URDFElement><URDFElement z:Id="i150" i:type="Visual"><Attributes/><ChildElements><URDFElement z:Id="i151" i:type="Origin"><Attributes><Attribute z:Id="i152"><AttributeType>xyz</AttributeType><IsRequired>true</IsRequired><Value i:type="a:ArrayOfdouble" xmlns:a="http://schemas.microsoft.com/2003/10/Serialization/Arrays"><a:double>0</a:double><a:double>0</a:double><a:double>0</a:double></Value></Attribute><Attribute z:Id="i153"><AttributeType>rpy</AttributeType><IsRequired>true</IsRequired><Value i:type="a:ArrayOfdouble" xmlns:a="http://schemas.microsoft.com/2003/10/Serialization/Arrays"><a:double>0</a:double><a:double>0</a:double><a:double>0</a:double></Value></Attribute></Attributes><ChildElements/><ElementName>origin</ElementName><required>false</required><RPYAttribute z:Ref="i153"/><XYZAttribute z:Ref="i152"/><isCustomized>false</isCustomized></URDFElement><URDFElement z:Id="i154" i:type="Geometry"><Attributes/><ChildElements><URDFElement z:Id="i155" i:type="Mesh"><Attributes><Attribute z:Id="i156"><AttributeType>filename</AttributeType><IsRequired>true</IsRequired><Value i:nil="true"/></Attribute></Attributes><ChildElements/><ElementName>mesh</ElementName><required>false</required><FilenameAttribute z:Ref="i156"/></URDFElement></ChildElements><ElementName>geometry</ElementName><required>true</required><Mesh z:Ref="i155"/></URDFElement><URDFElement z:Id="i157" i:type="Material"><Attributes><Attribute z:Id="i158"><AttributeType>name</AttributeType><IsRequired>true</IsRequired><Value i:type="a:string" xmlns:a="http://www.w3.org/2001/XMLSchema"/></Attribute></Attributes><ChildElements><URDFElement z:Id="i159" i:type="Color"><Attributes><Attribute z:Id="i160"><AttributeType>rgba</AttributeType><IsRequired>true</IsRequired><Value i:type="a:ArrayOfdouble" xmlns:a="http://schemas.microsoft.com/2003/10/Serialization/Arrays"><a:double>0.792156862745098</a:double><a:double>0.81960784313725488</a:double><a:double>0.93333333333333335</a:double><a:double>1</a:double></Value></Attribute></Attributes><ChildElements/><ElementName>color</ElementName><required>false</required><RGBAAttribute z:Ref="i160"/></URDFElement><URDFElement z:Id="i161" i:type="Texture"><Attributes><Attribute z:Id="i162"><AttributeType>filename</AttributeType><IsRequired>true</IsRequired><Value i:nil="true"/></Attribute></Attributes><ChildElements/><ElementName>texture</ElementName><required>false</required><FilenameAttribute z:Ref="i162"/><wFilename/></URDFElement></ChildElements><ElementName>material</ElementName><required>false</required><Color z:Ref="i159"/><NameAttribute z:Ref="i158"/><Texture z:Ref="i161"/></URDFElement></ChildElements><ElementName>visual</ElementName><required>false</required><Geometry z:Ref="i154"/><Material z:Ref="i157"/><Origin z:Ref="i151"/></URDFElement><URDFElement z:Id="i163" i:type="Collision"><Attributes/><ChildElements><URDFElement z:Id="i164" i:type="Origin"><Attributes><Attribute z:Id="i165"><AttributeType>xyz</AttributeType><IsRequired>true</IsRequired><Value i:type="a:ArrayOfdouble" xmlns:a="http://schemas.microsoft.com/2003/10/Serialization/Arrays"><a:double>0</a:double><a:double>0</a:double><a:double>0</a:double></Value></Attribute><Attribute z:Id="i166"><AttributeType>rpy</AttributeType><IsRequired>true</IsRequired><Value i:type="a:ArrayOfdouble" xmlns:a="http://schemas.microsoft.com/2003/10/Serialization/Arrays"><a:double>0</a:double><a:double>0</a:double><a:double>0</a:double></Value></Attribute></Attributes><ChildElements/><ElementName>origin</ElementName><required>false</required><RPYAttribute z:Ref="i166"/><XYZAttribute z:Ref="i165"/><isCustomized>false</isCustomized></URDFElement><URDFElement z:Id="i167" i:type="Geometry"><Attributes/><ChildElements><URDFElement z:Id="i168" i:type="Mesh"><Attributes><Attribute z:Id="i169"><AttributeType>filename</AttributeType><IsRequired>true</IsRequired><Value i:nil="true"/></Attribute></Attributes><ChildElements/><ElementName>mesh</ElementName><required>false</required><FilenameAttribute z:Ref="i169"/></URDFElement></ChildElements><ElementName>geometry</ElementName><required>true</required><Mesh z:Ref="i168"/></URDFElement></ChildElements><ElementName>collision</ElementName><required>false</required><Geometry z:Ref="i167"/><Origin z:Ref="i164"/></URDFElement><URDFElement z:Id="i170" i:type="Joint"><Attributes><Attribute z:Id="i171"><AttributeType>name</AttributeType><IsRequired>true</IsRequired><Value i:type="a:string" xmlns:a="http://www.w3.org/2001/XMLSchema">imu</Value></Attribute><Attribute z:Id="i172"><AttributeType>type</AttributeType><IsRequired>true</IsRequired><Value i:type="a:string" xmlns:a="http://www.w3.org/2001/XMLSchema">fixed</Value></Attribute></Attributes><ChildElements><URDFElement z:Id="i173" i:type="Origin"><Attributes><Attribute z:Id="i174"><AttributeType>xyz</AttributeType><IsRequired>true</IsRequired><Value i:type="a:ArrayOfdouble" xmlns:a="http://schemas.microsoft.com/2003/10/Serialization/Arrays"><a:double>0.15399</a:double><a:double>-0.085457</a:double><a:double>0.041</a:double></Value></Attribute><Attribute z:Id="i175"><AttributeType>rpy</AttributeType><IsRequired>true</IsRequired><Value i:type="a:ArrayOfdouble" xmlns:a="http://schemas.microsoft.com/2003/10/Serialization/Arrays"><a:double>0</a:double><a:double>0</a:double><a:double>0</a:double></Value></Attribute></Attributes><ChildElements/><ElementName>origin</ElementName><required>false</required><RPYAttribute z:Ref="i175"/><XYZAttribute z:Ref="i174"/><isCustomized>false</isCustomized></URDFElement><URDFElement z:Id="i176" i:type="ParentLink"><Attributes><Attribute z:Id="i177"><AttributeType>link</AttributeType><IsRequired>true</IsRequired><Value i:type="a:string" xmlns:a="http://www.w3.org/2001/XMLSchema">base_link</Value></Attribute></Attributes><ChildElements/><ElementName>parent</ElementName><required>true</required><NameAttribute z:Ref="i177"/></URDFElement><URDFElement z:Id="i178" i:type="ChildLink"><Attributes><Attribute z:Id="i179"><AttributeType>link</AttributeType><IsRequired>true</IsRequired><Value i:type="a:string" xmlns:a="http://www.w3.org/2001/XMLSchema">imu_link</Value></Attribute></Attributes><ChildElements/><ElementName>child</ElementName><required>true</required><NameAttribute z:Ref="i179"/></URDFElement><URDFElement z:Id="i180" i:type="Axis"><Attributes><Attribute z:Id="i181"><AttributeType>xyz</AttributeType><IsRequired>true</IsRequired><Value i:type="a:ArrayOfdouble" xmlns:a="http://schemas.microsoft.com/2003/10/Serialization/Arrays"><a:double>0</a:double><a:double>0</a:double><a:double>0</a:double></Value></Attribute></Attributes><ChildElements/><ElementName>axis</ElementName><required>false</required><XYZAttribute z:Ref="i181"/></URDFElement><URDFElement z:Id="i182" i:type="Limit"><Attributes><Attribute z:Id="i183"><AttributeType>lower</AttributeType><IsRequired>false</IsRequired><Value i:nil="true"/></Attribute><Attribute z:Id="i184"><AttributeType>upper</AttributeType><IsRequired>false</IsRequired><Value i:nil="true"/></Attribute><Attribute z:Id="i185"><AttributeType>effort</AttributeType><IsRequired>true</IsRequired><Value i:nil="true"/></Attribute><Attribute z:Id="i186"><AttributeType>velocity</AttributeType><IsRequired>true</IsRequired><Value i:nil="true"/></Attribute></Attributes><ChildElements/><ElementName>limit</ElementName><required>false</required><EffortAttribute z:Ref="i185"/><LowerAttribute z:Ref="i183"/><UpperAttribute z:Ref="i184"/><VelocityAttribute z:Ref="i186"/></URDFElement><URDFElement z:Id="i187" i:type="Calibration"><Attributes><Attribute z:Id="i188"><AttributeType>rising</AttributeType><IsRequired>false</IsRequired><Value i:nil="true"/></Attribute><Attribute z:Id="i189"><AttributeType>falling</AttributeType><IsRequired>false</IsRequired><Value i:nil="true"/></Attribute></Attributes><ChildElements/><ElementName>calibration</ElementName><required>false</required><FallingAttribute z:Ref="i189"/><RisingAttribute z:Ref="i188"/></URDFElement><URDFElement z:Id="i190" i:type="Dynamics"><Attributes><Attribute z:Id="i191"><AttributeType>damping</AttributeType><IsRequired>false</IsRequired><Value i:nil="true"/></Attribute><Attribute z:Id="i192"><AttributeType>friction</AttributeType><IsRequired>false</IsRequired><Value i:nil="true"/></Attribute></Attributes><ChildElements/><ElementName>dynamics</ElementName><required>false</required><DampingAttribute z:Ref="i191"/><FrictionAttribute z:Ref="i192"/></URDFElement><URDFElement z:Id="i193" i:type="SafetyController"><Attributes><Attribute z:Id="i194"><AttributeType>soft_upper_limit</AttributeType><IsRequired>false</IsRequired><Value i:nil="true"/></Attribute><Attribute z:Id="i195"><AttributeType>soft_lower_limit</AttributeType><IsRequired>false</IsRequired><Value i:nil="true"/></Attribute><Attribute z:Id="i196"><AttributeType>k_position</AttributeType><IsRequired>false</IsRequired><Value i:nil="true"/></Attribute><Attribute z:Id="i197"><AttributeType>k_velocity</AttributeType><IsRequired>true</IsRequired><Value i:nil="true"/></Attribute></Attributes><ChildElements/><ElementName>safety_controller</ElementName><required>false</required><KPositionAttribute z:Ref="i196"/><KVelocityAttribute z:Ref="i197"/><SoftLowerAttribute z:Ref="i195"/><SoftUpperAttribute z:Ref="i194"/></URDFElement><URDFElement z:Id="i198" i:type="Mimic"><Attributes><Attribute z:Id="i199"><AttributeType>joint</AttributeType><IsRequired>true</IsRequired><Value i:nil="true"/></Attribute><Attribute z:Id="i200"><AttributeType>multiplier</AttributeType><IsRequired>false</IsRequired><Value i:nil="true"/></Attribute><Attribute z:Id="i201"><AttributeType>offset</AttributeType><IsRequired>false</IsRequired><Value i:nil="true"/></Attribute></Attributes><ChildElements/><ElementName>mimic</ElementName><required>false</required><JointNameAttribute z:Ref="i199"/><MultiplierAttribute z:Ref="i200"/><OffsetAttribute z:Ref="i201"/></URDFElement></ChildElements><ElementName>joint</ElementName><required>false</required><Axis z:Ref="i180"/><AxisName>Axis_imu</AxisName><Calibration z:Ref="i187"/><Child z:Ref="i178"/><CoordinateSystemName>Coordinate System29_imu</CoordinateSystemName><Dynamics z:Ref="i190"/><Limit z:Ref="i182"/><Mimic z:Ref="i198"/><NameAttribute z:Ref="i171"/><Origin z:Ref="i173"/><Parent z:Ref="i176"/><Safety z:Ref="i193"/><TypeAttribute z:Ref="i172"/></URDFElement></ChildElements><ElementName>link</ElementName><required>true</required><Children/><Collision z:Ref="i163"/><Inertial z:Ref="i137"/><Joint z:Ref="i170"/><NameAttribute z:Ref="i136"/><Parent z:Ref="i1"/><STLQualityFine>false</STLQualityFine><SWComponentPIDs xmlns:a="http://schemas.microsoft.com/2003/10/Serialization/Arrays"><a:base64Binary>aEIAAAUAAAD//v8faQBtAHUAXwA0ADAAZABvAC0AMQBAAHIAbwBiAG8AVgAzACgAdQByAGQAZgBfAGMAaABhAG4AZwBlAGQAKQAEAAAAEAAAAAEAAAABAAAAdwkAAA==</a:base64Binary></SWComponentPIDs><SWMainComponentPID i:nil="true"/><Visual z:Ref="i150"/><isFixedFrame>false</isFixedFrame><isIncomplete>false</isIncomplete></Link><Link z:Id="i202"><Attributes><Attribute z:Id="i203"><AttributeType>name</AttributeType><IsRequired>true</IsRequired><Value i:type="a:string" xmlns:a="http://www.w3.org/2001/XMLSchema">right_wheel_link</Value></Attribute></Attributes><ChildElements><URDFElement z:Id="i204" i:type="Inertial"><Attributes/><ChildElements><URDFElement z:Id="i205" i:type="Origin"><Attributes><Attribute z:Id="i206"><AttributeType>xyz</AttributeType><IsRequired>true</IsRequired><Value i:type="a:ArrayOfdouble" xmlns:a="http://schemas.microsoft.com/2003/10/Serialization/Arrays"><a:double>0.00024358782977840221</a:double><a:double>-0.029500099045564332</a:double><a:double>8.011608043645424E-11</a:double></Value></Attribute><Attribute z:Id="i207"><AttributeType>rpy</AttributeType><IsRequired>true</IsRequired><Value i:type="a:ArrayOfdouble" xmlns:a="http://schemas.microsoft.com/2003/10/Serialization/Arrays"><a:double>0</a:double><a:double>0</a:double><a:double>0</a:double></Value></Attribute></Attributes><ChildElements/><ElementName>origin</ElementName><required>false</required><RPYAttribute z:Ref="i207"/><XYZAttribute z:Ref="i206"/><isCustomized>false</isCustomized></URDFElement><URDFElement z:Id="i208" i:type="Mass"><Attributes><Attribute z:Id="i209"><AttributeType>value</AttributeType><IsRequired>true</IsRequired><Value i:type="a:double" xmlns:a="http://www.w3.org/2001/XMLSchema">0.98170665090243991</Value></Attribute></Attributes><ChildElements/><ElementName>mass</ElementName><required>false</required><ValueAttribute z:Ref="i209"/></URDFElement><URDFElement z:Id="i210" i:type="Inertia"><Attributes><Attribute z:Id="i211"><AttributeType>ixx</AttributeType><IsRequired>true</IsRequired><Value i:type="a:double" xmlns:a="http://www.w3.org/2001/XMLSchema">0.0016529885173842314</Value></Attribute><Attribute z:Id="i212"><AttributeType>ixy</AttributeType><IsRequired>true</IsRequired><Value i:type="a:double" xmlns:a="http://www.w3.org/2001/XMLSchema">-1.0124915182156949E-05</Value></Attribute><Attribute z:Id="i213"><AttributeType>ixz</AttributeType><IsRequired>true</IsRequired><Value i:type="a:double" xmlns:a="http://www.w3.org/2001/XMLSchema">1.3027076084662524E-08</Value></Attribute><Attribute z:Id="i214"><AttributeType>iyy</AttributeType><IsRequired>true</IsRequired><Value i:type="a:double" xmlns:a="http://www.w3.org/2001/XMLSchema">0.0028786195096230554</Value></Attribute><Attribute z:Id="i215"><AttributeType>iyz</AttributeType><IsRequired>true</IsRequired><Value i:type="a:double" xmlns:a="http://www.w3.org/2001/XMLSchema">5.3288362586811824E-10</Value></Attribute><Attribute z:Id="i216"><AttributeType>izz</AttributeType><IsRequired>true</IsRequired><Value i:type="a:double" xmlns:a="http://www.w3.org/2001/XMLSchema">0.0016529225736577403</Value></Attribute></Attributes><ChildElements/><ElementName>inertia</ElementName><required>false</required><IxxAttribute z:Ref="i211"/><IxyAttribute z:Ref="i212"/><IxzAttribute z:Ref="i213"/><IyyAttribute z:Ref="i214"/><IyzAttribute z:Ref="i215"/><IzzAttribute z:Ref="i216"/></URDFElement></ChildElements><ElementName>inertial</ElementName><required>false</required><Inertia z:Ref="i210"/><Mass z:Ref="i208"/><Origin z:Ref="i205"/></URDFElement><URDFElement z:Id="i217" i:type="Visual"><Attributes/><ChildElements><URDFElement z:Id="i218" i:type="Origin"><Attributes><Attribute z:Id="i219"><AttributeType>xyz</AttributeType><IsRequired>true</IsRequired><Value i:type="a:ArrayOfdouble" xmlns:a="http://schemas.microsoft.com/2003/10/Serialization/Arrays"><a:double>0</a:double><a:double>0</a:double><a:double>0</a:double></Value></Attribute><Attribute z:Id="i220"><AttributeType>rpy</AttributeType><IsRequired>true</IsRequired><Value i:type="a:ArrayOfdouble" xmlns:a="http://schemas.microsoft.com/2003/10/Serialization/Arrays"><a:double>0</a:double><a:double>0</a:double><a:double>0</a:double></Value></Attribute></Attributes><ChildElements/><ElementName>origin</ElementName><required>false</required><RPYAttribute z:Ref="i220"/><XYZAttribute z:Ref="i219"/><isCustomized>false</isCustomized></URDFElement><URDFElement z:Id="i221" i:type="Geometry"><Attributes/><ChildElements><URDFElement z:Id="i222" i:type="Mesh"><Attributes><Attribute z:Id="i223"><AttributeType>filename</AttributeType><IsRequired>true</IsRequired><Value i:nil="true"/></Attribute></Attributes><ChildElements/><ElementName>mesh</ElementName><required>false</required><FilenameAttribute z:Ref="i223"/></URDFElement></ChildElements><ElementName>geometry</ElementName><required>true</required><Mesh z:Ref="i222"/></URDFElement><URDFElement z:Id="i224" i:type="Material"><Attributes><Attribute z:Id="i225"><AttributeType>name</AttributeType><IsRequired>true</IsRequired><Value i:type="a:string" xmlns:a="http://www.w3.org/2001/XMLSchema"/></Attribute></Attributes><ChildElements><URDFElement z:Id="i226" i:type="Color"><Attributes><Attribute z:Id="i227"><AttributeType>rgba</AttributeType><IsRequired>true</IsRequired><Value i:type="a:ArrayOfdouble" xmlns:a="http://schemas.microsoft.com/2003/10/Serialization/Arrays"><a:double>0.2</a:double><a:double>0.2</a:double><a:double>0.2</a:double><a:double>1</a:double></Value></Attribute></Attributes><ChildElements/><ElementName>color</ElementName><required>false</required><RGBAAttribute z:Ref="i227"/></URDFElement><URDFElement z:Id="i228" i:type="Texture"><Attributes><Attribute z:Id="i229"><AttributeType>filename</AttributeType><IsRequired>true</IsRequired><Value i:nil="true"/></Attribute></Attributes><ChildElements/><ElementName>texture</ElementName><required>false</required><FilenameAttribute z:Ref="i229"/><wFilename/></URDFElement></ChildElements><ElementName>material</ElementName><required>false</required><Color z:Ref="i226"/><NameAttribute z:Ref="i225"/><Texture z:Ref="i228"/></URDFElement></ChildElements><ElementName>visual</ElementName><required>false</required><Geometry z:Ref="i221"/><Material z:Ref="i224"/><Origin z:Ref="i218"/></URDFElement><URDFElement z:Id="i230" i:type="Collision"><Attributes/><ChildElements><URDFElement z:Id="i231" i:type="Origin"><Attributes><Attribute z:Id="i232"><AttributeType>xyz</AttributeType><IsRequired>true</IsRequired><Value i:type="a:ArrayOfdouble" xmlns:a="http://schemas.microsoft.com/2003/10/Serialization/Arrays"><a:double>0</a:double><a:double>0</a:double><a:double>0</a:double></Value></Attribute><Attribute z:Id="i233"><AttributeType>rpy</AttributeType><IsRequired>true</IsRequired><Value i:type="a:ArrayOfdouble" xmlns:a="http://schemas.microsoft.com/2003/10/Serialization/Arrays"><a:double>0</a:double><a:double>0</a:double><a:double>0</a:double></Value></Attribute></Attributes><ChildElements/><ElementName>origin</ElementName><required>false</required><RPYAttribute z:Ref="i233"/><XYZAttribute z:Ref="i232"/><isCustomized>false</isCustomized></URDFElement><URDFElement z:Id="i234" i:type="Geometry"><Attributes/><ChildElements><URDFElement z:Id="i235" i:type="Mesh"><Attributes><Attribute z:Id="i236"><AttributeType>filename</AttributeType><IsRequired>true</IsRequired><Value i:nil="true"/></Attribute></Attributes><ChildElements/><ElementName>mesh</ElementName><required>false</required><FilenameAttribute z:Ref="i236"/></URDFElement></ChildElements><ElementName>geometry</ElementName><required>true</required><Mesh z:Ref="i235"/></URDFElement></ChildElements><ElementName>collision</ElementName><required>false</required><Geometry z:Ref="i234"/><Origin z:Ref="i231"/></URDFElement><URDFElement z:Id="i237" i:type="Joint"><Attributes><Attribute z:Id="i238"><AttributeType>name</AttributeType><IsRequired>true</IsRequired><Value i:type="a:string" xmlns:a="http://www.w3.org/2001/XMLSchema">right_wheel</Value></Attribute><Attribute z:Id="i239"><AttributeType>type</AttributeType><IsRequired>true</IsRequired><Value i:type="a:string" xmlns:a="http://www.w3.org/2001/XMLSchema">continuous</Value></Attribute></Attributes><ChildElements><URDFElement z:Id="i240" i:type="Origin"><Attributes><Attribute z:Id="i241"><AttributeType>xyz</AttributeType><IsRequired>true</IsRequired><Value i:type="a:ArrayOfdouble" xmlns:a="http://schemas.microsoft.com/2003/10/Serialization/Arrays"><a:double>0.0015756</a:double><a:double>-0.17502</a:double><a:double>0.015</a:double></Value></Attribute><Attribute z:Id="i242"><AttributeType>rpy</AttributeType><IsRequired>true</IsRequired><Value i:type="a:ArrayOfdouble" xmlns:a="http://schemas.microsoft.com/2003/10/Serialization/Arrays"><a:double>0</a:double><a:double>0</a:double><a:double>0</a:double></Value></Attribute></Attributes><ChildElements/><ElementName>origin</ElementName><required>false</required><RPYAttribute z:Ref="i242"/><XYZAttribute z:Ref="i241"/><isCustomized>false</isCustomized></URDFElement><URDFElement z:Id="i243" i:type="ParentLink"><Attributes><Attribute z:Id="i244"><AttributeType>link</AttributeType><IsRequired>true</IsRequired><Value i:type="a:string" xmlns:a="http://www.w3.org/2001/XMLSchema">base_link</Value></Attribute></Attributes><ChildElements/><ElementName>parent</ElementName><required>true</required><NameAttribute z:Ref="i244"/></URDFElement><URDFElement z:Id="i245" i:type="ChildLink"><Attributes><Attribute z:Id="i246"><AttributeType>link</AttributeType><IsRequired>true</IsRequired><Value i:type="a:string" xmlns:a="http://www.w3.org/2001/XMLSchema">right_wheel_link</Value></Attribute></Attributes><ChildElements/><ElementName>child</ElementName><required>true</required><NameAttribute z:Ref="i246"/></URDFElement><URDFElement z:Id="i247" i:type="Axis"><Attributes><Attribute z:Id="i248"><AttributeType>xyz</AttributeType><IsRequired>true</IsRequired><Value i:type="a:ArrayOfdouble" xmlns:a="http://schemas.microsoft.com/2003/10/Serialization/Arrays"><a:double>-0.0082569</a:double><a:double>0.99997</a:double><a:double>0</a:double></Value></Attribute></Attributes><ChildElements/><ElementName>axis</ElementName><required>false</required><XYZAttribute z:Ref="i248"/></URDFElement><URDFElement z:Id="i249" i:type="Limit"><Attributes><Attribute z:Id="i250"><AttributeType>lower</AttributeType><IsRequired>false</IsRequired><Value i:nil="true"/></Attribute><Attribute z:Id="i251"><AttributeType>upper</AttributeType><IsRequired>false</IsRequired><Value i:nil="true"/></Attribute><Attribute z:Id="i252"><AttributeType>effort</AttributeType><IsRequired>true</IsRequired><Value i:nil="true"/></Attribute><Attribute z:Id="i253"><AttributeType>velocity</AttributeType><IsRequired>true</IsRequired><Value i:nil="true"/></Attribute></Attributes><ChildElements/><ElementName>limit</ElementName><required>false</required><EffortAttribute z:Ref="i252"/><LowerAttribute z:Ref="i250"/><UpperAttribute z:Ref="i251"/><VelocityAttribute z:Ref="i253"/></URDFElement><URDFElement z:Id="i254" i:type="Calibration"><Attributes><Attribute z:Id="i255"><AttributeType>rising</AttributeType><IsRequired>false</IsRequired><Value i:nil="true"/></Attribute><Attribute z:Id="i256"><AttributeType>falling</AttributeType><IsRequired>false</IsRequired><Value i:nil="true"/></Attribute></Attributes><ChildElements/><ElementName>calibration</ElementName><required>false</required><FallingAttribute z:Ref="i256"/><RisingAttribute z:Ref="i255"/></URDFElement><URDFElement z:Id="i257" i:type="Dynamics"><Attributes><Attribute z:Id="i258"><AttributeType>damping</AttributeType><IsRequired>false</IsRequired><Value i:nil="true"/></Attribute><Attribute z:Id="i259"><AttributeType>friction</AttributeType><IsRequired>false</IsRequired><Value i:nil="true"/></Attribute></Attributes><ChildElements/><ElementName>dynamics</ElementName><required>false</required><DampingAttribute z:Ref="i258"/><FrictionAttribute z:Ref="i259"/></URDFElement><URDFElement z:Id="i260" i:type="SafetyController"><Attributes><Attribute z:Id="i261"><AttributeType>soft_upper_limit</AttributeType><IsRequired>false</IsRequired><Value i:nil="true"/></Attribute><Attribute z:Id="i262"><AttributeType>soft_lower_limit</AttributeType><IsRequired>false</IsRequired><Value i:nil="true"/></Attribute><Attribute z:Id="i263"><AttributeType>k_position</AttributeType><IsRequired>false</IsRequired><Value i:nil="true"/></Attribute><Attribute z:Id="i264"><AttributeType>k_velocity</AttributeType><IsRequired>true</IsRequired><Value i:nil="true"/></Attribute></Attributes><ChildElements/><ElementName>safety_controller</ElementName><required>false</required><KPositionAttribute z:Ref="i263"/><KVelocityAttribute z:Ref="i264"/><SoftLowerAttribute z:Ref="i262"/><SoftUpperAttribute z:Ref="i261"/></URDFElement><URDFElement z:Id="i265" i:type="Mimic"><Attributes><Attribute z:Id="i266"><AttributeType>joint</AttributeType><IsRequired>true</IsRequired><Value i:nil="true"/></Attribute><Attribute z:Id="i267"><AttributeType>multiplier</AttributeType><IsRequired>false</IsRequired><Value i:nil="true"/></Attribute><Attribute z:Id="i268"><AttributeType>offset</AttributeType><IsRequired>false</IsRequired><Value i:nil="true"/></Attribute></Attributes><ChildElements/><ElementName>mimic</ElementName><required>false</required><JointNameAttribute z:Ref="i266"/><MultiplierAttribute z:Ref="i267"/><OffsetAttribute z:Ref="i268"/></URDFElement></ChildElements><ElementName>joint</ElementName><required>false</required><Axis z:Ref="i247"/><AxisName>Axis2</AxisName><Calibration z:Ref="i254"/><Child z:Ref="i245"/><CoordinateSystemName>Coordinate System6</CoordinateSystemName><Dynamics z:Ref="i257"/><Limit z:Ref="i249"/><Mimic z:Ref="i265"/><NameAttribute z:Ref="i238"/><Origin z:Ref="i240"/><Parent z:Ref="i243"/><Safety z:Ref="i260"/><TypeAttribute z:Ref="i239"/></URDFElement></ChildElements><ElementName>link</ElementName><required>true</required><Children/><Collision z:Ref="i230"/><Inertial z:Ref="i204"/><Joint z:Ref="i237"/><NameAttribute z:Ref="i203"/><Parent z:Ref="i1"/><STLQualityFine>false</STLQualityFine><SWComponentPIDs xmlns:a="http://schemas.microsoft.com/2003/10/Serialization/Arrays"><a:base64Binary>aEIAAAUAAAD//v8gbQBvAHQAbwByAGUAZABpAHQALQA0AEAAcgBvAGIAbwBWADMAKAB1AHIAZABmAF8AYwBoAGEAbgBnAGUAZAApAAQAAAAQAAAAAQAAAAEAAADOBQAA</a:base64Binary></SWComponentPIDs><SWMainComponentPID i:nil="true"/><Visual z:Ref="i217"/><isFixedFrame>false</isFixedFrame><isIncomplete>false</isIncomplete></Link><Link z:Id="i269"><Attributes><Attribute z:Id="i270"><AttributeType>name</AttributeType><IsRequired>true</IsRequired><Value i:type="a:string" xmlns:a="http://www.w3.org/2001/XMLSchema">left_wheel_link</Value></Attribute></Attributes><ChildElements><URDFElement z:Id="i271" i:type="Inertial"><Attributes/><ChildElements><URDFElement z:Id="i272" i:type="Origin"><Attributes><Attribute z:Id="i273"><AttributeType>xyz</AttributeType><IsRequired>true</IsRequired><Value i:type="a:ArrayOfdouble" xmlns:a="http://schemas.microsoft.com/2003/10/Serialization/Arrays"><a:double>-0.00024358782977862425</a:double><a:double>0.029500099045563943</a:double><a:double>8.0114970213429615E-11</a:double></Value></Attribute><Attribute z:Id="i274"><AttributeType>rpy</AttributeType><IsRequired>true</IsRequired><Value i:type="a:ArrayOfdouble" xmlns:a="http://schemas.microsoft.com/2003/10/Serialization/Arrays"><a:double>0</a:double><a:double>0</a:double><a:double>0</a:double></Value></Attribute></Attributes><ChildElements/><ElementName>origin</ElementName><required>false</required><RPYAttribute z:Ref="i274"/><XYZAttribute z:Ref="i273"/><isCustomized>false</isCustomized></URDFElement><URDFElement z:Id="i275" i:type="Mass"><Attributes><Attribute z:Id="i276"><AttributeType>value</AttributeType><IsRequired>true</IsRequired><Value i:type="a:double" xmlns:a="http://www.w3.org/2001/XMLSchema">0.9817066509024428</Value></Attribute></Attributes><ChildElements/><ElementName>mass</ElementName><required>false</required><ValueAttribute z:Ref="i276"/></URDFElement><URDFElement z:Id="i277" i:type="Inertia"><Attributes><Attribute z:Id="i278"><AttributeType>ixx</AttributeType><IsRequired>true</IsRequired><Value i:type="a:double" xmlns:a="http://www.w3.org/2001/XMLSchema">0.0016529912083484673</Value></Attribute><Attribute z:Id="i279"><AttributeType>ixy</AttributeType><IsRequired>true</IsRequired><Value i:type="a:double" xmlns:a="http://www.w3.org/2001/XMLSchema">-1.0124910987100583E-05</Value></Attribute><Attribute z:Id="i280"><AttributeType>ixz</AttributeType><IsRequired>true</IsRequired><Value i:type="a:double" xmlns:a="http://www.w3.org/2001/XMLSchema">-1.449841150929756E-08</Value></Attribute><Attribute z:Id="i281"><AttributeType>iyy</AttributeType><IsRequired>true</IsRequired><Value i:type="a:double" xmlns:a="http://www.w3.org/2001/XMLSchema">0.0028786195090139263</Value></Attribute><Attribute z:Id="i282"><AttributeType>iyz</AttributeType><IsRequired>true</IsRequired><Value i:type="a:double" xmlns:a="http://www.w3.org/2001/XMLSchema">7.250042172824309E-11</Value></Attribute><Attribute z:Id="i283"><AttributeType>izz</AttributeType><IsRequired>true</IsRequired><Value i:type="a:double" xmlns:a="http://www.w3.org/2001/XMLSchema">0.0016529198823447624</Value></Attribute></Attributes><ChildElements/><ElementName>inertia</ElementName><required>false</required><IxxAttribute z:Ref="i278"/><IxyAttribute z:Ref="i279"/><IxzAttribute z:Ref="i280"/><IyyAttribute z:Ref="i281"/><IyzAttribute z:Ref="i282"/><IzzAttribute z:Ref="i283"/></URDFElement></ChildElements><ElementName>inertial</ElementName><required>false</required><Inertia z:Ref="i277"/><Mass z:Ref="i275"/><Origin z:Ref="i272"/></URDFElement><URDFElement z:Id="i284" i:type="Visual"><Attributes/><ChildElements><URDFElement z:Id="i285" i:type="Origin"><Attributes><Attribute z:Id="i286"><AttributeType>xyz</AttributeType><IsRequired>true</IsRequired><Value i:type="a:ArrayOfdouble" xmlns:a="http://schemas.microsoft.com/2003/10/Serialization/Arrays"><a:double>0</a:double><a:double>0</a:double><a:double>0</a:double></Value></Attribute><Attribute z:Id="i287"><AttributeType>rpy</AttributeType><IsRequired>true</IsRequired><Value i:type="a:ArrayOfdouble" xmlns:a="http://schemas.microsoft.com/2003/10/Serialization/Arrays"><a:double>0</a:double><a:double>0</a:double><a:double>0</a:double></Value></Attribute></Attributes><ChildElements/><ElementName>origin</ElementName><required>false</required><RPYAttribute z:Ref="i287"/><XYZAttribute z:Ref="i286"/><isCustomized>false</isCustomized></URDFElement><URDFElement z:Id="i288" i:type="Geometry"><Attributes/><ChildElements><URDFElement z:Id="i289" i:type="Mesh"><Attributes><Attribute z:Id="i290"><AttributeType>filename</AttributeType><IsRequired>true</IsRequired><Value i:nil="true"/></Attribute></Attributes><ChildElements/><ElementName>mesh</ElementName><required>false</required><FilenameAttribute z:Ref="i290"/></URDFElement></ChildElements><ElementName>geometry</ElementName><required>true</required><Mesh z:Ref="i289"/></URDFElement><URDFElement z:Id="i291" i:type="Material"><Attributes><Attribute z:Id="i292"><AttributeType>name</AttributeType><IsRequired>true</IsRequired><Value i:type="a:string" xmlns:a="http://www.w3.org/2001/XMLSchema"/></Attribute></Attributes><ChildElements><URDFElement z:Id="i293" i:type="Color"><Attributes><Attribute z:Id="i294"><AttributeType>rgba</AttributeType><IsRequired>true</IsRequired><Value i:type="a:ArrayOfdouble" xmlns:a="http://schemas.microsoft.com/2003/10/Serialization/Arrays"><a:double>0.2</a:double><a:double>0.2</a:double><a:double>0.2</a:double><a:double>1</a:double></Value></Attribute></Attributes><ChildElements/><ElementName>color</ElementName><required>false</required><RGBAAttribute z:Ref="i294"/></URDFElement><URDFElement z:Id="i295" i:type="Texture"><Attributes><Attribute z:Id="i296"><AttributeType>filename</AttributeType><IsRequired>true</IsRequired><Value i:nil="true"/></Attribute></Attributes><ChildElements/><ElementName>texture</ElementName><required>false</required><FilenameAttribute z:Ref="i296"/><wFilename/></URDFElement></ChildElements><ElementName>material</ElementName><required>false</required><Color z:Ref="i293"/><NameAttribute z:Ref="i292"/><Texture z:Ref="i295"/></URDFElement></ChildElements><ElementName>visual</ElementName><required>false</required><Geometry z:Ref="i288"/><Material z:Ref="i291"/><Origin z:Ref="i285"/></URDFElement><URDFElement z:Id="i297" i:type="Collision"><Attributes/><ChildElements><URDFElement z:Id="i298" i:type="Origin"><Attributes><Attribute z:Id="i299"><AttributeType>xyz</AttributeType><IsRequired>true</IsRequired><Value i:type="a:ArrayOfdouble" xmlns:a="http://schemas.microsoft.com/2003/10/Serialization/Arrays"><a:double>0</a:double><a:double>0</a:double><a:double>0</a:double></Value></Attribute><Attribute z:Id="i300"><AttributeType>rpy</AttributeType><IsRequired>true</IsRequired><Value i:type="a:ArrayOfdouble" xmlns:a="http://schemas.microsoft.com/2003/10/Serialization/Arrays"><a:double>0</a:double><a:double>0</a:double><a:double>0</a:double></Value></Attribute></Attributes><ChildElements/><ElementName>origin</ElementName><required>false</required><RPYAttribute z:Ref="i300"/><XYZAttribute z:Ref="i299"/><isCustomized>false</isCustomized></URDFElement><URDFElement z:Id="i301" i:type="Geometry"><Attributes/><ChildElements><URDFElement z:Id="i302" i:type="Mesh"><Attributes><Attribute z:Id="i303"><AttributeType>filename</AttributeType><IsRequired>true</IsRequired><Value i:nil="true"/></Attribute></Attributes><ChildElements/><ElementName>mesh</ElementName><required>false</required><FilenameAttribute z:Ref="i303"/></URDFElement></ChildElements><ElementName>geometry</ElementName><required>true</required><Mesh z:Ref="i302"/></URDFElement></ChildElements><ElementName>collision</ElementName><required>false</required><Geometry z:Ref="i301"/><Origin z:Ref="i298"/></URDFElement><URDFElement z:Id="i304" i:type="Joint"><Attributes><Attribute z:Id="i305"><AttributeType>name</AttributeType><IsRequired>true</IsRequired><Value i:type="a:string" xmlns:a="http://www.w3.org/2001/XMLSchema">left_wheel</Value></Attribute><Attribute z:Id="i306"><AttributeType>type</AttributeType><IsRequired>true</IsRequired><Value i:type="a:string" xmlns:a="http://www.w3.org/2001/XMLSchema">continuous</Value></Attribute></Attributes><ChildElements><URDFElement z:Id="i307" i:type="Origin"><Attributes><Attribute z:Id="i308"><AttributeType>xyz</AttributeType><IsRequired>true</IsRequired><Value i:type="a:ArrayOfdouble" xmlns:a="http://schemas.microsoft.com/2003/10/Serialization/Arrays"><a:double>-0.0013143</a:double><a:double>0.17497</a:double><a:double>0.015</a:double></Value></Attribute><Attribute z:Id="i309"><AttributeType>rpy</AttributeType><IsRequired>true</IsRequired><Value i:type="a:ArrayOfdouble" xmlns:a="http://schemas.microsoft.com/2003/10/Serialization/Arrays"><a:double>0</a:double><a:double>0</a:double><a:double>0</a:double></Value></Attribute></Attributes><ChildElements/><ElementName>origin</ElementName><required>false</required><RPYAttribute z:Ref="i309"/><XYZAttribute z:Ref="i308"/><isCustomized>false</isCustomized></URDFElement><URDFElement z:Id="i310" i:type="ParentLink"><Attributes><Attribute z:Id="i311"><AttributeType>link</AttributeType><IsRequired>true</IsRequired><Value i:type="a:string" xmlns:a="http://www.w3.org/2001/XMLSchema">base_link</Value></Attribute></Attributes><ChildElements/><ElementName>parent</ElementName><required>true</required><NameAttribute z:Ref="i311"/></URDFElement><URDFElement z:Id="i312" i:type="ChildLink"><Attributes><Attribute z:Id="i313"><AttributeType>link</AttributeType><IsRequired>true</IsRequired><Value i:type="a:string" xmlns:a="http://www.w3.org/2001/XMLSchema">left_wheel_link</Value></Attribute></Attributes><ChildElements/><ElementName>child</ElementName><required>true</required><NameAttribute z:Ref="i313"/></URDFElement><URDFElement z:Id="i314" i:type="Axis"><Attributes><Attribute z:Id="i315"><AttributeType>xyz</AttributeType><IsRequired>true</IsRequired><Value i:type="a:ArrayOfdouble" xmlns:a="http://schemas.microsoft.com/2003/10/Serialization/Arrays"><a:double>0.0082569</a:double><a:double>-0.99997</a:double><a:double>0</a:double></Value></Attribute></Attributes><ChildElements/><ElementName>axis</ElementName><required>false</required><XYZAttribute z:Ref="i315"/></URDFElement><URDFElement z:Id="i316" i:type="Limit"><Attributes><Attribute z:Id="i317"><AttributeType>lower</AttributeType><IsRequired>false</IsRequired><Value i:nil="true"/></Attribute><Attribute z:Id="i318"><AttributeType>upper</AttributeType><IsRequired>false</IsRequired><Value i:nil="true"/></Attribute><Attribute z:Id="i319"><AttributeType>effort</AttributeType><IsRequired>true</IsRequired><Value i:nil="true"/></Attribute><Attribute z:Id="i320"><AttributeType>velocity</AttributeType><IsRequired>true</IsRequired><Value i:nil="true"/></Attribute></Attributes><ChildElements/><ElementName>limit</ElementName><required>false</required><EffortAttribute z:Ref="i319"/><LowerAttribute z:Ref="i317"/><UpperAttribute z:Ref="i318"/><VelocityAttribute z:Ref="i320"/></URDFElement><URDFElement z:Id="i321" i:type="Calibration"><Attributes><Attribute z:Id="i322"><AttributeType>rising</AttributeType><IsRequired>false</IsRequired><Value i:nil="true"/></Attribute><Attribute z:Id="i323"><AttributeType>falling</AttributeType><IsRequired>false</IsRequired><Value i:nil="true"/></Attribute></Attributes><ChildElements/><ElementName>calibration</ElementName><required>false</required><FallingAttribute z:Ref="i323"/><RisingAttribute z:Ref="i322"/></URDFElement><URDFElement z:Id="i324" i:type="Dynamics"><Attributes><Attribute z:Id="i325"><AttributeType>damping</AttributeType><IsRequired>false</IsRequired><Value i:nil="true"/></Attribute><Attribute z:Id="i326"><AttributeType>friction</AttributeType><IsRequired>false</IsRequired><Value i:nil="true"/></Attribute></Attributes><ChildElements/><ElementName>dynamics</ElementName><required>false</required><DampingAttribute z:Ref="i325"/><FrictionAttribute z:Ref="i326"/></URDFElement><URDFElement z:Id="i327" i:type="SafetyController"><Attributes><Attribute z:Id="i328"><AttributeType>soft_upper_limit</AttributeType><IsRequired>false</IsRequired><Value i:nil="true"/></Attribute><Attribute z:Id="i329"><AttributeType>soft_lower_limit</AttributeType><IsRequired>false</IsRequired><Value i:nil="true"/></Attribute><Attribute z:Id="i330"><AttributeType>k_position</AttributeType><IsRequired>false</IsRequired><Value i:nil="true"/></Attribute><Attribute z:Id="i331"><AttributeType>k_velocity</AttributeType><IsRequired>true</IsRequired><Value i:nil="true"/></Attribute></Attributes><ChildElements/><ElementName>safety_controller</ElementName><required>false</required><KPositionAttribute z:Ref="i330"/><KVelocityAttribute z:Ref="i331"/><SoftLowerAttribute z:Ref="i329"/><SoftUpperAttribute z:Ref="i328"/></URDFElement><URDFElement z:Id="i332" i:type="Mimic"><Attributes><Attribute z:Id="i333"><AttributeType>joint</AttributeType><IsRequired>true</IsRequired><Value i:nil="true"/></Attribute><Attribute z:Id="i334"><AttributeType>multiplier</AttributeType><IsRequired>false</IsRequired><Value i:nil="true"/></Attribute><Attribute z:Id="i335"><AttributeType>offset</AttributeType><IsRequired>false</IsRequired><Value i:nil="true"/></Attribute></Attributes><ChildElements/><ElementName>mimic</ElementName><required>false</required><JointNameAttribute z:Ref="i333"/><MultiplierAttribute z:Ref="i334"/><OffsetAttribute z:Ref="i335"/></URDFElement></ChildElements><ElementName>joint</ElementName><required>false</required><Axis z:Ref="i314"/><AxisName>Axis3</AxisName><Calibration z:Ref="i321"/><Child z:Ref="i312"/><CoordinateSystemName>Coordinate System7</CoordinateSystemName><Dynamics z:Ref="i324"/><Limit z:Ref="i316"/><Mimic z:Ref="i332"/><NameAttribute z:Ref="i305"/><Origin z:Ref="i307"/><Parent z:Ref="i310"/><Safety z:Ref="i327"/><TypeAttribute z:Ref="i306"/></URDFElement></ChildElements><ElementName>link</ElementName><required>true</required><Children/><Collision z:Ref="i297"/><Inertial z:Ref="i271"/><Joint z:Ref="i304"/><NameAttribute z:Ref="i270"/><Parent z:Ref="i1"/><STLQualityFine>false</STLQualityFine><SWComponentPIDs xmlns:a="http://schemas.microsoft.com/2003/10/Serialization/Arrays"><a:base64Binary>aEIAAAUAAAD//v8gbQBvAHQAbwByAGUAZABpAHQALQAzAEAAcgBvAGIAbwBWADMAKAB1AHIAZABmAF8AYwBoAGEAbgBnAGUAZAApAAQAAAAQAAAAAQAAAAEAAADKAgAA</a:base64Binary></SWComponentPIDs><SWMainComponentPID i:nil="true"/><Visual z:Ref="i284"/><isFixedFrame>false</isFixedFrame><isIncomplete>false</isIncomplete></Link><Link z:Id="i336"><Attributes><Attribute z:Id="i337"><AttributeType>name</AttributeType><IsRequired>true</IsRequired><Value i:type="a:string" xmlns:a="http://www.w3.org/2001/XMLSchema">camera_link</Value></Attribute></Attributes><ChildElements><URDFElement z:Id="i338" i:type="Inertial"><Attributes/><ChildElements><URDFElement z:Id="i339" i:type="Origin"><Attributes><Attribute z:Id="i340"><AttributeType>xyz</AttributeType><IsRequired>true</IsRequired><Value i:type="a:ArrayOfdouble" xmlns:a="http://schemas.microsoft.com/2003/10/Serialization/Arrays"><a:double>-0.028697404385694125</a:double><a:double>-0.0031532314154304464</a:double><a:double>-0.0069642717036187962</a:double></Value></Attribute><Attribute z:Id="i341"><AttributeType>rpy</AttributeType><IsRequired>true</IsRequired><Value i:type="a:ArrayOfdouble" xmlns:a="http://schemas.microsoft.com/2003/10/Serialization/Arrays"><a:double>0</a:double><a:double>0</a:double><a:double>0</a:double></Value></Attribute></Attributes><ChildElements/><ElementName>origin</ElementName><required>false</required><RPYAttribute z:Ref="i341"/><XYZAttribute z:Ref="i340"/><isCustomized>false</isCustomized></URDFElement><URDFElement z:Id="i342" i:type="Mass"><Attributes><Attribute z:Id="i343"><AttributeType>value</AttributeType><IsRequired>true</IsRequired><Value i:type="a:double" xmlns:a="http://www.w3.org/2001/XMLSchema">0.64645488472217083</Value></Attribute></Attributes><ChildElements/><ElementName>mass</ElementName><required>false</required><ValueAttribute z:Ref="i343"/></URDFElement><URDFElement z:Id="i344" i:type="Inertia"><Attributes><Attribute z:Id="i345"><AttributeType>ixx</AttributeType><IsRequired>true</IsRequired><Value i:type="a:double" xmlns:a="http://www.w3.org/2001/XMLSchema">0.0028423827316273191</Value></Attribute><Attribute z:Id="i346"><AttributeType>ixy</AttributeType><IsRequired>true</IsRequired><Value i:type="a:double" xmlns:a="http://www.w3.org/2001/XMLSchema">1.8727304572263611E-05</Value></Attribute><Attribute z:Id="i347"><AttributeType>ixz</AttributeType><IsRequired>true</IsRequired><Value i:type="a:double" xmlns:a="http://www.w3.org/2001/XMLSchema">1.4807509092677482E-07</Value></Attribute><Attribute z:Id="i348"><AttributeType>iyy</AttributeType><IsRequired>true</IsRequired><Value i:type="a:double" xmlns:a="http://www.w3.org/2001/XMLSchema">0.000263758634501103</Value></Attribute><Attribute z:Id="i349"><AttributeType>iyz</AttributeType><IsRequired>true</IsRequired><Value i:type="a:double" xmlns:a="http://www.w3.org/2001/XMLSchema">-3.3373612907346736E-08</Value></Attribute><Attribute z:Id="i350"><AttributeType>izz</AttributeType><IsRequired>true</IsRequired><Value i:type="a:double" xmlns:a="http://www.w3.org/2001/XMLSchema">0.0029627405896730766</Value></Attribute></Attributes><ChildElements/><ElementName>inertia</ElementName><required>false</required><IxxAttribute z:Ref="i345"/><IxyAttribute z:Ref="i346"/><IxzAttribute z:Ref="i347"/><IyyAttribute z:Ref="i348"/><IyzAttribute z:Ref="i349"/><IzzAttribute z:Ref="i350"/></URDFElement></ChildElements><ElementName>inertial</ElementName><required>false</required><Inertia z:Ref="i344"/><Mass z:Ref="i342"/><Origin z:Ref="i339"/></URDFElement><URDFElement z:Id="i351" i:type="Visual"><Attributes/><ChildElements><URDFElement z:Id="i352" i:type="Origin"><Attributes><Attribute z:Id="i353"><AttributeType>xyz</AttributeType><IsRequired>true</IsRequired><Value i:type="a:ArrayOfdouble" xmlns:a="http://schemas.microsoft.com/2003/10/Serialization/Arrays"><a:double>0</a:double><a:double>0</a:double><a:double>0</a:double></Value></Attribute><Attribute z:Id="i354"><AttributeType>rpy</AttributeType><IsRequired>true</IsRequired><Value i:type="a:ArrayOfdouble" xmlns:a="http://schemas.microsoft.com/2003/10/Serialization/Arrays"><a:double>0</a:double><a:double>0</a:double><a:double>0</a:double></Value></Attribute></Attributes><ChildElements/><ElementName>origin</ElementName><required>false</required><RPYAttribute z:Ref="i354"/><XYZAttribute z:Ref="i353"/><isCustomized>false</isCustomized></URDFElement><URDFElement z:Id="i355" i:type="Geometry"><Attributes/><ChildElements><URDFElement z:Id="i356" i:type="Mesh"><Attributes><Attribute z:Id="i357"><AttributeType>filename</AttributeType><IsRequired>true</IsRequired><Value i:nil="true"/></Attribute></Attributes><ChildElements/><ElementName>mesh</ElementName><required>false</required><FilenameAttribute z:Ref="i357"/></URDFElement></ChildElements><ElementName>geometry</ElementName><required>true</required><Mesh z:Ref="i356"/></URDFElement><URDFElement z:Id="i358" i:type="Material"><Attributes><Attribute z:Id="i359"><AttributeType>name</AttributeType><IsRequired>true</IsRequired><Value i:type="a:string" xmlns:a="http://www.w3.org/2001/XMLSchema"/></Attribute></Attributes><ChildElements><URDFElement z:Id="i360" i:type="Color"><Attributes><Attribute z:Id="i361"><AttributeType>rgba</AttributeType><IsRequired>true</IsRequired><Value i:type="a:ArrayOfdouble" xmlns:a="http://schemas.microsoft.com/2003/10/Serialization/Arrays"><a:double>0.75294117647058822</a:double><a:double>0.75294117647058822</a:double><a:double>0.75294117647058822</a:double><a:double>1</a:double></Value></Attribute></Attributes><ChildElements/><ElementName>color</ElementName><required>false</required><RGBAAttribute z:Ref="i361"/></URDFElement><URDFElement z:Id="i362" i:type="Texture"><Attributes><Attribute z:Id="i363"><AttributeType>filename</AttributeType><IsRequired>true</IsRequired><Value i:nil="true"/></Attribute></Attributes><ChildElements/><ElementName>texture</ElementName><required>false</required><FilenameAttribute z:Ref="i363"/><wFilename/></URDFElement></ChildElements><ElementName>material</ElementName><required>false</required><Color z:Ref="i360"/><NameAttribute z:Ref="i359"/><Texture z:Ref="i362"/></URDFElement></ChildElements><ElementName>visual</ElementName><required>false</required><Geometry z:Ref="i355"/><Material z:Ref="i358"/><Origin z:Ref="i352"/></URDFElement><URDFElement z:Id="i364" i:type="Collision"><Attributes/><ChildElements><URDFElement z:Id="i365" i:type="Origin"><Attributes><Attribute z:Id="i366"><AttributeType>xyz</AttributeType><IsRequired>true</IsRequired><Value i:type="a:ArrayOfdouble" xmlns:a="http://schemas.microsoft.com/2003/10/Serialization/Arrays"><a:double>0</a:double><a:double>0</a:double><a:double>0</a:double></Value></Attribute><Attribute z:Id="i367"><AttributeType>rpy</AttributeType><IsRequired>true</IsRequired><Value i:type="a:ArrayOfdouble" xmlns:a="http://schemas.microsoft.com/2003/10/Serialization/Arrays"><a:double>0</a:double><a:double>0</a:double><a:double>0</a:double></Value></Attribute></Attributes><ChildElements/><ElementName>origin</ElementName><required>false</required><RPYAttribute z:Ref="i367"/><XYZAttribute z:Ref="i366"/><isCustomized>false</isCustomized></URDFElement><URDFElement z:Id="i368" i:type="Geometry"><Attributes/><ChildElements><URDFElement z:Id="i369" i:type="Mesh"><Attributes><Attribute z:Id="i370"><AttributeType>filename</AttributeType><IsRequired>true</IsRequired><Value i:nil="true"/></Attribute></Attributes><ChildElements/><ElementName>mesh</ElementName><required>false</required><FilenameAttribute z:Ref="i370"/></URDFElement></ChildElements><ElementName>geometry</ElementName><required>true</required><Mesh z:Ref="i369"/></URDFElement></ChildElements><ElementName>collision</ElementName><required>false</required><Geometry z:Ref="i368"/><Origin z:Ref="i365"/></URDFElement><URDFElement z:Id="i371" i:type="Joint"><Attributes><Attribute z:Id="i372"><AttributeType>name</AttributeType><IsRequired>true</IsRequired><Value i:type="a:string" xmlns:a="http://www.w3.org/2001/XMLSchema">cam</Value></Attribute><Attribute z:Id="i373"><AttributeType>type</AttributeType><IsRequired>true</IsRequired><Value i:type="a:string" xmlns:a="http://www.w3.org/2001/XMLSchema">fixed</Value></Attribute></Attributes><ChildElements><URDFElement z:Id="i374" i:type="Origin"><Attributes><Attribute z:Id="i375"><AttributeType>xyz</AttributeType><IsRequired>true</IsRequired><Value i:type="a:ArrayOfdouble" xmlns:a="http://schemas.microsoft.com/2003/10/Serialization/Arrays"><a:double>0.26495227055491077</a:double><a:double>0.0053582123173611662</a:double><a:double>0.28442516461510226</a:double></Value></Attribute><Attribute z:Id="i376"><AttributeType>rpy</AttributeType><IsRequired>true</IsRequired><Value i:type="a:ArrayOfdouble" xmlns:a="http://schemas.microsoft.com/2003/10/Serialization/Arrays"><a:double>0</a:double><a:double>0</a:double><a:double>0</a:double></Value></Attribute></Attributes><ChildElements/><ElementName>origin</ElementName><required>false</required><RPYAttribute z:Ref="i376"/><XYZAttribute z:Ref="i375"/><isCustomized>false</isCustomized></URDFElement><URDFElement z:Id="i377" i:type="ParentLink"><Attributes><Attribute z:Id="i378"><AttributeType>link</AttributeType><IsRequired>true</IsRequired><Value i:type="a:string" xmlns:a="http://www.w3.org/2001/XMLSchema">base_link</Value></Attribute></Attributes><ChildElements/><ElementName>parent</ElementName><required>true</required><NameAttribute z:Ref="i378"/></URDFElement><URDFElement z:Id="i379" i:type="ChildLink"><Attributes><Attribute z:Id="i380"><AttributeType>link</AttributeType><IsRequired>true</IsRequired><Value i:type="a:string" xmlns:a="http://www.w3.org/2001/XMLSchema">camera_link</Value></Attribute></Attributes><ChildElements/><ElementName>child</ElementName><required>true</required><NameAttribute z:Ref="i380"/></URDFElement><URDFElement z:Id="i381" i:type="Axis"><Attributes><Attribute z:Id="i382"><AttributeType>xyz</AttributeType><IsRequired>true</IsRequired><Value i:type="a:ArrayOfdouble" xmlns:a="http://schemas.microsoft.com/2003/10/Serialization/Arrays"><a:double>0</a:double><a:double>0</a:double><a:double>0</a:double></Value></Attribute></Attributes><ChildElements/><ElementName>axis</ElementName><required>false</required><XYZAttribute z:Ref="i382"/></URDFElement><URDFElement z:Id="i383" i:type="Limit"><Attributes><Attribute z:Id="i384"><AttributeType>lower</AttributeType><IsRequired>false</IsRequired><Value i:nil="true"/></Attribute><Attribute z:Id="i385"><AttributeType>upper</AttributeType><IsRequired>false</IsRequired><Value i:nil="true"/></Attribute><Attribute z:Id="i386"><AttributeType>effort</AttributeType><IsRequired>true</IsRequired><Value i:nil="true"/></Attribute><Attribute z:Id="i387"><AttributeType>velocity</AttributeType><IsRequired>true</IsRequired><Value i:nil="true"/></Attribute></Attributes><ChildElements/><ElementName>limit</ElementName><required>false</required><EffortAttribute z:Ref="i386"/><LowerAttribute z:Ref="i384"/><UpperAttribute z:Ref="i385"/><VelocityAttribute z:Ref="i387"/></URDFElement><URDFElement z:Id="i388" i:type="Calibration"><Attributes><Attribute z:Id="i389"><AttributeType>rising</AttributeType><IsRequired>false</IsRequired><Value i:nil="true"/></Attribute><Attribute z:Id="i390"><AttributeType>falling</AttributeType><IsRequired>false</IsRequired><Value i:nil="true"/></Attribute></Attributes><ChildElements/><ElementName>calibration</ElementName><required>false</required><FallingAttribute z:Ref="i390"/><RisingAttribute z:Ref="i389"/></URDFElement><URDFElement z:Id="i391" i:type="Dynamics"><Attributes><Attribute z:Id="i392"><AttributeType>damping</AttributeType><IsRequired>false</IsRequired><Value i:nil="true"/></Attribute><Attribute z:Id="i393"><AttributeType>friction</AttributeType><IsRequired>false</IsRequired><Value i:nil="true"/></Attribute></Attributes><ChildElements/><ElementName>dynamics</ElementName><required>false</required><DampingAttribute z:Ref="i392"/><FrictionAttribute z:Ref="i393"/></URDFElement><URDFElement z:Id="i394" i:type="SafetyController"><Attributes><Attribute z:Id="i395"><AttributeType>soft_upper_limit</AttributeType><IsRequired>false</IsRequired><Value i:nil="true"/></Attribute><Attribute z:Id="i396"><AttributeType>soft_lower_limit</AttributeType><IsRequired>false</IsRequired><Value i:nil="true"/></Attribute><Attribute z:Id="i397"><AttributeType>k_position</AttributeType><IsRequired>false</IsRequired><Value i:nil="true"/></Attribute><Attribute z:Id="i398"><AttributeType>k_velocity</AttributeType><IsRequired>true</IsRequired><Value i:nil="true"/></Attribute></Attributes><ChildElements/><ElementName>safety_controller</ElementName><required>false</required><KPositionAttribute z:Ref="i397"/><KVelocityAttribute z:Ref="i398"/><SoftLowerAttribute z:Ref="i396"/><SoftUpperAttribute z:Ref="i395"/></URDFElement><URDFElement z:Id="i399" i:type="Mimic"><Attributes><Attribute z:Id="i400"><AttributeType>joint</AttributeType><IsRequired>true</IsRequired><Value i:nil="true"/></Attribute><Attribute z:Id="i401"><AttributeType>multiplier</AttributeType><IsRequired>false</IsRequired><Value i:nil="true"/></Attribute><Attribute z:Id="i402"><AttributeType>offset</AttributeType><IsRequired>false</IsRequired><Value i:nil="true"/></Attribute></Attributes><ChildElements/><ElementName>mimic</ElementName><required>false</required><JointNameAttribute z:Ref="i400"/><MultiplierAttribute z:Ref="i401"/><OffsetAttribute z:Ref="i402"/></URDFElement></ChildElements><ElementName>joint</ElementName><required>false</required><Axis z:Ref="i381"/><AxisName>Automatically Generate</AxisName><Calibration z:Ref="i388"/><Child z:Ref="i379"/><CoordinateSystemName>Coordinate System8</CoordinateSystemName><Dynamics z:Ref="i391"/><Limit z:Ref="i383"/><Mimic z:Ref="i399"/><NameAttribute z:Ref="i372"/><Origin z:Ref="i374"/><Parent z:Ref="i377"/><Safety z:Ref="i394"/><TypeAttribute z:Ref="i373"/></URDFElement></ChildElements><ElementName>link</ElementName><required>true</required><Children/><Collision z:Ref="i364"/><Inertial z:Ref="i338"/><Joint z:Ref="i371"/><NameAttribute z:Ref="i337"/><Parent z:Ref="i1"/><STLQualityFine>false</STLQualityFine><SWComponentPIDs xmlns:a="http://schemas.microsoft.com/2003/10/Serialization/Arrays"><a:base64Binary>aEIAAAUAAAD//v8jZgBpAG4AYQBsACAAawBpAG4AZQBjAHQALQAxAEAAcgBvAGIAbwBWADMAKAB1AHIAZABmAF8AYwBoAGEAbgBnAGUAZAApAAQAAAAQAAAAAQAAAAEAAADeBwAA</a:base64Binary></SWComponentPIDs><SWMainComponentPID i:nil="true"/><Visual z:Ref="i351"/><isFixedFrame>false</isFixedFrame><isIncomplete>false</isIncomplete></Link></Children><Collision z:Ref="i29"/><Inertial z:Ref="i3"/><Joint z:Ref="i36"/><NameAttribute z:Ref="i2"/><Parent i:nil="true"/><STLQualityFine>false</STLQualityFine><SWComponentPIDs xmlns:a="http://schemas.microsoft.com/2003/10/Serialization/Arrays"><a:base64Binary>aEIAAAUAAAD//v8mYwB1AG0AXwBiAGEAbgBoAF8AeABlAF8AbABvAG4ALQAzAEAAcgBvAGIAbwBWADMAKAB1AHIAZABmAF8AYwBoAGEAbgBnAGUAZAApAAQAAAAQAAAAAQAAAAEAAACMAQAA</a:base64Binary><a:base64Binary>aEIAAAUAAAD//v8bMgAwAG0AbQAtADIAQAByAG8AYgBvAFYAMwAoAHUAcgBkAGYAXwBjAGgAYQBuAGcAZQBkACkABAAAABAAAAABAAAAAQAAACkCAAA=</a:base64Binary><a:base64Binary>aEIAAAUAAAD//v8bMgAwAG0AbQAtADgAQAByAG8AYgBvAFYAMwAoAHUAcgBkAGYAXwBjAGgAYQBuAGcAZQBkACkABAAAABAAAAABAAAAAQAAAC8CAAA=</a:base64Binary><a:base64Binary>aEIAAAUAAAD//v8gbQBvAHQAbwByAEEAeABpAHMALQAxAEAAcgBvAGIAbwBWADMAKAB1AHIAZABmAF8AYwBoAGEAbgBnAGUAZAApAAQAAAAQAAAAAQAAAAEAAACrAgAA</a:base64Binary><a:base64Binary>aEIAAAUAAAD//v8jbABpAGQAYQByAF8AcAB1AHMAaAB1AHAALQAxAEAAcgBvAGIAbwBWADMAKAB1AHIAZABmAF8AYwBoAGEAbgBnAGUAZAApAAQAAAAQAAAAAQAAAAEAAACHBAAA</a:base64Binary><a:base64Binary>aEIAAAUAAAD//v8ncwB0AGEAbgBkAG8AZgBmAF8ATQAyAF8AMgAwAG0AbQAtADEAQAByAG8AYgBvAFYAMwAoAHUAcgBkAGYAXwBjAGgAYQBuAGcAZQBkACkABAAAABAAAAABAAAAAQAAAMkEAAA=</a:base64Binary><a:base64Binary>aEIAAAUAAAD//v8ncwB0AGEAbgBkAG8AZgBmAF8ATQAyAF8AMgAwAG0AbQAtADMAQAByAG8AYgBvAFYAMwAoAHUAcgBkAGYAXwBjAGgAYQBuAGcAZQBkACkABAAAABAAAAABAAAAAQAAANAEAAA=</a:base64Binary><a:base64Binary>aEIAAAUAAAD//v8ncwB0AGEAbgBkAG8AZgBmAF8ATQAyAF8AMgAwAG0AbQAtADQAQAByAG8AYgBvAFYAMwAoAHUAcgBkAGYAXwBjAGgAYQBuAGcAZQBkACkABAAAABAAAAABAAAAAQAAANYEAAA=</a:base64Binary><a:base64Binary>aEIAAAUAAAD//v8ncwB0AGEAbgBkAG8AZgBmAF8ATQAyAF8AMgAwAG0AbQAtADUAQAByAG8AYgBvAFYAMwAoAHUAcgBkAGYAXwBjAGgAYQBuAGcAZQBkACkABAAAABAAAAABAAAAAQAAANkEAAA=</a:base64Binary><a:base64Binary>aEIAAAUAAAD//v8eYgBhAHQAdABlAHIAeQAtADEAQAByAG8AYgBvAFYAMwAoAHUAcgBkAGYAXwBjAGgAYQBuAGcAZQBkACkABAAAABAAAAABAAAAAQAAANwEAAA=</a:base64Binary><a:base64Binary>aEIAAAUAAAD//v8oaABvAHYAZQByAGIAbwBhAHIAZABfAGQAcgBpAHYAZQByAC0AMQBAAHIAbwBiAG8AVgAzACgAdQByAGQAZgBfAGMAaABhAG4AZwBlAGQAKQAEAAAAEAAAAAEAAAABAAAA3QQAAA==</a:base64Binary><a:base64Binary>aEIAAAUAAAD//v8oYwB1AG0AXwByAGUAbABhAHkAXwBtAHkANABuAF8ANABwAC0AMQBAAHIAbwBiAG8AVgAzACgAdQByAGQAZgBfAGMAaABhAG4AZwBlAGQAKQAEAAAAEAAAAAEAAAABAAAA4QQAAA==</a:base64Binary><a:base64Binary>aEIAAAUAAAD//v8jbABpAGQAYQByAF8AcAB1AHMAaAB1AHAALQAzAEAAcgBvAGIAbwBWADMAKAB1AHIAZABmAF8AYwBoAGEAbgBnAGUAZAApAAQAAAAQAAAAAQAAAAEAAAATBQAA</a:base64Binary><a:base64Binary>aEIAAAUAAAD//v8oMwA2AHYAXwAxADIAdgBfAGMAbwBuAHYAZQByAHQAZQByAC0AMQBAAHIAbwBiAG8AVgAzACgAdQByAGQAZgBfAGMAaABhAG4AZwBlAGQAKQAEAAAAEAAAAAEAAAABAAAAIAUAAA==</a:base64Binary><a:base64Binary>aEIAAAUAAAD//v8jcgBlAG0AbwB0AGUAXwByAGUAbABhAHkALQAxAEAAcgBvAGIAbwBWADMAKAB1AHIAZABmAF8AYwBoAGEAbgBnAGUAZAApAAQAAAAQAAAAAQAAAAEAAAAxBQAA</a:base64Binary><a:base64Binary>aEIAAAUAAAD//v8lYQBsAHUAbQBpAG4AaQB1AG0AXwBiAGEAcwBlAC0AMQBAAHIAbwBiAG8AVgAzACgAdQByAGQAZgBfAGMAaABhAG4AZwBlAGQAKQAEAAAAEAAAAAEAAAABAAAANQUAAA==</a:base64Binary><a:base64Binary>aEIAAAUAAAD//v8icABpAF8AaABhAG4AZwBfAGkAbQB1AC0AMQBAAHIAbwBiAG8AVgAzACgAdQByAGQAZgBfAGMAaABhAG4AZwBlAGQAKQAEAAAAEAAAAAEAAAABAAAAWwUAAA==</a:base64Binary><a:base64Binary>aEIAAAUAAAD//v8jVwBFAEkARABVACAAVABCADIANQBYAFgALQAxAEAAcgBvAGIAbwBWADMAKAB1AHIAZABmAF8AYwBoAGEAbgBnAGUAZAApAAQAAAAQAAAAAQAAAAEAAAB4BQAA</a:base64Binary><a:base64Binary>aEIAAAUAAAD//v8rHwRABD4ERAQ4BDsETAQgAFYALQBzAGwAbwB0ACAAMgAwAHgANAAwAC0AMQBAAHIAbwBiAG8AVgAzACgAdQByAGQAZgBfAGMAaABhAG4AZwBlAGQAKQAEAAAAEAAAAAEAAAABAAAAfgUAAA==</a:base64Binary><a:base64Binary>aEIAAAUAAAD//v8rHwRABD4ERAQ4BDsETAQgAFYALQBzAGwAbwB0ACAAMgAwAHgANAAwAC0AMwBAAHIAbwBiAG8AVgAzACgAdQByAGQAZgBfAGMAaABhAG4AZwBlAGQAKQAEAAAAEAAAAAEAAAABAAAAgAUAAA==</a:base64Binary><a:base64Binary>aEIAAAUAAAD//v88MgAwAHgAMgAwAF8AYQBsAHUAbQBpAG4AdQBtAF8AZQB4AHQAcgB1AHMAaQBvAG4AXwBwAHIAbwBmAGkAbABlACAAMgA2AGMAbQAtADEAQAByAG8AYgBvAFYAMwAoAHUAcgBkAGYAXwBjAGgAYQBuAGcAZQBkACkABAAAABAAAAABAAAAAQAAAJkFAAA=</a:base64Binary><a:base64Binary>aEIAAAUAAAD//v8cMgAwAG0AbQAtADEAMABAAHIAbwBiAG8AVgAzACgAdQByAGQAZgBfAGMAaABhAG4AZwBlAGQAKQAEAAAAEAAAAAEAAAABAAAAygUAAA==</a:base64Binary><a:base64Binary>aEIAAAUAAAD//v8mYwB1AG0AXwBiAGEAbgBoAF8AeABlAF8AbABvAG4ALQA1AEAAcgBvAGIAbwBWADMAKAB1AHIAZABmAF8AYwBoAGEAbgBnAGUAZAApAAQAAAAQAAAAAQAAAAEAAADLBQAA</a:base64Binary><a:base64Binary>aEIAAAUAAAD//v8gbQBvAHQAbwByAEEAeABpAHMALQA0AEAAcgBvAGIAbwBWADMAKAB1AHIAZABmAF8AYwBoAGEAbgBnAGUAZAApAAQAAAAQAAAAAQAAAAEAAADMBQAA</a:base64Binary><a:base64Binary>aEIAAAUAAAD//v8cMgAwAG0AbQAtADEAMQBAAHIAbwBiAG8AVgAzACgAdQByAGQAZgBfAGMAaABhAG4AZwBlAGQAKQAEAAAAEAAAAAEAAAABAAAAzQUAAA==</a:base64Binary><a:base64Binary>aEIAAAUAAAD//v8sYwB1AG0AXwBkAGEAaAB1AG8AbgBnAF8AdAByAHUAbwBjAF8AcwBhAHUALQA1AEAAcgBvAGIAbwBWADMAKAB1AHIAZABmAF8AYwBoAGEAbgBnAGUAZAApAAQAAAAQAAAAAQAAAAEAAAAZBgAA</a:base64Binary><a:base64Binary>aEIAAAUAAAD//v8sYwB1AG0AXwBkAGEAaAB1AG8AbgBnAF8AdAByAHUAbwBjAF8AcwBhAHUALQA2AEAAcgBvAGIAbwBWADMAKAB1AHIAZABmAF8AYwBoAGEAbgBnAGUAZAApAAQAAAAQAAAAAQAAAAEAAAAgBgAA</a:base64Binary><a:base64Binary>aEIAAAUAAAD//v8kZgB1AGwAbABfAGMAbwB2AGUAcgBfAHYAMgAtADEAQAByAG8AYgBvAFYAMwAoAHUAcgBkAGYAXwBjAGgAYQBuAGcAZQBkACkABAAAABAAAAABAAAAAQAAAFwGAAA=</a:base64Binary><a:base64Binary>aEIAAAUAAAD//v8pYwBvAHYAZQByAF8AagBvAGkAbgB0AF8AdgAzAC4AMQAuADIALQAxAEAAcgBvAGIAbwBWADMAKAB1AHIAZABmAF8AYwBoAGEAbgBnAGUAZAApAAQAAAAQAAAAAQAAAAEAAACjBgAA</a:base64Binary><a:base64Binary>aEIAAAUAAAD//v8ZagAxAC0AMQBAAHIAbwBiAG8AVgAzACgAdQByAGQAZgBfAGMAaABhAG4AZwBlAGQAKQAEAAAAEAAAAAEAAAABAAAArAYAAA==</a:base64Binary><a:base64Binary>aEIAAAUAAAD//v8ZagAxAC0AMgBAAHIAbwBiAG8AVgAzACgAdQByAGQAZgBfAGMAaABhAG4AZwBlAGQAKQAEAAAAEAAAAAEAAAABAAAArQYAAA==</a:base64Binary><a:base64Binary>aEIAAAUAAAD//v8ebQBhAHQAeABlAG8AMQAtADEAQAByAG8AYgBvAFYAMwAoAHUAcgBkAGYAXwBjAGgAYQBuAGcAZQBkACkABAAAABAAAAABAAAAAQAAAL0GAAA=</a:base64Binary><a:base64Binary>aEIAAAUAAAD//v8tQQByAGMAYQBkAGUAIABQAHUAcwBoACAAYgB1AHQAdABvAG4AIABhAHMAbQAtADIAQAByAG8AYgBvAFYAMwAoAHUAcgBkAGYAXwBjAGgAYQBuAGcAZQBkACkABAAAABAAAAABAAAAAQAAAM8GAAA=</a:base64Binary><a:base64Binary>aEIAAAUAAAD//v86UwB0AG8AcAAgAFMAdwBpAHQAYwBoACAAUAB1AHMAaAAgAEIAdQB0AHQAbwBuACAATABBAFkAMwA3ACAAKABQAEIAQwApAC0AMwBAAHIAbwBiAG8AVgAzACgAdQByAGQAZgBfAGMAaABhAG4AZwBlAGQAKQAEAAAAEAAAAAEAAAABAAAA9wYAAA==</a:base64Binary><a:base64Binary>aEIAAAUAAAD//v8sYwBvAHYAZQByAF8AdQBwAF8AdgAyAF8AbABpAG4AaABfAG0AaQBjAGEALQAxAEAAcgBvAGIAbwBWADMAKAB1AHIAZABmAF8AYwBoAGEAbgBnAGUAZAApAAQAAAAQAAAAAQAAAAEAAADZBwAA</a:base64Binary><a:base64Binary>aEIAAAUAAAD//v8eYQBsAGkAYgBhAGIAYQAtADEAQAByAG8AYgBvAFYAMwAoAHUAcgBkAGYAXwBjAGgAYQBuAGcAZQBkACkABAAAABAAAAABAAAAAQAAADYIAAA=</a:base64Binary><a:base64Binary>aEIAAAUAAAD//v8aYwBoAGUALQAxAEAAcgBvAGIAbwBWADMAKAB1AHIAZABmAF8AYwBoAGEAbgBnAGUAZAApAAQAAAAQAAAAAQAAAAEAAAA8CAAA</a:base64Binary><a:base64Binary>aEIAAAUAAAD//v8aYwBoAGUALQAyAEAAcgBvAGIAbwBWADMAKAB1AHIAZABmAF8AYwBoAGEAbgBnAGUAZAApAAQAAAAQAAAAAQAAAAEAAABQCAAA</a:base64Binary><a:base64Binary>aEIAAAUAAAD//v8aYwBoAGUALQAzAEAAcgBvAGIAbwBWADMAKAB1AHIAZABmAF8AYwBoAGEAbgBnAGUAZAApAAQAAAAQAAAAAQAAAAEAAABZCAAA</a:base64Binary><a:base64Binary>aEIAAAUAAAD//v8aYwBoAGUALQA0AEAAcgBvAGIAbwBWADMAKAB1AHIAZABmAF8AYwBoAGEAbgBnAGUAZAApAAQAAAAQAAAAAQAAAAEAAABhCAAA</a:base64Binary><a:base64Binary>aEIAAAUAAAD//v8aYwBoAGUALQA1AEAAcgBvAGIAbwBWADMAKAB1AHIAZABmAF8AYwBoAGEAbgBnAGUAZAApAAQAAAAQAAAAAQAAAAEAAABpCAAA</a:base64Binary><a:base64Binary>aEIAAAUAAAD//v8aYwBoAGUALQA2AEAAcgBvAGIAbwBWADMAKAB1AHIAZABmAF8AYwBoAGEAbgBnAGUAZAApAAQAAAAQAAAAAQAAAAEAAABxCAAA</a:base64Binary><a:base64Binary>aEIAAAUAAAD//v8lZwBhAF8AbQBpAG4AaQBwAGMAXwBjAG8AbQBwAC0AMQBAAHIAbwBiAG8AVgAzACgAdQByAGQAZgBfAGMAaABhAG4AZwBlAGQAKQAEAAAAEAAAAAEAAAABAAAAxggAAA==</a:base64Binary><a:base64Binary>aEIAAAUAAAD//v8jZwBhAF8AbQBpAG4AaQBwAGMAXwB2ADIALQAyAEAAcgBvAGIAbwBWADMAKAB1AHIAZABmAF8AYwBoAGEAbgBnAGUAZAApAAQAAAAQAAAAAQAAAAEAAACxCAAA</a:base64Binary><a:base64Binary>aEIAAAUAAAD//v8jZwBhAF8AbQBpAG4AaQBwAGMAXwB2ADIALQAxAEAAcgBvAGIAbwBWADMAKAB1AHIAZABmAF8AYwBoAGEAbgBnAGUAZAApAAQAAAAQAAAAAQAAAAEAAACwCAAA</a:base64Binary><a:base64Binary>aEIAAAUAAAD//v8eaABvAHAAXwBwAGkAbgAtADEAQAByAG8AYgBvAFYAMwAoAHUAcgBkAGYAXwBjAGgAYQBuAGcAZQBkACkABAAAABAAAAABAAAAAQAAAN8IAAA=</a:base64Binary><a:base64Binary>aEIAAAUAAAD//v8fbgBhAG4AZwBfAGMAYQBtAC0AMQBAAHIAbwBiAG8AVgAzACgAdQByAGQAZgBfAGMAaABhAG4AZwBlAGQAKQAEAAAAEAAAAAEAAAABAAAA6ggAAA==</a:base64Binary><a:base64Binary>aEIAAAUAAAD//v81ZwBhAF8AYwBvAG0ALQAxAEAAcgBvAGIAbwBWADMAKAB1AHIAZABmAF8AYwBoAGEAbgBnAGUAZAApAC8AMgAwAHgAMgAwAF8AYQBsAHUAXwBkAG8AYwAxAC0AMgBAAGcAYQBfAGMAbwBtAAQAAAAQAAAAAQAAAAIAAAANCQAAGwAAAA==</a:base64Binary><a:base64Binary>aEIAAAUAAAD//v81ZwBhAF8AYwBvAG0ALQAxAEAAcgBvAGIAbwBWADMAKAB1AHIAZABmAF8AYwBoAGEAbgBnAGUAZAApAC8AMgAwAHgAMgAwAF8AYQBsAHUAXwBkAG8AYwAxAC0AMQBAAGcAYQBfAGMAbwBtAAQAAAAQAAAAAQAAAAIAAAANCQAAGgAAAA==</a:base64Binary><a:base64Binary>aEIAAAUAAAD//v83ZwBhAF8AYwBvAG0ALQAxAEAAcgBvAGIAbwBWADMAKAB1AHIAZABmAF8AYwBoAGEAbgBnAGUAZAApAC8AMgAwAHgAMgAwAF8AYQBsAHUAXwBuAGcAYQBuAGcAMQAtADEAQABnAGEAXwBjAG8AbQAEAAAAEAAAAAEAAAACAAAADQkAABkAAAA=</a:base64Binary><a:base64Binary>aEIAAAUAAAD//v8faABvAHAAXwBuAGEAbgBvAC0AMQBAAHIAbwBiAG8AVgAzACgAdQByAGQAZgBfAGMAaABhAG4AZwBlAGQAKQAEAAAAEAAAAAEAAAABAAAANAkAAA==</a:base64Binary><a:base64Binary>aEIAAAUAAAD//v8hawBlAGcAbwBjAF8AdABhAGIAMQAtADEAQAByAG8AYgBvAFYAMwAoAHUAcgBkAGYAXwBjAGgAYQBuAGcAZQBkACkABAAAABAAAAABAAAAAQAAAG4JAAA=</a:base64Binary><a:base64Binary>aEIAAAUAAAD//v8hawBlAGcAbwBjAF8AdABhAGIAMgAtADEAQAByAG8AYgBvAFYAMwAoAHUAcgBkAGYAXwBjAGgAYQBuAGcAZQBkACkABAAAABAAAAABAAAAAQAAAG8JAAA=</a:base64Binary><a:base64Binary>aEIAAAUAAAD//v8edAByAG8AZABvAG4AZwAtADEAQAByAG8AYgBvAFYAMwAoAHUAcgBkAGYAXwBjAGgAYQBuAGcAZQBkACkABAAAABAAAAABAAAAAQAAAHgJAAA=</a:base64Binary><a:base64Binary>aEIAAAUAAAD//v8gbwBwAF8AdABhAGIAbABlAHQALQAxAEAAcgBvAGIAbwBWADMAKAB1AHIAZABmAF8AYwBoAGEAbgBnAGUAZAApAAQAAAAQAAAAAQAAAAEAAABnCQAA</a:base64Binary></SWComponentPIDs><SWMainComponentPID i:nil="true"/><Visual z:Ref="i16"/><isFixedFrame>false</isFixedFrame><isIncomplete>false</isIncomplete></Link>
2025-07-08 10:17:51,218 INFO  LinkNode.cs: 35 - Building node base_link
2025-07-08 10:17:51,219 INFO  LinkNode.cs: 35 - Building node lidar_link
2025-07-08 10:17:51,220 INFO  LinkNode.cs: 35 - Building node imu_link
2025-07-08 10:17:51,220 INFO  LinkNode.cs: 35 - Building node right_wheel_link
2025-07-08 10:17:51,220 INFO  LinkNode.cs: 35 - Building node left_wheel_link
2025-07-08 10:17:51,221 INFO  LinkNode.cs: 35 - Building node camera_link
2025-07-08 10:17:51,221 INFO  CommonSwOperations.cs: 221 - Loading SolidWorks components for base_link from D:\DA_Robot\hoc_solid\model_v5_packgo1\robotv2\roboV3(urdf_changed).SLDASM
2025-07-08 10:17:51,222 INFO  CommonSwOperations.cs: 245 - Loading component with PID hB     ???&c u m _ b a n h _ x e _ l o n - 3 @ r o b o V 3 ( u r d f _ c h a n g e d )             ?  
2025-07-08 10:17:51,222 INFO  CommonSwOperations.cs: 254 - Successfully loaded component D:\DA_Robot\hoc_solid\model_v5_packgo1\cum_banh_xe_lon.SLDASM
2025-07-08 10:17:51,222 INFO  CommonSwOperations.cs: 245 - Loading component with PID hB     ???2 0 m m - 2 @ r o b o V 3 ( u r d f _ c h a n g e d )             )  
2025-07-08 10:17:51,223 INFO  CommonSwOperations.cs: 254 - Successfully loaded component D:\DA_Robot\hoc_solid\model_v5_packgo1\20mm.SLDPRT
2025-07-08 10:17:51,223 INFO  CommonSwOperations.cs: 245 - Loading component with PID hB     ???2 0 m m - 8 @ r o b o V 3 ( u r d f _ c h a n g e d )             /  
2025-07-08 10:17:51,223 INFO  CommonSwOperations.cs: 254 - Successfully loaded component D:\DA_Robot\hoc_solid\model_v5_packgo1\20mm.SLDPRT
2025-07-08 10:17:51,224 INFO  CommonSwOperations.cs: 245 - Loading component with PID hB     ??? m o t o r A x i s - 1 @ r o b o V 3 ( u r d f _ c h a n g e d )             ?  
2025-07-08 10:17:51,224 INFO  CommonSwOperations.cs: 254 - Successfully loaded component D:\DA_Robot\hoc_solid\model_v5_packgo1\motorAxis.SLDPRT
2025-07-08 10:17:51,224 INFO  CommonSwOperations.cs: 245 - Loading component with PID hB     ???#l i d a r _ p u s h u p - 1 @ r o b o V 3 ( u r d f _ c h a n g e d )             ?  
2025-07-08 10:17:51,225 INFO  CommonSwOperations.cs: 254 - Successfully loaded component D:\DA_Robot\hoc_solid\model_v5_packgo1\lidar_pushup.SLDPRT
2025-07-08 10:17:51,225 INFO  CommonSwOperations.cs: 245 - Loading component with PID hB     ???'s t a n d o f f _ M 2 _ 2 0 m m - 1 @ r o b o V 3 ( u r d f _ c h a n g e d )             ?  
2025-07-08 10:17:51,225 INFO  CommonSwOperations.cs: 254 - Successfully loaded component D:\DA_Robot\hoc_solid\model_v5_packgo1\standoff_M2_20mm.SLDPRT
2025-07-08 10:17:51,226 INFO  CommonSwOperations.cs: 245 - Loading component with PID hB     ???'s t a n d o f f _ M 2 _ 2 0 m m - 3 @ r o b o V 3 ( u r d f _ c h a n g e d )             ?  
2025-07-08 10:17:51,226 INFO  CommonSwOperations.cs: 254 - Successfully loaded component D:\DA_Robot\hoc_solid\model_v5_packgo1\standoff_M2_20mm.SLDPRT
2025-07-08 10:17:51,226 INFO  CommonSwOperations.cs: 245 - Loading component with PID hB     ???'s t a n d o f f _ M 2 _ 2 0 m m - 4 @ r o b o V 3 ( u r d f _ c h a n g e d )             ?  
2025-07-08 10:17:51,227 INFO  CommonSwOperations.cs: 254 - Successfully loaded component D:\DA_Robot\hoc_solid\model_v5_packgo1\standoff_M2_20mm.SLDPRT
2025-07-08 10:17:51,227 INFO  CommonSwOperations.cs: 245 - Loading component with PID hB     ???'s t a n d o f f _ M 2 _ 2 0 m m - 5 @ r o b o V 3 ( u r d f _ c h a n g e d )             ?  
2025-07-08 10:17:51,227 INFO  CommonSwOperations.cs: 254 - Successfully loaded component D:\DA_Robot\hoc_solid\model_v5_packgo1\standoff_M2_20mm.SLDPRT
2025-07-08 10:17:51,228 INFO  CommonSwOperations.cs: 245 - Loading component with PID hB     ???b a t t e r y - 1 @ r o b o V 3 ( u r d f _ c h a n g e d )             ?  
2025-07-08 10:17:51,228 INFO  CommonSwOperations.cs: 254 - Successfully loaded component D:\DA_Robot\hoc_solid\model_v5_packgo1\battery.SLDPRT
2025-07-08 10:17:51,228 INFO  CommonSwOperations.cs: 245 - Loading component with PID hB     ???(h o v e r b o a r d _ d r i v e r - 1 @ r o b o V 3 ( u r d f _ c h a n g e d )             ?  
2025-07-08 10:17:51,229 INFO  CommonSwOperations.cs: 254 - Successfully loaded component D:\DA_Robot\hoc_solid\model_v5_packgo1\hoverboard_driver.SLDPRT
2025-07-08 10:17:51,229 INFO  CommonSwOperations.cs: 245 - Loading component with PID hB     ???(c u m _ r e l a y _ m y 4 n _ 4 p - 1 @ r o b o V 3 ( u r d f _ c h a n g e d )             ?  
2025-07-08 10:17:51,230 INFO  CommonSwOperations.cs: 254 - Successfully loaded component D:\DA_Robot\hoc_solid\model_v5_packgo1\cum_relay_my4n_4p.SLDASM
2025-07-08 10:17:51,230 INFO  CommonSwOperations.cs: 245 - Loading component with PID hB     ???#l i d a r _ p u s h u p - 3 @ r o b o V 3 ( u r d f _ c h a n g e d )               
2025-07-08 10:17:51,230 INFO  CommonSwOperations.cs: 254 - Successfully loaded component D:\DA_Robot\hoc_solid\model_v5_packgo1\lidar_pushup.SLDPRT
2025-07-08 10:17:51,230 INFO  CommonSwOperations.cs: 245 - Loading component with PID hB     ???(3 6 v _ 1 2 v _ c o n v e r t e r - 1 @ r o b o V 3 ( u r d f _ c h a n g e d )                
2025-07-08 10:17:51,231 INFO  CommonSwOperations.cs: 254 - Successfully loaded component D:\DA_Robot\hoc_solid\model_v5_packgo1\36v_12v_converter.SLDPRT
2025-07-08 10:17:51,231 INFO  CommonSwOperations.cs: 245 - Loading component with PID hB     ???#r e m o t e _ r e l a y - 1 @ r o b o V 3 ( u r d f _ c h a n g e d )             1  
2025-07-08 10:17:51,232 INFO  CommonSwOperations.cs: 254 - Successfully loaded component D:\DA_Robot\hoc_solid\model_v5_packgo1\remote_relay.SLDPRT
2025-07-08 10:17:51,232 INFO  CommonSwOperations.cs: 245 - Loading component with PID hB     ???%a l u m i n i u m _ b a s e - 1 @ r o b o V 3 ( u r d f _ c h a n g e d )             5  
2025-07-08 10:17:51,232 INFO  CommonSwOperations.cs: 254 - Successfully loaded component D:\DA_Robot\hoc_solid\model_v5_packgo1\aluminium_base.SLDPRT
2025-07-08 10:17:51,233 INFO  CommonSwOperations.cs: 245 - Loading component with PID hB     ???"p i _ h a n g _ i m u - 1 @ r o b o V 3 ( u r d f _ c h a n g e d )             [  
2025-07-08 10:17:51,233 INFO  CommonSwOperations.cs: 254 - Successfully loaded component D:\DA_Robot\hoc_solid\model_v5_packgo1\pi_hang_imu.SLDPRT
2025-07-08 10:17:51,233 INFO  CommonSwOperations.cs: 245 - Loading component with PID hB     ???#W E I D U   T B 2 5 X X - 1 @ r o b o V 3 ( u r d f _ c h a n g e d )             x  
2025-07-08 10:17:51,234 INFO  CommonSwOperations.cs: 254 - Successfully loaded component D:\DA_Robot\hoc_solid\model_v5_packgo1\WEIDU TB25XX.SLDASM
2025-07-08 10:17:51,234 INFO  CommonSwOperations.cs: 245 - Loading component with PID hB     ???+@>D8;L  V - s l o t   2 0 x 4 0 - 1 @ r o b o V 3 ( u r d f _ c h a n g e d )             ~  
2025-07-08 10:17:51,234 INFO  CommonSwOperations.cs: 254 - Successfully loaded component D:\DA_Robot\hoc_solid\model_v5_packgo1\??????? V-slot 20x40.SLDPRT
2025-07-08 10:17:51,234 INFO  CommonSwOperations.cs: 245 - Loading component with PID hB     ???+@>D8;L  V - s l o t   2 0 x 4 0 - 3 @ r o b o V 3 ( u r d f _ c h a n g e d )             ?  
2025-07-08 10:17:51,235 INFO  CommonSwOperations.cs: 254 - Successfully loaded component D:\DA_Robot\hoc_solid\model_v5_packgo1\??????? V-slot 20x40.SLDPRT
2025-07-08 10:17:51,236 INFO  CommonSwOperations.cs: 245 - Loading component with PID hB     ???<2 0 x 2 0 _ a l u m i n u m _ e x t r u s i o n _ p r o f i l e   2 6 c m - 1 @ r o b o V 3 ( u r d f _ c h a n g e d )             ?  
2025-07-08 10:17:51,236 INFO  CommonSwOperations.cs: 254 - Successfully loaded component D:\DA_Robot\hoc_solid\model_v5_packgo1\20x20_aluminum_extrusion_profile 26cm.SLDPRT
2025-07-08 10:17:51,236 INFO  CommonSwOperations.cs: 245 - Loading component with PID hB     ???2 0 m m - 1 0 @ r o b o V 3 ( u r d f _ c h a n g e d )             ?  
2025-07-08 10:17:51,237 INFO  CommonSwOperations.cs: 254 - Successfully loaded component D:\DA_Robot\hoc_solid\model_v5_packgo1\20mm.SLDPRT
2025-07-08 10:17:51,237 INFO  CommonSwOperations.cs: 245 - Loading component with PID hB     ???&c u m _ b a n h _ x e _ l o n - 5 @ r o b o V 3 ( u r d f _ c h a n g e d )             ?  
2025-07-08 10:17:51,237 INFO  CommonSwOperations.cs: 254 - Successfully loaded component D:\DA_Robot\hoc_solid\model_v5_packgo1\cum_banh_xe_lon.SLDASM
2025-07-08 10:17:51,238 INFO  CommonSwOperations.cs: 245 - Loading component with PID hB     ??? m o t o r A x i s - 4 @ r o b o V 3 ( u r d f _ c h a n g e d )             ?  
2025-07-08 10:17:51,238 INFO  CommonSwOperations.cs: 254 - Successfully loaded component D:\DA_Robot\hoc_solid\model_v5_packgo1\motorAxis.SLDPRT
2025-07-08 10:17:51,239 INFO  CommonSwOperations.cs: 245 - Loading component with PID hB     ???2 0 m m - 1 1 @ r o b o V 3 ( u r d f _ c h a n g e d )             ?  
2025-07-08 10:17:51,239 INFO  CommonSwOperations.cs: 254 - Successfully loaded component D:\DA_Robot\hoc_solid\model_v5_packgo1\20mm.SLDPRT
2025-07-08 10:17:51,239 INFO  CommonSwOperations.cs: 245 - Loading component with PID hB     ???,c u m _ d a h u o n g _ t r u o c _ s a u - 5 @ r o b o V 3 ( u r d f _ c h a n g e d )               
2025-07-08 10:17:51,240 INFO  CommonSwOperations.cs: 254 - Successfully loaded component D:\DA_Robot\hoc_solid\model_v5_packgo1\cum_dahuong_truoc_sau.SLDASM
2025-07-08 10:17:51,240 INFO  CommonSwOperations.cs: 245 - Loading component with PID hB     ???,c u m _ d a h u o n g _ t r u o c _ s a u - 6 @ r o b o V 3 ( u r d f _ c h a n g e d )                
2025-07-08 10:17:51,240 INFO  CommonSwOperations.cs: 254 - Successfully loaded component D:\DA_Robot\hoc_solid\model_v5_packgo1\cum_dahuong_truoc_sau.SLDASM
2025-07-08 10:17:51,241 INFO  CommonSwOperations.cs: 245 - Loading component with PID hB     ???$f u l l _ c o v e r _ v 2 - 1 @ r o b o V 3 ( u r d f _ c h a n g e d )             \  
2025-07-08 10:17:51,241 INFO  CommonSwOperations.cs: 254 - Successfully loaded component D:\DA_Robot\hoc_solid\model_v5_packgo1\full_cover_v2.SLDASM
2025-07-08 10:17:51,241 INFO  CommonSwOperations.cs: 245 - Loading component with PID hB     ???)c o v e r _ j o i n t _ v 3 . 1 . 2 - 1 @ r o b o V 3 ( u r d f _ c h a n g e d )             ?  
2025-07-08 10:17:51,242 INFO  CommonSwOperations.cs: 254 - Successfully loaded component D:\DA_Robot\hoc_solid\model_v5_packgo1\cover_joint_v3.1.2.SLDPRT
2025-07-08 10:17:51,242 INFO  CommonSwOperations.cs: 245 - Loading component with PID hB     ???j 1 - 1 @ r o b o V 3 ( u r d f _ c h a n g e d )             ?  
2025-07-08 10:17:51,242 INFO  CommonSwOperations.cs: 254 - Successfully loaded component D:\DA_Robot\hoc_solid\model_v5_packgo1\j1.SLDPRT
2025-07-08 10:17:51,243 INFO  CommonSwOperations.cs: 245 - Loading component with PID hB     ???j 1 - 2 @ r o b o V 3 ( u r d f _ c h a n g e d )             ?  
2025-07-08 10:17:51,243 INFO  CommonSwOperations.cs: 254 - Successfully loaded component D:\DA_Robot\hoc_solid\model_v5_packgo1\j1.SLDPRT
2025-07-08 10:17:51,243 INFO  CommonSwOperations.cs: 245 - Loading component with PID hB     ???m a t x e o 1 - 1 @ r o b o V 3 ( u r d f _ c h a n g e d )             ?  
2025-07-08 10:17:51,244 INFO  CommonSwOperations.cs: 254 - Successfully loaded component D:\DA_Robot\hoc_solid\model_v5_packgo1\matxeo1.SLDPRT
2025-07-08 10:17:51,244 INFO  CommonSwOperations.cs: 245 - Loading component with PID hB     ???-A r c a d e   P u s h   b u t t o n   a s m - 2 @ r o b o V 3 ( u r d f _ c h a n g e d )             ?  
2025-07-08 10:17:51,244 INFO  CommonSwOperations.cs: 254 - Successfully loaded component D:\DA_Robot\hoc_solid\model_v5_packgo1\Arcade Push button asm.SLDASM
2025-07-08 10:17:51,245 INFO  CommonSwOperations.cs: 245 - Loading component with PID hB     ???:S t o p   S w i t c h   P u s h   B u t t o n   L A Y 3 7   ( P B C ) - 3 @ r o b o V 3 ( u r d f _ c h a n g e d )             ?  
2025-07-08 10:17:51,245 INFO  CommonSwOperations.cs: 254 - Successfully loaded component D:\DA_Robot\hoc_solid\model_v5_packgo1\Stop Switch Push Button LAY37 (PBC).SLDPRT
2025-07-08 10:17:51,246 INFO  CommonSwOperations.cs: 245 - Loading component with PID hB     ???,c o v e r _ u p _ v 2 _ l i n h _ m i c a - 1 @ r o b o V 3 ( u r d f _ c h a n g e d )             ?  
2025-07-08 10:17:51,246 INFO  CommonSwOperations.cs: 254 - Successfully loaded component D:\DA_Robot\hoc_solid\model_v5_packgo1\cover_up_v2_linh_mica.SLDPRT
2025-07-08 10:17:51,246 INFO  CommonSwOperations.cs: 245 - Loading component with PID hB     ???a l i b a b a - 1 @ r o b o V 3 ( u r d f _ c h a n g e d )             6  
2025-07-08 10:17:51,247 INFO  CommonSwOperations.cs: 254 - Successfully loaded component D:\DA_Robot\hoc_solid\model_v5_packgo1\cam\alibaba.SLDASM
2025-07-08 10:17:51,247 INFO  CommonSwOperations.cs: 245 - Loading component with PID hB     ???c h e - 1 @ r o b o V 3 ( u r d f _ c h a n g e d )             <  
2025-07-08 10:17:51,248 INFO  CommonSwOperations.cs: 254 - Successfully loaded component D:\DA_Robot\hoc_solid\model_v5_packgo1\che\che.SLDPRT
2025-07-08 10:17:51,248 INFO  CommonSwOperations.cs: 245 - Loading component with PID hB     ???c h e - 2 @ r o b o V 3 ( u r d f _ c h a n g e d )             P  
2025-07-08 10:17:51,248 INFO  CommonSwOperations.cs: 254 - Successfully loaded component D:\DA_Robot\hoc_solid\model_v5_packgo1\che\che.SLDPRT
2025-07-08 10:17:51,249 INFO  CommonSwOperations.cs: 245 - Loading component with PID hB     ???c h e - 3 @ r o b o V 3 ( u r d f _ c h a n g e d )             Y  
2025-07-08 10:17:51,249 INFO  CommonSwOperations.cs: 254 - Successfully loaded component D:\DA_Robot\hoc_solid\model_v5_packgo1\che\che.SLDPRT
2025-07-08 10:17:51,249 INFO  CommonSwOperations.cs: 245 - Loading component with PID hB     ???c h e - 4 @ r o b o V 3 ( u r d f _ c h a n g e d )             a  
2025-07-08 10:17:51,250 INFO  CommonSwOperations.cs: 254 - Successfully loaded component D:\DA_Robot\hoc_solid\model_v5_packgo1\che\che.SLDPRT
2025-07-08 10:17:51,250 INFO  CommonSwOperations.cs: 245 - Loading component with PID hB     ???c h e - 5 @ r o b o V 3 ( u r d f _ c h a n g e d )             i  
2025-07-08 10:17:51,251 INFO  CommonSwOperations.cs: 254 - Successfully loaded component D:\DA_Robot\hoc_solid\model_v5_packgo1\che\che.SLDPRT
2025-07-08 10:17:51,251 INFO  CommonSwOperations.cs: 245 - Loading component with PID hB     ???c h e - 6 @ r o b o V 3 ( u r d f _ c h a n g e d )             q  
2025-07-08 10:17:51,251 INFO  CommonSwOperations.cs: 254 - Successfully loaded component D:\DA_Robot\hoc_solid\model_v5_packgo1\che\che.SLDPRT
2025-07-08 10:17:51,252 INFO  CommonSwOperations.cs: 245 - Loading component with PID hB     ???%g a _ m i n i p c _ c o m p - 1 @ r o b o V 3 ( u r d f _ c h a n g e d )             ?  
2025-07-08 10:17:51,252 INFO  CommonSwOperations.cs: 254 - Successfully loaded component D:\DA_Robot\hoc_solid\model_v5_packgo1\robotv2\2nd_floor_v2\ga_minipc_comp.SLDASM
2025-07-08 10:17:51,252 INFO  CommonSwOperations.cs: 245 - Loading component with PID hB     ???#g a _ m i n i p c _ v 2 - 2 @ r o b o V 3 ( u r d f _ c h a n g e d )             ?  
2025-07-08 10:17:51,253 INFO  CommonSwOperations.cs: 254 - Successfully loaded component D:\DA_Robot\hoc_solid\model_v5_packgo1\robotv2\2nd_floor_v2\ga_minipc_v2.SLDASM
2025-07-08 10:17:51,253 INFO  CommonSwOperations.cs: 245 - Loading component with PID hB     ???#g a _ m i n i p c _ v 2 - 1 @ r o b o V 3 ( u r d f _ c h a n g e d )             ?  
2025-07-08 10:17:51,253 INFO  CommonSwOperations.cs: 254 - Successfully loaded component D:\DA_Robot\hoc_solid\model_v5_packgo1\robotv2\2nd_floor_v2\ga_minipc_v2.SLDASM
2025-07-08 10:17:51,254 INFO  CommonSwOperations.cs: 245 - Loading component with PID hB     ???h o p _ p i n - 1 @ r o b o V 3 ( u r d f _ c h a n g e d )             ?  
2025-07-08 10:17:51,254 INFO  CommonSwOperations.cs: 254 - Successfully loaded component D:\DA_Robot\hoc_solid\model_v5_packgo1\robotv2\hop_pin\hop_pin.SLDPRT
2025-07-08 10:17:51,254 INFO  CommonSwOperations.cs: 245 - Loading component with PID hB     ???n a n g _ c a m - 1 @ r o b o V 3 ( u r d f _ c h a n g e d )             ?  
2025-07-08 10:17:51,255 INFO  CommonSwOperations.cs: 254 - Successfully loaded component D:\DA_Robot\hoc_solid\model_v5_packgo1\robotv2\nang_cam.SLDPRT
2025-07-08 10:17:51,255 INFO  CommonSwOperations.cs: 245 - Loading component with PID hB     ???5g a _ c o m - 1 @ r o b o V 3 ( u r d f _ c h a n g e d ) / 2 0 x 2 0 _ a l u _ d o c 1 - 2 @ g a _ c o m             	     
2025-07-08 10:17:51,255 INFO  CommonSwOperations.cs: 254 - Successfully loaded component D:\DA_Robot\hoc_solid\model_v5_packgo1\robotv2\ga_tablet\20x20_alu_doc1.SLDPRT
2025-07-08 10:17:51,256 INFO  CommonSwOperations.cs: 245 - Loading component with PID hB     ???5g a _ c o m - 1 @ r o b o V 3 ( u r d f _ c h a n g e d ) / 2 0 x 2 0 _ a l u _ d o c 1 - 1 @ g a _ c o m             	     
2025-07-08 10:17:51,256 INFO  CommonSwOperations.cs: 254 - Successfully loaded component D:\DA_Robot\hoc_solid\model_v5_packgo1\robotv2\ga_tablet\20x20_alu_doc1.SLDPRT
2025-07-08 10:17:51,256 INFO  CommonSwOperations.cs: 245 - Loading component with PID hB     ???7g a _ c o m - 1 @ r o b o V 3 ( u r d f _ c h a n g e d ) / 2 0 x 2 0 _ a l u _ n g a n g 1 - 1 @ g a _ c o m             	     
2025-07-08 10:17:51,257 INFO  CommonSwOperations.cs: 254 - Successfully loaded component D:\DA_Robot\hoc_solid\model_v5_packgo1\robotv2\ga_tablet\20x20_alu_ngang1.SLDPRT
2025-07-08 10:17:51,257 INFO  CommonSwOperations.cs: 245 - Loading component with PID hB     ???h o p _ n a n o - 1 @ r o b o V 3 ( u r d f _ c h a n g e d )             4	  
2025-07-08 10:17:51,257 INFO  CommonSwOperations.cs: 254 - Successfully loaded component D:\DA_Robot\hoc_solid\model_v5_packgo1\robotv2\hop_nano.SLDPRT
2025-07-08 10:17:51,258 INFO  CommonSwOperations.cs: 245 - Loading component with PID hB     ???!k e g o c _ t a b 1 - 1 @ r o b o V 3 ( u r d f _ c h a n g e d )             n	  
2025-07-08 10:17:51,258 INFO  CommonSwOperations.cs: 254 - Successfully loaded component D:\DA_Robot\hoc_solid\model_v5_packgo1\tablet_new\kegoc_tab1.SLDPRT
2025-07-08 10:17:51,264 INFO  CommonSwOperations.cs: 245 - Loading component with PID hB     ???!k e g o c _ t a b 2 - 1 @ r o b o V 3 ( u r d f _ c h a n g e d )             o	  
2025-07-08 10:17:51,265 INFO  CommonSwOperations.cs: 254 - Successfully loaded component D:\DA_Robot\hoc_solid\model_v5_packgo1\tablet_new\kegoc_tab2.SLDPRT
2025-07-08 10:17:51,265 INFO  CommonSwOperations.cs: 245 - Loading component with PID hB     ???t r o d o n g - 1 @ r o b o V 3 ( u r d f _ c h a n g e d )             x	  
2025-07-08 10:17:51,267 INFO  CommonSwOperations.cs: 254 - Successfully loaded component D:\DA_Robot\hoc_solid\model_v5_packgo1\robotv2\trodong.SLDPRT
2025-07-08 10:17:51,267 INFO  CommonSwOperations.cs: 245 - Loading component with PID hB     ??? o p _ t a b l e t - 1 @ r o b o V 3 ( u r d f _ c h a n g e d )             g	  
2025-07-08 10:17:51,268 INFO  CommonSwOperations.cs: 254 - Successfully loaded component D:\DA_Robot\hoc_solid\model_v5_packgo1\tablet_new\op_tablet.SLDPRT
2025-07-08 10:17:51,269 INFO  CommonSwOperations.cs: 230 - Loaded 55 components for link base_link
2025-07-08 10:17:51,269 INFO  CommonSwOperations.cs: 221 - Loading SolidWorks components for lidar_link from D:\DA_Robot\hoc_solid\model_v5_packgo1\robotv2\roboV3(urdf_changed).SLDASM
2025-07-08 10:17:51,270 INFO  CommonSwOperations.cs: 245 - Loading component with PID hB     ???X 3 _ L i d a r - 1 @ r o b o V 3 ( u r d f _ c h a n g e d )             ?  
2025-07-08 10:17:51,272 INFO  CommonSwOperations.cs: 254 - Successfully loaded component D:\DA_Robot\hoc_solid\model_v5_packgo1\X3_Lidar.SLDPRT
2025-07-08 10:17:51,273 INFO  CommonSwOperations.cs: 230 - Loaded 1 components for link lidar_link
2025-07-08 10:17:51,273 INFO  CommonSwOperations.cs: 221 - Loading SolidWorks components for imu_link from D:\DA_Robot\hoc_solid\model_v5_packgo1\robotv2\roboV3(urdf_changed).SLDASM
2025-07-08 10:17:51,274 INFO  CommonSwOperations.cs: 245 - Loading component with PID hB     ???i m u _ 4 0 d o - 1 @ r o b o V 3 ( u r d f _ c h a n g e d )             w	  
2025-07-08 10:17:51,274 INFO  CommonSwOperations.cs: 254 - Successfully loaded component D:\DA_Robot\hoc_solid\model_v5_packgo1\robotv2\imu_40do.SLDPRT
2025-07-08 10:17:51,275 INFO  CommonSwOperations.cs: 230 - Loaded 1 components for link imu_link
2025-07-08 10:17:51,276 INFO  CommonSwOperations.cs: 221 - Loading SolidWorks components for right_wheel_link from D:\DA_Robot\hoc_solid\model_v5_packgo1\robotv2\roboV3(urdf_changed).SLDASM
2025-07-08 10:17:51,276 INFO  CommonSwOperations.cs: 245 - Loading component with PID hB     ??? m o t o r e d i t - 4 @ r o b o V 3 ( u r d f _ c h a n g e d )             ?  
2025-07-08 10:17:51,277 INFO  CommonSwOperations.cs: 254 - Successfully loaded component D:\DA_Robot\hoc_solid\model_v5_packgo1\motoredit.SLDPRT
2025-07-08 10:17:51,277 INFO  CommonSwOperations.cs: 230 - Loaded 1 components for link right_wheel_link
2025-07-08 10:17:51,278 INFO  CommonSwOperations.cs: 221 - Loading SolidWorks components for left_wheel_link from D:\DA_Robot\hoc_solid\model_v5_packgo1\robotv2\roboV3(urdf_changed).SLDASM
2025-07-08 10:17:51,279 INFO  CommonSwOperations.cs: 245 - Loading component with PID hB     ??? m o t o r e d i t - 3 @ r o b o V 3 ( u r d f _ c h a n g e d )             ?  
2025-07-08 10:17:51,279 INFO  CommonSwOperations.cs: 254 - Successfully loaded component D:\DA_Robot\hoc_solid\model_v5_packgo1\motoredit.SLDPRT
2025-07-08 10:17:51,280 INFO  CommonSwOperations.cs: 230 - Loaded 1 components for link left_wheel_link
2025-07-08 10:17:51,280 INFO  CommonSwOperations.cs: 221 - Loading SolidWorks components for camera_link from D:\DA_Robot\hoc_solid\model_v5_packgo1\robotv2\roboV3(urdf_changed).SLDASM
2025-07-08 10:17:51,281 INFO  CommonSwOperations.cs: 245 - Loading component with PID hB     ???#f i n a l   k i n e c t - 1 @ r o b o V 3 ( u r d f _ c h a n g e d )             ?  
2025-07-08 10:17:51,282 INFO  CommonSwOperations.cs: 254 - Successfully loaded component D:\DA_Robot\hoc_solid\model_v5_packgo1\lib\final kinect.SLDASM
2025-07-08 10:17:51,282 INFO  CommonSwOperations.cs: 230 - Loaded 1 components for link camera_link
2025-07-08 10:17:53,174 INFO  SwAddin.cs: 344 - Showing property manager
2025-07-08 10:17:59,349 INFO  ExportPropertyManager.cs: 422 - Configuration saved
2025-07-08 10:17:59,356 INFO  ConfigurationSerialization.cs: 276 - URDF Configuration found
<Link z:Id="i1" xmlns="http://schemas.datacontract.org/2004/07/SW2URDF" xmlns:i="http://www.w3.org/2001/XMLSchema-instance" xmlns:z="http://schemas.microsoft.com/2003/10/Serialization/"><Attributes><Attribute z:Id="i2"><AttributeType>name</AttributeType><IsRequired>true</IsRequired><Value i:type="a:string" xmlns:a="http://www.w3.org/2001/XMLSchema">base_link</Value></Attribute></Attributes><ChildElements><URDFElement z:Id="i3" i:type="Inertial"><Attributes/><ChildElements><URDFElement z:Id="i4" i:type="Origin"><Attributes><Attribute z:Id="i5"><AttributeType>xyz</AttributeType><IsRequired>true</IsRequired><Value i:type="a:ArrayOfdouble" xmlns:a="http://schemas.microsoft.com/2003/10/Serialization/Arrays"><a:double>0.028369667828340384</a:double><a:double>-0.0053387669522434456</a:double><a:double>0.070976161328202669</a:double></Value></Attribute><Attribute z:Id="i6"><AttributeType>rpy</AttributeType><IsRequired>true</IsRequired><Value i:type="a:ArrayOfdouble" xmlns:a="http://schemas.microsoft.com/2003/10/Serialization/Arrays"><a:double>0</a:double><a:double>0</a:double><a:double>0</a:double></Value></Attribute></Attributes><ChildElements/><ElementName>origin</ElementName><required>false</required><RPYAttribute z:Ref="i6"/><XYZAttribute z:Ref="i5"/><isCustomized>false</isCustomized></URDFElement><URDFElement z:Id="i7" i:type="Mass"><Attributes><Attribute z:Id="i8"><AttributeType>value</AttributeType><IsRequired>true</IsRequired><Value i:type="a:double" xmlns:a="http://www.w3.org/2001/XMLSchema">9.3961906865866069</Value></Attribute></Attributes><ChildElements/><ElementName>mass</ElementName><required>false</required><ValueAttribute z:Ref="i8"/></URDFElement><URDFElement z:Id="i9" i:type="Inertia"><Attributes><Attribute z:Id="i10"><AttributeType>ixx</AttributeType><IsRequired>true</IsRequired><Value i:type="a:double" xmlns:a="http://www.w3.org/2001/XMLSchema">0.037750785721450249</Value></Attribute><Attribute z:Id="i11"><AttributeType>ixy</AttributeType><IsRequired>true</IsRequired><Value i:type="a:double" xmlns:a="http://www.w3.org/2001/XMLSchema">-0.00025260952951413994</Value></Attribute><Attribute z:Id="i12"><AttributeType>ixz</AttributeType><IsRequired>true</IsRequired><Value i:type="a:double" xmlns:a="http://www.w3.org/2001/XMLSchema">0.0004724451250570649</Value></Attribute><Attribute z:Id="i13"><AttributeType>iyy</AttributeType><IsRequired>true</IsRequired><Value i:type="a:double" xmlns:a="http://www.w3.org/2001/XMLSchema">0.059669282857082583</Value></Attribute><Attribute z:Id="i14"><AttributeType>iyz</AttributeType><IsRequired>true</IsRequired><Value i:type="a:double" xmlns:a="http://www.w3.org/2001/XMLSchema">-6.2380513801139647E-07</Value></Attribute><Attribute z:Id="i15"><AttributeType>izz</AttributeType><IsRequired>true</IsRequired><Value i:type="a:double" xmlns:a="http://www.w3.org/2001/XMLSchema">0.074553113262024712</Value></Attribute></Attributes><ChildElements/><ElementName>inertia</ElementName><required>false</required><IxxAttribute z:Ref="i10"/><IxyAttribute z:Ref="i11"/><IxzAttribute z:Ref="i12"/><IyyAttribute z:Ref="i13"/><IyzAttribute z:Ref="i14"/><IzzAttribute z:Ref="i15"/></URDFElement></ChildElements><ElementName>inertial</ElementName><required>false</required><Inertia z:Ref="i9"/><Mass z:Ref="i7"/><Origin z:Ref="i4"/></URDFElement><URDFElement z:Id="i16" i:type="Visual"><Attributes/><ChildElements><URDFElement z:Id="i17" i:type="Origin"><Attributes><Attribute z:Id="i18"><AttributeType>xyz</AttributeType><IsRequired>true</IsRequired><Value i:type="a:ArrayOfdouble" xmlns:a="http://schemas.microsoft.com/2003/10/Serialization/Arrays"><a:double>0</a:double><a:double>0</a:double><a:double>0</a:double></Value></Attribute><Attribute z:Id="i19"><AttributeType>rpy</AttributeType><IsRequired>true</IsRequired><Value i:type="a:ArrayOfdouble" xmlns:a="http://schemas.microsoft.com/2003/10/Serialization/Arrays"><a:double>0</a:double><a:double>0</a:double><a:double>0</a:double></Value></Attribute></Attributes><ChildElements/><ElementName>origin</ElementName><required>false</required><RPYAttribute z:Ref="i19"/><XYZAttribute z:Ref="i18"/><isCustomized>false</isCustomized></URDFElement><URDFElement z:Id="i20" i:type="Geometry"><Attributes/><ChildElements><URDFElement z:Id="i21" i:type="Mesh"><Attributes><Attribute z:Id="i22"><AttributeType>filename</AttributeType><IsRequired>true</IsRequired><Value i:nil="true"/></Attribute></Attributes><ChildElements/><ElementName>mesh</ElementName><required>false</required><FilenameAttribute z:Ref="i22"/></URDFElement></ChildElements><ElementName>geometry</ElementName><required>true</required><Mesh z:Ref="i21"/></URDFElement><URDFElement z:Id="i23" i:type="Material"><Attributes><Attribute z:Id="i24"><AttributeType>name</AttributeType><IsRequired>true</IsRequired><Value i:type="a:string" xmlns:a="http://www.w3.org/2001/XMLSchema"/></Attribute></Attributes><ChildElements><URDFElement z:Id="i25" i:type="Color"><Attributes><Attribute z:Id="i26"><AttributeType>rgba</AttributeType><IsRequired>true</IsRequired><Value i:type="a:ArrayOfdouble" xmlns:a="http://schemas.microsoft.com/2003/10/Serialization/Arrays"><a:double>0.75294117647058822</a:double><a:double>0.75294117647058822</a:double><a:double>0.75294117647058822</a:double><a:double>1</a:double></Value></Attribute></Attributes><ChildElements/><ElementName>color</ElementName><required>false</required><RGBAAttribute z:Ref="i26"/></URDFElement><URDFElement z:Id="i27" i:type="Texture"><Attributes><Attribute z:Id="i28"><AttributeType>filename</AttributeType><IsRequired>true</IsRequired><Value i:nil="true"/></Attribute></Attributes><ChildElements/><ElementName>texture</ElementName><required>false</required><FilenameAttribute z:Ref="i28"/><wFilename/></URDFElement></ChildElements><ElementName>material</ElementName><required>false</required><Color z:Ref="i25"/><NameAttribute z:Ref="i24"/><Texture z:Ref="i27"/></URDFElement></ChildElements><ElementName>visual</ElementName><required>false</required><Geometry z:Ref="i20"/><Material z:Ref="i23"/><Origin z:Ref="i17"/></URDFElement><URDFElement z:Id="i29" i:type="Collision"><Attributes/><ChildElements><URDFElement z:Id="i30" i:type="Origin"><Attributes><Attribute z:Id="i31"><AttributeType>xyz</AttributeType><IsRequired>true</IsRequired><Value i:type="a:ArrayOfdouble" xmlns:a="http://schemas.microsoft.com/2003/10/Serialization/Arrays"><a:double>0</a:double><a:double>0</a:double><a:double>0</a:double></Value></Attribute><Attribute z:Id="i32"><AttributeType>rpy</AttributeType><IsRequired>true</IsRequired><Value i:type="a:ArrayOfdouble" xmlns:a="http://schemas.microsoft.com/2003/10/Serialization/Arrays"><a:double>0</a:double><a:double>0</a:double><a:double>0</a:double></Value></Attribute></Attributes><ChildElements/><ElementName>origin</ElementName><required>false</required><RPYAttribute z:Ref="i32"/><XYZAttribute z:Ref="i31"/><isCustomized>false</isCustomized></URDFElement><URDFElement z:Id="i33" i:type="Geometry"><Attributes/><ChildElements><URDFElement z:Id="i34" i:type="Mesh"><Attributes><Attribute z:Id="i35"><AttributeType>filename</AttributeType><IsRequired>true</IsRequired><Value i:nil="true"/></Attribute></Attributes><ChildElements/><ElementName>mesh</ElementName><required>false</required><FilenameAttribute z:Ref="i35"/></URDFElement></ChildElements><ElementName>geometry</ElementName><required>true</required><Mesh z:Ref="i34"/></URDFElement></ChildElements><ElementName>collision</ElementName><required>false</required><Geometry z:Ref="i33"/><Origin z:Ref="i30"/></URDFElement><URDFElement z:Id="i36" i:type="Joint"><Attributes><Attribute z:Id="i37"><AttributeType>name</AttributeType><IsRequired>true</IsRequired><Value i:type="a:string" xmlns:a="http://www.w3.org/2001/XMLSchema"/></Attribute><Attribute z:Id="i38"><AttributeType>type</AttributeType><IsRequired>true</IsRequired><Value i:type="a:string" xmlns:a="http://www.w3.org/2001/XMLSchema"/></Attribute></Attributes><ChildElements><URDFElement z:Id="i39" i:type="Origin"><Attributes><Attribute z:Id="i40"><AttributeType>xyz</AttributeType><IsRequired>true</IsRequired><Value i:type="a:ArrayOfdouble" xmlns:a="http://schemas.microsoft.com/2003/10/Serialization/Arrays"><a:double>0</a:double><a:double>0</a:double><a:double>0</a:double></Value></Attribute><Attribute z:Id="i41"><AttributeType>rpy</AttributeType><IsRequired>true</IsRequired><Value i:type="a:ArrayOfdouble" xmlns:a="http://schemas.microsoft.com/2003/10/Serialization/Arrays"><a:double>0</a:double><a:double>0</a:double><a:double>0</a:double></Value></Attribute></Attributes><ChildElements/><ElementName>origin</ElementName><required>false</required><RPYAttribute z:Ref="i41"/><XYZAttribute z:Ref="i40"/><isCustomized>false</isCustomized></URDFElement><URDFElement z:Id="i42" i:type="ParentLink"><Attributes><Attribute z:Id="i43"><AttributeType>link</AttributeType><IsRequired>true</IsRequired><Value i:type="a:string" xmlns:a="http://www.w3.org/2001/XMLSchema"/></Attribute></Attributes><ChildElements/><ElementName>parent</ElementName><required>true</required><NameAttribute z:Ref="i43"/></URDFElement><URDFElement z:Id="i44" i:type="ChildLink"><Attributes><Attribute z:Id="i45"><AttributeType>link</AttributeType><IsRequired>true</IsRequired><Value i:type="a:string" xmlns:a="http://www.w3.org/2001/XMLSchema"/></Attribute></Attributes><ChildElements/><ElementName>child</ElementName><required>true</required><NameAttribute z:Ref="i45"/></URDFElement><URDFElement z:Id="i46" i:type="Axis"><Attributes><Attribute z:Id="i47"><AttributeType>xyz</AttributeType><IsRequired>true</IsRequired><Value i:type="a:ArrayOfdouble" xmlns:a="http://schemas.microsoft.com/2003/10/Serialization/Arrays"><a:double>0</a:double><a:double>0</a:double><a:double>0</a:double></Value></Attribute></Attributes><ChildElements/><ElementName>axis</ElementName><required>false</required><XYZAttribute z:Ref="i47"/></URDFElement><URDFElement z:Id="i48" i:type="Limit"><Attributes><Attribute z:Id="i49"><AttributeType>lower</AttributeType><IsRequired>false</IsRequired><Value i:nil="true"/></Attribute><Attribute z:Id="i50"><AttributeType>upper</AttributeType><IsRequired>false</IsRequired><Value i:nil="true"/></Attribute><Attribute z:Id="i51"><AttributeType>effort</AttributeType><IsRequired>true</IsRequired><Value i:nil="true"/></Attribute><Attribute z:Id="i52"><AttributeType>velocity</AttributeType><IsRequired>true</IsRequired><Value i:nil="true"/></Attribute></Attributes><ChildElements/><ElementName>limit</ElementName><required>false</required><EffortAttribute z:Ref="i51"/><LowerAttribute z:Ref="i49"/><UpperAttribute z:Ref="i50"/><VelocityAttribute z:Ref="i52"/></URDFElement><URDFElement z:Id="i53" i:type="Calibration"><Attributes><Attribute z:Id="i54"><AttributeType>rising</AttributeType><IsRequired>false</IsRequired><Value i:nil="true"/></Attribute><Attribute z:Id="i55"><AttributeType>falling</AttributeType><IsRequired>false</IsRequired><Value i:nil="true"/></Attribute></Attributes><ChildElements/><ElementName>calibration</ElementName><required>false</required><FallingAttribute z:Ref="i55"/><RisingAttribute z:Ref="i54"/></URDFElement><URDFElement z:Id="i56" i:type="Dynamics"><Attributes><Attribute z:Id="i57"><AttributeType>damping</AttributeType><IsRequired>false</IsRequired><Value i:nil="true"/></Attribute><Attribute z:Id="i58"><AttributeType>friction</AttributeType><IsRequired>false</IsRequired><Value i:nil="true"/></Attribute></Attributes><ChildElements/><ElementName>dynamics</ElementName><required>false</required><DampingAttribute z:Ref="i57"/><FrictionAttribute z:Ref="i58"/></URDFElement><URDFElement z:Id="i59" i:type="SafetyController"><Attributes><Attribute z:Id="i60"><AttributeType>soft_upper_limit</AttributeType><IsRequired>false</IsRequired><Value i:nil="true"/></Attribute><Attribute z:Id="i61"><AttributeType>soft_lower_limit</AttributeType><IsRequired>false</IsRequired><Value i:nil="true"/></Attribute><Attribute z:Id="i62"><AttributeType>k_position</AttributeType><IsRequired>false</IsRequired><Value i:nil="true"/></Attribute><Attribute z:Id="i63"><AttributeType>k_velocity</AttributeType><IsRequired>true</IsRequired><Value i:nil="true"/></Attribute></Attributes><ChildElements/><ElementName>safety_controller</ElementName><required>false</required><KPositionAttribute z:Ref="i62"/><KVelocityAttribute z:Ref="i63"/><SoftLowerAttribute z:Ref="i61"/><SoftUpperAttribute z:Ref="i60"/></URDFElement><URDFElement z:Id="i64" i:type="Mimic"><Attributes><Attribute z:Id="i65"><AttributeType>joint</AttributeType><IsRequired>true</IsRequired><Value i:nil="true"/></Attribute><Attribute z:Id="i66"><AttributeType>multiplier</AttributeType><IsRequired>false</IsRequired><Value i:nil="true"/></Attribute><Attribute z:Id="i67"><AttributeType>offset</AttributeType><IsRequired>false</IsRequired><Value i:nil="true"/></Attribute></Attributes><ChildElements/><ElementName>mimic</ElementName><required>false</required><JointNameAttribute z:Ref="i65"/><MultiplierAttribute z:Ref="i66"/><OffsetAttribute z:Ref="i67"/></URDFElement></ChildElements><ElementName>joint</ElementName><required>false</required><Axis z:Ref="i46"/><AxisName/><Calibration z:Ref="i53"/><Child z:Ref="i44"/><CoordinateSystemName>Coordinate System1</CoordinateSystemName><Dynamics z:Ref="i56"/><Limit z:Ref="i48"/><Mimic z:Ref="i64"/><NameAttribute z:Ref="i37"/><Origin z:Ref="i39"/><Parent z:Ref="i42"/><Safety z:Ref="i59"/><TypeAttribute z:Ref="i38"/></URDFElement></ChildElements><ElementName>link</ElementName><required>true</required><Children><Link z:Id="i68"><Attributes><Attribute z:Id="i69"><AttributeType>name</AttributeType><IsRequired>true</IsRequired><Value i:type="a:string" xmlns:a="http://www.w3.org/2001/XMLSchema">lidar_link</Value></Attribute></Attributes><ChildElements><URDFElement z:Id="i70" i:type="Inertial"><Attributes/><ChildElements><URDFElement z:Id="i71" i:type="Origin"><Attributes><Attribute z:Id="i72"><AttributeType>xyz</AttributeType><IsRequired>true</IsRequired><Value i:type="a:ArrayOfdouble" xmlns:a="http://schemas.microsoft.com/2003/10/Serialization/Arrays"><a:double>0.014838317136635526</a:double><a:double>0.00044768343093826157</a:double><a:double>-0.021153620820684838</a:double></Value></Attribute><Attribute z:Id="i73"><AttributeType>rpy</AttributeType><IsRequired>true</IsRequired><Value i:type="a:ArrayOfdouble" xmlns:a="http://schemas.microsoft.com/2003/10/Serialization/Arrays"><a:double>0</a:double><a:double>0</a:double><a:double>0</a:double></Value></Attribute></Attributes><ChildElements/><ElementName>origin</ElementName><required>false</required><RPYAttribute z:Ref="i73"/><XYZAttribute z:Ref="i72"/><isCustomized>false</isCustomized></URDFElement><URDFElement z:Id="i74" i:type="Mass"><Attributes><Attribute z:Id="i75"><AttributeType>value</AttributeType><IsRequired>true</IsRequired><Value i:type="a:double" xmlns:a="http://www.w3.org/2001/XMLSchema">0.031240912740647685</Value></Attribute></Attributes><ChildElements/><ElementName>mass</ElementName><required>false</required><ValueAttribute z:Ref="i75"/></URDFElement><URDFElement z:Id="i76" i:type="Inertia"><Attributes><Attribute z:Id="i77"><AttributeType>ixx</AttributeType><IsRequired>true</IsRequired><Value i:type="a:double" xmlns:a="http://www.w3.org/2001/XMLSchema">8.8802637081098885E-06</Value></Attribute><Attribute z:Id="i78"><AttributeType>ixy</AttributeType><IsRequired>true</IsRequired><Value i:type="a:double" xmlns:a="http://www.w3.org/2001/XMLSchema">-1.776644943302935E-07</Value></Attribute><Attribute z:Id="i79"><AttributeType>ixz</AttributeType><IsRequired>true</IsRequired><Value i:type="a:double" xmlns:a="http://www.w3.org/2001/XMLSchema">1.1302767991707971E-07</Value></Attribute><Attribute z:Id="i80"><AttributeType>iyy</AttributeType><IsRequired>true</IsRequired><Value i:type="a:double" xmlns:a="http://www.w3.org/2001/XMLSchema">1.4491001820543361E-05</Value></Attribute><Attribute z:Id="i81"><AttributeType>iyz</AttributeType><IsRequired>true</IsRequired><Value i:type="a:double" xmlns:a="http://www.w3.org/2001/XMLSchema">3.4607611499614985E-08</Value></Attribute><Attribute z:Id="i82"><AttributeType>izz</AttributeType><IsRequired>true</IsRequired><Value i:type="a:double" xmlns:a="http://www.w3.org/2001/XMLSchema">2.2528909952026854E-05</Value></Attribute></Attributes><ChildElements/><ElementName>inertia</ElementName><required>false</required><IxxAttribute z:Ref="i77"/><IxyAttribute z:Ref="i78"/><IxzAttribute z:Ref="i79"/><IyyAttribute z:Ref="i80"/><IyzAttribute z:Ref="i81"/><IzzAttribute z:Ref="i82"/></URDFElement></ChildElements><ElementName>inertial</ElementName><required>false</required><Inertia z:Ref="i76"/><Mass z:Ref="i74"/><Origin z:Ref="i71"/></URDFElement><URDFElement z:Id="i83" i:type="Visual"><Attributes/><ChildElements><URDFElement z:Id="i84" i:type="Origin"><Attributes><Attribute z:Id="i85"><AttributeType>xyz</AttributeType><IsRequired>true</IsRequired><Value i:type="a:ArrayOfdouble" xmlns:a="http://schemas.microsoft.com/2003/10/Serialization/Arrays"><a:double>0</a:double><a:double>0</a:double><a:double>0</a:double></Value></Attribute><Attribute z:Id="i86"><AttributeType>rpy</AttributeType><IsRequired>true</IsRequired><Value i:type="a:ArrayOfdouble" xmlns:a="http://schemas.microsoft.com/2003/10/Serialization/Arrays"><a:double>0</a:double><a:double>0</a:double><a:double>0</a:double></Value></Attribute></Attributes><ChildElements/><ElementName>origin</ElementName><required>false</required><RPYAttribute z:Ref="i86"/><XYZAttribute z:Ref="i85"/><isCustomized>false</isCustomized></URDFElement><URDFElement z:Id="i87" i:type="Geometry"><Attributes/><ChildElements><URDFElement z:Id="i88" i:type="Mesh"><Attributes><Attribute z:Id="i89"><AttributeType>filename</AttributeType><IsRequired>true</IsRequired><Value i:nil="true"/></Attribute></Attributes><ChildElements/><ElementName>mesh</ElementName><required>false</required><FilenameAttribute z:Ref="i89"/></URDFElement></ChildElements><ElementName>geometry</ElementName><required>true</required><Mesh z:Ref="i88"/></URDFElement><URDFElement z:Id="i90" i:type="Material"><Attributes><Attribute z:Id="i91"><AttributeType>name</AttributeType><IsRequired>true</IsRequired><Value i:type="a:string" xmlns:a="http://www.w3.org/2001/XMLSchema"/></Attribute></Attributes><ChildElements><URDFElement z:Id="i92" i:type="Color"><Attributes><Attribute z:Id="i93"><AttributeType>rgba</AttributeType><IsRequired>true</IsRequired><Value i:type="a:ArrayOfdouble" xmlns:a="http://schemas.microsoft.com/2003/10/Serialization/Arrays"><a:double>0.792156862745098</a:double><a:double>0.81960784313725488</a:double><a:double>0.93333333333333335</a:double><a:double>1</a:double></Value></Attribute></Attributes><ChildElements/><ElementName>color</ElementName><required>false</required><RGBAAttribute z:Ref="i93"/></URDFElement><URDFElement z:Id="i94" i:type="Texture"><Attributes><Attribute z:Id="i95"><AttributeType>filename</AttributeType><IsRequired>true</IsRequired><Value i:nil="true"/></Attribute></Attributes><ChildElements/><ElementName>texture</ElementName><required>false</required><FilenameAttribute z:Ref="i95"/><wFilename/></URDFElement></ChildElements><ElementName>material</ElementName><required>false</required><Color z:Ref="i92"/><NameAttribute z:Ref="i91"/><Texture z:Ref="i94"/></URDFElement></ChildElements><ElementName>visual</ElementName><required>false</required><Geometry z:Ref="i87"/><Material z:Ref="i90"/><Origin z:Ref="i84"/></URDFElement><URDFElement z:Id="i96" i:type="Collision"><Attributes/><ChildElements><URDFElement z:Id="i97" i:type="Origin"><Attributes><Attribute z:Id="i98"><AttributeType>xyz</AttributeType><IsRequired>true</IsRequired><Value i:type="a:ArrayOfdouble" xmlns:a="http://schemas.microsoft.com/2003/10/Serialization/Arrays"><a:double>0</a:double><a:double>0</a:double><a:double>0</a:double></Value></Attribute><Attribute z:Id="i99"><AttributeType>rpy</AttributeType><IsRequired>true</IsRequired><Value i:type="a:ArrayOfdouble" xmlns:a="http://schemas.microsoft.com/2003/10/Serialization/Arrays"><a:double>0</a:double><a:double>0</a:double><a:double>0</a:double></Value></Attribute></Attributes><ChildElements/><ElementName>origin</ElementName><required>false</required><RPYAttribute z:Ref="i99"/><XYZAttribute z:Ref="i98"/><isCustomized>false</isCustomized></URDFElement><URDFElement z:Id="i100" i:type="Geometry"><Attributes/><ChildElements><URDFElement z:Id="i101" i:type="Mesh"><Attributes><Attribute z:Id="i102"><AttributeType>filename</AttributeType><IsRequired>true</IsRequired><Value i:nil="true"/></Attribute></Attributes><ChildElements/><ElementName>mesh</ElementName><required>false</required><FilenameAttribute z:Ref="i102"/></URDFElement></ChildElements><ElementName>geometry</ElementName><required>true</required><Mesh z:Ref="i101"/></URDFElement></ChildElements><ElementName>collision</ElementName><required>false</required><Geometry z:Ref="i100"/><Origin z:Ref="i97"/></URDFElement><URDFElement z:Id="i103" i:type="Joint"><Attributes><Attribute z:Id="i104"><AttributeType>name</AttributeType><IsRequired>true</IsRequired><Value i:type="a:string" xmlns:a="http://www.w3.org/2001/XMLSchema">lidar</Value></Attribute><Attribute z:Id="i105"><AttributeType>type</AttributeType><IsRequired>true</IsRequired><Value i:type="a:string" xmlns:a="http://www.w3.org/2001/XMLSchema">fixed</Value></Attribute></Attributes><ChildElements><URDFElement z:Id="i106" i:type="Origin"><Attributes><Attribute z:Id="i107"><AttributeType>xyz</AttributeType><IsRequired>true</IsRequired><Value i:type="a:ArrayOfdouble" xmlns:a="http://schemas.microsoft.com/2003/10/Serialization/Arrays"><a:double>0.15566672564358219</a:double><a:double>0.0011277706563345147</a:double><a:double>0.14609999999809897</a:double></Value></Attribute><Attribute z:Id="i108"><AttributeType>rpy</AttributeType><IsRequired>true</IsRequired><Value i:type="a:ArrayOfdouble" xmlns:a="http://schemas.microsoft.com/2003/10/Serialization/Arrays"><a:double>0</a:double><a:double>0</a:double><a:double>0</a:double></Value></Attribute></Attributes><ChildElements/><ElementName>origin</ElementName><required>false</required><RPYAttribute z:Ref="i108"/><XYZAttribute z:Ref="i107"/><isCustomized>false</isCustomized></URDFElement><URDFElement z:Id="i109" i:type="ParentLink"><Attributes><Attribute z:Id="i110"><AttributeType>link</AttributeType><IsRequired>true</IsRequired><Value i:type="a:string" xmlns:a="http://www.w3.org/2001/XMLSchema">base_link</Value></Attribute></Attributes><ChildElements/><ElementName>parent</ElementName><required>true</required><NameAttribute z:Ref="i110"/></URDFElement><URDFElement z:Id="i111" i:type="ChildLink"><Attributes><Attribute z:Id="i112"><AttributeType>link</AttributeType><IsRequired>true</IsRequired><Value i:type="a:string" xmlns:a="http://www.w3.org/2001/XMLSchema">lidar_link</Value></Attribute></Attributes><ChildElements/><ElementName>child</ElementName><required>true</required><NameAttribute z:Ref="i112"/></URDFElement><URDFElement z:Id="i113" i:type="Axis"><Attributes><Attribute z:Id="i114"><AttributeType>xyz</AttributeType><IsRequired>true</IsRequired><Value i:type="a:ArrayOfdouble" xmlns:a="http://schemas.microsoft.com/2003/10/Serialization/Arrays"><a:double>0</a:double><a:double>0</a:double><a:double>0</a:double></Value></Attribute></Attributes><ChildElements/><ElementName>axis</ElementName><required>false</required><XYZAttribute z:Ref="i114"/></URDFElement><URDFElement z:Id="i115" i:type="Limit"><Attributes><Attribute z:Id="i116"><AttributeType>lower</AttributeType><IsRequired>false</IsRequired><Value i:nil="true"/></Attribute><Attribute z:Id="i117"><AttributeType>upper</AttributeType><IsRequired>false</IsRequired><Value i:nil="true"/></Attribute><Attribute z:Id="i118"><AttributeType>effort</AttributeType><IsRequired>true</IsRequired><Value i:nil="true"/></Attribute><Attribute z:Id="i119"><AttributeType>velocity</AttributeType><IsRequired>true</IsRequired><Value i:nil="true"/></Attribute></Attributes><ChildElements/><ElementName>limit</ElementName><required>false</required><EffortAttribute z:Ref="i118"/><LowerAttribute z:Ref="i116"/><UpperAttribute z:Ref="i117"/><VelocityAttribute z:Ref="i119"/></URDFElement><URDFElement z:Id="i120" i:type="Calibration"><Attributes><Attribute z:Id="i121"><AttributeType>rising</AttributeType><IsRequired>false</IsRequired><Value i:nil="true"/></Attribute><Attribute z:Id="i122"><AttributeType>falling</AttributeType><IsRequired>false</IsRequired><Value i:nil="true"/></Attribute></Attributes><ChildElements/><ElementName>calibration</ElementName><required>false</required><FallingAttribute z:Ref="i122"/><RisingAttribute z:Ref="i121"/></URDFElement><URDFElement z:Id="i123" i:type="Dynamics"><Attributes><Attribute z:Id="i124"><AttributeType>damping</AttributeType><IsRequired>false</IsRequired><Value i:nil="true"/></Attribute><Attribute z:Id="i125"><AttributeType>friction</AttributeType><IsRequired>false</IsRequired><Value i:nil="true"/></Attribute></Attributes><ChildElements/><ElementName>dynamics</ElementName><required>false</required><DampingAttribute z:Ref="i124"/><FrictionAttribute z:Ref="i125"/></URDFElement><URDFElement z:Id="i126" i:type="SafetyController"><Attributes><Attribute z:Id="i127"><AttributeType>soft_upper_limit</AttributeType><IsRequired>false</IsRequired><Value i:nil="true"/></Attribute><Attribute z:Id="i128"><AttributeType>soft_lower_limit</AttributeType><IsRequired>false</IsRequired><Value i:nil="true"/></Attribute><Attribute z:Id="i129"><AttributeType>k_position</AttributeType><IsRequired>false</IsRequired><Value i:nil="true"/></Attribute><Attribute z:Id="i130"><AttributeType>k_velocity</AttributeType><IsRequired>true</IsRequired><Value i:nil="true"/></Attribute></Attributes><ChildElements/><ElementName>safety_controller</ElementName><required>false</required><KPositionAttribute z:Ref="i129"/><KVelocityAttribute z:Ref="i130"/><SoftLowerAttribute z:Ref="i128"/><SoftUpperAttribute z:Ref="i127"/></URDFElement><URDFElement z:Id="i131" i:type="Mimic"><Attributes><Attribute z:Id="i132"><AttributeType>joint</AttributeType><IsRequired>true</IsRequired><Value i:nil="true"/></Attribute><Attribute z:Id="i133"><AttributeType>multiplier</AttributeType><IsRequired>false</IsRequired><Value i:nil="true"/></Attribute><Attribute z:Id="i134"><AttributeType>offset</AttributeType><IsRequired>false</IsRequired><Value i:nil="true"/></Attribute></Attributes><ChildElements/><ElementName>mimic</ElementName><required>false</required><JointNameAttribute z:Ref="i132"/><MultiplierAttribute z:Ref="i133"/><OffsetAttribute z:Ref="i134"/></URDFElement></ChildElements><ElementName>joint</ElementName><required>false</required><Axis z:Ref="i113"/><AxisName>Automatically Generate</AxisName><Calibration z:Ref="i120"/><Child z:Ref="i111"/><CoordinateSystemName>Coordinate System2</CoordinateSystemName><Dynamics z:Ref="i123"/><Limit z:Ref="i115"/><Mimic z:Ref="i131"/><NameAttribute z:Ref="i104"/><Origin z:Ref="i106"/><Parent z:Ref="i109"/><Safety z:Ref="i126"/><TypeAttribute z:Ref="i105"/></URDFElement></ChildElements><ElementName>link</ElementName><required>true</required><Children/><Collision z:Ref="i96"/><Inertial z:Ref="i70"/><Joint z:Ref="i103"/><NameAttribute z:Ref="i69"/><Parent z:Ref="i1"/><STLQualityFine>false</STLQualityFine><SWComponentPIDs xmlns:a="http://schemas.microsoft.com/2003/10/Serialization/Arrays"><a:base64Binary>aEIAAAUAAAD//v8fWAAzAF8ATABpAGQAYQByAC0AMQBAAHIAbwBiAG8AVgAzACgAdQByAGQAZgBfAGMAaABhAG4AZwBlAGQAKQAEAAAAEAAAAAEAAAABAAAAiwQAAA==</a:base64Binary></SWComponentPIDs><SWMainComponentPID i:nil="true"/><Visual z:Ref="i83"/><isFixedFrame>false</isFixedFrame><isIncomplete>false</isIncomplete></Link><Link z:Id="i135"><Attributes><Attribute z:Id="i136"><AttributeType>name</AttributeType><IsRequired>true</IsRequired><Value i:type="a:string" xmlns:a="http://www.w3.org/2001/XMLSchema">imu_link</Value></Attribute></Attributes><ChildElements><URDFElement z:Id="i137" i:type="Inertial"><Attributes/><ChildElements><URDFElement z:Id="i138" i:type="Origin"><Attributes><Attribute z:Id="i139"><AttributeType>xyz</AttributeType><IsRequired>true</IsRequired><Value i:type="a:ArrayOfdouble" xmlns:a="http://schemas.microsoft.com/2003/10/Serialization/Arrays"><a:double>-0.012652845066860929</a:double><a:double>-0.012693666024006678</a:double><a:double>-0.00550000000000006</a:double></Value></Attribute><Attribute z:Id="i140"><AttributeType>rpy</AttributeType><IsRequired>true</IsRequired><Value i:type="a:ArrayOfdouble" xmlns:a="http://schemas.microsoft.com/2003/10/Serialization/Arrays"><a:double>0</a:double><a:double>0</a:double><a:double>0</a:double></Value></Attribute></Attributes><ChildElements/><ElementName>origin</ElementName><required>false</required><RPYAttribute z:Ref="i140"/><XYZAttribute z:Ref="i139"/><isCustomized>false</isCustomized></URDFElement><URDFElement z:Id="i141" i:type="Mass"><Attributes><Attribute z:Id="i142"><AttributeType>value</AttributeType><IsRequired>true</IsRequired><Value i:type="a:double" xmlns:a="http://www.w3.org/2001/XMLSchema">0.0071204927508749195</Value></Attribute></Attributes><ChildElements/><ElementName>mass</ElementName><required>false</required><ValueAttribute z:Ref="i142"/></URDFElement><URDFElement z:Id="i143" i:type="Inertia"><Attributes><Attribute z:Id="i144"><AttributeType>ixx</AttributeType><IsRequired>true</IsRequired><Value i:type="a:double" xmlns:a="http://www.w3.org/2001/XMLSchema">4.560985156191466E-07</Value></Attribute><Attribute z:Id="i145"><AttributeType>ixy</AttributeType><IsRequired>true</IsRequired><Value i:type="a:double" xmlns:a="http://www.w3.org/2001/XMLSchema">9.31843930741966E-09</Value></Attribute><Attribute z:Id="i146"><AttributeType>ixz</AttributeType><IsRequired>true</IsRequired><Value i:type="a:double" xmlns:a="http://www.w3.org/2001/XMLSchema">-1.0936995124193384E-22</Value></Attribute><Attribute z:Id="i147"><AttributeType>iyy</AttributeType><IsRequired>true</IsRequired><Value i:type="a:double" xmlns:a="http://www.w3.org/2001/XMLSchema">4.5615854575030405E-07</Value></Attribute><Attribute z:Id="i148"><AttributeType>iyz</AttributeType><IsRequired>true</IsRequired><Value i:type="a:double" xmlns:a="http://www.w3.org/2001/XMLSchema">-1.2528223878317977E-21</Value></Attribute><Attribute z:Id="i149"><AttributeType>izz</AttributeType><IsRequired>true</IsRequired><Value i:type="a:double" xmlns:a="http://www.w3.org/2001/XMLSchema">7.6866045756013947E-07</Value></Attribute></Attributes><ChildElements/><ElementName>inertia</ElementName><required>false</required><IxxAttribute z:Ref="i144"/><IxyAttribute z:Ref="i145"/><IxzAttribute z:Ref="i146"/><IyyAttribute z:Ref="i147"/><IyzAttribute z:Ref="i148"/><IzzAttribute z:Ref="i149"/></URDFElement></ChildElements><ElementName>inertial</ElementName><required>false</required><Inertia z:Ref="i143"/><Mass z:Ref="i141"/><Origin z:Ref="i138"/></URDFElement><URDFElement z:Id="i150" i:type="Visual"><Attributes/><ChildElements><URDFElement z:Id="i151" i:type="Origin"><Attributes><Attribute z:Id="i152"><AttributeType>xyz</AttributeType><IsRequired>true</IsRequired><Value i:type="a:ArrayOfdouble" xmlns:a="http://schemas.microsoft.com/2003/10/Serialization/Arrays"><a:double>0</a:double><a:double>0</a:double><a:double>0</a:double></Value></Attribute><Attribute z:Id="i153"><AttributeType>rpy</AttributeType><IsRequired>true</IsRequired><Value i:type="a:ArrayOfdouble" xmlns:a="http://schemas.microsoft.com/2003/10/Serialization/Arrays"><a:double>0</a:double><a:double>0</a:double><a:double>0</a:double></Value></Attribute></Attributes><ChildElements/><ElementName>origin</ElementName><required>false</required><RPYAttribute z:Ref="i153"/><XYZAttribute z:Ref="i152"/><isCustomized>false</isCustomized></URDFElement><URDFElement z:Id="i154" i:type="Geometry"><Attributes/><ChildElements><URDFElement z:Id="i155" i:type="Mesh"><Attributes><Attribute z:Id="i156"><AttributeType>filename</AttributeType><IsRequired>true</IsRequired><Value i:nil="true"/></Attribute></Attributes><ChildElements/><ElementName>mesh</ElementName><required>false</required><FilenameAttribute z:Ref="i156"/></URDFElement></ChildElements><ElementName>geometry</ElementName><required>true</required><Mesh z:Ref="i155"/></URDFElement><URDFElement z:Id="i157" i:type="Material"><Attributes><Attribute z:Id="i158"><AttributeType>name</AttributeType><IsRequired>true</IsRequired><Value i:type="a:string" xmlns:a="http://www.w3.org/2001/XMLSchema"/></Attribute></Attributes><ChildElements><URDFElement z:Id="i159" i:type="Color"><Attributes><Attribute z:Id="i160"><AttributeType>rgba</AttributeType><IsRequired>true</IsRequired><Value i:type="a:ArrayOfdouble" xmlns:a="http://schemas.microsoft.com/2003/10/Serialization/Arrays"><a:double>0.792156862745098</a:double><a:double>0.81960784313725488</a:double><a:double>0.93333333333333335</a:double><a:double>1</a:double></Value></Attribute></Attributes><ChildElements/><ElementName>color</ElementName><required>false</required><RGBAAttribute z:Ref="i160"/></URDFElement><URDFElement z:Id="i161" i:type="Texture"><Attributes><Attribute z:Id="i162"><AttributeType>filename</AttributeType><IsRequired>true</IsRequired><Value i:nil="true"/></Attribute></Attributes><ChildElements/><ElementName>texture</ElementName><required>false</required><FilenameAttribute z:Ref="i162"/><wFilename/></URDFElement></ChildElements><ElementName>material</ElementName><required>false</required><Color z:Ref="i159"/><NameAttribute z:Ref="i158"/><Texture z:Ref="i161"/></URDFElement></ChildElements><ElementName>visual</ElementName><required>false</required><Geometry z:Ref="i154"/><Material z:Ref="i157"/><Origin z:Ref="i151"/></URDFElement><URDFElement z:Id="i163" i:type="Collision"><Attributes/><ChildElements><URDFElement z:Id="i164" i:type="Origin"><Attributes><Attribute z:Id="i165"><AttributeType>xyz</AttributeType><IsRequired>true</IsRequired><Value i:type="a:ArrayOfdouble" xmlns:a="http://schemas.microsoft.com/2003/10/Serialization/Arrays"><a:double>0</a:double><a:double>0</a:double><a:double>0</a:double></Value></Attribute><Attribute z:Id="i166"><AttributeType>rpy</AttributeType><IsRequired>true</IsRequired><Value i:type="a:ArrayOfdouble" xmlns:a="http://schemas.microsoft.com/2003/10/Serialization/Arrays"><a:double>0</a:double><a:double>0</a:double><a:double>0</a:double></Value></Attribute></Attributes><ChildElements/><ElementName>origin</ElementName><required>false</required><RPYAttribute z:Ref="i166"/><XYZAttribute z:Ref="i165"/><isCustomized>false</isCustomized></URDFElement><URDFElement z:Id="i167" i:type="Geometry"><Attributes/><ChildElements><URDFElement z:Id="i168" i:type="Mesh"><Attributes><Attribute z:Id="i169"><AttributeType>filename</AttributeType><IsRequired>true</IsRequired><Value i:nil="true"/></Attribute></Attributes><ChildElements/><ElementName>mesh</ElementName><required>false</required><FilenameAttribute z:Ref="i169"/></URDFElement></ChildElements><ElementName>geometry</ElementName><required>true</required><Mesh z:Ref="i168"/></URDFElement></ChildElements><ElementName>collision</ElementName><required>false</required><Geometry z:Ref="i167"/><Origin z:Ref="i164"/></URDFElement><URDFElement z:Id="i170" i:type="Joint"><Attributes><Attribute z:Id="i171"><AttributeType>name</AttributeType><IsRequired>true</IsRequired><Value i:type="a:string" xmlns:a="http://www.w3.org/2001/XMLSchema">imu</Value></Attribute><Attribute z:Id="i172"><AttributeType>type</AttributeType><IsRequired>true</IsRequired><Value i:type="a:string" xmlns:a="http://www.w3.org/2001/XMLSchema">fixed</Value></Attribute></Attributes><ChildElements><URDFElement z:Id="i173" i:type="Origin"><Attributes><Attribute z:Id="i174"><AttributeType>xyz</AttributeType><IsRequired>true</IsRequired><Value i:type="a:ArrayOfdouble" xmlns:a="http://schemas.microsoft.com/2003/10/Serialization/Arrays"><a:double>0.15399</a:double><a:double>-0.085457</a:double><a:double>0.041</a:double></Value></Attribute><Attribute z:Id="i175"><AttributeType>rpy</AttributeType><IsRequired>true</IsRequired><Value i:type="a:ArrayOfdouble" xmlns:a="http://schemas.microsoft.com/2003/10/Serialization/Arrays"><a:double>0</a:double><a:double>0</a:double><a:double>0</a:double></Value></Attribute></Attributes><ChildElements/><ElementName>origin</ElementName><required>false</required><RPYAttribute z:Ref="i175"/><XYZAttribute z:Ref="i174"/><isCustomized>false</isCustomized></URDFElement><URDFElement z:Id="i176" i:type="ParentLink"><Attributes><Attribute z:Id="i177"><AttributeType>link</AttributeType><IsRequired>true</IsRequired><Value i:type="a:string" xmlns:a="http://www.w3.org/2001/XMLSchema">base_link</Value></Attribute></Attributes><ChildElements/><ElementName>parent</ElementName><required>true</required><NameAttribute z:Ref="i177"/></URDFElement><URDFElement z:Id="i178" i:type="ChildLink"><Attributes><Attribute z:Id="i179"><AttributeType>link</AttributeType><IsRequired>true</IsRequired><Value i:type="a:string" xmlns:a="http://www.w3.org/2001/XMLSchema">imu_link</Value></Attribute></Attributes><ChildElements/><ElementName>child</ElementName><required>true</required><NameAttribute z:Ref="i179"/></URDFElement><URDFElement z:Id="i180" i:type="Axis"><Attributes><Attribute z:Id="i181"><AttributeType>xyz</AttributeType><IsRequired>true</IsRequired><Value i:type="a:ArrayOfdouble" xmlns:a="http://schemas.microsoft.com/2003/10/Serialization/Arrays"><a:double>0</a:double><a:double>0</a:double><a:double>0</a:double></Value></Attribute></Attributes><ChildElements/><ElementName>axis</ElementName><required>false</required><XYZAttribute z:Ref="i181"/></URDFElement><URDFElement z:Id="i182" i:type="Limit"><Attributes><Attribute z:Id="i183"><AttributeType>lower</AttributeType><IsRequired>false</IsRequired><Value i:nil="true"/></Attribute><Attribute z:Id="i184"><AttributeType>upper</AttributeType><IsRequired>false</IsRequired><Value i:nil="true"/></Attribute><Attribute z:Id="i185"><AttributeType>effort</AttributeType><IsRequired>true</IsRequired><Value i:nil="true"/></Attribute><Attribute z:Id="i186"><AttributeType>velocity</AttributeType><IsRequired>true</IsRequired><Value i:nil="true"/></Attribute></Attributes><ChildElements/><ElementName>limit</ElementName><required>false</required><EffortAttribute z:Ref="i185"/><LowerAttribute z:Ref="i183"/><UpperAttribute z:Ref="i184"/><VelocityAttribute z:Ref="i186"/></URDFElement><URDFElement z:Id="i187" i:type="Calibration"><Attributes><Attribute z:Id="i188"><AttributeType>rising</AttributeType><IsRequired>false</IsRequired><Value i:nil="true"/></Attribute><Attribute z:Id="i189"><AttributeType>falling</AttributeType><IsRequired>false</IsRequired><Value i:nil="true"/></Attribute></Attributes><ChildElements/><ElementName>calibration</ElementName><required>false</required><FallingAttribute z:Ref="i189"/><RisingAttribute z:Ref="i188"/></URDFElement><URDFElement z:Id="i190" i:type="Dynamics"><Attributes><Attribute z:Id="i191"><AttributeType>damping</AttributeType><IsRequired>false</IsRequired><Value i:nil="true"/></Attribute><Attribute z:Id="i192"><AttributeType>friction</AttributeType><IsRequired>false</IsRequired><Value i:nil="true"/></Attribute></Attributes><ChildElements/><ElementName>dynamics</ElementName><required>false</required><DampingAttribute z:Ref="i191"/><FrictionAttribute z:Ref="i192"/></URDFElement><URDFElement z:Id="i193" i:type="SafetyController"><Attributes><Attribute z:Id="i194"><AttributeType>soft_upper_limit</AttributeType><IsRequired>false</IsRequired><Value i:nil="true"/></Attribute><Attribute z:Id="i195"><AttributeType>soft_lower_limit</AttributeType><IsRequired>false</IsRequired><Value i:nil="true"/></Attribute><Attribute z:Id="i196"><AttributeType>k_position</AttributeType><IsRequired>false</IsRequired><Value i:nil="true"/></Attribute><Attribute z:Id="i197"><AttributeType>k_velocity</AttributeType><IsRequired>true</IsRequired><Value i:nil="true"/></Attribute></Attributes><ChildElements/><ElementName>safety_controller</ElementName><required>false</required><KPositionAttribute z:Ref="i196"/><KVelocityAttribute z:Ref="i197"/><SoftLowerAttribute z:Ref="i195"/><SoftUpperAttribute z:Ref="i194"/></URDFElement><URDFElement z:Id="i198" i:type="Mimic"><Attributes><Attribute z:Id="i199"><AttributeType>joint</AttributeType><IsRequired>true</IsRequired><Value i:nil="true"/></Attribute><Attribute z:Id="i200"><AttributeType>multiplier</AttributeType><IsRequired>false</IsRequired><Value i:nil="true"/></Attribute><Attribute z:Id="i201"><AttributeType>offset</AttributeType><IsRequired>false</IsRequired><Value i:nil="true"/></Attribute></Attributes><ChildElements/><ElementName>mimic</ElementName><required>false</required><JointNameAttribute z:Ref="i199"/><MultiplierAttribute z:Ref="i200"/><OffsetAttribute z:Ref="i201"/></URDFElement></ChildElements><ElementName>joint</ElementName><required>false</required><Axis z:Ref="i180"/><AxisName>Axis_imu</AxisName><Calibration z:Ref="i187"/><Child z:Ref="i178"/><CoordinateSystemName>Coordinate System29_imu</CoordinateSystemName><Dynamics z:Ref="i190"/><Limit z:Ref="i182"/><Mimic z:Ref="i198"/><NameAttribute z:Ref="i171"/><Origin z:Ref="i173"/><Parent z:Ref="i176"/><Safety z:Ref="i193"/><TypeAttribute z:Ref="i172"/></URDFElement></ChildElements><ElementName>link</ElementName><required>true</required><Children/><Collision z:Ref="i163"/><Inertial z:Ref="i137"/><Joint z:Ref="i170"/><NameAttribute z:Ref="i136"/><Parent z:Ref="i1"/><STLQualityFine>false</STLQualityFine><SWComponentPIDs xmlns:a="http://schemas.microsoft.com/2003/10/Serialization/Arrays"><a:base64Binary>aEIAAAUAAAD//v8faQBtAHUAXwA0ADAAZABvAC0AMQBAAHIAbwBiAG8AVgAzACgAdQByAGQAZgBfAGMAaABhAG4AZwBlAGQAKQAEAAAAEAAAAAEAAAABAAAAdwkAAA==</a:base64Binary></SWComponentPIDs><SWMainComponentPID i:nil="true"/><Visual z:Ref="i150"/><isFixedFrame>false</isFixedFrame><isIncomplete>false</isIncomplete></Link><Link z:Id="i202"><Attributes><Attribute z:Id="i203"><AttributeType>name</AttributeType><IsRequired>true</IsRequired><Value i:type="a:string" xmlns:a="http://www.w3.org/2001/XMLSchema">right_wheel_link</Value></Attribute></Attributes><ChildElements><URDFElement z:Id="i204" i:type="Inertial"><Attributes/><ChildElements><URDFElement z:Id="i205" i:type="Origin"><Attributes><Attribute z:Id="i206"><AttributeType>xyz</AttributeType><IsRequired>true</IsRequired><Value i:type="a:ArrayOfdouble" xmlns:a="http://schemas.microsoft.com/2003/10/Serialization/Arrays"><a:double>0.00024358782977840221</a:double><a:double>-0.029500099045564332</a:double><a:double>8.011608043645424E-11</a:double></Value></Attribute><Attribute z:Id="i207"><AttributeType>rpy</AttributeType><IsRequired>true</IsRequired><Value i:type="a:ArrayOfdouble" xmlns:a="http://schemas.microsoft.com/2003/10/Serialization/Arrays"><a:double>0</a:double><a:double>0</a:double><a:double>0</a:double></Value></Attribute></Attributes><ChildElements/><ElementName>origin</ElementName><required>false</required><RPYAttribute z:Ref="i207"/><XYZAttribute z:Ref="i206"/><isCustomized>false</isCustomized></URDFElement><URDFElement z:Id="i208" i:type="Mass"><Attributes><Attribute z:Id="i209"><AttributeType>value</AttributeType><IsRequired>true</IsRequired><Value i:type="a:double" xmlns:a="http://www.w3.org/2001/XMLSchema">0.98170665090243991</Value></Attribute></Attributes><ChildElements/><ElementName>mass</ElementName><required>false</required><ValueAttribute z:Ref="i209"/></URDFElement><URDFElement z:Id="i210" i:type="Inertia"><Attributes><Attribute z:Id="i211"><AttributeType>ixx</AttributeType><IsRequired>true</IsRequired><Value i:type="a:double" xmlns:a="http://www.w3.org/2001/XMLSchema">0.0016529885173842314</Value></Attribute><Attribute z:Id="i212"><AttributeType>ixy</AttributeType><IsRequired>true</IsRequired><Value i:type="a:double" xmlns:a="http://www.w3.org/2001/XMLSchema">-1.0124915182156949E-05</Value></Attribute><Attribute z:Id="i213"><AttributeType>ixz</AttributeType><IsRequired>true</IsRequired><Value i:type="a:double" xmlns:a="http://www.w3.org/2001/XMLSchema">1.3027076084662524E-08</Value></Attribute><Attribute z:Id="i214"><AttributeType>iyy</AttributeType><IsRequired>true</IsRequired><Value i:type="a:double" xmlns:a="http://www.w3.org/2001/XMLSchema">0.0028786195096230554</Value></Attribute><Attribute z:Id="i215"><AttributeType>iyz</AttributeType><IsRequired>true</IsRequired><Value i:type="a:double" xmlns:a="http://www.w3.org/2001/XMLSchema">5.3288362586811824E-10</Value></Attribute><Attribute z:Id="i216"><AttributeType>izz</AttributeType><IsRequired>true</IsRequired><Value i:type="a:double" xmlns:a="http://www.w3.org/2001/XMLSchema">0.0016529225736577403</Value></Attribute></Attributes><ChildElements/><ElementName>inertia</ElementName><required>false</required><IxxAttribute z:Ref="i211"/><IxyAttribute z:Ref="i212"/><IxzAttribute z:Ref="i213"/><IyyAttribute z:Ref="i214"/><IyzAttribute z:Ref="i215"/><IzzAttribute z:Ref="i216"/></URDFElement></ChildElements><ElementName>inertial</ElementName><required>false</required><Inertia z:Ref="i210"/><Mass z:Ref="i208"/><Origin z:Ref="i205"/></URDFElement><URDFElement z:Id="i217" i:type="Visual"><Attributes/><ChildElements><URDFElement z:Id="i218" i:type="Origin"><Attributes><Attribute z:Id="i219"><AttributeType>xyz</AttributeType><IsRequired>true</IsRequired><Value i:type="a:ArrayOfdouble" xmlns:a="http://schemas.microsoft.com/2003/10/Serialization/Arrays"><a:double>0</a:double><a:double>0</a:double><a:double>0</a:double></Value></Attribute><Attribute z:Id="i220"><AttributeType>rpy</AttributeType><IsRequired>true</IsRequired><Value i:type="a:ArrayOfdouble" xmlns:a="http://schemas.microsoft.com/2003/10/Serialization/Arrays"><a:double>0</a:double><a:double>0</a:double><a:double>0</a:double></Value></Attribute></Attributes><ChildElements/><ElementName>origin</ElementName><required>false</required><RPYAttribute z:Ref="i220"/><XYZAttribute z:Ref="i219"/><isCustomized>false</isCustomized></URDFElement><URDFElement z:Id="i221" i:type="Geometry"><Attributes/><ChildElements><URDFElement z:Id="i222" i:type="Mesh"><Attributes><Attribute z:Id="i223"><AttributeType>filename</AttributeType><IsRequired>true</IsRequired><Value i:nil="true"/></Attribute></Attributes><ChildElements/><ElementName>mesh</ElementName><required>false</required><FilenameAttribute z:Ref="i223"/></URDFElement></ChildElements><ElementName>geometry</ElementName><required>true</required><Mesh z:Ref="i222"/></URDFElement><URDFElement z:Id="i224" i:type="Material"><Attributes><Attribute z:Id="i225"><AttributeType>name</AttributeType><IsRequired>true</IsRequired><Value i:type="a:string" xmlns:a="http://www.w3.org/2001/XMLSchema"/></Attribute></Attributes><ChildElements><URDFElement z:Id="i226" i:type="Color"><Attributes><Attribute z:Id="i227"><AttributeType>rgba</AttributeType><IsRequired>true</IsRequired><Value i:type="a:ArrayOfdouble" xmlns:a="http://schemas.microsoft.com/2003/10/Serialization/Arrays"><a:double>0.2</a:double><a:double>0.2</a:double><a:double>0.2</a:double><a:double>1</a:double></Value></Attribute></Attributes><ChildElements/><ElementName>color</ElementName><required>false</required><RGBAAttribute z:Ref="i227"/></URDFElement><URDFElement z:Id="i228" i:type="Texture"><Attributes><Attribute z:Id="i229"><AttributeType>filename</AttributeType><IsRequired>true</IsRequired><Value i:nil="true"/></Attribute></Attributes><ChildElements/><ElementName>texture</ElementName><required>false</required><FilenameAttribute z:Ref="i229"/><wFilename/></URDFElement></ChildElements><ElementName>material</ElementName><required>false</required><Color z:Ref="i226"/><NameAttribute z:Ref="i225"/><Texture z:Ref="i228"/></URDFElement></ChildElements><ElementName>visual</ElementName><required>false</required><Geometry z:Ref="i221"/><Material z:Ref="i224"/><Origin z:Ref="i218"/></URDFElement><URDFElement z:Id="i230" i:type="Collision"><Attributes/><ChildElements><URDFElement z:Id="i231" i:type="Origin"><Attributes><Attribute z:Id="i232"><AttributeType>xyz</AttributeType><IsRequired>true</IsRequired><Value i:type="a:ArrayOfdouble" xmlns:a="http://schemas.microsoft.com/2003/10/Serialization/Arrays"><a:double>0</a:double><a:double>0</a:double><a:double>0</a:double></Value></Attribute><Attribute z:Id="i233"><AttributeType>rpy</AttributeType><IsRequired>true</IsRequired><Value i:type="a:ArrayOfdouble" xmlns:a="http://schemas.microsoft.com/2003/10/Serialization/Arrays"><a:double>0</a:double><a:double>0</a:double><a:double>0</a:double></Value></Attribute></Attributes><ChildElements/><ElementName>origin</ElementName><required>false</required><RPYAttribute z:Ref="i233"/><XYZAttribute z:Ref="i232"/><isCustomized>false</isCustomized></URDFElement><URDFElement z:Id="i234" i:type="Geometry"><Attributes/><ChildElements><URDFElement z:Id="i235" i:type="Mesh"><Attributes><Attribute z:Id="i236"><AttributeType>filename</AttributeType><IsRequired>true</IsRequired><Value i:nil="true"/></Attribute></Attributes><ChildElements/><ElementName>mesh</ElementName><required>false</required><FilenameAttribute z:Ref="i236"/></URDFElement></ChildElements><ElementName>geometry</ElementName><required>true</required><Mesh z:Ref="i235"/></URDFElement></ChildElements><ElementName>collision</ElementName><required>false</required><Geometry z:Ref="i234"/><Origin z:Ref="i231"/></URDFElement><URDFElement z:Id="i237" i:type="Joint"><Attributes><Attribute z:Id="i238"><AttributeType>name</AttributeType><IsRequired>true</IsRequired><Value i:type="a:string" xmlns:a="http://www.w3.org/2001/XMLSchema">right_wheel</Value></Attribute><Attribute z:Id="i239"><AttributeType>type</AttributeType><IsRequired>true</IsRequired><Value i:type="a:string" xmlns:a="http://www.w3.org/2001/XMLSchema">continuous</Value></Attribute></Attributes><ChildElements><URDFElement z:Id="i240" i:type="Origin"><Attributes><Attribute z:Id="i241"><AttributeType>xyz</AttributeType><IsRequired>true</IsRequired><Value i:type="a:ArrayOfdouble" xmlns:a="http://schemas.microsoft.com/2003/10/Serialization/Arrays"><a:double>0.0015756</a:double><a:double>-0.17502</a:double><a:double>0.015</a:double></Value></Attribute><Attribute z:Id="i242"><AttributeType>rpy</AttributeType><IsRequired>true</IsRequired><Value i:type="a:ArrayOfdouble" xmlns:a="http://schemas.microsoft.com/2003/10/Serialization/Arrays"><a:double>0</a:double><a:double>0</a:double><a:double>0</a:double></Value></Attribute></Attributes><ChildElements/><ElementName>origin</ElementName><required>false</required><RPYAttribute z:Ref="i242"/><XYZAttribute z:Ref="i241"/><isCustomized>false</isCustomized></URDFElement><URDFElement z:Id="i243" i:type="ParentLink"><Attributes><Attribute z:Id="i244"><AttributeType>link</AttributeType><IsRequired>true</IsRequired><Value i:type="a:string" xmlns:a="http://www.w3.org/2001/XMLSchema">base_link</Value></Attribute></Attributes><ChildElements/><ElementName>parent</ElementName><required>true</required><NameAttribute z:Ref="i244"/></URDFElement><URDFElement z:Id="i245" i:type="ChildLink"><Attributes><Attribute z:Id="i246"><AttributeType>link</AttributeType><IsRequired>true</IsRequired><Value i:type="a:string" xmlns:a="http://www.w3.org/2001/XMLSchema">right_wheel_link</Value></Attribute></Attributes><ChildElements/><ElementName>child</ElementName><required>true</required><NameAttribute z:Ref="i246"/></URDFElement><URDFElement z:Id="i247" i:type="Axis"><Attributes><Attribute z:Id="i248"><AttributeType>xyz</AttributeType><IsRequired>true</IsRequired><Value i:type="a:ArrayOfdouble" xmlns:a="http://schemas.microsoft.com/2003/10/Serialization/Arrays"><a:double>-0.0082569</a:double><a:double>0.99997</a:double><a:double>0</a:double></Value></Attribute></Attributes><ChildElements/><ElementName>axis</ElementName><required>false</required><XYZAttribute z:Ref="i248"/></URDFElement><URDFElement z:Id="i249" i:type="Limit"><Attributes><Attribute z:Id="i250"><AttributeType>lower</AttributeType><IsRequired>false</IsRequired><Value i:nil="true"/></Attribute><Attribute z:Id="i251"><AttributeType>upper</AttributeType><IsRequired>false</IsRequired><Value i:nil="true"/></Attribute><Attribute z:Id="i252"><AttributeType>effort</AttributeType><IsRequired>true</IsRequired><Value i:nil="true"/></Attribute><Attribute z:Id="i253"><AttributeType>velocity</AttributeType><IsRequired>true</IsRequired><Value i:nil="true"/></Attribute></Attributes><ChildElements/><ElementName>limit</ElementName><required>false</required><EffortAttribute z:Ref="i252"/><LowerAttribute z:Ref="i250"/><UpperAttribute z:Ref="i251"/><VelocityAttribute z:Ref="i253"/></URDFElement><URDFElement z:Id="i254" i:type="Calibration"><Attributes><Attribute z:Id="i255"><AttributeType>rising</AttributeType><IsRequired>false</IsRequired><Value i:nil="true"/></Attribute><Attribute z:Id="i256"><AttributeType>falling</AttributeType><IsRequired>false</IsRequired><Value i:nil="true"/></Attribute></Attributes><ChildElements/><ElementName>calibration</ElementName><required>false</required><FallingAttribute z:Ref="i256"/><RisingAttribute z:Ref="i255"/></URDFElement><URDFElement z:Id="i257" i:type="Dynamics"><Attributes><Attribute z:Id="i258"><AttributeType>damping</AttributeType><IsRequired>false</IsRequired><Value i:nil="true"/></Attribute><Attribute z:Id="i259"><AttributeType>friction</AttributeType><IsRequired>false</IsRequired><Value i:nil="true"/></Attribute></Attributes><ChildElements/><ElementName>dynamics</ElementName><required>false</required><DampingAttribute z:Ref="i258"/><FrictionAttribute z:Ref="i259"/></URDFElement><URDFElement z:Id="i260" i:type="SafetyController"><Attributes><Attribute z:Id="i261"><AttributeType>soft_upper_limit</AttributeType><IsRequired>false</IsRequired><Value i:nil="true"/></Attribute><Attribute z:Id="i262"><AttributeType>soft_lower_limit</AttributeType><IsRequired>false</IsRequired><Value i:nil="true"/></Attribute><Attribute z:Id="i263"><AttributeType>k_position</AttributeType><IsRequired>false</IsRequired><Value i:nil="true"/></Attribute><Attribute z:Id="i264"><AttributeType>k_velocity</AttributeType><IsRequired>true</IsRequired><Value i:nil="true"/></Attribute></Attributes><ChildElements/><ElementName>safety_controller</ElementName><required>false</required><KPositionAttribute z:Ref="i263"/><KVelocityAttribute z:Ref="i264"/><SoftLowerAttribute z:Ref="i262"/><SoftUpperAttribute z:Ref="i261"/></URDFElement><URDFElement z:Id="i265" i:type="Mimic"><Attributes><Attribute z:Id="i266"><AttributeType>joint</AttributeType><IsRequired>true</IsRequired><Value i:nil="true"/></Attribute><Attribute z:Id="i267"><AttributeType>multiplier</AttributeType><IsRequired>false</IsRequired><Value i:nil="true"/></Attribute><Attribute z:Id="i268"><AttributeType>offset</AttributeType><IsRequired>false</IsRequired><Value i:nil="true"/></Attribute></Attributes><ChildElements/><ElementName>mimic</ElementName><required>false</required><JointNameAttribute z:Ref="i266"/><MultiplierAttribute z:Ref="i267"/><OffsetAttribute z:Ref="i268"/></URDFElement></ChildElements><ElementName>joint</ElementName><required>false</required><Axis z:Ref="i247"/><AxisName>Axis2</AxisName><Calibration z:Ref="i254"/><Child z:Ref="i245"/><CoordinateSystemName>Coordinate System6</CoordinateSystemName><Dynamics z:Ref="i257"/><Limit z:Ref="i249"/><Mimic z:Ref="i265"/><NameAttribute z:Ref="i238"/><Origin z:Ref="i240"/><Parent z:Ref="i243"/><Safety z:Ref="i260"/><TypeAttribute z:Ref="i239"/></URDFElement></ChildElements><ElementName>link</ElementName><required>true</required><Children/><Collision z:Ref="i230"/><Inertial z:Ref="i204"/><Joint z:Ref="i237"/><NameAttribute z:Ref="i203"/><Parent z:Ref="i1"/><STLQualityFine>false</STLQualityFine><SWComponentPIDs xmlns:a="http://schemas.microsoft.com/2003/10/Serialization/Arrays"><a:base64Binary>aEIAAAUAAAD//v8gbQBvAHQAbwByAGUAZABpAHQALQA0AEAAcgBvAGIAbwBWADMAKAB1AHIAZABmAF8AYwBoAGEAbgBnAGUAZAApAAQAAAAQAAAAAQAAAAEAAADOBQAA</a:base64Binary></SWComponentPIDs><SWMainComponentPID i:nil="true"/><Visual z:Ref="i217"/><isFixedFrame>false</isFixedFrame><isIncomplete>false</isIncomplete></Link><Link z:Id="i269"><Attributes><Attribute z:Id="i270"><AttributeType>name</AttributeType><IsRequired>true</IsRequired><Value i:type="a:string" xmlns:a="http://www.w3.org/2001/XMLSchema">left_wheel_link</Value></Attribute></Attributes><ChildElements><URDFElement z:Id="i271" i:type="Inertial"><Attributes/><ChildElements><URDFElement z:Id="i272" i:type="Origin"><Attributes><Attribute z:Id="i273"><AttributeType>xyz</AttributeType><IsRequired>true</IsRequired><Value i:type="a:ArrayOfdouble" xmlns:a="http://schemas.microsoft.com/2003/10/Serialization/Arrays"><a:double>-0.00024358782977862425</a:double><a:double>0.029500099045563943</a:double><a:double>8.0114970213429615E-11</a:double></Value></Attribute><Attribute z:Id="i274"><AttributeType>rpy</AttributeType><IsRequired>true</IsRequired><Value i:type="a:ArrayOfdouble" xmlns:a="http://schemas.microsoft.com/2003/10/Serialization/Arrays"><a:double>0</a:double><a:double>0</a:double><a:double>0</a:double></Value></Attribute></Attributes><ChildElements/><ElementName>origin</ElementName><required>false</required><RPYAttribute z:Ref="i274"/><XYZAttribute z:Ref="i273"/><isCustomized>false</isCustomized></URDFElement><URDFElement z:Id="i275" i:type="Mass"><Attributes><Attribute z:Id="i276"><AttributeType>value</AttributeType><IsRequired>true</IsRequired><Value i:type="a:double" xmlns:a="http://www.w3.org/2001/XMLSchema">0.9817066509024428</Value></Attribute></Attributes><ChildElements/><ElementName>mass</ElementName><required>false</required><ValueAttribute z:Ref="i276"/></URDFElement><URDFElement z:Id="i277" i:type="Inertia"><Attributes><Attribute z:Id="i278"><AttributeType>ixx</AttributeType><IsRequired>true</IsRequired><Value i:type="a:double" xmlns:a="http://www.w3.org/2001/XMLSchema">0.0016529912083484673</Value></Attribute><Attribute z:Id="i279"><AttributeType>ixy</AttributeType><IsRequired>true</IsRequired><Value i:type="a:double" xmlns:a="http://www.w3.org/2001/XMLSchema">-1.0124910987100583E-05</Value></Attribute><Attribute z:Id="i280"><AttributeType>ixz</AttributeType><IsRequired>true</IsRequired><Value i:type="a:double" xmlns:a="http://www.w3.org/2001/XMLSchema">-1.449841150929756E-08</Value></Attribute><Attribute z:Id="i281"><AttributeType>iyy</AttributeType><IsRequired>true</IsRequired><Value i:type="a:double" xmlns:a="http://www.w3.org/2001/XMLSchema">0.0028786195090139263</Value></Attribute><Attribute z:Id="i282"><AttributeType>iyz</AttributeType><IsRequired>true</IsRequired><Value i:type="a:double" xmlns:a="http://www.w3.org/2001/XMLSchema">7.250042172824309E-11</Value></Attribute><Attribute z:Id="i283"><AttributeType>izz</AttributeType><IsRequired>true</IsRequired><Value i:type="a:double" xmlns:a="http://www.w3.org/2001/XMLSchema">0.0016529198823447624</Value></Attribute></Attributes><ChildElements/><ElementName>inertia</ElementName><required>false</required><IxxAttribute z:Ref="i278"/><IxyAttribute z:Ref="i279"/><IxzAttribute z:Ref="i280"/><IyyAttribute z:Ref="i281"/><IyzAttribute z:Ref="i282"/><IzzAttribute z:Ref="i283"/></URDFElement></ChildElements><ElementName>inertial</ElementName><required>false</required><Inertia z:Ref="i277"/><Mass z:Ref="i275"/><Origin z:Ref="i272"/></URDFElement><URDFElement z:Id="i284" i:type="Visual"><Attributes/><ChildElements><URDFElement z:Id="i285" i:type="Origin"><Attributes><Attribute z:Id="i286"><AttributeType>xyz</AttributeType><IsRequired>true</IsRequired><Value i:type="a:ArrayOfdouble" xmlns:a="http://schemas.microsoft.com/2003/10/Serialization/Arrays"><a:double>0</a:double><a:double>0</a:double><a:double>0</a:double></Value></Attribute><Attribute z:Id="i287"><AttributeType>rpy</AttributeType><IsRequired>true</IsRequired><Value i:type="a:ArrayOfdouble" xmlns:a="http://schemas.microsoft.com/2003/10/Serialization/Arrays"><a:double>0</a:double><a:double>0</a:double><a:double>0</a:double></Value></Attribute></Attributes><ChildElements/><ElementName>origin</ElementName><required>false</required><RPYAttribute z:Ref="i287"/><XYZAttribute z:Ref="i286"/><isCustomized>false</isCustomized></URDFElement><URDFElement z:Id="i288" i:type="Geometry"><Attributes/><ChildElements><URDFElement z:Id="i289" i:type="Mesh"><Attributes><Attribute z:Id="i290"><AttributeType>filename</AttributeType><IsRequired>true</IsRequired><Value i:nil="true"/></Attribute></Attributes><ChildElements/><ElementName>mesh</ElementName><required>false</required><FilenameAttribute z:Ref="i290"/></URDFElement></ChildElements><ElementName>geometry</ElementName><required>true</required><Mesh z:Ref="i289"/></URDFElement><URDFElement z:Id="i291" i:type="Material"><Attributes><Attribute z:Id="i292"><AttributeType>name</AttributeType><IsRequired>true</IsRequired><Value i:type="a:string" xmlns:a="http://www.w3.org/2001/XMLSchema"/></Attribute></Attributes><ChildElements><URDFElement z:Id="i293" i:type="Color"><Attributes><Attribute z:Id="i294"><AttributeType>rgba</AttributeType><IsRequired>true</IsRequired><Value i:type="a:ArrayOfdouble" xmlns:a="http://schemas.microsoft.com/2003/10/Serialization/Arrays"><a:double>0.2</a:double><a:double>0.2</a:double><a:double>0.2</a:double><a:double>1</a:double></Value></Attribute></Attributes><ChildElements/><ElementName>color</ElementName><required>false</required><RGBAAttribute z:Ref="i294"/></URDFElement><URDFElement z:Id="i295" i:type="Texture"><Attributes><Attribute z:Id="i296"><AttributeType>filename</AttributeType><IsRequired>true</IsRequired><Value i:nil="true"/></Attribute></Attributes><ChildElements/><ElementName>texture</ElementName><required>false</required><FilenameAttribute z:Ref="i296"/><wFilename/></URDFElement></ChildElements><ElementName>material</ElementName><required>false</required><Color z:Ref="i293"/><NameAttribute z:Ref="i292"/><Texture z:Ref="i295"/></URDFElement></ChildElements><ElementName>visual</ElementName><required>false</required><Geometry z:Ref="i288"/><Material z:Ref="i291"/><Origin z:Ref="i285"/></URDFElement><URDFElement z:Id="i297" i:type="Collision"><Attributes/><ChildElements><URDFElement z:Id="i298" i:type="Origin"><Attributes><Attribute z:Id="i299"><AttributeType>xyz</AttributeType><IsRequired>true</IsRequired><Value i:type="a:ArrayOfdouble" xmlns:a="http://schemas.microsoft.com/2003/10/Serialization/Arrays"><a:double>0</a:double><a:double>0</a:double><a:double>0</a:double></Value></Attribute><Attribute z:Id="i300"><AttributeType>rpy</AttributeType><IsRequired>true</IsRequired><Value i:type="a:ArrayOfdouble" xmlns:a="http://schemas.microsoft.com/2003/10/Serialization/Arrays"><a:double>0</a:double><a:double>0</a:double><a:double>0</a:double></Value></Attribute></Attributes><ChildElements/><ElementName>origin</ElementName><required>false</required><RPYAttribute z:Ref="i300"/><XYZAttribute z:Ref="i299"/><isCustomized>false</isCustomized></URDFElement><URDFElement z:Id="i301" i:type="Geometry"><Attributes/><ChildElements><URDFElement z:Id="i302" i:type="Mesh"><Attributes><Attribute z:Id="i303"><AttributeType>filename</AttributeType><IsRequired>true</IsRequired><Value i:nil="true"/></Attribute></Attributes><ChildElements/><ElementName>mesh</ElementName><required>false</required><FilenameAttribute z:Ref="i303"/></URDFElement></ChildElements><ElementName>geometry</ElementName><required>true</required><Mesh z:Ref="i302"/></URDFElement></ChildElements><ElementName>collision</ElementName><required>false</required><Geometry z:Ref="i301"/><Origin z:Ref="i298"/></URDFElement><URDFElement z:Id="i304" i:type="Joint"><Attributes><Attribute z:Id="i305"><AttributeType>name</AttributeType><IsRequired>true</IsRequired><Value i:type="a:string" xmlns:a="http://www.w3.org/2001/XMLSchema">left_wheel</Value></Attribute><Attribute z:Id="i306"><AttributeType>type</AttributeType><IsRequired>true</IsRequired><Value i:type="a:string" xmlns:a="http://www.w3.org/2001/XMLSchema">continuous</Value></Attribute></Attributes><ChildElements><URDFElement z:Id="i307" i:type="Origin"><Attributes><Attribute z:Id="i308"><AttributeType>xyz</AttributeType><IsRequired>true</IsRequired><Value i:type="a:ArrayOfdouble" xmlns:a="http://schemas.microsoft.com/2003/10/Serialization/Arrays"><a:double>-0.0013143</a:double><a:double>0.17497</a:double><a:double>0.015</a:double></Value></Attribute><Attribute z:Id="i309"><AttributeType>rpy</AttributeType><IsRequired>true</IsRequired><Value i:type="a:ArrayOfdouble" xmlns:a="http://schemas.microsoft.com/2003/10/Serialization/Arrays"><a:double>0</a:double><a:double>0</a:double><a:double>0</a:double></Value></Attribute></Attributes><ChildElements/><ElementName>origin</ElementName><required>false</required><RPYAttribute z:Ref="i309"/><XYZAttribute z:Ref="i308"/><isCustomized>false</isCustomized></URDFElement><URDFElement z:Id="i310" i:type="ParentLink"><Attributes><Attribute z:Id="i311"><AttributeType>link</AttributeType><IsRequired>true</IsRequired><Value i:type="a:string" xmlns:a="http://www.w3.org/2001/XMLSchema">base_link</Value></Attribute></Attributes><ChildElements/><ElementName>parent</ElementName><required>true</required><NameAttribute z:Ref="i311"/></URDFElement><URDFElement z:Id="i312" i:type="ChildLink"><Attributes><Attribute z:Id="i313"><AttributeType>link</AttributeType><IsRequired>true</IsRequired><Value i:type="a:string" xmlns:a="http://www.w3.org/2001/XMLSchema">left_wheel_link</Value></Attribute></Attributes><ChildElements/><ElementName>child</ElementName><required>true</required><NameAttribute z:Ref="i313"/></URDFElement><URDFElement z:Id="i314" i:type="Axis"><Attributes><Attribute z:Id="i315"><AttributeType>xyz</AttributeType><IsRequired>true</IsRequired><Value i:type="a:ArrayOfdouble" xmlns:a="http://schemas.microsoft.com/2003/10/Serialization/Arrays"><a:double>0.0082569</a:double><a:double>-0.99997</a:double><a:double>0</a:double></Value></Attribute></Attributes><ChildElements/><ElementName>axis</ElementName><required>false</required><XYZAttribute z:Ref="i315"/></URDFElement><URDFElement z:Id="i316" i:type="Limit"><Attributes><Attribute z:Id="i317"><AttributeType>lower</AttributeType><IsRequired>false</IsRequired><Value i:nil="true"/></Attribute><Attribute z:Id="i318"><AttributeType>upper</AttributeType><IsRequired>false</IsRequired><Value i:nil="true"/></Attribute><Attribute z:Id="i319"><AttributeType>effort</AttributeType><IsRequired>true</IsRequired><Value i:nil="true"/></Attribute><Attribute z:Id="i320"><AttributeType>velocity</AttributeType><IsRequired>true</IsRequired><Value i:nil="true"/></Attribute></Attributes><ChildElements/><ElementName>limit</ElementName><required>false</required><EffortAttribute z:Ref="i319"/><LowerAttribute z:Ref="i317"/><UpperAttribute z:Ref="i318"/><VelocityAttribute z:Ref="i320"/></URDFElement><URDFElement z:Id="i321" i:type="Calibration"><Attributes><Attribute z:Id="i322"><AttributeType>rising</AttributeType><IsRequired>false</IsRequired><Value i:nil="true"/></Attribute><Attribute z:Id="i323"><AttributeType>falling</AttributeType><IsRequired>false</IsRequired><Value i:nil="true"/></Attribute></Attributes><ChildElements/><ElementName>calibration</ElementName><required>false</required><FallingAttribute z:Ref="i323"/><RisingAttribute z:Ref="i322"/></URDFElement><URDFElement z:Id="i324" i:type="Dynamics"><Attributes><Attribute z:Id="i325"><AttributeType>damping</AttributeType><IsRequired>false</IsRequired><Value i:nil="true"/></Attribute><Attribute z:Id="i326"><AttributeType>friction</AttributeType><IsRequired>false</IsRequired><Value i:nil="true"/></Attribute></Attributes><ChildElements/><ElementName>dynamics</ElementName><required>false</required><DampingAttribute z:Ref="i325"/><FrictionAttribute z:Ref="i326"/></URDFElement><URDFElement z:Id="i327" i:type="SafetyController"><Attributes><Attribute z:Id="i328"><AttributeType>soft_upper_limit</AttributeType><IsRequired>false</IsRequired><Value i:nil="true"/></Attribute><Attribute z:Id="i329"><AttributeType>soft_lower_limit</AttributeType><IsRequired>false</IsRequired><Value i:nil="true"/></Attribute><Attribute z:Id="i330"><AttributeType>k_position</AttributeType><IsRequired>false</IsRequired><Value i:nil="true"/></Attribute><Attribute z:Id="i331"><AttributeType>k_velocity</AttributeType><IsRequired>true</IsRequired><Value i:nil="true"/></Attribute></Attributes><ChildElements/><ElementName>safety_controller</ElementName><required>false</required><KPositionAttribute z:Ref="i330"/><KVelocityAttribute z:Ref="i331"/><SoftLowerAttribute z:Ref="i329"/><SoftUpperAttribute z:Ref="i328"/></URDFElement><URDFElement z:Id="i332" i:type="Mimic"><Attributes><Attribute z:Id="i333"><AttributeType>joint</AttributeType><IsRequired>true</IsRequired><Value i:nil="true"/></Attribute><Attribute z:Id="i334"><AttributeType>multiplier</AttributeType><IsRequired>false</IsRequired><Value i:nil="true"/></Attribute><Attribute z:Id="i335"><AttributeType>offset</AttributeType><IsRequired>false</IsRequired><Value i:nil="true"/></Attribute></Attributes><ChildElements/><ElementName>mimic</ElementName><required>false</required><JointNameAttribute z:Ref="i333"/><MultiplierAttribute z:Ref="i334"/><OffsetAttribute z:Ref="i335"/></URDFElement></ChildElements><ElementName>joint</ElementName><required>false</required><Axis z:Ref="i314"/><AxisName>Axis3</AxisName><Calibration z:Ref="i321"/><Child z:Ref="i312"/><CoordinateSystemName>Coordinate System7</CoordinateSystemName><Dynamics z:Ref="i324"/><Limit z:Ref="i316"/><Mimic z:Ref="i332"/><NameAttribute z:Ref="i305"/><Origin z:Ref="i307"/><Parent z:Ref="i310"/><Safety z:Ref="i327"/><TypeAttribute z:Ref="i306"/></URDFElement></ChildElements><ElementName>link</ElementName><required>true</required><Children/><Collision z:Ref="i297"/><Inertial z:Ref="i271"/><Joint z:Ref="i304"/><NameAttribute z:Ref="i270"/><Parent z:Ref="i1"/><STLQualityFine>false</STLQualityFine><SWComponentPIDs xmlns:a="http://schemas.microsoft.com/2003/10/Serialization/Arrays"><a:base64Binary>aEIAAAUAAAD//v8gbQBvAHQAbwByAGUAZABpAHQALQAzAEAAcgBvAGIAbwBWADMAKAB1AHIAZABmAF8AYwBoAGEAbgBnAGUAZAApAAQAAAAQAAAAAQAAAAEAAADKAgAA</a:base64Binary></SWComponentPIDs><SWMainComponentPID i:nil="true"/><Visual z:Ref="i284"/><isFixedFrame>false</isFixedFrame><isIncomplete>false</isIncomplete></Link><Link z:Id="i336"><Attributes><Attribute z:Id="i337"><AttributeType>name</AttributeType><IsRequired>true</IsRequired><Value i:type="a:string" xmlns:a="http://www.w3.org/2001/XMLSchema">camera_link</Value></Attribute></Attributes><ChildElements><URDFElement z:Id="i338" i:type="Inertial"><Attributes/><ChildElements><URDFElement z:Id="i339" i:type="Origin"><Attributes><Attribute z:Id="i340"><AttributeType>xyz</AttributeType><IsRequired>true</IsRequired><Value i:type="a:ArrayOfdouble" xmlns:a="http://schemas.microsoft.com/2003/10/Serialization/Arrays"><a:double>-0.028697404385694125</a:double><a:double>-0.0031532314154304464</a:double><a:double>-0.0069642717036187962</a:double></Value></Attribute><Attribute z:Id="i341"><AttributeType>rpy</AttributeType><IsRequired>true</IsRequired><Value i:type="a:ArrayOfdouble" xmlns:a="http://schemas.microsoft.com/2003/10/Serialization/Arrays"><a:double>0</a:double><a:double>0</a:double><a:double>0</a:double></Value></Attribute></Attributes><ChildElements/><ElementName>origin</ElementName><required>false</required><RPYAttribute z:Ref="i341"/><XYZAttribute z:Ref="i340"/><isCustomized>false</isCustomized></URDFElement><URDFElement z:Id="i342" i:type="Mass"><Attributes><Attribute z:Id="i343"><AttributeType>value</AttributeType><IsRequired>true</IsRequired><Value i:type="a:double" xmlns:a="http://www.w3.org/2001/XMLSchema">0.64645488472217083</Value></Attribute></Attributes><ChildElements/><ElementName>mass</ElementName><required>false</required><ValueAttribute z:Ref="i343"/></URDFElement><URDFElement z:Id="i344" i:type="Inertia"><Attributes><Attribute z:Id="i345"><AttributeType>ixx</AttributeType><IsRequired>true</IsRequired><Value i:type="a:double" xmlns:a="http://www.w3.org/2001/XMLSchema">0.0028423827316273191</Value></Attribute><Attribute z:Id="i346"><AttributeType>ixy</AttributeType><IsRequired>true</IsRequired><Value i:type="a:double" xmlns:a="http://www.w3.org/2001/XMLSchema">1.8727304572263611E-05</Value></Attribute><Attribute z:Id="i347"><AttributeType>ixz</AttributeType><IsRequired>true</IsRequired><Value i:type="a:double" xmlns:a="http://www.w3.org/2001/XMLSchema">1.4807509092677482E-07</Value></Attribute><Attribute z:Id="i348"><AttributeType>iyy</AttributeType><IsRequired>true</IsRequired><Value i:type="a:double" xmlns:a="http://www.w3.org/2001/XMLSchema">0.000263758634501103</Value></Attribute><Attribute z:Id="i349"><AttributeType>iyz</AttributeType><IsRequired>true</IsRequired><Value i:type="a:double" xmlns:a="http://www.w3.org/2001/XMLSchema">-3.3373612907346736E-08</Value></Attribute><Attribute z:Id="i350"><AttributeType>izz</AttributeType><IsRequired>true</IsRequired><Value i:type="a:double" xmlns:a="http://www.w3.org/2001/XMLSchema">0.0029627405896730766</Value></Attribute></Attributes><ChildElements/><ElementName>inertia</ElementName><required>false</required><IxxAttribute z:Ref="i345"/><IxyAttribute z:Ref="i346"/><IxzAttribute z:Ref="i347"/><IyyAttribute z:Ref="i348"/><IyzAttribute z:Ref="i349"/><IzzAttribute z:Ref="i350"/></URDFElement></ChildElements><ElementName>inertial</ElementName><required>false</required><Inertia z:Ref="i344"/><Mass z:Ref="i342"/><Origin z:Ref="i339"/></URDFElement><URDFElement z:Id="i351" i:type="Visual"><Attributes/><ChildElements><URDFElement z:Id="i352" i:type="Origin"><Attributes><Attribute z:Id="i353"><AttributeType>xyz</AttributeType><IsRequired>true</IsRequired><Value i:type="a:ArrayOfdouble" xmlns:a="http://schemas.microsoft.com/2003/10/Serialization/Arrays"><a:double>0</a:double><a:double>0</a:double><a:double>0</a:double></Value></Attribute><Attribute z:Id="i354"><AttributeType>rpy</AttributeType><IsRequired>true</IsRequired><Value i:type="a:ArrayOfdouble" xmlns:a="http://schemas.microsoft.com/2003/10/Serialization/Arrays"><a:double>0</a:double><a:double>0</a:double><a:double>0</a:double></Value></Attribute></Attributes><ChildElements/><ElementName>origin</ElementName><required>false</required><RPYAttribute z:Ref="i354"/><XYZAttribute z:Ref="i353"/><isCustomized>false</isCustomized></URDFElement><URDFElement z:Id="i355" i:type="Geometry"><Attributes/><ChildElements><URDFElement z:Id="i356" i:type="Mesh"><Attributes><Attribute z:Id="i357"><AttributeType>filename</AttributeType><IsRequired>true</IsRequired><Value i:nil="true"/></Attribute></Attributes><ChildElements/><ElementName>mesh</ElementName><required>false</required><FilenameAttribute z:Ref="i357"/></URDFElement></ChildElements><ElementName>geometry</ElementName><required>true</required><Mesh z:Ref="i356"/></URDFElement><URDFElement z:Id="i358" i:type="Material"><Attributes><Attribute z:Id="i359"><AttributeType>name</AttributeType><IsRequired>true</IsRequired><Value i:type="a:string" xmlns:a="http://www.w3.org/2001/XMLSchema"/></Attribute></Attributes><ChildElements><URDFElement z:Id="i360" i:type="Color"><Attributes><Attribute z:Id="i361"><AttributeType>rgba</AttributeType><IsRequired>true</IsRequired><Value i:type="a:ArrayOfdouble" xmlns:a="http://schemas.microsoft.com/2003/10/Serialization/Arrays"><a:double>0.75294117647058822</a:double><a:double>0.75294117647058822</a:double><a:double>0.75294117647058822</a:double><a:double>1</a:double></Value></Attribute></Attributes><ChildElements/><ElementName>color</ElementName><required>false</required><RGBAAttribute z:Ref="i361"/></URDFElement><URDFElement z:Id="i362" i:type="Texture"><Attributes><Attribute z:Id="i363"><AttributeType>filename</AttributeType><IsRequired>true</IsRequired><Value i:nil="true"/></Attribute></Attributes><ChildElements/><ElementName>texture</ElementName><required>false</required><FilenameAttribute z:Ref="i363"/><wFilename/></URDFElement></ChildElements><ElementName>material</ElementName><required>false</required><Color z:Ref="i360"/><NameAttribute z:Ref="i359"/><Texture z:Ref="i362"/></URDFElement></ChildElements><ElementName>visual</ElementName><required>false</required><Geometry z:Ref="i355"/><Material z:Ref="i358"/><Origin z:Ref="i352"/></URDFElement><URDFElement z:Id="i364" i:type="Collision"><Attributes/><ChildElements><URDFElement z:Id="i365" i:type="Origin"><Attributes><Attribute z:Id="i366"><AttributeType>xyz</AttributeType><IsRequired>true</IsRequired><Value i:type="a:ArrayOfdouble" xmlns:a="http://schemas.microsoft.com/2003/10/Serialization/Arrays"><a:double>0</a:double><a:double>0</a:double><a:double>0</a:double></Value></Attribute><Attribute z:Id="i367"><AttributeType>rpy</AttributeType><IsRequired>true</IsRequired><Value i:type="a:ArrayOfdouble" xmlns:a="http://schemas.microsoft.com/2003/10/Serialization/Arrays"><a:double>0</a:double><a:double>0</a:double><a:double>0</a:double></Value></Attribute></Attributes><ChildElements/><ElementName>origin</ElementName><required>false</required><RPYAttribute z:Ref="i367"/><XYZAttribute z:Ref="i366"/><isCustomized>false</isCustomized></URDFElement><URDFElement z:Id="i368" i:type="Geometry"><Attributes/><ChildElements><URDFElement z:Id="i369" i:type="Mesh"><Attributes><Attribute z:Id="i370"><AttributeType>filename</AttributeType><IsRequired>true</IsRequired><Value i:nil="true"/></Attribute></Attributes><ChildElements/><ElementName>mesh</ElementName><required>false</required><FilenameAttribute z:Ref="i370"/></URDFElement></ChildElements><ElementName>geometry</ElementName><required>true</required><Mesh z:Ref="i369"/></URDFElement></ChildElements><ElementName>collision</ElementName><required>false</required><Geometry z:Ref="i368"/><Origin z:Ref="i365"/></URDFElement><URDFElement z:Id="i371" i:type="Joint"><Attributes><Attribute z:Id="i372"><AttributeType>name</AttributeType><IsRequired>true</IsRequired><Value i:type="a:string" xmlns:a="http://www.w3.org/2001/XMLSchema">cam</Value></Attribute><Attribute z:Id="i373"><AttributeType>type</AttributeType><IsRequired>true</IsRequired><Value i:type="a:string" xmlns:a="http://www.w3.org/2001/XMLSchema">fixed</Value></Attribute></Attributes><ChildElements><URDFElement z:Id="i374" i:type="Origin"><Attributes><Attribute z:Id="i375"><AttributeType>xyz</AttributeType><IsRequired>true</IsRequired><Value i:type="a:ArrayOfdouble" xmlns:a="http://schemas.microsoft.com/2003/10/Serialization/Arrays"><a:double>0.26495227055491077</a:double><a:double>0.0053582123173611662</a:double><a:double>0.28442516461510226</a:double></Value></Attribute><Attribute z:Id="i376"><AttributeType>rpy</AttributeType><IsRequired>true</IsRequired><Value i:type="a:ArrayOfdouble" xmlns:a="http://schemas.microsoft.com/2003/10/Serialization/Arrays"><a:double>0</a:double><a:double>0</a:double><a:double>0</a:double></Value></Attribute></Attributes><ChildElements/><ElementName>origin</ElementName><required>false</required><RPYAttribute z:Ref="i376"/><XYZAttribute z:Ref="i375"/><isCustomized>false</isCustomized></URDFElement><URDFElement z:Id="i377" i:type="ParentLink"><Attributes><Attribute z:Id="i378"><AttributeType>link</AttributeType><IsRequired>true</IsRequired><Value i:type="a:string" xmlns:a="http://www.w3.org/2001/XMLSchema">base_link</Value></Attribute></Attributes><ChildElements/><ElementName>parent</ElementName><required>true</required><NameAttribute z:Ref="i378"/></URDFElement><URDFElement z:Id="i379" i:type="ChildLink"><Attributes><Attribute z:Id="i380"><AttributeType>link</AttributeType><IsRequired>true</IsRequired><Value i:type="a:string" xmlns:a="http://www.w3.org/2001/XMLSchema">camera_link</Value></Attribute></Attributes><ChildElements/><ElementName>child</ElementName><required>true</required><NameAttribute z:Ref="i380"/></URDFElement><URDFElement z:Id="i381" i:type="Axis"><Attributes><Attribute z:Id="i382"><AttributeType>xyz</AttributeType><IsRequired>true</IsRequired><Value i:type="a:ArrayOfdouble" xmlns:a="http://schemas.microsoft.com/2003/10/Serialization/Arrays"><a:double>0</a:double><a:double>0</a:double><a:double>0</a:double></Value></Attribute></Attributes><ChildElements/><ElementName>axis</ElementName><required>false</required><XYZAttribute z:Ref="i382"/></URDFElement><URDFElement z:Id="i383" i:type="Limit"><Attributes><Attribute z:Id="i384"><AttributeType>lower</AttributeType><IsRequired>false</IsRequired><Value i:nil="true"/></Attribute><Attribute z:Id="i385"><AttributeType>upper</AttributeType><IsRequired>false</IsRequired><Value i:nil="true"/></Attribute><Attribute z:Id="i386"><AttributeType>effort</AttributeType><IsRequired>true</IsRequired><Value i:nil="true"/></Attribute><Attribute z:Id="i387"><AttributeType>velocity</AttributeType><IsRequired>true</IsRequired><Value i:nil="true"/></Attribute></Attributes><ChildElements/><ElementName>limit</ElementName><required>false</required><EffortAttribute z:Ref="i386"/><LowerAttribute z:Ref="i384"/><UpperAttribute z:Ref="i385"/><VelocityAttribute z:Ref="i387"/></URDFElement><URDFElement z:Id="i388" i:type="Calibration"><Attributes><Attribute z:Id="i389"><AttributeType>rising</AttributeType><IsRequired>false</IsRequired><Value i:nil="true"/></Attribute><Attribute z:Id="i390"><AttributeType>falling</AttributeType><IsRequired>false</IsRequired><Value i:nil="true"/></Attribute></Attributes><ChildElements/><ElementName>calibration</ElementName><required>false</required><FallingAttribute z:Ref="i390"/><RisingAttribute z:Ref="i389"/></URDFElement><URDFElement z:Id="i391" i:type="Dynamics"><Attributes><Attribute z:Id="i392"><AttributeType>damping</AttributeType><IsRequired>false</IsRequired><Value i:nil="true"/></Attribute><Attribute z:Id="i393"><AttributeType>friction</AttributeType><IsRequired>false</IsRequired><Value i:nil="true"/></Attribute></Attributes><ChildElements/><ElementName>dynamics</ElementName><required>false</required><DampingAttribute z:Ref="i392"/><FrictionAttribute z:Ref="i393"/></URDFElement><URDFElement z:Id="i394" i:type="SafetyController"><Attributes><Attribute z:Id="i395"><AttributeType>soft_upper_limit</AttributeType><IsRequired>false</IsRequired><Value i:nil="true"/></Attribute><Attribute z:Id="i396"><AttributeType>soft_lower_limit</AttributeType><IsRequired>false</IsRequired><Value i:nil="true"/></Attribute><Attribute z:Id="i397"><AttributeType>k_position</AttributeType><IsRequired>false</IsRequired><Value i:nil="true"/></Attribute><Attribute z:Id="i398"><AttributeType>k_velocity</AttributeType><IsRequired>true</IsRequired><Value i:nil="true"/></Attribute></Attributes><ChildElements/><ElementName>safety_controller</ElementName><required>false</required><KPositionAttribute z:Ref="i397"/><KVelocityAttribute z:Ref="i398"/><SoftLowerAttribute z:Ref="i396"/><SoftUpperAttribute z:Ref="i395"/></URDFElement><URDFElement z:Id="i399" i:type="Mimic"><Attributes><Attribute z:Id="i400"><AttributeType>joint</AttributeType><IsRequired>true</IsRequired><Value i:nil="true"/></Attribute><Attribute z:Id="i401"><AttributeType>multiplier</AttributeType><IsRequired>false</IsRequired><Value i:nil="true"/></Attribute><Attribute z:Id="i402"><AttributeType>offset</AttributeType><IsRequired>false</IsRequired><Value i:nil="true"/></Attribute></Attributes><ChildElements/><ElementName>mimic</ElementName><required>false</required><JointNameAttribute z:Ref="i400"/><MultiplierAttribute z:Ref="i401"/><OffsetAttribute z:Ref="i402"/></URDFElement></ChildElements><ElementName>joint</ElementName><required>false</required><Axis z:Ref="i381"/><AxisName>Automatically Generate</AxisName><Calibration z:Ref="i388"/><Child z:Ref="i379"/><CoordinateSystemName>Coordinate System8</CoordinateSystemName><Dynamics z:Ref="i391"/><Limit z:Ref="i383"/><Mimic z:Ref="i399"/><NameAttribute z:Ref="i372"/><Origin z:Ref="i374"/><Parent z:Ref="i377"/><Safety z:Ref="i394"/><TypeAttribute z:Ref="i373"/></URDFElement></ChildElements><ElementName>link</ElementName><required>true</required><Children/><Collision z:Ref="i364"/><Inertial z:Ref="i338"/><Joint z:Ref="i371"/><NameAttribute z:Ref="i337"/><Parent z:Ref="i1"/><STLQualityFine>false</STLQualityFine><SWComponentPIDs xmlns:a="http://schemas.microsoft.com/2003/10/Serialization/Arrays"><a:base64Binary>aEIAAAUAAAD//v8jZgBpAG4AYQBsACAAawBpAG4AZQBjAHQALQAxAEAAcgBvAGIAbwBWADMAKAB1AHIAZABmAF8AYwBoAGEAbgBnAGUAZAApAAQAAAAQAAAAAQAAAAEAAADeBwAA</a:base64Binary></SWComponentPIDs><SWMainComponentPID i:nil="true"/><Visual z:Ref="i351"/><isFixedFrame>false</isFixedFrame><isIncomplete>false</isIncomplete></Link></Children><Collision z:Ref="i29"/><Inertial z:Ref="i3"/><Joint z:Ref="i36"/><NameAttribute z:Ref="i2"/><Parent i:nil="true"/><STLQualityFine>false</STLQualityFine><SWComponentPIDs xmlns:a="http://schemas.microsoft.com/2003/10/Serialization/Arrays"><a:base64Binary>aEIAAAUAAAD//v8mYwB1AG0AXwBiAGEAbgBoAF8AeABlAF8AbABvAG4ALQAzAEAAcgBvAGIAbwBWADMAKAB1AHIAZABmAF8AYwBoAGEAbgBnAGUAZAApAAQAAAAQAAAAAQAAAAEAAACMAQAA</a:base64Binary><a:base64Binary>aEIAAAUAAAD//v8bMgAwAG0AbQAtADIAQAByAG8AYgBvAFYAMwAoAHUAcgBkAGYAXwBjAGgAYQBuAGcAZQBkACkABAAAABAAAAABAAAAAQAAACkCAAA=</a:base64Binary><a:base64Binary>aEIAAAUAAAD//v8bMgAwAG0AbQAtADgAQAByAG8AYgBvAFYAMwAoAHUAcgBkAGYAXwBjAGgAYQBuAGcAZQBkACkABAAAABAAAAABAAAAAQAAAC8CAAA=</a:base64Binary><a:base64Binary>aEIAAAUAAAD//v8gbQBvAHQAbwByAEEAeABpAHMALQAxAEAAcgBvAGIAbwBWADMAKAB1AHIAZABmAF8AYwBoAGEAbgBnAGUAZAApAAQAAAAQAAAAAQAAAAEAAACrAgAA</a:base64Binary><a:base64Binary>aEIAAAUAAAD//v8jbABpAGQAYQByAF8AcAB1AHMAaAB1AHAALQAxAEAAcgBvAGIAbwBWADMAKAB1AHIAZABmAF8AYwBoAGEAbgBnAGUAZAApAAQAAAAQAAAAAQAAAAEAAACHBAAA</a:base64Binary><a:base64Binary>aEIAAAUAAAD//v8ncwB0AGEAbgBkAG8AZgBmAF8ATQAyAF8AMgAwAG0AbQAtADEAQAByAG8AYgBvAFYAMwAoAHUAcgBkAGYAXwBjAGgAYQBuAGcAZQBkACkABAAAABAAAAABAAAAAQAAAMkEAAA=</a:base64Binary><a:base64Binary>aEIAAAUAAAD//v8ncwB0AGEAbgBkAG8AZgBmAF8ATQAyAF8AMgAwAG0AbQAtADMAQAByAG8AYgBvAFYAMwAoAHUAcgBkAGYAXwBjAGgAYQBuAGcAZQBkACkABAAAABAAAAABAAAAAQAAANAEAAA=</a:base64Binary><a:base64Binary>aEIAAAUAAAD//v8ncwB0AGEAbgBkAG8AZgBmAF8ATQAyAF8AMgAwAG0AbQAtADQAQAByAG8AYgBvAFYAMwAoAHUAcgBkAGYAXwBjAGgAYQBuAGcAZQBkACkABAAAABAAAAABAAAAAQAAANYEAAA=</a:base64Binary><a:base64Binary>aEIAAAUAAAD//v8ncwB0AGEAbgBkAG8AZgBmAF8ATQAyAF8AMgAwAG0AbQAtADUAQAByAG8AYgBvAFYAMwAoAHUAcgBkAGYAXwBjAGgAYQBuAGcAZQBkACkABAAAABAAAAABAAAAAQAAANkEAAA=</a:base64Binary><a:base64Binary>aEIAAAUAAAD//v8eYgBhAHQAdABlAHIAeQAtADEAQAByAG8AYgBvAFYAMwAoAHUAcgBkAGYAXwBjAGgAYQBuAGcAZQBkACkABAAAABAAAAABAAAAAQAAANwEAAA=</a:base64Binary><a:base64Binary>aEIAAAUAAAD//v8oaABvAHYAZQByAGIAbwBhAHIAZABfAGQAcgBpAHYAZQByAC0AMQBAAHIAbwBiAG8AVgAzACgAdQByAGQAZgBfAGMAaABhAG4AZwBlAGQAKQAEAAAAEAAAAAEAAAABAAAA3QQAAA==</a:base64Binary><a:base64Binary>aEIAAAUAAAD//v8oYwB1AG0AXwByAGUAbABhAHkAXwBtAHkANABuAF8ANABwAC0AMQBAAHIAbwBiAG8AVgAzACgAdQByAGQAZgBfAGMAaABhAG4AZwBlAGQAKQAEAAAAEAAAAAEAAAABAAAA4QQAAA==</a:base64Binary><a:base64Binary>aEIAAAUAAAD//v8jbABpAGQAYQByAF8AcAB1AHMAaAB1AHAALQAzAEAAcgBvAGIAbwBWADMAKAB1AHIAZABmAF8AYwBoAGEAbgBnAGUAZAApAAQAAAAQAAAAAQAAAAEAAAATBQAA</a:base64Binary><a:base64Binary>aEIAAAUAAAD//v8oMwA2AHYAXwAxADIAdgBfAGMAbwBuAHYAZQByAHQAZQByAC0AMQBAAHIAbwBiAG8AVgAzACgAdQByAGQAZgBfAGMAaABhAG4AZwBlAGQAKQAEAAAAEAAAAAEAAAABAAAAIAUAAA==</a:base64Binary><a:base64Binary>aEIAAAUAAAD//v8jcgBlAG0AbwB0AGUAXwByAGUAbABhAHkALQAxAEAAcgBvAGIAbwBWADMAKAB1AHIAZABmAF8AYwBoAGEAbgBnAGUAZAApAAQAAAAQAAAAAQAAAAEAAAAxBQAA</a:base64Binary><a:base64Binary>aEIAAAUAAAD//v8lYQBsAHUAbQBpAG4AaQB1AG0AXwBiAGEAcwBlAC0AMQBAAHIAbwBiAG8AVgAzACgAdQByAGQAZgBfAGMAaABhAG4AZwBlAGQAKQAEAAAAEAAAAAEAAAABAAAANQUAAA==</a:base64Binary><a:base64Binary>aEIAAAUAAAD//v8icABpAF8AaABhAG4AZwBfAGkAbQB1AC0AMQBAAHIAbwBiAG8AVgAzACgAdQByAGQAZgBfAGMAaABhAG4AZwBlAGQAKQAEAAAAEAAAAAEAAAABAAAAWwUAAA==</a:base64Binary><a:base64Binary>aEIAAAUAAAD//v8jVwBFAEkARABVACAAVABCADIANQBYAFgALQAxAEAAcgBvAGIAbwBWADMAKAB1AHIAZABmAF8AYwBoAGEAbgBnAGUAZAApAAQAAAAQAAAAAQAAAAEAAAB4BQAA</a:base64Binary><a:base64Binary>aEIAAAUAAAD//v8rHwRABD4ERAQ4BDsETAQgAFYALQBzAGwAbwB0ACAAMgAwAHgANAAwAC0AMQBAAHIAbwBiAG8AVgAzACgAdQByAGQAZgBfAGMAaABhAG4AZwBlAGQAKQAEAAAAEAAAAAEAAAABAAAAfgUAAA==</a:base64Binary><a:base64Binary>aEIAAAUAAAD//v8rHwRABD4ERAQ4BDsETAQgAFYALQBzAGwAbwB0ACAAMgAwAHgANAAwAC0AMwBAAHIAbwBiAG8AVgAzACgAdQByAGQAZgBfAGMAaABhAG4AZwBlAGQAKQAEAAAAEAAAAAEAAAABAAAAgAUAAA==</a:base64Binary><a:base64Binary>aEIAAAUAAAD//v88MgAwAHgAMgAwAF8AYQBsAHUAbQBpAG4AdQBtAF8AZQB4AHQAcgB1AHMAaQBvAG4AXwBwAHIAbwBmAGkAbABlACAAMgA2AGMAbQAtADEAQAByAG8AYgBvAFYAMwAoAHUAcgBkAGYAXwBjAGgAYQBuAGcAZQBkACkABAAAABAAAAABAAAAAQAAAJkFAAA=</a:base64Binary><a:base64Binary>aEIAAAUAAAD//v8cMgAwAG0AbQAtADEAMABAAHIAbwBiAG8AVgAzACgAdQByAGQAZgBfAGMAaABhAG4AZwBlAGQAKQAEAAAAEAAAAAEAAAABAAAAygUAAA==</a:base64Binary><a:base64Binary>aEIAAAUAAAD//v8mYwB1AG0AXwBiAGEAbgBoAF8AeABlAF8AbABvAG4ALQA1AEAAcgBvAGIAbwBWADMAKAB1AHIAZABmAF8AYwBoAGEAbgBnAGUAZAApAAQAAAAQAAAAAQAAAAEAAADLBQAA</a:base64Binary><a:base64Binary>aEIAAAUAAAD//v8gbQBvAHQAbwByAEEAeABpAHMALQA0AEAAcgBvAGIAbwBWADMAKAB1AHIAZABmAF8AYwBoAGEAbgBnAGUAZAApAAQAAAAQAAAAAQAAAAEAAADMBQAA</a:base64Binary><a:base64Binary>aEIAAAUAAAD//v8cMgAwAG0AbQAtADEAMQBAAHIAbwBiAG8AVgAzACgAdQByAGQAZgBfAGMAaABhAG4AZwBlAGQAKQAEAAAAEAAAAAEAAAABAAAAzQUAAA==</a:base64Binary><a:base64Binary>aEIAAAUAAAD//v8sYwB1AG0AXwBkAGEAaAB1AG8AbgBnAF8AdAByAHUAbwBjAF8AcwBhAHUALQA1AEAAcgBvAGIAbwBWADMAKAB1AHIAZABmAF8AYwBoAGEAbgBnAGUAZAApAAQAAAAQAAAAAQAAAAEAAAAZBgAA</a:base64Binary><a:base64Binary>aEIAAAUAAAD//v8sYwB1AG0AXwBkAGEAaAB1AG8AbgBnAF8AdAByAHUAbwBjAF8AcwBhAHUALQA2AEAAcgBvAGIAbwBWADMAKAB1AHIAZABmAF8AYwBoAGEAbgBnAGUAZAApAAQAAAAQAAAAAQAAAAEAAAAgBgAA</a:base64Binary><a:base64Binary>aEIAAAUAAAD//v8kZgB1AGwAbABfAGMAbwB2AGUAcgBfAHYAMgAtADEAQAByAG8AYgBvAFYAMwAoAHUAcgBkAGYAXwBjAGgAYQBuAGcAZQBkACkABAAAABAAAAABAAAAAQAAAFwGAAA=</a:base64Binary><a:base64Binary>aEIAAAUAAAD//v8pYwBvAHYAZQByAF8AagBvAGkAbgB0AF8AdgAzAC4AMQAuADIALQAxAEAAcgBvAGIAbwBWADMAKAB1AHIAZABmAF8AYwBoAGEAbgBnAGUAZAApAAQAAAAQAAAAAQAAAAEAAACjBgAA</a:base64Binary><a:base64Binary>aEIAAAUAAAD//v8ZagAxAC0AMQBAAHIAbwBiAG8AVgAzACgAdQByAGQAZgBfAGMAaABhAG4AZwBlAGQAKQAEAAAAEAAAAAEAAAABAAAArAYAAA==</a:base64Binary><a:base64Binary>aEIAAAUAAAD//v8ZagAxAC0AMgBAAHIAbwBiAG8AVgAzACgAdQByAGQAZgBfAGMAaABhAG4AZwBlAGQAKQAEAAAAEAAAAAEAAAABAAAArQYAAA==</a:base64Binary><a:base64Binary>aEIAAAUAAAD//v8ebQBhAHQAeABlAG8AMQAtADEAQAByAG8AYgBvAFYAMwAoAHUAcgBkAGYAXwBjAGgAYQBuAGcAZQBkACkABAAAABAAAAABAAAAAQAAAL0GAAA=</a:base64Binary><a:base64Binary>aEIAAAUAAAD//v8tQQByAGMAYQBkAGUAIABQAHUAcwBoACAAYgB1AHQAdABvAG4AIABhAHMAbQAtADIAQAByAG8AYgBvAFYAMwAoAHUAcgBkAGYAXwBjAGgAYQBuAGcAZQBkACkABAAAABAAAAABAAAAAQAAAM8GAAA=</a:base64Binary><a:base64Binary>aEIAAAUAAAD//v86UwB0AG8AcAAgAFMAdwBpAHQAYwBoACAAUAB1AHMAaAAgAEIAdQB0AHQAbwBuACAATABBAFkAMwA3ACAAKABQAEIAQwApAC0AMwBAAHIAbwBiAG8AVgAzACgAdQByAGQAZgBfAGMAaABhAG4AZwBlAGQAKQAEAAAAEAAAAAEAAAABAAAA9wYAAA==</a:base64Binary><a:base64Binary>aEIAAAUAAAD//v8sYwBvAHYAZQByAF8AdQBwAF8AdgAyAF8AbABpAG4AaABfAG0AaQBjAGEALQAxAEAAcgBvAGIAbwBWADMAKAB1AHIAZABmAF8AYwBoAGEAbgBnAGUAZAApAAQAAAAQAAAAAQAAAAEAAADZBwAA</a:base64Binary><a:base64Binary>aEIAAAUAAAD//v8eYQBsAGkAYgBhAGIAYQAtADEAQAByAG8AYgBvAFYAMwAoAHUAcgBkAGYAXwBjAGgAYQBuAGcAZQBkACkABAAAABAAAAABAAAAAQAAADYIAAA=</a:base64Binary><a:base64Binary>aEIAAAUAAAD//v8aYwBoAGUALQAxAEAAcgBvAGIAbwBWADMAKAB1AHIAZABmAF8AYwBoAGEAbgBnAGUAZAApAAQAAAAQAAAAAQAAAAEAAAA8CAAA</a:base64Binary><a:base64Binary>aEIAAAUAAAD//v8aYwBoAGUALQAyAEAAcgBvAGIAbwBWADMAKAB1AHIAZABmAF8AYwBoAGEAbgBnAGUAZAApAAQAAAAQAAAAAQAAAAEAAABQCAAA</a:base64Binary><a:base64Binary>aEIAAAUAAAD//v8aYwBoAGUALQAzAEAAcgBvAGIAbwBWADMAKAB1AHIAZABmAF8AYwBoAGEAbgBnAGUAZAApAAQAAAAQAAAAAQAAAAEAAABZCAAA</a:base64Binary><a:base64Binary>aEIAAAUAAAD//v8aYwBoAGUALQA0AEAAcgBvAGIAbwBWADMAKAB1AHIAZABmAF8AYwBoAGEAbgBnAGUAZAApAAQAAAAQAAAAAQAAAAEAAABhCAAA</a:base64Binary><a:base64Binary>aEIAAAUAAAD//v8aYwBoAGUALQA1AEAAcgBvAGIAbwBWADMAKAB1AHIAZABmAF8AYwBoAGEAbgBnAGUAZAApAAQAAAAQAAAAAQAAAAEAAABpCAAA</a:base64Binary><a:base64Binary>aEIAAAUAAAD//v8aYwBoAGUALQA2AEAAcgBvAGIAbwBWADMAKAB1AHIAZABmAF8AYwBoAGEAbgBnAGUAZAApAAQAAAAQAAAAAQAAAAEAAABxCAAA</a:base64Binary><a:base64Binary>aEIAAAUAAAD//v8lZwBhAF8AbQBpAG4AaQBwAGMAXwBjAG8AbQBwAC0AMQBAAHIAbwBiAG8AVgAzACgAdQByAGQAZgBfAGMAaABhAG4AZwBlAGQAKQAEAAAAEAAAAAEAAAABAAAAxggAAA==</a:base64Binary><a:base64Binary>aEIAAAUAAAD//v8jZwBhAF8AbQBpAG4AaQBwAGMAXwB2ADIALQAyAEAAcgBvAGIAbwBWADMAKAB1AHIAZABmAF8AYwBoAGEAbgBnAGUAZAApAAQAAAAQAAAAAQAAAAEAAACxCAAA</a:base64Binary><a:base64Binary>aEIAAAUAAAD//v8jZwBhAF8AbQBpAG4AaQBwAGMAXwB2ADIALQAxAEAAcgBvAGIAbwBWADMAKAB1AHIAZABmAF8AYwBoAGEAbgBnAGUAZAApAAQAAAAQAAAAAQAAAAEAAACwCAAA</a:base64Binary><a:base64Binary>aEIAAAUAAAD//v8eaABvAHAAXwBwAGkAbgAtADEAQAByAG8AYgBvAFYAMwAoAHUAcgBkAGYAXwBjAGgAYQBuAGcAZQBkACkABAAAABAAAAABAAAAAQAAAN8IAAA=</a:base64Binary><a:base64Binary>aEIAAAUAAAD//v8fbgBhAG4AZwBfAGMAYQBtAC0AMQBAAHIAbwBiAG8AVgAzACgAdQByAGQAZgBfAGMAaABhAG4AZwBlAGQAKQAEAAAAEAAAAAEAAAABAAAA6ggAAA==</a:base64Binary><a:base64Binary>aEIAAAUAAAD//v81ZwBhAF8AYwBvAG0ALQAxAEAAcgBvAGIAbwBWADMAKAB1AHIAZABmAF8AYwBoAGEAbgBnAGUAZAApAC8AMgAwAHgAMgAwAF8AYQBsAHUAXwBkAG8AYwAxAC0AMgBAAGcAYQBfAGMAbwBtAAQAAAAQAAAAAQAAAAIAAAANCQAAGwAAAA==</a:base64Binary><a:base64Binary>aEIAAAUAAAD//v81ZwBhAF8AYwBvAG0ALQAxAEAAcgBvAGIAbwBWADMAKAB1AHIAZABmAF8AYwBoAGEAbgBnAGUAZAApAC8AMgAwAHgAMgAwAF8AYQBsAHUAXwBkAG8AYwAxAC0AMQBAAGcAYQBfAGMAbwBtAAQAAAAQAAAAAQAAAAIAAAANCQAAGgAAAA==</a:base64Binary><a:base64Binary>aEIAAAUAAAD//v83ZwBhAF8AYwBvAG0ALQAxAEAAcgBvAGIAbwBWADMAKAB1AHIAZABmAF8AYwBoAGEAbgBnAGUAZAApAC8AMgAwAHgAMgAwAF8AYQBsAHUAXwBuAGcAYQBuAGcAMQAtADEAQABnAGEAXwBjAG8AbQAEAAAAEAAAAAEAAAACAAAADQkAABkAAAA=</a:base64Binary><a:base64Binary>aEIAAAUAAAD//v8faABvAHAAXwBuAGEAbgBvAC0AMQBAAHIAbwBiAG8AVgAzACgAdQByAGQAZgBfAGMAaABhAG4AZwBlAGQAKQAEAAAAEAAAAAEAAAABAAAANAkAAA==</a:base64Binary><a:base64Binary>aEIAAAUAAAD//v8hawBlAGcAbwBjAF8AdABhAGIAMQAtADEAQAByAG8AYgBvAFYAMwAoAHUAcgBkAGYAXwBjAGgAYQBuAGcAZQBkACkABAAAABAAAAABAAAAAQAAAG4JAAA=</a:base64Binary><a:base64Binary>aEIAAAUAAAD//v8hawBlAGcAbwBjAF8AdABhAGIAMgAtADEAQAByAG8AYgBvAFYAMwAoAHUAcgBkAGYAXwBjAGgAYQBuAGcAZQBkACkABAAAABAAAAABAAAAAQAAAG8JAAA=</a:base64Binary><a:base64Binary>aEIAAAUAAAD//v8edAByAG8AZABvAG4AZwAtADEAQAByAG8AYgBvAFYAMwAoAHUAcgBkAGYAXwBjAGgAYQBuAGcAZQBkACkABAAAABAAAAABAAAAAQAAAHgJAAA=</a:base64Binary><a:base64Binary>aEIAAAUAAAD//v8gbwBwAF8AdABhAGIAbABlAHQALQAxAEAAcgBvAGIAbwBWADMAKAB1AHIAZABmAF8AYwBoAGEAbgBnAGUAZAApAAQAAAAQAAAAAQAAAAEAAABnCQAA</a:base64Binary></SWComponentPIDs><SWMainComponentPID i:nil="true"/><Visual z:Ref="i16"/><isFixedFrame>false</isFixedFrame><isIncomplete>false</isIncomplete></Link>
2025-07-08 10:18:06,508 INFO  ExportHelperExtension.cs: 347 - Creating joint lidar_link
2025-07-08 10:18:06,520 INFO  ExportHelperExtension.cs: 1397 - Fixing components for base_link
2025-07-08 10:18:06,523 INFO  ExportHelperExtension.cs: 1402 - Fixing 396
2025-07-08 10:18:06,523 INFO  ExportHelperExtension.cs: 1402 - Fixing 553
2025-07-08 10:18:06,524 INFO  ExportHelperExtension.cs: 1402 - Fixing 559
2025-07-08 10:18:06,525 INFO  ExportHelperExtension.cs: 1402 - Fixing 683
2025-07-08 10:18:06,526 INFO  ExportHelperExtension.cs: 1402 - Fixing 1159
2025-07-08 10:18:06,526 INFO  ExportHelperExtension.cs: 1402 - Fixing 1225
2025-07-08 10:18:06,527 INFO  ExportHelperExtension.cs: 1402 - Fixing 1232
2025-07-08 10:18:06,527 INFO  ExportHelperExtension.cs: 1402 - Fixing 1238
2025-07-08 10:18:06,528 INFO  ExportHelperExtension.cs: 1402 - Fixing 1241
2025-07-08 10:18:06,528 INFO  ExportHelperExtension.cs: 1402 - Fixing 1244
2025-07-08 10:18:06,529 INFO  ExportHelperExtension.cs: 1402 - Fixing 1245
2025-07-08 10:18:06,530 INFO  ExportHelperExtension.cs: 1402 - Fixing 1249
2025-07-08 10:18:06,530 INFO  ExportHelperExtension.cs: 1402 - Fixing 1299
2025-07-08 10:18:06,531 INFO  ExportHelperExtension.cs: 1402 - Fixing 1312
2025-07-08 10:18:06,532 INFO  ExportHelperExtension.cs: 1402 - Fixing 1329
2025-07-08 10:18:06,532 INFO  ExportHelperExtension.cs: 1402 - Fixing 1333
2025-07-08 10:18:06,533 INFO  ExportHelperExtension.cs: 1409 - Component 1333 is already fixed
2025-07-08 10:18:06,533 INFO  ExportHelperExtension.cs: 1402 - Fixing 1371
2025-07-08 10:18:06,534 INFO  ExportHelperExtension.cs: 1402 - Fixing 1400
2025-07-08 10:18:06,534 INFO  ExportHelperExtension.cs: 1402 - Fixing 1406
2025-07-08 10:18:06,535 INFO  ExportHelperExtension.cs: 1402 - Fixing 1408
2025-07-08 10:18:06,536 INFO  ExportHelperExtension.cs: 1409 - Component 1408 is already fixed
2025-07-08 10:18:06,536 INFO  ExportHelperExtension.cs: 1402 - Fixing 1433
2025-07-08 10:18:06,537 INFO  ExportHelperExtension.cs: 1402 - Fixing 1482
2025-07-08 10:18:06,537 INFO  ExportHelperExtension.cs: 1402 - Fixing 1483
2025-07-08 10:18:06,538 INFO  ExportHelperExtension.cs: 1402 - Fixing 1484
2025-07-08 10:18:06,539 INFO  ExportHelperExtension.cs: 1402 - Fixing 1485
2025-07-08 10:18:06,539 INFO  ExportHelperExtension.cs: 1402 - Fixing 1561
2025-07-08 10:18:06,540 INFO  ExportHelperExtension.cs: 1402 - Fixing 1568
2025-07-08 10:18:06,541 INFO  ExportHelperExtension.cs: 1402 - Fixing 1628
2025-07-08 10:18:06,542 INFO  ExportHelperExtension.cs: 1402 - Fixing 1699
2025-07-08 10:18:06,543 INFO  ExportHelperExtension.cs: 1402 - Fixing 1708
2025-07-08 10:18:06,544 INFO  ExportHelperExtension.cs: 1402 - Fixing 1709
2025-07-08 10:18:06,544 INFO  ExportHelperExtension.cs: 1402 - Fixing 1725
2025-07-08 10:18:06,545 INFO  ExportHelperExtension.cs: 1402 - Fixing 1743
2025-07-08 10:18:06,547 INFO  ExportHelperExtension.cs: 1402 - Fixing 1783
2025-07-08 10:18:06,547 INFO  ExportHelperExtension.cs: 1402 - Fixing 2009
2025-07-08 10:18:06,548 INFO  ExportHelperExtension.cs: 1402 - Fixing 2102
2025-07-08 10:18:06,548 INFO  ExportHelperExtension.cs: 1402 - Fixing 2108
2025-07-08 10:18:06,549 INFO  ExportHelperExtension.cs: 1402 - Fixing 2128
2025-07-08 10:18:06,550 INFO  ExportHelperExtension.cs: 1402 - Fixing 2137
2025-07-08 10:18:06,551 INFO  ExportHelperExtension.cs: 1402 - Fixing 2145
2025-07-08 10:18:06,551 INFO  ExportHelperExtension.cs: 1402 - Fixing 2153
2025-07-08 10:18:06,552 INFO  ExportHelperExtension.cs: 1402 - Fixing 2161
2025-07-08 10:18:06,553 INFO  ExportHelperExtension.cs: 1402 - Fixing 2246
2025-07-08 10:18:06,553 INFO  ExportHelperExtension.cs: 1402 - Fixing 2225
2025-07-08 10:18:06,554 INFO  ExportHelperExtension.cs: 1402 - Fixing 2224
2025-07-08 10:18:06,555 INFO  ExportHelperExtension.cs: 1402 - Fixing 2271
2025-07-08 10:18:06,555 INFO  ExportHelperExtension.cs: 1402 - Fixing 2282
2025-07-08 10:18:06,556 INFO  ExportHelperExtension.cs: 1402 - Fixing 27
2025-07-08 10:18:06,557 INFO  ExportHelperExtension.cs: 1402 - Fixing 26
2025-07-08 10:18:06,557 INFO  ExportHelperExtension.cs: 1402 - Fixing 25
2025-07-08 10:18:06,558 INFO  ExportHelperExtension.cs: 1402 - Fixing 2356
2025-07-08 10:18:06,559 INFO  ExportHelperExtension.cs: 1402 - Fixing 2414
2025-07-08 10:18:06,560 INFO  ExportHelperExtension.cs: 1402 - Fixing 2415
2025-07-08 10:18:06,561 INFO  ExportHelperExtension.cs: 1402 - Fixing 2424
2025-07-08 10:18:06,562 INFO  ExportHelperExtension.cs: 1402 - Fixing 2407
2025-07-08 10:18:09,911 INFO  ExportHelperExtension.cs: 832 - R1: 0, 0
2025-07-08 10:18:09,912 INFO  ExportHelperExtension.cs: 841 - R2: 0, 0
2025-07-08 10:18:09,913 INFO  ExportHelperExtension.cs: 849 - L1: 0
2025-07-08 10:18:09,914 INFO  ExportHelperExtension.cs: 857 - L2: 0
2025-07-08 10:18:10,051 INFO  ExportHelperExtension.cs: 1352 - Unfixing component 396
2025-07-08 10:18:10,052 INFO  ExportHelperExtension.cs: 1352 - Unfixing component 553
2025-07-08 10:18:10,054 INFO  ExportHelperExtension.cs: 1352 - Unfixing component 559
2025-07-08 10:18:10,055 INFO  ExportHelperExtension.cs: 1352 - Unfixing component 683
2025-07-08 10:18:10,057 INFO  ExportHelperExtension.cs: 1352 - Unfixing component 1159
2025-07-08 10:18:10,058 INFO  ExportHelperExtension.cs: 1352 - Unfixing component 1225
2025-07-08 10:18:10,060 INFO  ExportHelperExtension.cs: 1352 - Unfixing component 1232
2025-07-08 10:18:10,061 INFO  ExportHelperExtension.cs: 1352 - Unfixing component 1238
2025-07-08 10:18:10,063 INFO  ExportHelperExtension.cs: 1352 - Unfixing component 1241
2025-07-08 10:18:10,064 INFO  ExportHelperExtension.cs: 1352 - Unfixing component 1244
2025-07-08 10:18:10,065 INFO  ExportHelperExtension.cs: 1352 - Unfixing component 1245
2025-07-08 10:18:10,066 INFO  ExportHelperExtension.cs: 1352 - Unfixing component 1249
2025-07-08 10:18:10,067 INFO  ExportHelperExtension.cs: 1352 - Unfixing component 1299
2025-07-08 10:18:10,068 INFO  ExportHelperExtension.cs: 1352 - Unfixing component 1312
2025-07-08 10:18:10,070 INFO  ExportHelperExtension.cs: 1352 - Unfixing component 1329
2025-07-08 10:18:10,071 INFO  ExportHelperExtension.cs: 1352 - Unfixing component 1371
2025-07-08 10:18:10,073 INFO  ExportHelperExtension.cs: 1352 - Unfixing component 1400
2025-07-08 10:18:10,074 INFO  ExportHelperExtension.cs: 1352 - Unfixing component 1406
2025-07-08 10:18:10,076 INFO  ExportHelperExtension.cs: 1352 - Unfixing component 1433
2025-07-08 10:18:10,077 INFO  ExportHelperExtension.cs: 1352 - Unfixing component 1482
2025-07-08 10:18:10,078 INFO  ExportHelperExtension.cs: 1352 - Unfixing component 1483
2025-07-08 10:18:10,080 INFO  ExportHelperExtension.cs: 1352 - Unfixing component 1484
2025-07-08 10:18:10,081 INFO  ExportHelperExtension.cs: 1352 - Unfixing component 1485
2025-07-08 10:18:10,082 INFO  ExportHelperExtension.cs: 1352 - Unfixing component 1561
2025-07-08 10:18:10,082 INFO  ExportHelperExtension.cs: 1352 - Unfixing component 1568
2025-07-08 10:18:10,084 INFO  ExportHelperExtension.cs: 1352 - Unfixing component 1628
2025-07-08 10:18:10,086 INFO  ExportHelperExtension.cs: 1352 - Unfixing component 1699
2025-07-08 10:18:10,087 INFO  ExportHelperExtension.cs: 1352 - Unfixing component 1708
2025-07-08 10:18:10,087 INFO  ExportHelperExtension.cs: 1352 - Unfixing component 1709
2025-07-08 10:18:10,090 INFO  ExportHelperExtension.cs: 1352 - Unfixing component 1725
2025-07-08 10:18:10,091 INFO  ExportHelperExtension.cs: 1352 - Unfixing component 1743
2025-07-08 10:18:10,091 INFO  ExportHelperExtension.cs: 1352 - Unfixing component 1783
2025-07-08 10:18:10,093 INFO  ExportHelperExtension.cs: 1352 - Unfixing component 2009
2025-07-08 10:18:10,094 INFO  ExportHelperExtension.cs: 1352 - Unfixing component 2102
2025-07-08 10:18:10,096 INFO  ExportHelperExtension.cs: 1352 - Unfixing component 2108
2025-07-08 10:18:10,097 INFO  ExportHelperExtension.cs: 1352 - Unfixing component 2128
2025-07-08 10:18:10,099 INFO  ExportHelperExtension.cs: 1352 - Unfixing component 2137
2025-07-08 10:18:10,100 INFO  ExportHelperExtension.cs: 1352 - Unfixing component 2145
2025-07-08 10:18:10,101 INFO  ExportHelperExtension.cs: 1352 - Unfixing component 2153
2025-07-08 10:18:10,103 INFO  ExportHelperExtension.cs: 1352 - Unfixing component 2161
2025-07-08 10:18:10,104 INFO  ExportHelperExtension.cs: 1352 - Unfixing component 2246
2025-07-08 10:18:10,105 INFO  ExportHelperExtension.cs: 1352 - Unfixing component 2225
2025-07-08 10:18:10,106 INFO  ExportHelperExtension.cs: 1352 - Unfixing component 2224
2025-07-08 10:18:10,108 INFO  ExportHelperExtension.cs: 1352 - Unfixing component 2271
2025-07-08 10:18:10,110 INFO  ExportHelperExtension.cs: 1352 - Unfixing component 2282
2025-07-08 10:18:10,111 INFO  ExportHelperExtension.cs: 1352 - Unfixing component 27
2025-07-08 10:18:10,112 INFO  ExportHelperExtension.cs: 1352 - Unfixing component 26
2025-07-08 10:18:10,113 INFO  ExportHelperExtension.cs: 1352 - Unfixing component 25
2025-07-08 10:18:10,115 INFO  ExportHelperExtension.cs: 1352 - Unfixing component 2356
2025-07-08 10:18:10,117 INFO  ExportHelperExtension.cs: 1352 - Unfixing component 2414
2025-07-08 10:18:10,118 INFO  ExportHelperExtension.cs: 1352 - Unfixing component 2415
2025-07-08 10:18:10,119 INFO  ExportHelperExtension.cs: 1352 - Unfixing component 2424
2025-07-08 10:18:10,121 INFO  ExportHelperExtension.cs: 1352 - Unfixing component 2407
2025-07-08 10:18:13,810 WARN  ExportHelperExtension.cs: 351 - Creating joint from parent base_link to child lidar_link failed
2025-07-08 10:18:14,374 INFO  ExportHelperExtension.cs: 347 - Creating joint imu_link
2025-07-08 10:18:14,376 WARN  ExportHelperExtension.cs: 351 - Creating joint from parent base_link to child imu_link failed
2025-07-08 10:18:14,382 INFO  ExportHelperExtension.cs: 347 - Creating joint right_wheel_link
2025-07-08 10:18:14,793 WARN  ExportHelperExtension.cs: 351 - Creating joint from parent base_link to child right_wheel_link failed
2025-07-08 10:18:14,989 INFO  ExportHelperExtension.cs: 347 - Creating joint left_wheel_link
2025-07-08 10:18:15,300 WARN  ExportHelperExtension.cs: 351 - Creating joint from parent base_link to child left_wheel_link failed
2025-07-08 10:18:15,756 INFO  ExportHelperExtension.cs: 347 - Creating joint camera_link
2025-07-08 10:18:15,757 INFO  ExportHelperExtension.cs: 1397 - Fixing components for base_link
2025-07-08 10:18:15,759 INFO  ExportHelperExtension.cs: 1402 - Fixing 396
2025-07-08 10:18:15,760 INFO  ExportHelperExtension.cs: 1402 - Fixing 553
2025-07-08 10:18:15,761 INFO  ExportHelperExtension.cs: 1402 - Fixing 559
2025-07-08 10:18:15,762 INFO  ExportHelperExtension.cs: 1402 - Fixing 683
2025-07-08 10:18:15,763 INFO  ExportHelperExtension.cs: 1402 - Fixing 1159
2025-07-08 10:18:15,764 INFO  ExportHelperExtension.cs: 1402 - Fixing 1225
2025-07-08 10:18:15,765 INFO  ExportHelperExtension.cs: 1402 - Fixing 1232
2025-07-08 10:18:15,766 INFO  ExportHelperExtension.cs: 1402 - Fixing 1238
2025-07-08 10:18:15,767 INFO  ExportHelperExtension.cs: 1402 - Fixing 1241
2025-07-08 10:18:15,768 INFO  ExportHelperExtension.cs: 1402 - Fixing 1244
2025-07-08 10:18:15,769 INFO  ExportHelperExtension.cs: 1402 - Fixing 1245
2025-07-08 10:18:15,770 INFO  ExportHelperExtension.cs: 1402 - Fixing 1249
2025-07-08 10:18:15,770 INFO  ExportHelperExtension.cs: 1402 - Fixing 1299
2025-07-08 10:18:15,771 INFO  ExportHelperExtension.cs: 1402 - Fixing 1312
2025-07-08 10:18:15,772 INFO  ExportHelperExtension.cs: 1402 - Fixing 1329
2025-07-08 10:18:15,773 INFO  ExportHelperExtension.cs: 1402 - Fixing 1333
2025-07-08 10:18:15,774 INFO  ExportHelperExtension.cs: 1409 - Component 1333 is already fixed
2025-07-08 10:18:15,775 INFO  ExportHelperExtension.cs: 1402 - Fixing 1371
2025-07-08 10:18:15,783 INFO  ExportHelperExtension.cs: 1402 - Fixing 1400
2025-07-08 10:18:15,784 INFO  ExportHelperExtension.cs: 1402 - Fixing 1406
2025-07-08 10:18:15,785 INFO  ExportHelperExtension.cs: 1402 - Fixing 1408
2025-07-08 10:18:15,786 INFO  ExportHelperExtension.cs: 1409 - Component 1408 is already fixed
2025-07-08 10:18:15,787 INFO  ExportHelperExtension.cs: 1402 - Fixing 1433
2025-07-08 10:18:15,789 INFO  ExportHelperExtension.cs: 1402 - Fixing 1482
2025-07-08 10:18:15,790 INFO  ExportHelperExtension.cs: 1402 - Fixing 1483
2025-07-08 10:18:15,791 INFO  ExportHelperExtension.cs: 1402 - Fixing 1484
2025-07-08 10:18:15,792 INFO  ExportHelperExtension.cs: 1402 - Fixing 1485
2025-07-08 10:18:15,793 INFO  ExportHelperExtension.cs: 1402 - Fixing 1561
2025-07-08 10:18:15,794 INFO  ExportHelperExtension.cs: 1402 - Fixing 1568
2025-07-08 10:18:15,795 INFO  ExportHelperExtension.cs: 1402 - Fixing 1628
2025-07-08 10:18:15,797 INFO  ExportHelperExtension.cs: 1402 - Fixing 1699
2025-07-08 10:18:15,798 INFO  ExportHelperExtension.cs: 1402 - Fixing 1708
2025-07-08 10:18:15,800 INFO  ExportHelperExtension.cs: 1402 - Fixing 1709
2025-07-08 10:18:15,801 INFO  ExportHelperExtension.cs: 1402 - Fixing 1725
2025-07-08 10:18:15,802 INFO  ExportHelperExtension.cs: 1402 - Fixing 1743
2025-07-08 10:18:15,803 INFO  ExportHelperExtension.cs: 1402 - Fixing 1783
2025-07-08 10:18:15,804 INFO  ExportHelperExtension.cs: 1402 - Fixing 2009
2025-07-08 10:18:15,805 INFO  ExportHelperExtension.cs: 1402 - Fixing 2102
2025-07-08 10:18:15,806 INFO  ExportHelperExtension.cs: 1402 - Fixing 2108
2025-07-08 10:18:15,806 INFO  ExportHelperExtension.cs: 1402 - Fixing 2128
2025-07-08 10:18:15,807 INFO  ExportHelperExtension.cs: 1402 - Fixing 2137
2025-07-08 10:18:15,808 INFO  ExportHelperExtension.cs: 1402 - Fixing 2145
2025-07-08 10:18:15,809 INFO  ExportHelperExtension.cs: 1402 - Fixing 2153
2025-07-08 10:18:15,810 INFO  ExportHelperExtension.cs: 1402 - Fixing 2161
2025-07-08 10:18:15,812 INFO  ExportHelperExtension.cs: 1402 - Fixing 2246
2025-07-08 10:18:15,812 INFO  ExportHelperExtension.cs: 1402 - Fixing 2225
2025-07-08 10:18:15,813 INFO  ExportHelperExtension.cs: 1402 - Fixing 2224
2025-07-08 10:18:15,814 INFO  ExportHelperExtension.cs: 1402 - Fixing 2271
2025-07-08 10:18:15,815 INFO  ExportHelperExtension.cs: 1402 - Fixing 2282
2025-07-08 10:18:15,816 INFO  ExportHelperExtension.cs: 1402 - Fixing 27
2025-07-08 10:18:15,816 INFO  ExportHelperExtension.cs: 1402 - Fixing 26
2025-07-08 10:18:15,818 INFO  ExportHelperExtension.cs: 1402 - Fixing 25
2025-07-08 10:18:15,819 INFO  ExportHelperExtension.cs: 1402 - Fixing 2356
2025-07-08 10:18:15,822 INFO  ExportHelperExtension.cs: 1402 - Fixing 2414
2025-07-08 10:18:15,822 INFO  ExportHelperExtension.cs: 1402 - Fixing 2415
2025-07-08 10:18:15,825 INFO  ExportHelperExtension.cs: 1402 - Fixing 2424
2025-07-08 10:18:15,826 INFO  ExportHelperExtension.cs: 1402 - Fixing 2407
2025-07-08 10:18:22,383 INFO  ExportHelperExtension.cs: 832 - R1: 0, 0
2025-07-08 10:18:22,385 INFO  ExportHelperExtension.cs: 841 - R2: 0, 0
2025-07-08 10:18:22,385 INFO  ExportHelperExtension.cs: 849 - L1: 0
2025-07-08 10:18:22,385 INFO  ExportHelperExtension.cs: 857 - L2: 0
2025-07-08 10:18:22,385 INFO  ExportHelperExtension.cs: 1352 - Unfixing component 396
2025-07-08 10:18:22,387 INFO  ExportHelperExtension.cs: 1352 - Unfixing component 553
2025-07-08 10:18:22,388 INFO  ExportHelperExtension.cs: 1352 - Unfixing component 559
2025-07-08 10:18:22,390 INFO  ExportHelperExtension.cs: 1352 - Unfixing component 683
2025-07-08 10:18:22,391 INFO  ExportHelperExtension.cs: 1352 - Unfixing component 1159
2025-07-08 10:18:22,392 INFO  ExportHelperExtension.cs: 1352 - Unfixing component 1225
2025-07-08 10:18:22,393 INFO  ExportHelperExtension.cs: 1352 - Unfixing component 1232
2025-07-08 10:18:22,394 INFO  ExportHelperExtension.cs: 1352 - Unfixing component 1238
2025-07-08 10:18:22,395 INFO  ExportHelperExtension.cs: 1352 - Unfixing component 1241
2025-07-08 10:18:22,396 INFO  ExportHelperExtension.cs: 1352 - Unfixing component 1244
2025-07-08 10:18:22,396 INFO  ExportHelperExtension.cs: 1352 - Unfixing component 1245
2025-07-08 10:18:22,397 INFO  ExportHelperExtension.cs: 1352 - Unfixing component 1249
2025-07-08 10:18:22,398 INFO  ExportHelperExtension.cs: 1352 - Unfixing component 1299
2025-07-08 10:18:22,399 INFO  ExportHelperExtension.cs: 1352 - Unfixing component 1312
2025-07-08 10:18:22,400 INFO  ExportHelperExtension.cs: 1352 - Unfixing component 1329
2025-07-08 10:18:22,400 INFO  ExportHelperExtension.cs: 1352 - Unfixing component 1371
2025-07-08 10:18:22,401 INFO  ExportHelperExtension.cs: 1352 - Unfixing component 1400
2025-07-08 10:18:22,402 INFO  ExportHelperExtension.cs: 1352 - Unfixing component 1406
2025-07-08 10:18:22,403 INFO  ExportHelperExtension.cs: 1352 - Unfixing component 1433
2025-07-08 10:18:22,404 INFO  ExportHelperExtension.cs: 1352 - Unfixing component 1482
2025-07-08 10:18:22,405 INFO  ExportHelperExtension.cs: 1352 - Unfixing component 1483
2025-07-08 10:18:22,406 INFO  ExportHelperExtension.cs: 1352 - Unfixing component 1484
2025-07-08 10:18:22,406 INFO  ExportHelperExtension.cs: 1352 - Unfixing component 1485
2025-07-08 10:18:22,407 INFO  ExportHelperExtension.cs: 1352 - Unfixing component 1561
2025-07-08 10:18:22,408 INFO  ExportHelperExtension.cs: 1352 - Unfixing component 1568
2025-07-08 10:18:22,409 INFO  ExportHelperExtension.cs: 1352 - Unfixing component 1628
2025-07-08 10:18:22,409 INFO  ExportHelperExtension.cs: 1352 - Unfixing component 1699
2025-07-08 10:18:22,410 INFO  ExportHelperExtension.cs: 1352 - Unfixing component 1708
2025-07-08 10:18:22,411 INFO  ExportHelperExtension.cs: 1352 - Unfixing component 1709
2025-07-08 10:18:22,412 INFO  ExportHelperExtension.cs: 1352 - Unfixing component 1725
2025-07-08 10:18:22,413 INFO  ExportHelperExtension.cs: 1352 - Unfixing component 1743
2025-07-08 10:18:22,413 INFO  ExportHelperExtension.cs: 1352 - Unfixing component 1783
2025-07-08 10:18:22,414 INFO  ExportHelperExtension.cs: 1352 - Unfixing component 2009
2025-07-08 10:18:22,414 INFO  ExportHelperExtension.cs: 1352 - Unfixing component 2102
2025-07-08 10:18:22,415 INFO  ExportHelperExtension.cs: 1352 - Unfixing component 2108
2025-07-08 10:18:22,415 INFO  ExportHelperExtension.cs: 1352 - Unfixing component 2128
2025-07-08 10:18:22,416 INFO  ExportHelperExtension.cs: 1352 - Unfixing component 2137
2025-07-08 10:18:22,416 INFO  ExportHelperExtension.cs: 1352 - Unfixing component 2145
2025-07-08 10:18:22,418 INFO  ExportHelperExtension.cs: 1352 - Unfixing component 2153
2025-07-08 10:18:22,419 INFO  ExportHelperExtension.cs: 1352 - Unfixing component 2161
2025-07-08 10:18:22,421 INFO  ExportHelperExtension.cs: 1352 - Unfixing component 2246
2025-07-08 10:18:22,422 INFO  ExportHelperExtension.cs: 1352 - Unfixing component 2225
2025-07-08 10:18:22,424 INFO  ExportHelperExtension.cs: 1352 - Unfixing component 2224
2025-07-08 10:18:22,425 INFO  ExportHelperExtension.cs: 1352 - Unfixing component 2271
2025-07-08 10:18:22,426 INFO  ExportHelperExtension.cs: 1352 - Unfixing component 2282
2025-07-08 10:18:22,427 INFO  ExportHelperExtension.cs: 1352 - Unfixing component 27
2025-07-08 10:18:22,429 INFO  ExportHelperExtension.cs: 1352 - Unfixing component 26
2025-07-08 10:18:22,430 INFO  ExportHelperExtension.cs: 1352 - Unfixing component 25
2025-07-08 10:18:22,431 INFO  ExportHelperExtension.cs: 1352 - Unfixing component 2356
2025-07-08 10:18:22,432 INFO  ExportHelperExtension.cs: 1352 - Unfixing component 2414
2025-07-08 10:18:22,433 INFO  ExportHelperExtension.cs: 1352 - Unfixing component 2415
2025-07-08 10:18:22,434 INFO  ExportHelperExtension.cs: 1352 - Unfixing component 2424
2025-07-08 10:18:22,434 INFO  ExportHelperExtension.cs: 1352 - Unfixing component 2407
2025-07-08 10:18:28,270 WARN  ExportHelperExtension.cs: 351 - Creating joint from parent base_link to child camera_link failed
2025-07-08 10:18:29,438 INFO  ExportHelperExtension.cs: 1125 - Retrieving features of type [CoordSys] from roboV3(urdf_changed).SLDASM
2025-07-08 10:18:29,444 INFO  ExportHelperExtension.cs: 1136 - Found 313 in roboV3(urdf_changed).SLDASM
2025-07-08 10:18:29,459 INFO  ExportHelperExtension.cs: 1145 - Found 18 features of type [CoordSys] in roboV3(urdf_changed).SLDASM
2025-07-08 10:18:29,460 INFO  ExportHelperExtension.cs: 1148 - Proceeding through assembly components
2025-07-08 10:18:29,461 INFO  ExportHelperExtension.cs: 1160 - 60 components to check
2025-07-08 10:18:29,461 INFO  ExportHelperExtension.cs: 1125 - Retrieving features of type [CoordSys] from ga_minipc_v2-2
2025-07-08 10:18:29,923 INFO  ExportHelperExtension.cs: 1136 - Found 31 in ga_minipc_v2-2
2025-07-08 10:18:29,926 INFO  ExportHelperExtension.cs: 1145 - Found 0 features of type [CoordSys] in ga_minipc_v2-2
2025-07-08 10:18:29,927 INFO  ExportHelperExtension.cs: 1125 - Retrieving features of type [CoordSys] from nang_cam-1
2025-07-08 10:18:29,930 INFO  ExportHelperExtension.cs: 1136 - Found 25 in nang_cam-1
2025-07-08 10:18:29,932 INFO  ExportHelperExtension.cs: 1145 - Found 0 features of type [CoordSys] in nang_cam-1
2025-07-08 10:18:29,933 INFO  ExportHelperExtension.cs: 1125 - Retrieving features of type [CoordSys] from ga_minipc_comp-1
2025-07-08 10:18:29,934 INFO  ExportHelperExtension.cs: 1136 - Found 40 in ga_minipc_comp-1
2025-07-08 10:18:29,934 INFO  ExportHelperExtension.cs: 1145 - Found 0 features of type [CoordSys] in ga_minipc_comp-1
2025-07-08 10:18:29,935 INFO  ExportHelperExtension.cs: 1125 - Retrieving features of type [CoordSys] from che-4
2025-07-08 10:18:29,937 INFO  ExportHelperExtension.cs: 1136 - Found 25 in che-4
2025-07-08 10:18:29,939 INFO  ExportHelperExtension.cs: 1145 - Found 0 features of type [CoordSys] in che-4
2025-07-08 10:18:29,941 INFO  ExportHelperExtension.cs: 1125 - Retrieving features of type [CoordSys] from imu_40do-1
2025-07-08 10:18:29,943 INFO  ExportHelperExtension.cs: 1136 - Found 25 in imu_40do-1
2025-07-08 10:18:29,945 INFO  ExportHelperExtension.cs: 1145 - Found 0 features of type [CoordSys] in imu_40do-1
2025-07-08 10:18:29,947 INFO  ExportHelperExtension.cs: 1125 - Retrieving features of type [CoordSys] from che-5
2025-07-08 10:18:29,949 INFO  ExportHelperExtension.cs: 1136 - Found 25 in che-5
2025-07-08 10:18:29,951 INFO  ExportHelperExtension.cs: 1145 - Found 0 features of type [CoordSys] in che-5
2025-07-08 10:18:29,952 INFO  ExportHelperExtension.cs: 1125 - Retrieving features of type [CoordSys] from che-6
2025-07-08 10:18:29,954 INFO  ExportHelperExtension.cs: 1136 - Found 25 in che-6
2025-07-08 10:18:29,956 INFO  ExportHelperExtension.cs: 1145 - Found 0 features of type [CoordSys] in che-6
2025-07-08 10:18:29,958 INFO  ExportHelperExtension.cs: 1125 - Retrieving features of type [CoordSys] from hop_pin-1
2025-07-08 10:18:29,960 INFO  ExportHelperExtension.cs: 1136 - Found 27 in hop_pin-1
2025-07-08 10:18:29,961 INFO  ExportHelperExtension.cs: 1145 - Found 0 features of type [CoordSys] in hop_pin-1
2025-07-08 10:18:29,961 INFO  ExportHelperExtension.cs: 1125 - Retrieving features of type [CoordSys] from ga_com-1
2025-07-08 10:18:29,963 INFO  ExportHelperExtension.cs: 1136 - Found 33 in ga_com-1
2025-07-08 10:18:29,964 INFO  ExportHelperExtension.cs: 1145 - Found 0 features of type [CoordSys] in ga_com-1
2025-07-08 10:18:29,965 INFO  ExportHelperExtension.cs: 1125 - Retrieving features of type [CoordSys] from op_tablet-1
2025-07-08 10:18:29,967 INFO  ExportHelperExtension.cs: 1136 - Found 37 in op_tablet-1
2025-07-08 10:18:29,968 INFO  ExportHelperExtension.cs: 1145 - Found 0 features of type [CoordSys] in op_tablet-1
2025-07-08 10:18:29,969 INFO  ExportHelperExtension.cs: 1125 - Retrieving features of type [CoordSys] from kegoc_tab2-1
2025-07-08 10:18:29,971 INFO  ExportHelperExtension.cs: 1136 - Found 25 in kegoc_tab2-1
2025-07-08 10:18:29,973 INFO  ExportHelperExtension.cs: 1145 - Found 0 features of type [CoordSys] in kegoc_tab2-1
2025-07-08 10:18:29,975 INFO  ExportHelperExtension.cs: 1125 - Retrieving features of type [CoordSys] from ga_minipc_v2-1
2025-07-08 10:18:29,976 INFO  ExportHelperExtension.cs: 1136 - Found 31 in ga_minipc_v2-1
2025-07-08 10:18:29,977 INFO  ExportHelperExtension.cs: 1145 - Found 0 features of type [CoordSys] in ga_minipc_v2-1
2025-07-08 10:18:29,978 INFO  ExportHelperExtension.cs: 1125 - Retrieving features of type [CoordSys] from hop_nano-1
2025-07-08 10:18:29,979 INFO  ExportHelperExtension.cs: 1136 - Found 35 in hop_nano-1
2025-07-08 10:18:29,981 INFO  ExportHelperExtension.cs: 1145 - Found 0 features of type [CoordSys] in hop_nano-1
2025-07-08 10:18:29,982 INFO  ExportHelperExtension.cs: 1125 - Retrieving features of type [CoordSys] from trodong-1
2025-07-08 10:18:29,984 INFO  ExportHelperExtension.cs: 1136 - Found 25 in trodong-1
2025-07-08 10:18:29,985 INFO  ExportHelperExtension.cs: 1145 - Found 0 features of type [CoordSys] in trodong-1
2025-07-08 10:18:29,986 INFO  ExportHelperExtension.cs: 1125 - Retrieving features of type [CoordSys] from kegoc_tab1-1
2025-07-08 10:18:29,989 INFO  ExportHelperExtension.cs: 1136 - Found 25 in kegoc_tab1-1
2025-07-08 10:18:29,990 INFO  ExportHelperExtension.cs: 1145 - Found 0 features of type [CoordSys] in kegoc_tab1-1
2025-07-08 10:18:29,991 INFO  ExportHelperExtension.cs: 1125 - Retrieving features of type [CoordSys] from remote_relay-1
2025-07-08 10:18:29,992 INFO  ExportHelperExtension.cs: 1136 - Found 28 in remote_relay-1
2025-07-08 10:18:29,994 INFO  ExportHelperExtension.cs: 1145 - Found 0 features of type [CoordSys] in remote_relay-1
2025-07-08 10:18:29,995 INFO  ExportHelperExtension.cs: 1125 - Retrieving features of type [CoordSys] from pi_hang_imu-1
2025-07-08 10:18:29,996 INFO  ExportHelperExtension.cs: 1136 - Found 33 in pi_hang_imu-1
2025-07-08 10:18:29,998 INFO  ExportHelperExtension.cs: 1145 - Found 0 features of type [CoordSys] in pi_hang_imu-1
2025-07-08 10:18:29,999 INFO  ExportHelperExtension.cs: 1125 - Retrieving features of type [CoordSys] from ??????? V-slot 20x40-1
2025-07-08 10:18:30,002 INFO  ExportHelperExtension.cs: 1136 - Found 30 in ??????? V-slot 20x40-1
2025-07-08 10:18:30,004 INFO  ExportHelperExtension.cs: 1145 - Found 0 features of type [CoordSys] in ??????? V-slot 20x40-1
2025-07-08 10:18:30,006 INFO  ExportHelperExtension.cs: 1125 - Retrieving features of type [CoordSys] from ??????? V-slot 20x40-3
2025-07-08 10:18:30,007 INFO  ExportHelperExtension.cs: 1136 - Found 30 in ??????? V-slot 20x40-3
2025-07-08 10:18:30,008 INFO  ExportHelperExtension.cs: 1145 - Found 0 features of type [CoordSys] in ??????? V-slot 20x40-3
2025-07-08 10:18:30,009 INFO  ExportHelperExtension.cs: 1125 - Retrieving features of type [CoordSys] from standoff_M2_20mm-1
2025-07-08 10:18:30,010 INFO  ExportHelperExtension.cs: 1136 - Found 31 in standoff_M2_20mm-1
2025-07-08 10:18:30,011 INFO  ExportHelperExtension.cs: 1145 - Found 0 features of type [CoordSys] in standoff_M2_20mm-1
2025-07-08 10:18:30,012 INFO  ExportHelperExtension.cs: 1125 - Retrieving features of type [CoordSys] from X3_Lidar-1
2025-07-08 10:18:30,014 INFO  ExportHelperExtension.cs: 1136 - Found 90 in X3_Lidar-1
2025-07-08 10:18:30,017 INFO  ExportHelperExtension.cs: 1145 - Found 0 features of type [CoordSys] in X3_Lidar-1
2025-07-08 10:18:30,019 INFO  ExportHelperExtension.cs: 1125 - Retrieving features of type [CoordSys] from cum_relay_my4n_4p-1
2025-07-08 10:18:30,020 INFO  ExportHelperExtension.cs: 1136 - Found 27 in cum_relay_my4n_4p-1
2025-07-08 10:18:30,020 INFO  ExportHelperExtension.cs: 1145 - Found 0 features of type [CoordSys] in cum_relay_my4n_4p-1
2025-07-08 10:18:30,022 INFO  ExportHelperExtension.cs: 1125 - Retrieving features of type [CoordSys] from motoredit-4
2025-07-08 10:18:30,023 INFO  ExportHelperExtension.cs: 1136 - Found 40 in motoredit-4
2025-07-08 10:18:30,025 INFO  ExportHelperExtension.cs: 1145 - Found 0 features of type [CoordSys] in motoredit-4
2025-07-08 10:18:30,026 INFO  ExportHelperExtension.cs: 1125 - Retrieving features of type [CoordSys] from standoff_M2_20mm-3
2025-07-08 10:18:30,026 INFO  ExportHelperExtension.cs: 1136 - Found 31 in standoff_M2_20mm-3
2025-07-08 10:18:30,027 INFO  ExportHelperExtension.cs: 1145 - Found 0 features of type [CoordSys] in standoff_M2_20mm-3
2025-07-08 10:18:30,028 INFO  ExportHelperExtension.cs: 1125 - Retrieving features of type [CoordSys] from lidar_pushup-3
2025-07-08 10:18:30,031 INFO  ExportHelperExtension.cs: 1136 - Found 34 in lidar_pushup-3
2025-07-08 10:18:30,032 INFO  ExportHelperExtension.cs: 1145 - Found 0 features of type [CoordSys] in lidar_pushup-3
2025-07-08 10:18:30,033 INFO  ExportHelperExtension.cs: 1125 - Retrieving features of type [CoordSys] from motoredit-3
2025-07-08 10:18:30,034 INFO  ExportHelperExtension.cs: 1136 - Found 40 in motoredit-3
2025-07-08 10:18:30,035 INFO  ExportHelperExtension.cs: 1145 - Found 0 features of type [CoordSys] in motoredit-3
2025-07-08 10:18:30,037 INFO  ExportHelperExtension.cs: 1125 - Retrieving features of type [CoordSys] from 20mm-8
2025-07-08 10:18:30,038 INFO  ExportHelperExtension.cs: 1136 - Found 40 in 20mm-8
2025-07-08 10:18:30,039 INFO  ExportHelperExtension.cs: 1145 - Found 0 features of type [CoordSys] in 20mm-8
2025-07-08 10:18:30,041 INFO  ExportHelperExtension.cs: 1125 - Retrieving features of type [CoordSys] from battery-1
2025-07-08 10:18:30,043 INFO  ExportHelperExtension.cs: 1136 - Found 26 in battery-1
2025-07-08 10:18:30,044 INFO  ExportHelperExtension.cs: 1145 - Found 0 features of type [CoordSys] in battery-1
2025-07-08 10:18:30,045 INFO  ExportHelperExtension.cs: 1125 - Retrieving features of type [CoordSys] from 36v_12v_converter-1
2025-07-08 10:18:30,046 INFO  ExportHelperExtension.cs: 1136 - Found 29 in 36v_12v_converter-1
2025-07-08 10:18:30,047 INFO  ExportHelperExtension.cs: 1145 - Found 0 features of type [CoordSys] in 36v_12v_converter-1
2025-07-08 10:18:30,049 INFO  ExportHelperExtension.cs: 1125 - Retrieving features of type [CoordSys] from cum_banh_xe_lon-3
2025-07-08 10:18:30,051 INFO  ExportHelperExtension.cs: 1136 - Found 27 in cum_banh_xe_lon-3
2025-07-08 10:18:30,054 INFO  ExportHelperExtension.cs: 1145 - Found 0 features of type [CoordSys] in cum_banh_xe_lon-3
2025-07-08 10:18:30,055 INFO  ExportHelperExtension.cs: 1125 - Retrieving features of type [CoordSys] from lidar_pushup-1
2025-07-08 10:18:30,056 INFO  ExportHelperExtension.cs: 1136 - Found 34 in lidar_pushup-1
2025-07-08 10:18:30,058 INFO  ExportHelperExtension.cs: 1145 - Found 0 features of type [CoordSys] in lidar_pushup-1
2025-07-08 10:18:30,059 INFO  ExportHelperExtension.cs: 1125 - Retrieving features of type [CoordSys] from standoff_M2_20mm-4
2025-07-08 10:18:30,061 INFO  ExportHelperExtension.cs: 1136 - Found 31 in standoff_M2_20mm-4
2025-07-08 10:18:30,064 INFO  ExportHelperExtension.cs: 1145 - Found 0 features of type [CoordSys] in standoff_M2_20mm-4
2025-07-08 10:18:30,064 INFO  ExportHelperExtension.cs: 1125 - Retrieving features of type [CoordSys] from 20mm-2
2025-07-08 10:18:30,067 INFO  ExportHelperExtension.cs: 1136 - Found 40 in 20mm-2
2025-07-08 10:18:30,068 INFO  ExportHelperExtension.cs: 1145 - Found 0 features of type [CoordSys] in 20mm-2
2025-07-08 10:18:30,069 INFO  ExportHelperExtension.cs: 1125 - Retrieving features of type [CoordSys] from standoff_M2_20mm-5
2025-07-08 10:18:30,071 INFO  ExportHelperExtension.cs: 1136 - Found 31 in standoff_M2_20mm-5
2025-07-08 10:18:30,073 INFO  ExportHelperExtension.cs: 1145 - Found 0 features of type [CoordSys] in standoff_M2_20mm-5
2025-07-08 10:18:30,074 INFO  ExportHelperExtension.cs: 1125 - Retrieving features of type [CoordSys] from motorAxis-1
2025-07-08 10:18:30,076 INFO  ExportHelperExtension.cs: 1136 - Found 30 in motorAxis-1
2025-07-08 10:18:30,077 INFO  ExportHelperExtension.cs: 1145 - Found 0 features of type [CoordSys] in motorAxis-1
2025-07-08 10:18:30,079 INFO  ExportHelperExtension.cs: 1125 - Retrieving features of type [CoordSys] from hoverboard_driver-1
2025-07-08 10:18:30,081 INFO  ExportHelperExtension.cs: 1136 - Found 25 in hoverboard_driver-1
2025-07-08 10:18:30,083 INFO  ExportHelperExtension.cs: 1145 - Found 0 features of type [CoordSys] in hoverboard_driver-1
2025-07-08 10:18:30,084 INFO  ExportHelperExtension.cs: 1125 - Retrieving features of type [CoordSys] from aluminium_base-1
2025-07-08 10:18:30,085 INFO  ExportHelperExtension.cs: 1136 - Found 35 in aluminium_base-1
2025-07-08 10:18:30,128 INFO  ExportHelperExtension.cs: 1145 - Found 0 features of type [CoordSys] in aluminium_base-1
2025-07-08 10:18:30,130 INFO  ExportHelperExtension.cs: 1125 - Retrieving features of type [CoordSys] from WEIDU TB25XX-1
2025-07-08 10:18:30,149 INFO  ExportHelperExtension.cs: 1136 - Found 101 in WEIDU TB25XX-1
2025-07-08 10:18:30,154 INFO  ExportHelperExtension.cs: 1145 - Found 0 features of type [CoordSys] in WEIDU TB25XX-1
2025-07-08 10:18:30,156 INFO  ExportHelperExtension.cs: 1125 - Retrieving features of type [CoordSys] from 20x20_aluminum_extrusion_profile 26cm-1
2025-07-08 10:18:30,158 INFO  ExportHelperExtension.cs: 1136 - Found 25 in 20x20_aluminum_extrusion_profile 26cm-1
2025-07-08 10:18:30,160 INFO  ExportHelperExtension.cs: 1145 - Found 0 features of type [CoordSys] in 20x20_aluminum_extrusion_profile 26cm-1
2025-07-08 10:18:30,163 INFO  ExportHelperExtension.cs: 1125 - Retrieving features of type [CoordSys] from 20mm-10
2025-07-08 10:18:30,180 INFO  ExportHelperExtension.cs: 1136 - Found 40 in 20mm-10
2025-07-08 10:18:30,183 INFO  ExportHelperExtension.cs: 1145 - Found 0 features of type [CoordSys] in 20mm-10
2025-07-08 10:18:30,185 INFO  ExportHelperExtension.cs: 1125 - Retrieving features of type [CoordSys] from cum_banh_xe_lon-5
2025-07-08 10:18:30,188 INFO  ExportHelperExtension.cs: 1136 - Found 27 in cum_banh_xe_lon-5
2025-07-08 10:18:30,190 INFO  ExportHelperExtension.cs: 1145 - Found 0 features of type [CoordSys] in cum_banh_xe_lon-5
2025-07-08 10:18:30,192 INFO  ExportHelperExtension.cs: 1125 - Retrieving features of type [CoordSys] from motorAxis-4
2025-07-08 10:18:30,194 INFO  ExportHelperExtension.cs: 1136 - Found 30 in motorAxis-4
2025-07-08 10:18:30,197 INFO  ExportHelperExtension.cs: 1145 - Found 0 features of type [CoordSys] in motorAxis-4
2025-07-08 10:18:30,197 INFO  ExportHelperExtension.cs: 1125 - Retrieving features of type [CoordSys] from 20mm-11
2025-07-08 10:18:30,199 INFO  ExportHelperExtension.cs: 1136 - Found 40 in 20mm-11
2025-07-08 10:18:30,202 INFO  ExportHelperExtension.cs: 1145 - Found 0 features of type [CoordSys] in 20mm-11
2025-07-08 10:18:30,204 INFO  ExportHelperExtension.cs: 1125 - Retrieving features of type [CoordSys] from cum_dahuong_truoc_sau-5
2025-07-08 10:18:30,206 INFO  ExportHelperExtension.cs: 1136 - Found 53 in cum_dahuong_truoc_sau-5
2025-07-08 10:18:30,209 INFO  ExportHelperExtension.cs: 1145 - Found 0 features of type [CoordSys] in cum_dahuong_truoc_sau-5
2025-07-08 10:18:30,211 INFO  ExportHelperExtension.cs: 1125 - Retrieving features of type [CoordSys] from matxeo1-1
2025-07-08 10:18:30,212 INFO  ExportHelperExtension.cs: 1136 - Found 27 in matxeo1-1
2025-07-08 10:18:30,214 INFO  ExportHelperExtension.cs: 1145 - Found 0 features of type [CoordSys] in matxeo1-1
2025-07-08 10:18:30,215 INFO  ExportHelperExtension.cs: 1125 - Retrieving features of type [CoordSys] from final kinect-1
2025-07-08 10:18:30,216 INFO  ExportHelperExtension.cs: 1136 - Found 27 in final kinect-1
2025-07-08 10:18:30,218 INFO  ExportHelperExtension.cs: 1145 - Found 0 features of type [CoordSys] in final kinect-1
2025-07-08 10:18:30,219 INFO  ExportHelperExtension.cs: 1125 - Retrieving features of type [CoordSys] from j1-2
2025-07-08 10:18:30,220 INFO  ExportHelperExtension.cs: 1136 - Found 32 in j1-2
2025-07-08 10:18:30,222 INFO  ExportHelperExtension.cs: 1145 - Found 0 features of type [CoordSys] in j1-2
2025-07-08 10:18:30,223 INFO  ExportHelperExtension.cs: 1125 - Retrieving features of type [CoordSys] from cover_up_v2-1
2025-07-08 10:18:30,224 INFO  ExportHelperExtension.cs: 1136 - Found 26 in cover_up_v2-1
2025-07-08 10:18:30,225 INFO  ExportHelperExtension.cs: 1145 - Found 0 features of type [CoordSys] in cover_up_v2-1
2025-07-08 10:18:30,226 INFO  ExportHelperExtension.cs: 1125 - Retrieving features of type [CoordSys] from cover_joint_v3.1.2-1
2025-07-08 10:18:30,228 INFO  ExportHelperExtension.cs: 1136 - Found 35 in cover_joint_v3.1.2-1
2025-07-08 10:18:30,231 INFO  ExportHelperExtension.cs: 1145 - Found 0 features of type [CoordSys] in cover_joint_v3.1.2-1
2025-07-08 10:18:30,231 INFO  ExportHelperExtension.cs: 1125 - Retrieving features of type [CoordSys] from alibaba-1
2025-07-08 10:18:30,233 INFO  ExportHelperExtension.cs: 1136 - Found 35 in alibaba-1
2025-07-08 10:18:30,236 INFO  ExportHelperExtension.cs: 1145 - Found 0 features of type [CoordSys] in alibaba-1
2025-07-08 10:18:30,238 INFO  ExportHelperExtension.cs: 1125 - Retrieving features of type [CoordSys] from che-1
2025-07-08 10:18:30,240 INFO  ExportHelperExtension.cs: 1136 - Found 25 in che-1
2025-07-08 10:18:30,243 INFO  ExportHelperExtension.cs: 1145 - Found 0 features of type [CoordSys] in che-1
2025-07-08 10:18:30,244 INFO  ExportHelperExtension.cs: 1125 - Retrieving features of type [CoordSys] from Stop Switch Push Button LAY37 (PBC)-3
2025-07-08 10:18:30,247 INFO  ExportHelperExtension.cs: 1136 - Found 63 in Stop Switch Push Button LAY37 (PBC)-3
2025-07-08 10:18:30,250 INFO  ExportHelperExtension.cs: 1145 - Found 0 features of type [CoordSys] in Stop Switch Push Button LAY37 (PBC)-3
2025-07-08 10:18:30,252 INFO  ExportHelperExtension.cs: 1125 - Retrieving features of type [CoordSys] from cover_up_v2_linh_mica-1
2025-07-08 10:18:30,254 INFO  ExportHelperExtension.cs: 1136 - Found 28 in cover_up_v2_linh_mica-1
2025-07-08 10:18:30,256 INFO  ExportHelperExtension.cs: 1145 - Found 0 features of type [CoordSys] in cover_up_v2_linh_mica-1
2025-07-08 10:18:30,258 INFO  ExportHelperExtension.cs: 1125 - Retrieving features of type [CoordSys] from che-2
2025-07-08 10:18:30,259 INFO  ExportHelperExtension.cs: 1136 - Found 25 in che-2
2025-07-08 10:18:30,261 INFO  ExportHelperExtension.cs: 1145 - Found 0 features of type [CoordSys] in che-2
2025-07-08 10:18:30,263 INFO  ExportHelperExtension.cs: 1125 - Retrieving features of type [CoordSys] from full_cover_v2-1
2025-07-08 10:18:30,265 INFO  ExportHelperExtension.cs: 1136 - Found 29 in full_cover_v2-1
2025-07-08 10:18:30,268 INFO  ExportHelperExtension.cs: 1145 - Found 0 features of type [CoordSys] in full_cover_v2-1
2025-07-08 10:18:30,270 INFO  ExportHelperExtension.cs: 1125 - Retrieving features of type [CoordSys] from cum_dahuong_truoc_sau-6
2025-07-08 10:18:30,272 INFO  ExportHelperExtension.cs: 1136 - Found 53 in cum_dahuong_truoc_sau-6
2025-07-08 10:18:30,274 INFO  ExportHelperExtension.cs: 1145 - Found 0 features of type [CoordSys] in cum_dahuong_truoc_sau-6
2025-07-08 10:18:30,275 INFO  ExportHelperExtension.cs: 1125 - Retrieving features of type [CoordSys] from Arcade Push button asm-2
2025-07-08 10:18:30,277 INFO  ExportHelperExtension.cs: 1136 - Found 56 in Arcade Push button asm-2
2025-07-08 10:18:30,279 INFO  ExportHelperExtension.cs: 1145 - Found 0 features of type [CoordSys] in Arcade Push button asm-2
2025-07-08 10:18:30,281 INFO  ExportHelperExtension.cs: 1125 - Retrieving features of type [CoordSys] from j1-1
2025-07-08 10:18:30,283 INFO  ExportHelperExtension.cs: 1136 - Found 32 in j1-1
2025-07-08 10:18:30,286 INFO  ExportHelperExtension.cs: 1145 - Found 0 features of type [CoordSys] in j1-1
2025-07-08 10:18:30,288 INFO  ExportHelperExtension.cs: 1125 - Retrieving features of type [CoordSys] from cover_up_v2_linh-1
2025-07-08 10:18:30,290 INFO  ExportHelperExtension.cs: 1136 - Found 26 in cover_up_v2_linh-1
2025-07-08 10:18:30,292 INFO  ExportHelperExtension.cs: 1145 - Found 0 features of type [CoordSys] in cover_up_v2_linh-1
2025-07-08 10:18:30,294 INFO  ExportHelperExtension.cs: 1125 - Retrieving features of type [CoordSys] from che-3
2025-07-08 10:18:30,296 INFO  ExportHelperExtension.cs: 1136 - Found 25 in che-3
2025-07-08 10:18:30,298 INFO  ExportHelperExtension.cs: 1145 - Found 0 features of type [CoordSys] in che-3
2025-07-08 10:18:30,300 INFO  ExportHelperExtension.cs: 1125 - Retrieving features of type [RefAxis] from roboV3(urdf_changed).SLDASM
2025-07-08 10:18:30,303 INFO  ExportHelperExtension.cs: 1136 - Found 313 in roboV3(urdf_changed).SLDASM
2025-07-08 10:18:30,310 INFO  ExportHelperExtension.cs: 1145 - Found 12 features of type [RefAxis] in roboV3(urdf_changed).SLDASM
2025-07-08 10:18:30,312 INFO  ExportHelperExtension.cs: 1148 - Proceeding through assembly components
2025-07-08 10:18:30,314 INFO  ExportHelperExtension.cs: 1160 - 60 components to check
2025-07-08 10:18:30,315 INFO  ExportHelperExtension.cs: 1125 - Retrieving features of type [RefAxis] from ga_minipc_v2-2
2025-07-08 10:18:30,318 INFO  ExportHelperExtension.cs: 1136 - Found 31 in ga_minipc_v2-2
2025-07-08 10:18:30,320 INFO  ExportHelperExtension.cs: 1145 - Found 0 features of type [RefAxis] in ga_minipc_v2-2
2025-07-08 10:18:30,321 INFO  ExportHelperExtension.cs: 1125 - Retrieving features of type [RefAxis] from nang_cam-1
2025-07-08 10:18:30,323 INFO  ExportHelperExtension.cs: 1136 - Found 25 in nang_cam-1
2025-07-08 10:18:30,325 INFO  ExportHelperExtension.cs: 1145 - Found 0 features of type [RefAxis] in nang_cam-1
2025-07-08 10:18:30,326 INFO  ExportHelperExtension.cs: 1125 - Retrieving features of type [RefAxis] from ga_minipc_comp-1
2025-07-08 10:18:30,328 INFO  ExportHelperExtension.cs: 1136 - Found 40 in ga_minipc_comp-1
2025-07-08 10:18:30,330 INFO  ExportHelperExtension.cs: 1145 - Found 0 features of type [RefAxis] in ga_minipc_comp-1
2025-07-08 10:18:30,331 INFO  ExportHelperExtension.cs: 1125 - Retrieving features of type [RefAxis] from che-4
2025-07-08 10:18:30,333 INFO  ExportHelperExtension.cs: 1136 - Found 25 in che-4
2025-07-08 10:18:30,335 INFO  ExportHelperExtension.cs: 1145 - Found 0 features of type [RefAxis] in che-4
2025-07-08 10:18:30,336 INFO  ExportHelperExtension.cs: 1125 - Retrieving features of type [RefAxis] from imu_40do-1
2025-07-08 10:18:30,338 INFO  ExportHelperExtension.cs: 1136 - Found 25 in imu_40do-1
2025-07-08 10:18:30,339 INFO  ExportHelperExtension.cs: 1145 - Found 0 features of type [RefAxis] in imu_40do-1
2025-07-08 10:18:30,341 INFO  ExportHelperExtension.cs: 1125 - Retrieving features of type [RefAxis] from che-5
2025-07-08 10:18:30,342 INFO  ExportHelperExtension.cs: 1136 - Found 25 in che-5
2025-07-08 10:18:30,343 INFO  ExportHelperExtension.cs: 1145 - Found 0 features of type [RefAxis] in che-5
2025-07-08 10:18:30,344 INFO  ExportHelperExtension.cs: 1125 - Retrieving features of type [RefAxis] from che-6
2025-07-08 10:18:30,345 INFO  ExportHelperExtension.cs: 1136 - Found 25 in che-6
2025-07-08 10:18:30,346 INFO  ExportHelperExtension.cs: 1145 - Found 0 features of type [RefAxis] in che-6
2025-07-08 10:18:30,347 INFO  ExportHelperExtension.cs: 1125 - Retrieving features of type [RefAxis] from hop_pin-1
2025-07-08 10:18:30,349 INFO  ExportHelperExtension.cs: 1136 - Found 27 in hop_pin-1
2025-07-08 10:18:30,351 INFO  ExportHelperExtension.cs: 1145 - Found 0 features of type [RefAxis] in hop_pin-1
2025-07-08 10:18:30,353 INFO  ExportHelperExtension.cs: 1125 - Retrieving features of type [RefAxis] from ga_com-1
2025-07-08 10:18:30,354 INFO  ExportHelperExtension.cs: 1136 - Found 33 in ga_com-1
2025-07-08 10:18:30,355 INFO  ExportHelperExtension.cs: 1145 - Found 0 features of type [RefAxis] in ga_com-1
2025-07-08 10:18:30,357 INFO  ExportHelperExtension.cs: 1125 - Retrieving features of type [RefAxis] from op_tablet-1
2025-07-08 10:18:30,359 INFO  ExportHelperExtension.cs: 1136 - Found 37 in op_tablet-1
2025-07-08 10:18:30,360 INFO  ExportHelperExtension.cs: 1145 - Found 0 features of type [RefAxis] in op_tablet-1
2025-07-08 10:18:30,361 INFO  ExportHelperExtension.cs: 1125 - Retrieving features of type [RefAxis] from kegoc_tab2-1
2025-07-08 10:18:30,363 INFO  ExportHelperExtension.cs: 1136 - Found 25 in kegoc_tab2-1
2025-07-08 10:18:30,366 INFO  ExportHelperExtension.cs: 1145 - Found 0 features of type [RefAxis] in kegoc_tab2-1
2025-07-08 10:18:30,367 INFO  ExportHelperExtension.cs: 1125 - Retrieving features of type [RefAxis] from ga_minipc_v2-1
2025-07-08 10:18:30,369 INFO  ExportHelperExtension.cs: 1136 - Found 31 in ga_minipc_v2-1
2025-07-08 10:18:30,372 INFO  ExportHelperExtension.cs: 1145 - Found 0 features of type [RefAxis] in ga_minipc_v2-1
2025-07-08 10:18:30,373 INFO  ExportHelperExtension.cs: 1125 - Retrieving features of type [RefAxis] from hop_nano-1
2025-07-08 10:18:30,376 INFO  ExportHelperExtension.cs: 1136 - Found 35 in hop_nano-1
2025-07-08 10:18:30,393 INFO  ExportHelperExtension.cs: 1145 - Found 0 features of type [RefAxis] in hop_nano-1
2025-07-08 10:18:30,395 INFO  ExportHelperExtension.cs: 1125 - Retrieving features of type [RefAxis] from trodong-1
2025-07-08 10:18:30,427 INFO  ExportHelperExtension.cs: 1136 - Found 25 in trodong-1
2025-07-08 10:18:30,429 INFO  ExportHelperExtension.cs: 1145 - Found 0 features of type [RefAxis] in trodong-1
2025-07-08 10:18:30,431 INFO  ExportHelperExtension.cs: 1125 - Retrieving features of type [RefAxis] from kegoc_tab1-1
2025-07-08 10:18:30,432 INFO  ExportHelperExtension.cs: 1136 - Found 25 in kegoc_tab1-1
2025-07-08 10:18:30,435 INFO  ExportHelperExtension.cs: 1145 - Found 0 features of type [RefAxis] in kegoc_tab1-1
2025-07-08 10:18:30,436 INFO  ExportHelperExtension.cs: 1125 - Retrieving features of type [RefAxis] from remote_relay-1
2025-07-08 10:18:30,438 INFO  ExportHelperExtension.cs: 1136 - Found 28 in remote_relay-1
2025-07-08 10:18:30,440 INFO  ExportHelperExtension.cs: 1145 - Found 0 features of type [RefAxis] in remote_relay-1
2025-07-08 10:18:30,442 INFO  ExportHelperExtension.cs: 1125 - Retrieving features of type [RefAxis] from pi_hang_imu-1
2025-07-08 10:18:30,443 INFO  ExportHelperExtension.cs: 1136 - Found 33 in pi_hang_imu-1
2025-07-08 10:18:30,445 INFO  ExportHelperExtension.cs: 1145 - Found 4 features of type [RefAxis] in pi_hang_imu-1
2025-07-08 10:18:30,446 INFO  ExportHelperExtension.cs: 1125 - Retrieving features of type [RefAxis] from ??????? V-slot 20x40-1
2025-07-08 10:18:30,448 INFO  ExportHelperExtension.cs: 1136 - Found 30 in ??????? V-slot 20x40-1
2025-07-08 10:18:30,450 INFO  ExportHelperExtension.cs: 1145 - Found 0 features of type [RefAxis] in ??????? V-slot 20x40-1
2025-07-08 10:18:30,451 INFO  ExportHelperExtension.cs: 1125 - Retrieving features of type [RefAxis] from ??????? V-slot 20x40-3
2025-07-08 10:18:30,452 INFO  ExportHelperExtension.cs: 1136 - Found 30 in ??????? V-slot 20x40-3
2025-07-08 10:18:30,454 INFO  ExportHelperExtension.cs: 1145 - Found 0 features of type [RefAxis] in ??????? V-slot 20x40-3
2025-07-08 10:18:30,455 INFO  ExportHelperExtension.cs: 1125 - Retrieving features of type [RefAxis] from standoff_M2_20mm-1
2025-07-08 10:18:30,456 INFO  ExportHelperExtension.cs: 1136 - Found 31 in standoff_M2_20mm-1
2025-07-08 10:18:30,458 INFO  ExportHelperExtension.cs: 1145 - Found 0 features of type [RefAxis] in standoff_M2_20mm-1
2025-07-08 10:18:30,459 INFO  ExportHelperExtension.cs: 1125 - Retrieving features of type [RefAxis] from X3_Lidar-1
2025-07-08 10:18:30,460 INFO  ExportHelperExtension.cs: 1136 - Found 90 in X3_Lidar-1
2025-07-08 10:18:30,462 INFO  ExportHelperExtension.cs: 1145 - Found 0 features of type [RefAxis] in X3_Lidar-1
2025-07-08 10:18:30,463 INFO  ExportHelperExtension.cs: 1125 - Retrieving features of type [RefAxis] from cum_relay_my4n_4p-1
2025-07-08 10:18:30,464 INFO  ExportHelperExtension.cs: 1136 - Found 27 in cum_relay_my4n_4p-1
2025-07-08 10:18:30,466 INFO  ExportHelperExtension.cs: 1145 - Found 0 features of type [RefAxis] in cum_relay_my4n_4p-1
2025-07-08 10:18:30,467 INFO  ExportHelperExtension.cs: 1125 - Retrieving features of type [RefAxis] from motoredit-4
2025-07-08 10:18:30,469 INFO  ExportHelperExtension.cs: 1136 - Found 40 in motoredit-4
2025-07-08 10:18:30,470 INFO  ExportHelperExtension.cs: 1145 - Found 0 features of type [RefAxis] in motoredit-4
2025-07-08 10:18:30,471 INFO  ExportHelperExtension.cs: 1125 - Retrieving features of type [RefAxis] from standoff_M2_20mm-3
2025-07-08 10:18:30,473 INFO  ExportHelperExtension.cs: 1136 - Found 31 in standoff_M2_20mm-3
2025-07-08 10:18:30,475 INFO  ExportHelperExtension.cs: 1145 - Found 0 features of type [RefAxis] in standoff_M2_20mm-3
2025-07-08 10:18:30,476 INFO  ExportHelperExtension.cs: 1125 - Retrieving features of type [RefAxis] from lidar_pushup-3
2025-07-08 10:18:30,476 INFO  ExportHelperExtension.cs: 1136 - Found 34 in lidar_pushup-3
2025-07-08 10:18:30,478 INFO  ExportHelperExtension.cs: 1145 - Found 1 features of type [RefAxis] in lidar_pushup-3
2025-07-08 10:18:30,480 INFO  ExportHelperExtension.cs: 1125 - Retrieving features of type [RefAxis] from motoredit-3
2025-07-08 10:18:30,481 INFO  ExportHelperExtension.cs: 1136 - Found 40 in motoredit-3
2025-07-08 10:18:30,483 INFO  ExportHelperExtension.cs: 1145 - Found 0 features of type [RefAxis] in motoredit-3
2025-07-08 10:18:30,485 INFO  ExportHelperExtension.cs: 1125 - Retrieving features of type [RefAxis] from 20mm-8
2025-07-08 10:18:30,487 INFO  ExportHelperExtension.cs: 1136 - Found 40 in 20mm-8
2025-07-08 10:18:30,489 INFO  ExportHelperExtension.cs: 1145 - Found 0 features of type [RefAxis] in 20mm-8
2025-07-08 10:18:30,491 INFO  ExportHelperExtension.cs: 1125 - Retrieving features of type [RefAxis] from battery-1
2025-07-08 10:18:30,492 INFO  ExportHelperExtension.cs: 1136 - Found 26 in battery-1
2025-07-08 10:18:30,493 INFO  ExportHelperExtension.cs: 1145 - Found 0 features of type [RefAxis] in battery-1
2025-07-08 10:18:30,495 INFO  ExportHelperExtension.cs: 1125 - Retrieving features of type [RefAxis] from 36v_12v_converter-1
2025-07-08 10:18:30,497 INFO  ExportHelperExtension.cs: 1136 - Found 29 in 36v_12v_converter-1
2025-07-08 10:18:30,500 INFO  ExportHelperExtension.cs: 1145 - Found 0 features of type [RefAxis] in 36v_12v_converter-1
2025-07-08 10:18:30,501 INFO  ExportHelperExtension.cs: 1125 - Retrieving features of type [RefAxis] from cum_banh_xe_lon-3
2025-07-08 10:18:30,504 INFO  ExportHelperExtension.cs: 1136 - Found 27 in cum_banh_xe_lon-3
2025-07-08 10:18:30,506 INFO  ExportHelperExtension.cs: 1145 - Found 0 features of type [RefAxis] in cum_banh_xe_lon-3
2025-07-08 10:18:30,508 INFO  ExportHelperExtension.cs: 1125 - Retrieving features of type [RefAxis] from lidar_pushup-1
2025-07-08 10:18:30,509 INFO  ExportHelperExtension.cs: 1136 - Found 34 in lidar_pushup-1
2025-07-08 10:18:30,510 INFO  ExportHelperExtension.cs: 1145 - Found 1 features of type [RefAxis] in lidar_pushup-1
2025-07-08 10:18:30,512 INFO  ExportHelperExtension.cs: 1125 - Retrieving features of type [RefAxis] from standoff_M2_20mm-4
2025-07-08 10:18:30,514 INFO  ExportHelperExtension.cs: 1136 - Found 31 in standoff_M2_20mm-4
2025-07-08 10:18:30,516 INFO  ExportHelperExtension.cs: 1145 - Found 0 features of type [RefAxis] in standoff_M2_20mm-4
2025-07-08 10:18:30,518 INFO  ExportHelperExtension.cs: 1125 - Retrieving features of type [RefAxis] from 20mm-2
2025-07-08 10:18:30,519 INFO  ExportHelperExtension.cs: 1136 - Found 40 in 20mm-2
2025-07-08 10:18:30,521 INFO  ExportHelperExtension.cs: 1145 - Found 0 features of type [RefAxis] in 20mm-2
2025-07-08 10:18:30,522 INFO  ExportHelperExtension.cs: 1125 - Retrieving features of type [RefAxis] from standoff_M2_20mm-5
2025-07-08 10:18:30,524 INFO  ExportHelperExtension.cs: 1136 - Found 31 in standoff_M2_20mm-5
2025-07-08 10:18:30,526 INFO  ExportHelperExtension.cs: 1145 - Found 0 features of type [RefAxis] in standoff_M2_20mm-5
2025-07-08 10:18:30,527 INFO  ExportHelperExtension.cs: 1125 - Retrieving features of type [RefAxis] from motorAxis-1
2025-07-08 10:18:30,528 INFO  ExportHelperExtension.cs: 1136 - Found 30 in motorAxis-1
2025-07-08 10:18:30,530 INFO  ExportHelperExtension.cs: 1145 - Found 0 features of type [RefAxis] in motorAxis-1
2025-07-08 10:18:30,532 INFO  ExportHelperExtension.cs: 1125 - Retrieving features of type [RefAxis] from hoverboard_driver-1
2025-07-08 10:18:30,534 INFO  ExportHelperExtension.cs: 1136 - Found 25 in hoverboard_driver-1
2025-07-08 10:18:30,536 INFO  ExportHelperExtension.cs: 1145 - Found 0 features of type [RefAxis] in hoverboard_driver-1
2025-07-08 10:18:30,537 INFO  ExportHelperExtension.cs: 1125 - Retrieving features of type [RefAxis] from aluminium_base-1
2025-07-08 10:18:30,539 INFO  ExportHelperExtension.cs: 1136 - Found 35 in aluminium_base-1
2025-07-08 10:18:30,542 INFO  ExportHelperExtension.cs: 1145 - Found 0 features of type [RefAxis] in aluminium_base-1
2025-07-08 10:18:30,543 INFO  ExportHelperExtension.cs: 1125 - Retrieving features of type [RefAxis] from WEIDU TB25XX-1
2025-07-08 10:18:30,546 INFO  ExportHelperExtension.cs: 1136 - Found 101 in WEIDU TB25XX-1
2025-07-08 10:18:30,550 INFO  ExportHelperExtension.cs: 1145 - Found 0 features of type [RefAxis] in WEIDU TB25XX-1
2025-07-08 10:18:30,551 INFO  ExportHelperExtension.cs: 1125 - Retrieving features of type [RefAxis] from 20x20_aluminum_extrusion_profile 26cm-1
2025-07-08 10:18:30,554 INFO  ExportHelperExtension.cs: 1136 - Found 25 in 20x20_aluminum_extrusion_profile 26cm-1
2025-07-08 10:18:30,556 INFO  ExportHelperExtension.cs: 1145 - Found 0 features of type [RefAxis] in 20x20_aluminum_extrusion_profile 26cm-1
2025-07-08 10:18:30,557 INFO  ExportHelperExtension.cs: 1125 - Retrieving features of type [RefAxis] from 20mm-10
2025-07-08 10:18:30,558 INFO  ExportHelperExtension.cs: 1136 - Found 40 in 20mm-10
2025-07-08 10:18:30,560 INFO  ExportHelperExtension.cs: 1145 - Found 0 features of type [RefAxis] in 20mm-10
2025-07-08 10:18:30,562 INFO  ExportHelperExtension.cs: 1125 - Retrieving features of type [RefAxis] from cum_banh_xe_lon-5
2025-07-08 10:18:30,564 INFO  ExportHelperExtension.cs: 1136 - Found 27 in cum_banh_xe_lon-5
2025-07-08 10:18:30,566 INFO  ExportHelperExtension.cs: 1145 - Found 0 features of type [RefAxis] in cum_banh_xe_lon-5
2025-07-08 10:18:30,567 INFO  ExportHelperExtension.cs: 1125 - Retrieving features of type [RefAxis] from motorAxis-4
2025-07-08 10:18:30,568 INFO  ExportHelperExtension.cs: 1136 - Found 30 in motorAxis-4
2025-07-08 10:18:30,570 INFO  ExportHelperExtension.cs: 1145 - Found 0 features of type [RefAxis] in motorAxis-4
2025-07-08 10:18:30,571 INFO  ExportHelperExtension.cs: 1125 - Retrieving features of type [RefAxis] from 20mm-11
2025-07-08 10:18:30,572 INFO  ExportHelperExtension.cs: 1136 - Found 40 in 20mm-11
2025-07-08 10:18:30,573 INFO  ExportHelperExtension.cs: 1145 - Found 0 features of type [RefAxis] in 20mm-11
2025-07-08 10:18:30,575 INFO  ExportHelperExtension.cs: 1125 - Retrieving features of type [RefAxis] from cum_dahuong_truoc_sau-5
2025-07-08 10:18:30,576 INFO  ExportHelperExtension.cs: 1136 - Found 53 in cum_dahuong_truoc_sau-5
2025-07-08 10:18:30,578 INFO  ExportHelperExtension.cs: 1145 - Found 0 features of type [RefAxis] in cum_dahuong_truoc_sau-5
2025-07-08 10:18:30,580 INFO  ExportHelperExtension.cs: 1125 - Retrieving features of type [RefAxis] from matxeo1-1
2025-07-08 10:18:30,582 INFO  ExportHelperExtension.cs: 1136 - Found 27 in matxeo1-1
2025-07-08 10:18:30,586 INFO  ExportHelperExtension.cs: 1145 - Found 0 features of type [RefAxis] in matxeo1-1
2025-07-08 10:18:30,587 INFO  ExportHelperExtension.cs: 1125 - Retrieving features of type [RefAxis] from final kinect-1
2025-07-08 10:18:30,590 INFO  ExportHelperExtension.cs: 1136 - Found 27 in final kinect-1
2025-07-08 10:18:30,592 INFO  ExportHelperExtension.cs: 1145 - Found 0 features of type [RefAxis] in final kinect-1
2025-07-08 10:18:30,594 INFO  ExportHelperExtension.cs: 1125 - Retrieving features of type [RefAxis] from j1-2
2025-07-08 10:18:30,596 INFO  ExportHelperExtension.cs: 1136 - Found 32 in j1-2
2025-07-08 10:18:30,598 INFO  ExportHelperExtension.cs: 1145 - Found 0 features of type [RefAxis] in j1-2
2025-07-08 10:18:30,600 INFO  ExportHelperExtension.cs: 1125 - Retrieving features of type [RefAxis] from cover_up_v2-1
2025-07-08 10:18:30,602 INFO  ExportHelperExtension.cs: 1136 - Found 26 in cover_up_v2-1
2025-07-08 10:18:30,605 INFO  ExportHelperExtension.cs: 1145 - Found 0 features of type [RefAxis] in cover_up_v2-1
2025-07-08 10:18:30,606 INFO  ExportHelperExtension.cs: 1125 - Retrieving features of type [RefAxis] from cover_joint_v3.1.2-1
2025-07-08 10:18:30,608 INFO  ExportHelperExtension.cs: 1136 - Found 35 in cover_joint_v3.1.2-1
2025-07-08 10:18:30,611 INFO  ExportHelperExtension.cs: 1145 - Found 0 features of type [RefAxis] in cover_joint_v3.1.2-1
2025-07-08 10:18:30,613 INFO  ExportHelperExtension.cs: 1125 - Retrieving features of type [RefAxis] from alibaba-1
2025-07-08 10:18:30,615 INFO  ExportHelperExtension.cs: 1136 - Found 35 in alibaba-1
2025-07-08 10:18:30,618 INFO  ExportHelperExtension.cs: 1145 - Found 0 features of type [RefAxis] in alibaba-1
2025-07-08 10:18:30,631 INFO  ExportHelperExtension.cs: 1125 - Retrieving features of type [RefAxis] from che-1
2025-07-08 10:18:30,659 INFO  ExportHelperExtension.cs: 1136 - Found 25 in che-1
2025-07-08 10:18:30,662 INFO  ExportHelperExtension.cs: 1145 - Found 0 features of type [RefAxis] in che-1
2025-07-08 10:18:30,663 INFO  ExportHelperExtension.cs: 1125 - Retrieving features of type [RefAxis] from Stop Switch Push Button LAY37 (PBC)-3
2025-07-08 10:18:30,665 INFO  ExportHelperExtension.cs: 1136 - Found 63 in Stop Switch Push Button LAY37 (PBC)-3
2025-07-08 10:18:30,668 INFO  ExportHelperExtension.cs: 1145 - Found 0 features of type [RefAxis] in Stop Switch Push Button LAY37 (PBC)-3
2025-07-08 10:18:30,670 INFO  ExportHelperExtension.cs: 1125 - Retrieving features of type [RefAxis] from cover_up_v2_linh_mica-1
2025-07-08 10:18:30,672 INFO  ExportHelperExtension.cs: 1136 - Found 28 in cover_up_v2_linh_mica-1
2025-07-08 10:18:30,675 INFO  ExportHelperExtension.cs: 1145 - Found 0 features of type [RefAxis] in cover_up_v2_linh_mica-1
2025-07-08 10:18:30,676 INFO  ExportHelperExtension.cs: 1125 - Retrieving features of type [RefAxis] from che-2
2025-07-08 10:18:30,678 INFO  ExportHelperExtension.cs: 1136 - Found 25 in che-2
2025-07-08 10:18:30,679 INFO  ExportHelperExtension.cs: 1145 - Found 0 features of type [RefAxis] in che-2
2025-07-08 10:18:30,681 INFO  ExportHelperExtension.cs: 1125 - Retrieving features of type [RefAxis] from full_cover_v2-1
2025-07-08 10:18:30,683 INFO  ExportHelperExtension.cs: 1136 - Found 29 in full_cover_v2-1
2025-07-08 10:18:30,685 INFO  ExportHelperExtension.cs: 1145 - Found 0 features of type [RefAxis] in full_cover_v2-1
2025-07-08 10:18:30,686 INFO  ExportHelperExtension.cs: 1125 - Retrieving features of type [RefAxis] from cum_dahuong_truoc_sau-6
2025-07-08 10:18:30,687 INFO  ExportHelperExtension.cs: 1136 - Found 53 in cum_dahuong_truoc_sau-6
2025-07-08 10:18:30,689 INFO  ExportHelperExtension.cs: 1145 - Found 0 features of type [RefAxis] in cum_dahuong_truoc_sau-6
2025-07-08 10:18:30,691 INFO  ExportHelperExtension.cs: 1125 - Retrieving features of type [RefAxis] from Arcade Push button asm-2
2025-07-08 10:18:30,693 INFO  ExportHelperExtension.cs: 1136 - Found 56 in Arcade Push button asm-2
2025-07-08 10:18:30,695 INFO  ExportHelperExtension.cs: 1145 - Found 0 features of type [RefAxis] in Arcade Push button asm-2
2025-07-08 10:18:30,697 INFO  ExportHelperExtension.cs: 1125 - Retrieving features of type [RefAxis] from j1-1
2025-07-08 10:18:30,699 INFO  ExportHelperExtension.cs: 1136 - Found 32 in j1-1
2025-07-08 10:18:30,702 INFO  ExportHelperExtension.cs: 1145 - Found 0 features of type [RefAxis] in j1-1
2025-07-08 10:18:30,703 INFO  ExportHelperExtension.cs: 1125 - Retrieving features of type [RefAxis] from cover_up_v2_linh-1
2025-07-08 10:18:30,706 INFO  ExportHelperExtension.cs: 1136 - Found 26 in cover_up_v2_linh-1
2025-07-08 10:18:30,708 INFO  ExportHelperExtension.cs: 1145 - Found 0 features of type [RefAxis] in cover_up_v2_linh-1
2025-07-08 10:18:30,709 INFO  ExportHelperExtension.cs: 1125 - Retrieving features of type [RefAxis] from che-3
2025-07-08 10:18:30,711 INFO  ExportHelperExtension.cs: 1136 - Found 25 in che-3
2025-07-08 10:18:30,713 INFO  ExportHelperExtension.cs: 1145 - Found 0 features of type [RefAxis] in che-3
2025-07-08 10:18:30,814 INFO  ExportPropertyManager.cs: 1142 - AfterClose called. This method no longer throws an Exception. It just silently does nothing. Ok, except for this logging message
2025-07-08 10:19:25,475 INFO  AssemblyExportForm.cs: 253 - Completing URDF export
2025-07-08 10:19:25,484 INFO  ConfigurationSerialization.cs: 276 - URDF Configuration found
<Link z:Id="i1" xmlns="http://schemas.datacontract.org/2004/07/SW2URDF" xmlns:i="http://www.w3.org/2001/XMLSchema-instance" xmlns:z="http://schemas.microsoft.com/2003/10/Serialization/"><Attributes><Attribute z:Id="i2"><AttributeType>name</AttributeType><IsRequired>true</IsRequired><Value i:type="a:string" xmlns:a="http://www.w3.org/2001/XMLSchema">base_link</Value></Attribute></Attributes><ChildElements><URDFElement z:Id="i3" i:type="Inertial"><Attributes/><ChildElements><URDFElement z:Id="i4" i:type="Origin"><Attributes><Attribute z:Id="i5"><AttributeType>xyz</AttributeType><IsRequired>true</IsRequired><Value i:type="a:ArrayOfdouble" xmlns:a="http://schemas.microsoft.com/2003/10/Serialization/Arrays"><a:double>0.028369667828340384</a:double><a:double>-0.0053387669522434456</a:double><a:double>0.070976161328202669</a:double></Value></Attribute><Attribute z:Id="i6"><AttributeType>rpy</AttributeType><IsRequired>true</IsRequired><Value i:type="a:ArrayOfdouble" xmlns:a="http://schemas.microsoft.com/2003/10/Serialization/Arrays"><a:double>0</a:double><a:double>0</a:double><a:double>0</a:double></Value></Attribute></Attributes><ChildElements/><ElementName>origin</ElementName><required>false</required><RPYAttribute z:Ref="i6"/><XYZAttribute z:Ref="i5"/><isCustomized>false</isCustomized></URDFElement><URDFElement z:Id="i7" i:type="Mass"><Attributes><Attribute z:Id="i8"><AttributeType>value</AttributeType><IsRequired>true</IsRequired><Value i:type="a:double" xmlns:a="http://www.w3.org/2001/XMLSchema">9.3961906865866069</Value></Attribute></Attributes><ChildElements/><ElementName>mass</ElementName><required>false</required><ValueAttribute z:Ref="i8"/></URDFElement><URDFElement z:Id="i9" i:type="Inertia"><Attributes><Attribute z:Id="i10"><AttributeType>ixx</AttributeType><IsRequired>true</IsRequired><Value i:type="a:double" xmlns:a="http://www.w3.org/2001/XMLSchema">0.037750785721450249</Value></Attribute><Attribute z:Id="i11"><AttributeType>ixy</AttributeType><IsRequired>true</IsRequired><Value i:type="a:double" xmlns:a="http://www.w3.org/2001/XMLSchema">-0.00025260952951413994</Value></Attribute><Attribute z:Id="i12"><AttributeType>ixz</AttributeType><IsRequired>true</IsRequired><Value i:type="a:double" xmlns:a="http://www.w3.org/2001/XMLSchema">0.0004724451250570649</Value></Attribute><Attribute z:Id="i13"><AttributeType>iyy</AttributeType><IsRequired>true</IsRequired><Value i:type="a:double" xmlns:a="http://www.w3.org/2001/XMLSchema">0.059669282857082583</Value></Attribute><Attribute z:Id="i14"><AttributeType>iyz</AttributeType><IsRequired>true</IsRequired><Value i:type="a:double" xmlns:a="http://www.w3.org/2001/XMLSchema">-6.2380513801139647E-07</Value></Attribute><Attribute z:Id="i15"><AttributeType>izz</AttributeType><IsRequired>true</IsRequired><Value i:type="a:double" xmlns:a="http://www.w3.org/2001/XMLSchema">0.074553113262024712</Value></Attribute></Attributes><ChildElements/><ElementName>inertia</ElementName><required>false</required><IxxAttribute z:Ref="i10"/><IxyAttribute z:Ref="i11"/><IxzAttribute z:Ref="i12"/><IyyAttribute z:Ref="i13"/><IyzAttribute z:Ref="i14"/><IzzAttribute z:Ref="i15"/></URDFElement></ChildElements><ElementName>inertial</ElementName><required>false</required><Inertia z:Ref="i9"/><Mass z:Ref="i7"/><Origin z:Ref="i4"/></URDFElement><URDFElement z:Id="i16" i:type="Visual"><Attributes/><ChildElements><URDFElement z:Id="i17" i:type="Origin"><Attributes><Attribute z:Id="i18"><AttributeType>xyz</AttributeType><IsRequired>true</IsRequired><Value i:type="a:ArrayOfdouble" xmlns:a="http://schemas.microsoft.com/2003/10/Serialization/Arrays"><a:double>0</a:double><a:double>0</a:double><a:double>0</a:double></Value></Attribute><Attribute z:Id="i19"><AttributeType>rpy</AttributeType><IsRequired>true</IsRequired><Value i:type="a:ArrayOfdouble" xmlns:a="http://schemas.microsoft.com/2003/10/Serialization/Arrays"><a:double>0</a:double><a:double>0</a:double><a:double>0</a:double></Value></Attribute></Attributes><ChildElements/><ElementName>origin</ElementName><required>false</required><RPYAttribute z:Ref="i19"/><XYZAttribute z:Ref="i18"/><isCustomized>false</isCustomized></URDFElement><URDFElement z:Id="i20" i:type="Geometry"><Attributes/><ChildElements><URDFElement z:Id="i21" i:type="Mesh"><Attributes><Attribute z:Id="i22"><AttributeType>filename</AttributeType><IsRequired>true</IsRequired><Value i:nil="true"/></Attribute></Attributes><ChildElements/><ElementName>mesh</ElementName><required>false</required><FilenameAttribute z:Ref="i22"/></URDFElement></ChildElements><ElementName>geometry</ElementName><required>true</required><Mesh z:Ref="i21"/></URDFElement><URDFElement z:Id="i23" i:type="Material"><Attributes><Attribute z:Id="i24"><AttributeType>name</AttributeType><IsRequired>true</IsRequired><Value i:type="a:string" xmlns:a="http://www.w3.org/2001/XMLSchema"/></Attribute></Attributes><ChildElements><URDFElement z:Id="i25" i:type="Color"><Attributes><Attribute z:Id="i26"><AttributeType>rgba</AttributeType><IsRequired>true</IsRequired><Value i:type="a:ArrayOfdouble" xmlns:a="http://schemas.microsoft.com/2003/10/Serialization/Arrays"><a:double>0.75294117647058822</a:double><a:double>0.75294117647058822</a:double><a:double>0.75294117647058822</a:double><a:double>1</a:double></Value></Attribute></Attributes><ChildElements/><ElementName>color</ElementName><required>false</required><RGBAAttribute z:Ref="i26"/></URDFElement><URDFElement z:Id="i27" i:type="Texture"><Attributes><Attribute z:Id="i28"><AttributeType>filename</AttributeType><IsRequired>true</IsRequired><Value i:nil="true"/></Attribute></Attributes><ChildElements/><ElementName>texture</ElementName><required>false</required><FilenameAttribute z:Ref="i28"/><wFilename/></URDFElement></ChildElements><ElementName>material</ElementName><required>false</required><Color z:Ref="i25"/><NameAttribute z:Ref="i24"/><Texture z:Ref="i27"/></URDFElement></ChildElements><ElementName>visual</ElementName><required>false</required><Geometry z:Ref="i20"/><Material z:Ref="i23"/><Origin z:Ref="i17"/></URDFElement><URDFElement z:Id="i29" i:type="Collision"><Attributes/><ChildElements><URDFElement z:Id="i30" i:type="Origin"><Attributes><Attribute z:Id="i31"><AttributeType>xyz</AttributeType><IsRequired>true</IsRequired><Value i:type="a:ArrayOfdouble" xmlns:a="http://schemas.microsoft.com/2003/10/Serialization/Arrays"><a:double>0</a:double><a:double>0</a:double><a:double>0</a:double></Value></Attribute><Attribute z:Id="i32"><AttributeType>rpy</AttributeType><IsRequired>true</IsRequired><Value i:type="a:ArrayOfdouble" xmlns:a="http://schemas.microsoft.com/2003/10/Serialization/Arrays"><a:double>0</a:double><a:double>0</a:double><a:double>0</a:double></Value></Attribute></Attributes><ChildElements/><ElementName>origin</ElementName><required>false</required><RPYAttribute z:Ref="i32"/><XYZAttribute z:Ref="i31"/><isCustomized>false</isCustomized></URDFElement><URDFElement z:Id="i33" i:type="Geometry"><Attributes/><ChildElements><URDFElement z:Id="i34" i:type="Mesh"><Attributes><Attribute z:Id="i35"><AttributeType>filename</AttributeType><IsRequired>true</IsRequired><Value i:nil="true"/></Attribute></Attributes><ChildElements/><ElementName>mesh</ElementName><required>false</required><FilenameAttribute z:Ref="i35"/></URDFElement></ChildElements><ElementName>geometry</ElementName><required>true</required><Mesh z:Ref="i34"/></URDFElement></ChildElements><ElementName>collision</ElementName><required>false</required><Geometry z:Ref="i33"/><Origin z:Ref="i30"/></URDFElement><URDFElement z:Id="i36" i:type="Joint"><Attributes><Attribute z:Id="i37"><AttributeType>name</AttributeType><IsRequired>true</IsRequired><Value i:type="a:string" xmlns:a="http://www.w3.org/2001/XMLSchema"/></Attribute><Attribute z:Id="i38"><AttributeType>type</AttributeType><IsRequired>true</IsRequired><Value i:type="a:string" xmlns:a="http://www.w3.org/2001/XMLSchema"/></Attribute></Attributes><ChildElements><URDFElement z:Id="i39" i:type="Origin"><Attributes><Attribute z:Id="i40"><AttributeType>xyz</AttributeType><IsRequired>true</IsRequired><Value i:type="a:ArrayOfdouble" xmlns:a="http://schemas.microsoft.com/2003/10/Serialization/Arrays"><a:double>0</a:double><a:double>0</a:double><a:double>0</a:double></Value></Attribute><Attribute z:Id="i41"><AttributeType>rpy</AttributeType><IsRequired>true</IsRequired><Value i:type="a:ArrayOfdouble" xmlns:a="http://schemas.microsoft.com/2003/10/Serialization/Arrays"><a:double>0</a:double><a:double>0</a:double><a:double>0</a:double></Value></Attribute></Attributes><ChildElements/><ElementName>origin</ElementName><required>false</required><RPYAttribute z:Ref="i41"/><XYZAttribute z:Ref="i40"/><isCustomized>false</isCustomized></URDFElement><URDFElement z:Id="i42" i:type="ParentLink"><Attributes><Attribute z:Id="i43"><AttributeType>link</AttributeType><IsRequired>true</IsRequired><Value i:type="a:string" xmlns:a="http://www.w3.org/2001/XMLSchema"/></Attribute></Attributes><ChildElements/><ElementName>parent</ElementName><required>true</required><NameAttribute z:Ref="i43"/></URDFElement><URDFElement z:Id="i44" i:type="ChildLink"><Attributes><Attribute z:Id="i45"><AttributeType>link</AttributeType><IsRequired>true</IsRequired><Value i:type="a:string" xmlns:a="http://www.w3.org/2001/XMLSchema"/></Attribute></Attributes><ChildElements/><ElementName>child</ElementName><required>true</required><NameAttribute z:Ref="i45"/></URDFElement><URDFElement z:Id="i46" i:type="Axis"><Attributes><Attribute z:Id="i47"><AttributeType>xyz</AttributeType><IsRequired>true</IsRequired><Value i:type="a:ArrayOfdouble" xmlns:a="http://schemas.microsoft.com/2003/10/Serialization/Arrays"><a:double>0</a:double><a:double>0</a:double><a:double>0</a:double></Value></Attribute></Attributes><ChildElements/><ElementName>axis</ElementName><required>false</required><XYZAttribute z:Ref="i47"/></URDFElement><URDFElement z:Id="i48" i:type="Limit"><Attributes><Attribute z:Id="i49"><AttributeType>lower</AttributeType><IsRequired>false</IsRequired><Value i:nil="true"/></Attribute><Attribute z:Id="i50"><AttributeType>upper</AttributeType><IsRequired>false</IsRequired><Value i:nil="true"/></Attribute><Attribute z:Id="i51"><AttributeType>effort</AttributeType><IsRequired>true</IsRequired><Value i:nil="true"/></Attribute><Attribute z:Id="i52"><AttributeType>velocity</AttributeType><IsRequired>true</IsRequired><Value i:nil="true"/></Attribute></Attributes><ChildElements/><ElementName>limit</ElementName><required>false</required><EffortAttribute z:Ref="i51"/><LowerAttribute z:Ref="i49"/><UpperAttribute z:Ref="i50"/><VelocityAttribute z:Ref="i52"/></URDFElement><URDFElement z:Id="i53" i:type="Calibration"><Attributes><Attribute z:Id="i54"><AttributeType>rising</AttributeType><IsRequired>false</IsRequired><Value i:nil="true"/></Attribute><Attribute z:Id="i55"><AttributeType>falling</AttributeType><IsRequired>false</IsRequired><Value i:nil="true"/></Attribute></Attributes><ChildElements/><ElementName>calibration</ElementName><required>false</required><FallingAttribute z:Ref="i55"/><RisingAttribute z:Ref="i54"/></URDFElement><URDFElement z:Id="i56" i:type="Dynamics"><Attributes><Attribute z:Id="i57"><AttributeType>damping</AttributeType><IsRequired>false</IsRequired><Value i:nil="true"/></Attribute><Attribute z:Id="i58"><AttributeType>friction</AttributeType><IsRequired>false</IsRequired><Value i:nil="true"/></Attribute></Attributes><ChildElements/><ElementName>dynamics</ElementName><required>false</required><DampingAttribute z:Ref="i57"/><FrictionAttribute z:Ref="i58"/></URDFElement><URDFElement z:Id="i59" i:type="SafetyController"><Attributes><Attribute z:Id="i60"><AttributeType>soft_upper_limit</AttributeType><IsRequired>false</IsRequired><Value i:nil="true"/></Attribute><Attribute z:Id="i61"><AttributeType>soft_lower_limit</AttributeType><IsRequired>false</IsRequired><Value i:nil="true"/></Attribute><Attribute z:Id="i62"><AttributeType>k_position</AttributeType><IsRequired>false</IsRequired><Value i:nil="true"/></Attribute><Attribute z:Id="i63"><AttributeType>k_velocity</AttributeType><IsRequired>true</IsRequired><Value i:nil="true"/></Attribute></Attributes><ChildElements/><ElementName>safety_controller</ElementName><required>false</required><KPositionAttribute z:Ref="i62"/><KVelocityAttribute z:Ref="i63"/><SoftLowerAttribute z:Ref="i61"/><SoftUpperAttribute z:Ref="i60"/></URDFElement><URDFElement z:Id="i64" i:type="Mimic"><Attributes><Attribute z:Id="i65"><AttributeType>joint</AttributeType><IsRequired>true</IsRequired><Value i:nil="true"/></Attribute><Attribute z:Id="i66"><AttributeType>multiplier</AttributeType><IsRequired>false</IsRequired><Value i:nil="true"/></Attribute><Attribute z:Id="i67"><AttributeType>offset</AttributeType><IsRequired>false</IsRequired><Value i:nil="true"/></Attribute></Attributes><ChildElements/><ElementName>mimic</ElementName><required>false</required><JointNameAttribute z:Ref="i65"/><MultiplierAttribute z:Ref="i66"/><OffsetAttribute z:Ref="i67"/></URDFElement></ChildElements><ElementName>joint</ElementName><required>false</required><Axis z:Ref="i46"/><AxisName/><Calibration z:Ref="i53"/><Child z:Ref="i44"/><CoordinateSystemName>Coordinate System1</CoordinateSystemName><Dynamics z:Ref="i56"/><Limit z:Ref="i48"/><Mimic z:Ref="i64"/><NameAttribute z:Ref="i37"/><Origin z:Ref="i39"/><Parent z:Ref="i42"/><Safety z:Ref="i59"/><TypeAttribute z:Ref="i38"/></URDFElement></ChildElements><ElementName>link</ElementName><required>true</required><Children><Link z:Id="i68"><Attributes><Attribute z:Id="i69"><AttributeType>name</AttributeType><IsRequired>true</IsRequired><Value i:type="a:string" xmlns:a="http://www.w3.org/2001/XMLSchema">lidar_link</Value></Attribute></Attributes><ChildElements><URDFElement z:Id="i70" i:type="Inertial"><Attributes/><ChildElements><URDFElement z:Id="i71" i:type="Origin"><Attributes><Attribute z:Id="i72"><AttributeType>xyz</AttributeType><IsRequired>true</IsRequired><Value i:type="a:ArrayOfdouble" xmlns:a="http://schemas.microsoft.com/2003/10/Serialization/Arrays"><a:double>0.014838317136635526</a:double><a:double>0.00044768343093826157</a:double><a:double>-0.021153620820684838</a:double></Value></Attribute><Attribute z:Id="i73"><AttributeType>rpy</AttributeType><IsRequired>true</IsRequired><Value i:type="a:ArrayOfdouble" xmlns:a="http://schemas.microsoft.com/2003/10/Serialization/Arrays"><a:double>0</a:double><a:double>0</a:double><a:double>0</a:double></Value></Attribute></Attributes><ChildElements/><ElementName>origin</ElementName><required>false</required><RPYAttribute z:Ref="i73"/><XYZAttribute z:Ref="i72"/><isCustomized>false</isCustomized></URDFElement><URDFElement z:Id="i74" i:type="Mass"><Attributes><Attribute z:Id="i75"><AttributeType>value</AttributeType><IsRequired>true</IsRequired><Value i:type="a:double" xmlns:a="http://www.w3.org/2001/XMLSchema">0.031240912740647685</Value></Attribute></Attributes><ChildElements/><ElementName>mass</ElementName><required>false</required><ValueAttribute z:Ref="i75"/></URDFElement><URDFElement z:Id="i76" i:type="Inertia"><Attributes><Attribute z:Id="i77"><AttributeType>ixx</AttributeType><IsRequired>true</IsRequired><Value i:type="a:double" xmlns:a="http://www.w3.org/2001/XMLSchema">8.8802637081098885E-06</Value></Attribute><Attribute z:Id="i78"><AttributeType>ixy</AttributeType><IsRequired>true</IsRequired><Value i:type="a:double" xmlns:a="http://www.w3.org/2001/XMLSchema">-1.776644943302935E-07</Value></Attribute><Attribute z:Id="i79"><AttributeType>ixz</AttributeType><IsRequired>true</IsRequired><Value i:type="a:double" xmlns:a="http://www.w3.org/2001/XMLSchema">1.1302767991707971E-07</Value></Attribute><Attribute z:Id="i80"><AttributeType>iyy</AttributeType><IsRequired>true</IsRequired><Value i:type="a:double" xmlns:a="http://www.w3.org/2001/XMLSchema">1.4491001820543361E-05</Value></Attribute><Attribute z:Id="i81"><AttributeType>iyz</AttributeType><IsRequired>true</IsRequired><Value i:type="a:double" xmlns:a="http://www.w3.org/2001/XMLSchema">3.4607611499614985E-08</Value></Attribute><Attribute z:Id="i82"><AttributeType>izz</AttributeType><IsRequired>true</IsRequired><Value i:type="a:double" xmlns:a="http://www.w3.org/2001/XMLSchema">2.2528909952026854E-05</Value></Attribute></Attributes><ChildElements/><ElementName>inertia</ElementName><required>false</required><IxxAttribute z:Ref="i77"/><IxyAttribute z:Ref="i78"/><IxzAttribute z:Ref="i79"/><IyyAttribute z:Ref="i80"/><IyzAttribute z:Ref="i81"/><IzzAttribute z:Ref="i82"/></URDFElement></ChildElements><ElementName>inertial</ElementName><required>false</required><Inertia z:Ref="i76"/><Mass z:Ref="i74"/><Origin z:Ref="i71"/></URDFElement><URDFElement z:Id="i83" i:type="Visual"><Attributes/><ChildElements><URDFElement z:Id="i84" i:type="Origin"><Attributes><Attribute z:Id="i85"><AttributeType>xyz</AttributeType><IsRequired>true</IsRequired><Value i:type="a:ArrayOfdouble" xmlns:a="http://schemas.microsoft.com/2003/10/Serialization/Arrays"><a:double>0</a:double><a:double>0</a:double><a:double>0</a:double></Value></Attribute><Attribute z:Id="i86"><AttributeType>rpy</AttributeType><IsRequired>true</IsRequired><Value i:type="a:ArrayOfdouble" xmlns:a="http://schemas.microsoft.com/2003/10/Serialization/Arrays"><a:double>0</a:double><a:double>0</a:double><a:double>0</a:double></Value></Attribute></Attributes><ChildElements/><ElementName>origin</ElementName><required>false</required><RPYAttribute z:Ref="i86"/><XYZAttribute z:Ref="i85"/><isCustomized>false</isCustomized></URDFElement><URDFElement z:Id="i87" i:type="Geometry"><Attributes/><ChildElements><URDFElement z:Id="i88" i:type="Mesh"><Attributes><Attribute z:Id="i89"><AttributeType>filename</AttributeType><IsRequired>true</IsRequired><Value i:nil="true"/></Attribute></Attributes><ChildElements/><ElementName>mesh</ElementName><required>false</required><FilenameAttribute z:Ref="i89"/></URDFElement></ChildElements><ElementName>geometry</ElementName><required>true</required><Mesh z:Ref="i88"/></URDFElement><URDFElement z:Id="i90" i:type="Material"><Attributes><Attribute z:Id="i91"><AttributeType>name</AttributeType><IsRequired>true</IsRequired><Value i:type="a:string" xmlns:a="http://www.w3.org/2001/XMLSchema"/></Attribute></Attributes><ChildElements><URDFElement z:Id="i92" i:type="Color"><Attributes><Attribute z:Id="i93"><AttributeType>rgba</AttributeType><IsRequired>true</IsRequired><Value i:type="a:ArrayOfdouble" xmlns:a="http://schemas.microsoft.com/2003/10/Serialization/Arrays"><a:double>0.792156862745098</a:double><a:double>0.81960784313725488</a:double><a:double>0.93333333333333335</a:double><a:double>1</a:double></Value></Attribute></Attributes><ChildElements/><ElementName>color</ElementName><required>false</required><RGBAAttribute z:Ref="i93"/></URDFElement><URDFElement z:Id="i94" i:type="Texture"><Attributes><Attribute z:Id="i95"><AttributeType>filename</AttributeType><IsRequired>true</IsRequired><Value i:nil="true"/></Attribute></Attributes><ChildElements/><ElementName>texture</ElementName><required>false</required><FilenameAttribute z:Ref="i95"/><wFilename/></URDFElement></ChildElements><ElementName>material</ElementName><required>false</required><Color z:Ref="i92"/><NameAttribute z:Ref="i91"/><Texture z:Ref="i94"/></URDFElement></ChildElements><ElementName>visual</ElementName><required>false</required><Geometry z:Ref="i87"/><Material z:Ref="i90"/><Origin z:Ref="i84"/></URDFElement><URDFElement z:Id="i96" i:type="Collision"><Attributes/><ChildElements><URDFElement z:Id="i97" i:type="Origin"><Attributes><Attribute z:Id="i98"><AttributeType>xyz</AttributeType><IsRequired>true</IsRequired><Value i:type="a:ArrayOfdouble" xmlns:a="http://schemas.microsoft.com/2003/10/Serialization/Arrays"><a:double>0</a:double><a:double>0</a:double><a:double>0</a:double></Value></Attribute><Attribute z:Id="i99"><AttributeType>rpy</AttributeType><IsRequired>true</IsRequired><Value i:type="a:ArrayOfdouble" xmlns:a="http://schemas.microsoft.com/2003/10/Serialization/Arrays"><a:double>0</a:double><a:double>0</a:double><a:double>0</a:double></Value></Attribute></Attributes><ChildElements/><ElementName>origin</ElementName><required>false</required><RPYAttribute z:Ref="i99"/><XYZAttribute z:Ref="i98"/><isCustomized>false</isCustomized></URDFElement><URDFElement z:Id="i100" i:type="Geometry"><Attributes/><ChildElements><URDFElement z:Id="i101" i:type="Mesh"><Attributes><Attribute z:Id="i102"><AttributeType>filename</AttributeType><IsRequired>true</IsRequired><Value i:nil="true"/></Attribute></Attributes><ChildElements/><ElementName>mesh</ElementName><required>false</required><FilenameAttribute z:Ref="i102"/></URDFElement></ChildElements><ElementName>geometry</ElementName><required>true</required><Mesh z:Ref="i101"/></URDFElement></ChildElements><ElementName>collision</ElementName><required>false</required><Geometry z:Ref="i100"/><Origin z:Ref="i97"/></URDFElement><URDFElement z:Id="i103" i:type="Joint"><Attributes><Attribute z:Id="i104"><AttributeType>name</AttributeType><IsRequired>true</IsRequired><Value i:type="a:string" xmlns:a="http://www.w3.org/2001/XMLSchema">lidar</Value></Attribute><Attribute z:Id="i105"><AttributeType>type</AttributeType><IsRequired>true</IsRequired><Value i:type="a:string" xmlns:a="http://www.w3.org/2001/XMLSchema">fixed</Value></Attribute></Attributes><ChildElements><URDFElement z:Id="i106" i:type="Origin"><Attributes><Attribute z:Id="i107"><AttributeType>xyz</AttributeType><IsRequired>true</IsRequired><Value i:type="a:ArrayOfdouble" xmlns:a="http://schemas.microsoft.com/2003/10/Serialization/Arrays"><a:double>0.15566672564358219</a:double><a:double>0.0011277706563345147</a:double><a:double>0.14609999999809897</a:double></Value></Attribute><Attribute z:Id="i108"><AttributeType>rpy</AttributeType><IsRequired>true</IsRequired><Value i:type="a:ArrayOfdouble" xmlns:a="http://schemas.microsoft.com/2003/10/Serialization/Arrays"><a:double>0</a:double><a:double>0</a:double><a:double>0</a:double></Value></Attribute></Attributes><ChildElements/><ElementName>origin</ElementName><required>false</required><RPYAttribute z:Ref="i108"/><XYZAttribute z:Ref="i107"/><isCustomized>false</isCustomized></URDFElement><URDFElement z:Id="i109" i:type="ParentLink"><Attributes><Attribute z:Id="i110"><AttributeType>link</AttributeType><IsRequired>true</IsRequired><Value i:type="a:string" xmlns:a="http://www.w3.org/2001/XMLSchema">base_link</Value></Attribute></Attributes><ChildElements/><ElementName>parent</ElementName><required>true</required><NameAttribute z:Ref="i110"/></URDFElement><URDFElement z:Id="i111" i:type="ChildLink"><Attributes><Attribute z:Id="i112"><AttributeType>link</AttributeType><IsRequired>true</IsRequired><Value i:type="a:string" xmlns:a="http://www.w3.org/2001/XMLSchema">lidar_link</Value></Attribute></Attributes><ChildElements/><ElementName>child</ElementName><required>true</required><NameAttribute z:Ref="i112"/></URDFElement><URDFElement z:Id="i113" i:type="Axis"><Attributes><Attribute z:Id="i114"><AttributeType>xyz</AttributeType><IsRequired>true</IsRequired><Value i:type="a:ArrayOfdouble" xmlns:a="http://schemas.microsoft.com/2003/10/Serialization/Arrays"><a:double>0</a:double><a:double>0</a:double><a:double>0</a:double></Value></Attribute></Attributes><ChildElements/><ElementName>axis</ElementName><required>false</required><XYZAttribute z:Ref="i114"/></URDFElement><URDFElement z:Id="i115" i:type="Limit"><Attributes><Attribute z:Id="i116"><AttributeType>lower</AttributeType><IsRequired>false</IsRequired><Value i:nil="true"/></Attribute><Attribute z:Id="i117"><AttributeType>upper</AttributeType><IsRequired>false</IsRequired><Value i:nil="true"/></Attribute><Attribute z:Id="i118"><AttributeType>effort</AttributeType><IsRequired>true</IsRequired><Value i:nil="true"/></Attribute><Attribute z:Id="i119"><AttributeType>velocity</AttributeType><IsRequired>true</IsRequired><Value i:nil="true"/></Attribute></Attributes><ChildElements/><ElementName>limit</ElementName><required>false</required><EffortAttribute z:Ref="i118"/><LowerAttribute z:Ref="i116"/><UpperAttribute z:Ref="i117"/><VelocityAttribute z:Ref="i119"/></URDFElement><URDFElement z:Id="i120" i:type="Calibration"><Attributes><Attribute z:Id="i121"><AttributeType>rising</AttributeType><IsRequired>false</IsRequired><Value i:nil="true"/></Attribute><Attribute z:Id="i122"><AttributeType>falling</AttributeType><IsRequired>false</IsRequired><Value i:nil="true"/></Attribute></Attributes><ChildElements/><ElementName>calibration</ElementName><required>false</required><FallingAttribute z:Ref="i122"/><RisingAttribute z:Ref="i121"/></URDFElement><URDFElement z:Id="i123" i:type="Dynamics"><Attributes><Attribute z:Id="i124"><AttributeType>damping</AttributeType><IsRequired>false</IsRequired><Value i:nil="true"/></Attribute><Attribute z:Id="i125"><AttributeType>friction</AttributeType><IsRequired>false</IsRequired><Value i:nil="true"/></Attribute></Attributes><ChildElements/><ElementName>dynamics</ElementName><required>false</required><DampingAttribute z:Ref="i124"/><FrictionAttribute z:Ref="i125"/></URDFElement><URDFElement z:Id="i126" i:type="SafetyController"><Attributes><Attribute z:Id="i127"><AttributeType>soft_upper_limit</AttributeType><IsRequired>false</IsRequired><Value i:nil="true"/></Attribute><Attribute z:Id="i128"><AttributeType>soft_lower_limit</AttributeType><IsRequired>false</IsRequired><Value i:nil="true"/></Attribute><Attribute z:Id="i129"><AttributeType>k_position</AttributeType><IsRequired>false</IsRequired><Value i:nil="true"/></Attribute><Attribute z:Id="i130"><AttributeType>k_velocity</AttributeType><IsRequired>true</IsRequired><Value i:nil="true"/></Attribute></Attributes><ChildElements/><ElementName>safety_controller</ElementName><required>false</required><KPositionAttribute z:Ref="i129"/><KVelocityAttribute z:Ref="i130"/><SoftLowerAttribute z:Ref="i128"/><SoftUpperAttribute z:Ref="i127"/></URDFElement><URDFElement z:Id="i131" i:type="Mimic"><Attributes><Attribute z:Id="i132"><AttributeType>joint</AttributeType><IsRequired>true</IsRequired><Value i:nil="true"/></Attribute><Attribute z:Id="i133"><AttributeType>multiplier</AttributeType><IsRequired>false</IsRequired><Value i:nil="true"/></Attribute><Attribute z:Id="i134"><AttributeType>offset</AttributeType><IsRequired>false</IsRequired><Value i:nil="true"/></Attribute></Attributes><ChildElements/><ElementName>mimic</ElementName><required>false</required><JointNameAttribute z:Ref="i132"/><MultiplierAttribute z:Ref="i133"/><OffsetAttribute z:Ref="i134"/></URDFElement></ChildElements><ElementName>joint</ElementName><required>false</required><Axis z:Ref="i113"/><AxisName>Automatically Generate</AxisName><Calibration z:Ref="i120"/><Child z:Ref="i111"/><CoordinateSystemName>Coordinate System2</CoordinateSystemName><Dynamics z:Ref="i123"/><Limit z:Ref="i115"/><Mimic z:Ref="i131"/><NameAttribute z:Ref="i104"/><Origin z:Ref="i106"/><Parent z:Ref="i109"/><Safety z:Ref="i126"/><TypeAttribute z:Ref="i105"/></URDFElement></ChildElements><ElementName>link</ElementName><required>true</required><Children/><Collision z:Ref="i96"/><Inertial z:Ref="i70"/><Joint z:Ref="i103"/><NameAttribute z:Ref="i69"/><Parent z:Ref="i1"/><STLQualityFine>false</STLQualityFine><SWComponentPIDs xmlns:a="http://schemas.microsoft.com/2003/10/Serialization/Arrays"><a:base64Binary>aEIAAAUAAAD//v8fWAAzAF8ATABpAGQAYQByAC0AMQBAAHIAbwBiAG8AVgAzACgAdQByAGQAZgBfAGMAaABhAG4AZwBlAGQAKQAEAAAAEAAAAAEAAAABAAAAiwQAAA==</a:base64Binary></SWComponentPIDs><SWMainComponentPID i:nil="true"/><Visual z:Ref="i83"/><isFixedFrame>false</isFixedFrame><isIncomplete>false</isIncomplete></Link><Link z:Id="i135"><Attributes><Attribute z:Id="i136"><AttributeType>name</AttributeType><IsRequired>true</IsRequired><Value i:type="a:string" xmlns:a="http://www.w3.org/2001/XMLSchema">imu_link</Value></Attribute></Attributes><ChildElements><URDFElement z:Id="i137" i:type="Inertial"><Attributes/><ChildElements><URDFElement z:Id="i138" i:type="Origin"><Attributes><Attribute z:Id="i139"><AttributeType>xyz</AttributeType><IsRequired>true</IsRequired><Value i:type="a:ArrayOfdouble" xmlns:a="http://schemas.microsoft.com/2003/10/Serialization/Arrays"><a:double>-0.012652845066860929</a:double><a:double>-0.012693666024006678</a:double><a:double>-0.00550000000000006</a:double></Value></Attribute><Attribute z:Id="i140"><AttributeType>rpy</AttributeType><IsRequired>true</IsRequired><Value i:type="a:ArrayOfdouble" xmlns:a="http://schemas.microsoft.com/2003/10/Serialization/Arrays"><a:double>0</a:double><a:double>0</a:double><a:double>0</a:double></Value></Attribute></Attributes><ChildElements/><ElementName>origin</ElementName><required>false</required><RPYAttribute z:Ref="i140"/><XYZAttribute z:Ref="i139"/><isCustomized>false</isCustomized></URDFElement><URDFElement z:Id="i141" i:type="Mass"><Attributes><Attribute z:Id="i142"><AttributeType>value</AttributeType><IsRequired>true</IsRequired><Value i:type="a:double" xmlns:a="http://www.w3.org/2001/XMLSchema">0.0071204927508749195</Value></Attribute></Attributes><ChildElements/><ElementName>mass</ElementName><required>false</required><ValueAttribute z:Ref="i142"/></URDFElement><URDFElement z:Id="i143" i:type="Inertia"><Attributes><Attribute z:Id="i144"><AttributeType>ixx</AttributeType><IsRequired>true</IsRequired><Value i:type="a:double" xmlns:a="http://www.w3.org/2001/XMLSchema">4.560985156191466E-07</Value></Attribute><Attribute z:Id="i145"><AttributeType>ixy</AttributeType><IsRequired>true</IsRequired><Value i:type="a:double" xmlns:a="http://www.w3.org/2001/XMLSchema">9.31843930741966E-09</Value></Attribute><Attribute z:Id="i146"><AttributeType>ixz</AttributeType><IsRequired>true</IsRequired><Value i:type="a:double" xmlns:a="http://www.w3.org/2001/XMLSchema">-1.0936995124193384E-22</Value></Attribute><Attribute z:Id="i147"><AttributeType>iyy</AttributeType><IsRequired>true</IsRequired><Value i:type="a:double" xmlns:a="http://www.w3.org/2001/XMLSchema">4.5615854575030405E-07</Value></Attribute><Attribute z:Id="i148"><AttributeType>iyz</AttributeType><IsRequired>true</IsRequired><Value i:type="a:double" xmlns:a="http://www.w3.org/2001/XMLSchema">-1.2528223878317977E-21</Value></Attribute><Attribute z:Id="i149"><AttributeType>izz</AttributeType><IsRequired>true</IsRequired><Value i:type="a:double" xmlns:a="http://www.w3.org/2001/XMLSchema">7.6866045756013947E-07</Value></Attribute></Attributes><ChildElements/><ElementName>inertia</ElementName><required>false</required><IxxAttribute z:Ref="i144"/><IxyAttribute z:Ref="i145"/><IxzAttribute z:Ref="i146"/><IyyAttribute z:Ref="i147"/><IyzAttribute z:Ref="i148"/><IzzAttribute z:Ref="i149"/></URDFElement></ChildElements><ElementName>inertial</ElementName><required>false</required><Inertia z:Ref="i143"/><Mass z:Ref="i141"/><Origin z:Ref="i138"/></URDFElement><URDFElement z:Id="i150" i:type="Visual"><Attributes/><ChildElements><URDFElement z:Id="i151" i:type="Origin"><Attributes><Attribute z:Id="i152"><AttributeType>xyz</AttributeType><IsRequired>true</IsRequired><Value i:type="a:ArrayOfdouble" xmlns:a="http://schemas.microsoft.com/2003/10/Serialization/Arrays"><a:double>0</a:double><a:double>0</a:double><a:double>0</a:double></Value></Attribute><Attribute z:Id="i153"><AttributeType>rpy</AttributeType><IsRequired>true</IsRequired><Value i:type="a:ArrayOfdouble" xmlns:a="http://schemas.microsoft.com/2003/10/Serialization/Arrays"><a:double>0</a:double><a:double>0</a:double><a:double>0</a:double></Value></Attribute></Attributes><ChildElements/><ElementName>origin</ElementName><required>false</required><RPYAttribute z:Ref="i153"/><XYZAttribute z:Ref="i152"/><isCustomized>false</isCustomized></URDFElement><URDFElement z:Id="i154" i:type="Geometry"><Attributes/><ChildElements><URDFElement z:Id="i155" i:type="Mesh"><Attributes><Attribute z:Id="i156"><AttributeType>filename</AttributeType><IsRequired>true</IsRequired><Value i:nil="true"/></Attribute></Attributes><ChildElements/><ElementName>mesh</ElementName><required>false</required><FilenameAttribute z:Ref="i156"/></URDFElement></ChildElements><ElementName>geometry</ElementName><required>true</required><Mesh z:Ref="i155"/></URDFElement><URDFElement z:Id="i157" i:type="Material"><Attributes><Attribute z:Id="i158"><AttributeType>name</AttributeType><IsRequired>true</IsRequired><Value i:type="a:string" xmlns:a="http://www.w3.org/2001/XMLSchema"/></Attribute></Attributes><ChildElements><URDFElement z:Id="i159" i:type="Color"><Attributes><Attribute z:Id="i160"><AttributeType>rgba</AttributeType><IsRequired>true</IsRequired><Value i:type="a:ArrayOfdouble" xmlns:a="http://schemas.microsoft.com/2003/10/Serialization/Arrays"><a:double>0.792156862745098</a:double><a:double>0.81960784313725488</a:double><a:double>0.93333333333333335</a:double><a:double>1</a:double></Value></Attribute></Attributes><ChildElements/><ElementName>color</ElementName><required>false</required><RGBAAttribute z:Ref="i160"/></URDFElement><URDFElement z:Id="i161" i:type="Texture"><Attributes><Attribute z:Id="i162"><AttributeType>filename</AttributeType><IsRequired>true</IsRequired><Value i:nil="true"/></Attribute></Attributes><ChildElements/><ElementName>texture</ElementName><required>false</required><FilenameAttribute z:Ref="i162"/><wFilename/></URDFElement></ChildElements><ElementName>material</ElementName><required>false</required><Color z:Ref="i159"/><NameAttribute z:Ref="i158"/><Texture z:Ref="i161"/></URDFElement></ChildElements><ElementName>visual</ElementName><required>false</required><Geometry z:Ref="i154"/><Material z:Ref="i157"/><Origin z:Ref="i151"/></URDFElement><URDFElement z:Id="i163" i:type="Collision"><Attributes/><ChildElements><URDFElement z:Id="i164" i:type="Origin"><Attributes><Attribute z:Id="i165"><AttributeType>xyz</AttributeType><IsRequired>true</IsRequired><Value i:type="a:ArrayOfdouble" xmlns:a="http://schemas.microsoft.com/2003/10/Serialization/Arrays"><a:double>0</a:double><a:double>0</a:double><a:double>0</a:double></Value></Attribute><Attribute z:Id="i166"><AttributeType>rpy</AttributeType><IsRequired>true</IsRequired><Value i:type="a:ArrayOfdouble" xmlns:a="http://schemas.microsoft.com/2003/10/Serialization/Arrays"><a:double>0</a:double><a:double>0</a:double><a:double>0</a:double></Value></Attribute></Attributes><ChildElements/><ElementName>origin</ElementName><required>false</required><RPYAttribute z:Ref="i166"/><XYZAttribute z:Ref="i165"/><isCustomized>false</isCustomized></URDFElement><URDFElement z:Id="i167" i:type="Geometry"><Attributes/><ChildElements><URDFElement z:Id="i168" i:type="Mesh"><Attributes><Attribute z:Id="i169"><AttributeType>filename</AttributeType><IsRequired>true</IsRequired><Value i:nil="true"/></Attribute></Attributes><ChildElements/><ElementName>mesh</ElementName><required>false</required><FilenameAttribute z:Ref="i169"/></URDFElement></ChildElements><ElementName>geometry</ElementName><required>true</required><Mesh z:Ref="i168"/></URDFElement></ChildElements><ElementName>collision</ElementName><required>false</required><Geometry z:Ref="i167"/><Origin z:Ref="i164"/></URDFElement><URDFElement z:Id="i170" i:type="Joint"><Attributes><Attribute z:Id="i171"><AttributeType>name</AttributeType><IsRequired>true</IsRequired><Value i:type="a:string" xmlns:a="http://www.w3.org/2001/XMLSchema">imu</Value></Attribute><Attribute z:Id="i172"><AttributeType>type</AttributeType><IsRequired>true</IsRequired><Value i:type="a:string" xmlns:a="http://www.w3.org/2001/XMLSchema">fixed</Value></Attribute></Attributes><ChildElements><URDFElement z:Id="i173" i:type="Origin"><Attributes><Attribute z:Id="i174"><AttributeType>xyz</AttributeType><IsRequired>true</IsRequired><Value i:type="a:ArrayOfdouble" xmlns:a="http://schemas.microsoft.com/2003/10/Serialization/Arrays"><a:double>0.15399</a:double><a:double>-0.085457</a:double><a:double>0.041</a:double></Value></Attribute><Attribute z:Id="i175"><AttributeType>rpy</AttributeType><IsRequired>true</IsRequired><Value i:type="a:ArrayOfdouble" xmlns:a="http://schemas.microsoft.com/2003/10/Serialization/Arrays"><a:double>0</a:double><a:double>0</a:double><a:double>0</a:double></Value></Attribute></Attributes><ChildElements/><ElementName>origin</ElementName><required>false</required><RPYAttribute z:Ref="i175"/><XYZAttribute z:Ref="i174"/><isCustomized>false</isCustomized></URDFElement><URDFElement z:Id="i176" i:type="ParentLink"><Attributes><Attribute z:Id="i177"><AttributeType>link</AttributeType><IsRequired>true</IsRequired><Value i:type="a:string" xmlns:a="http://www.w3.org/2001/XMLSchema">base_link</Value></Attribute></Attributes><ChildElements/><ElementName>parent</ElementName><required>true</required><NameAttribute z:Ref="i177"/></URDFElement><URDFElement z:Id="i178" i:type="ChildLink"><Attributes><Attribute z:Id="i179"><AttributeType>link</AttributeType><IsRequired>true</IsRequired><Value i:type="a:string" xmlns:a="http://www.w3.org/2001/XMLSchema">imu_link</Value></Attribute></Attributes><ChildElements/><ElementName>child</ElementName><required>true</required><NameAttribute z:Ref="i179"/></URDFElement><URDFElement z:Id="i180" i:type="Axis"><Attributes><Attribute z:Id="i181"><AttributeType>xyz</AttributeType><IsRequired>true</IsRequired><Value i:type="a:ArrayOfdouble" xmlns:a="http://schemas.microsoft.com/2003/10/Serialization/Arrays"><a:double>0</a:double><a:double>0</a:double><a:double>0</a:double></Value></Attribute></Attributes><ChildElements/><ElementName>axis</ElementName><required>false</required><XYZAttribute z:Ref="i181"/></URDFElement><URDFElement z:Id="i182" i:type="Limit"><Attributes><Attribute z:Id="i183"><AttributeType>lower</AttributeType><IsRequired>false</IsRequired><Value i:nil="true"/></Attribute><Attribute z:Id="i184"><AttributeType>upper</AttributeType><IsRequired>false</IsRequired><Value i:nil="true"/></Attribute><Attribute z:Id="i185"><AttributeType>effort</AttributeType><IsRequired>true</IsRequired><Value i:nil="true"/></Attribute><Attribute z:Id="i186"><AttributeType>velocity</AttributeType><IsRequired>true</IsRequired><Value i:nil="true"/></Attribute></Attributes><ChildElements/><ElementName>limit</ElementName><required>false</required><EffortAttribute z:Ref="i185"/><LowerAttribute z:Ref="i183"/><UpperAttribute z:Ref="i184"/><VelocityAttribute z:Ref="i186"/></URDFElement><URDFElement z:Id="i187" i:type="Calibration"><Attributes><Attribute z:Id="i188"><AttributeType>rising</AttributeType><IsRequired>false</IsRequired><Value i:nil="true"/></Attribute><Attribute z:Id="i189"><AttributeType>falling</AttributeType><IsRequired>false</IsRequired><Value i:nil="true"/></Attribute></Attributes><ChildElements/><ElementName>calibration</ElementName><required>false</required><FallingAttribute z:Ref="i189"/><RisingAttribute z:Ref="i188"/></URDFElement><URDFElement z:Id="i190" i:type="Dynamics"><Attributes><Attribute z:Id="i191"><AttributeType>damping</AttributeType><IsRequired>false</IsRequired><Value i:nil="true"/></Attribute><Attribute z:Id="i192"><AttributeType>friction</AttributeType><IsRequired>false</IsRequired><Value i:nil="true"/></Attribute></Attributes><ChildElements/><ElementName>dynamics</ElementName><required>false</required><DampingAttribute z:Ref="i191"/><FrictionAttribute z:Ref="i192"/></URDFElement><URDFElement z:Id="i193" i:type="SafetyController"><Attributes><Attribute z:Id="i194"><AttributeType>soft_upper_limit</AttributeType><IsRequired>false</IsRequired><Value i:nil="true"/></Attribute><Attribute z:Id="i195"><AttributeType>soft_lower_limit</AttributeType><IsRequired>false</IsRequired><Value i:nil="true"/></Attribute><Attribute z:Id="i196"><AttributeType>k_position</AttributeType><IsRequired>false</IsRequired><Value i:nil="true"/></Attribute><Attribute z:Id="i197"><AttributeType>k_velocity</AttributeType><IsRequired>true</IsRequired><Value i:nil="true"/></Attribute></Attributes><ChildElements/><ElementName>safety_controller</ElementName><required>false</required><KPositionAttribute z:Ref="i196"/><KVelocityAttribute z:Ref="i197"/><SoftLowerAttribute z:Ref="i195"/><SoftUpperAttribute z:Ref="i194"/></URDFElement><URDFElement z:Id="i198" i:type="Mimic"><Attributes><Attribute z:Id="i199"><AttributeType>joint</AttributeType><IsRequired>true</IsRequired><Value i:nil="true"/></Attribute><Attribute z:Id="i200"><AttributeType>multiplier</AttributeType><IsRequired>false</IsRequired><Value i:nil="true"/></Attribute><Attribute z:Id="i201"><AttributeType>offset</AttributeType><IsRequired>false</IsRequired><Value i:nil="true"/></Attribute></Attributes><ChildElements/><ElementName>mimic</ElementName><required>false</required><JointNameAttribute z:Ref="i199"/><MultiplierAttribute z:Ref="i200"/><OffsetAttribute z:Ref="i201"/></URDFElement></ChildElements><ElementName>joint</ElementName><required>false</required><Axis z:Ref="i180"/><AxisName>Axis_imu</AxisName><Calibration z:Ref="i187"/><Child z:Ref="i178"/><CoordinateSystemName>Coordinate System29_imu</CoordinateSystemName><Dynamics z:Ref="i190"/><Limit z:Ref="i182"/><Mimic z:Ref="i198"/><NameAttribute z:Ref="i171"/><Origin z:Ref="i173"/><Parent z:Ref="i176"/><Safety z:Ref="i193"/><TypeAttribute z:Ref="i172"/></URDFElement></ChildElements><ElementName>link</ElementName><required>true</required><Children/><Collision z:Ref="i163"/><Inertial z:Ref="i137"/><Joint z:Ref="i170"/><NameAttribute z:Ref="i136"/><Parent z:Ref="i1"/><STLQualityFine>false</STLQualityFine><SWComponentPIDs xmlns:a="http://schemas.microsoft.com/2003/10/Serialization/Arrays"><a:base64Binary>aEIAAAUAAAD//v8faQBtAHUAXwA0ADAAZABvAC0AMQBAAHIAbwBiAG8AVgAzACgAdQByAGQAZgBfAGMAaABhAG4AZwBlAGQAKQAEAAAAEAAAAAEAAAABAAAAdwkAAA==</a:base64Binary></SWComponentPIDs><SWMainComponentPID i:nil="true"/><Visual z:Ref="i150"/><isFixedFrame>false</isFixedFrame><isIncomplete>false</isIncomplete></Link><Link z:Id="i202"><Attributes><Attribute z:Id="i203"><AttributeType>name</AttributeType><IsRequired>true</IsRequired><Value i:type="a:string" xmlns:a="http://www.w3.org/2001/XMLSchema">right_wheel_link</Value></Attribute></Attributes><ChildElements><URDFElement z:Id="i204" i:type="Inertial"><Attributes/><ChildElements><URDFElement z:Id="i205" i:type="Origin"><Attributes><Attribute z:Id="i206"><AttributeType>xyz</AttributeType><IsRequired>true</IsRequired><Value i:type="a:ArrayOfdouble" xmlns:a="http://schemas.microsoft.com/2003/10/Serialization/Arrays"><a:double>0.00024358782977840221</a:double><a:double>-0.029500099045564332</a:double><a:double>8.011608043645424E-11</a:double></Value></Attribute><Attribute z:Id="i207"><AttributeType>rpy</AttributeType><IsRequired>true</IsRequired><Value i:type="a:ArrayOfdouble" xmlns:a="http://schemas.microsoft.com/2003/10/Serialization/Arrays"><a:double>0</a:double><a:double>0</a:double><a:double>0</a:double></Value></Attribute></Attributes><ChildElements/><ElementName>origin</ElementName><required>false</required><RPYAttribute z:Ref="i207"/><XYZAttribute z:Ref="i206"/><isCustomized>false</isCustomized></URDFElement><URDFElement z:Id="i208" i:type="Mass"><Attributes><Attribute z:Id="i209"><AttributeType>value</AttributeType><IsRequired>true</IsRequired><Value i:type="a:double" xmlns:a="http://www.w3.org/2001/XMLSchema">0.98170665090243991</Value></Attribute></Attributes><ChildElements/><ElementName>mass</ElementName><required>false</required><ValueAttribute z:Ref="i209"/></URDFElement><URDFElement z:Id="i210" i:type="Inertia"><Attributes><Attribute z:Id="i211"><AttributeType>ixx</AttributeType><IsRequired>true</IsRequired><Value i:type="a:double" xmlns:a="http://www.w3.org/2001/XMLSchema">0.0016529885173842314</Value></Attribute><Attribute z:Id="i212"><AttributeType>ixy</AttributeType><IsRequired>true</IsRequired><Value i:type="a:double" xmlns:a="http://www.w3.org/2001/XMLSchema">-1.0124915182156949E-05</Value></Attribute><Attribute z:Id="i213"><AttributeType>ixz</AttributeType><IsRequired>true</IsRequired><Value i:type="a:double" xmlns:a="http://www.w3.org/2001/XMLSchema">1.3027076084662524E-08</Value></Attribute><Attribute z:Id="i214"><AttributeType>iyy</AttributeType><IsRequired>true</IsRequired><Value i:type="a:double" xmlns:a="http://www.w3.org/2001/XMLSchema">0.0028786195096230554</Value></Attribute><Attribute z:Id="i215"><AttributeType>iyz</AttributeType><IsRequired>true</IsRequired><Value i:type="a:double" xmlns:a="http://www.w3.org/2001/XMLSchema">5.3288362586811824E-10</Value></Attribute><Attribute z:Id="i216"><AttributeType>izz</AttributeType><IsRequired>true</IsRequired><Value i:type="a:double" xmlns:a="http://www.w3.org/2001/XMLSchema">0.0016529225736577403</Value></Attribute></Attributes><ChildElements/><ElementName>inertia</ElementName><required>false</required><IxxAttribute z:Ref="i211"/><IxyAttribute z:Ref="i212"/><IxzAttribute z:Ref="i213"/><IyyAttribute z:Ref="i214"/><IyzAttribute z:Ref="i215"/><IzzAttribute z:Ref="i216"/></URDFElement></ChildElements><ElementName>inertial</ElementName><required>false</required><Inertia z:Ref="i210"/><Mass z:Ref="i208"/><Origin z:Ref="i205"/></URDFElement><URDFElement z:Id="i217" i:type="Visual"><Attributes/><ChildElements><URDFElement z:Id="i218" i:type="Origin"><Attributes><Attribute z:Id="i219"><AttributeType>xyz</AttributeType><IsRequired>true</IsRequired><Value i:type="a:ArrayOfdouble" xmlns:a="http://schemas.microsoft.com/2003/10/Serialization/Arrays"><a:double>0</a:double><a:double>0</a:double><a:double>0</a:double></Value></Attribute><Attribute z:Id="i220"><AttributeType>rpy</AttributeType><IsRequired>true</IsRequired><Value i:type="a:ArrayOfdouble" xmlns:a="http://schemas.microsoft.com/2003/10/Serialization/Arrays"><a:double>0</a:double><a:double>0</a:double><a:double>0</a:double></Value></Attribute></Attributes><ChildElements/><ElementName>origin</ElementName><required>false</required><RPYAttribute z:Ref="i220"/><XYZAttribute z:Ref="i219"/><isCustomized>false</isCustomized></URDFElement><URDFElement z:Id="i221" i:type="Geometry"><Attributes/><ChildElements><URDFElement z:Id="i222" i:type="Mesh"><Attributes><Attribute z:Id="i223"><AttributeType>filename</AttributeType><IsRequired>true</IsRequired><Value i:nil="true"/></Attribute></Attributes><ChildElements/><ElementName>mesh</ElementName><required>false</required><FilenameAttribute z:Ref="i223"/></URDFElement></ChildElements><ElementName>geometry</ElementName><required>true</required><Mesh z:Ref="i222"/></URDFElement><URDFElement z:Id="i224" i:type="Material"><Attributes><Attribute z:Id="i225"><AttributeType>name</AttributeType><IsRequired>true</IsRequired><Value i:type="a:string" xmlns:a="http://www.w3.org/2001/XMLSchema"/></Attribute></Attributes><ChildElements><URDFElement z:Id="i226" i:type="Color"><Attributes><Attribute z:Id="i227"><AttributeType>rgba</AttributeType><IsRequired>true</IsRequired><Value i:type="a:ArrayOfdouble" xmlns:a="http://schemas.microsoft.com/2003/10/Serialization/Arrays"><a:double>0.2</a:double><a:double>0.2</a:double><a:double>0.2</a:double><a:double>1</a:double></Value></Attribute></Attributes><ChildElements/><ElementName>color</ElementName><required>false</required><RGBAAttribute z:Ref="i227"/></URDFElement><URDFElement z:Id="i228" i:type="Texture"><Attributes><Attribute z:Id="i229"><AttributeType>filename</AttributeType><IsRequired>true</IsRequired><Value i:nil="true"/></Attribute></Attributes><ChildElements/><ElementName>texture</ElementName><required>false</required><FilenameAttribute z:Ref="i229"/><wFilename/></URDFElement></ChildElements><ElementName>material</ElementName><required>false</required><Color z:Ref="i226"/><NameAttribute z:Ref="i225"/><Texture z:Ref="i228"/></URDFElement></ChildElements><ElementName>visual</ElementName><required>false</required><Geometry z:Ref="i221"/><Material z:Ref="i224"/><Origin z:Ref="i218"/></URDFElement><URDFElement z:Id="i230" i:type="Collision"><Attributes/><ChildElements><URDFElement z:Id="i231" i:type="Origin"><Attributes><Attribute z:Id="i232"><AttributeType>xyz</AttributeType><IsRequired>true</IsRequired><Value i:type="a:ArrayOfdouble" xmlns:a="http://schemas.microsoft.com/2003/10/Serialization/Arrays"><a:double>0</a:double><a:double>0</a:double><a:double>0</a:double></Value></Attribute><Attribute z:Id="i233"><AttributeType>rpy</AttributeType><IsRequired>true</IsRequired><Value i:type="a:ArrayOfdouble" xmlns:a="http://schemas.microsoft.com/2003/10/Serialization/Arrays"><a:double>0</a:double><a:double>0</a:double><a:double>0</a:double></Value></Attribute></Attributes><ChildElements/><ElementName>origin</ElementName><required>false</required><RPYAttribute z:Ref="i233"/><XYZAttribute z:Ref="i232"/><isCustomized>false</isCustomized></URDFElement><URDFElement z:Id="i234" i:type="Geometry"><Attributes/><ChildElements><URDFElement z:Id="i235" i:type="Mesh"><Attributes><Attribute z:Id="i236"><AttributeType>filename</AttributeType><IsRequired>true</IsRequired><Value i:nil="true"/></Attribute></Attributes><ChildElements/><ElementName>mesh</ElementName><required>false</required><FilenameAttribute z:Ref="i236"/></URDFElement></ChildElements><ElementName>geometry</ElementName><required>true</required><Mesh z:Ref="i235"/></URDFElement></ChildElements><ElementName>collision</ElementName><required>false</required><Geometry z:Ref="i234"/><Origin z:Ref="i231"/></URDFElement><URDFElement z:Id="i237" i:type="Joint"><Attributes><Attribute z:Id="i238"><AttributeType>name</AttributeType><IsRequired>true</IsRequired><Value i:type="a:string" xmlns:a="http://www.w3.org/2001/XMLSchema">right_wheel</Value></Attribute><Attribute z:Id="i239"><AttributeType>type</AttributeType><IsRequired>true</IsRequired><Value i:type="a:string" xmlns:a="http://www.w3.org/2001/XMLSchema">continuous</Value></Attribute></Attributes><ChildElements><URDFElement z:Id="i240" i:type="Origin"><Attributes><Attribute z:Id="i241"><AttributeType>xyz</AttributeType><IsRequired>true</IsRequired><Value i:type="a:ArrayOfdouble" xmlns:a="http://schemas.microsoft.com/2003/10/Serialization/Arrays"><a:double>0.0015756</a:double><a:double>-0.17502</a:double><a:double>0.015</a:double></Value></Attribute><Attribute z:Id="i242"><AttributeType>rpy</AttributeType><IsRequired>true</IsRequired><Value i:type="a:ArrayOfdouble" xmlns:a="http://schemas.microsoft.com/2003/10/Serialization/Arrays"><a:double>0</a:double><a:double>0</a:double><a:double>0</a:double></Value></Attribute></Attributes><ChildElements/><ElementName>origin</ElementName><required>false</required><RPYAttribute z:Ref="i242"/><XYZAttribute z:Ref="i241"/><isCustomized>false</isCustomized></URDFElement><URDFElement z:Id="i243" i:type="ParentLink"><Attributes><Attribute z:Id="i244"><AttributeType>link</AttributeType><IsRequired>true</IsRequired><Value i:type="a:string" xmlns:a="http://www.w3.org/2001/XMLSchema">base_link</Value></Attribute></Attributes><ChildElements/><ElementName>parent</ElementName><required>true</required><NameAttribute z:Ref="i244"/></URDFElement><URDFElement z:Id="i245" i:type="ChildLink"><Attributes><Attribute z:Id="i246"><AttributeType>link</AttributeType><IsRequired>true</IsRequired><Value i:type="a:string" xmlns:a="http://www.w3.org/2001/XMLSchema">right_wheel_link</Value></Attribute></Attributes><ChildElements/><ElementName>child</ElementName><required>true</required><NameAttribute z:Ref="i246"/></URDFElement><URDFElement z:Id="i247" i:type="Axis"><Attributes><Attribute z:Id="i248"><AttributeType>xyz</AttributeType><IsRequired>true</IsRequired><Value i:type="a:ArrayOfdouble" xmlns:a="http://schemas.microsoft.com/2003/10/Serialization/Arrays"><a:double>-0.0082569</a:double><a:double>0.99997</a:double><a:double>0</a:double></Value></Attribute></Attributes><ChildElements/><ElementName>axis</ElementName><required>false</required><XYZAttribute z:Ref="i248"/></URDFElement><URDFElement z:Id="i249" i:type="Limit"><Attributes><Attribute z:Id="i250"><AttributeType>lower</AttributeType><IsRequired>false</IsRequired><Value i:nil="true"/></Attribute><Attribute z:Id="i251"><AttributeType>upper</AttributeType><IsRequired>false</IsRequired><Value i:nil="true"/></Attribute><Attribute z:Id="i252"><AttributeType>effort</AttributeType><IsRequired>true</IsRequired><Value i:nil="true"/></Attribute><Attribute z:Id="i253"><AttributeType>velocity</AttributeType><IsRequired>true</IsRequired><Value i:nil="true"/></Attribute></Attributes><ChildElements/><ElementName>limit</ElementName><required>false</required><EffortAttribute z:Ref="i252"/><LowerAttribute z:Ref="i250"/><UpperAttribute z:Ref="i251"/><VelocityAttribute z:Ref="i253"/></URDFElement><URDFElement z:Id="i254" i:type="Calibration"><Attributes><Attribute z:Id="i255"><AttributeType>rising</AttributeType><IsRequired>false</IsRequired><Value i:nil="true"/></Attribute><Attribute z:Id="i256"><AttributeType>falling</AttributeType><IsRequired>false</IsRequired><Value i:nil="true"/></Attribute></Attributes><ChildElements/><ElementName>calibration</ElementName><required>false</required><FallingAttribute z:Ref="i256"/><RisingAttribute z:Ref="i255"/></URDFElement><URDFElement z:Id="i257" i:type="Dynamics"><Attributes><Attribute z:Id="i258"><AttributeType>damping</AttributeType><IsRequired>false</IsRequired><Value i:nil="true"/></Attribute><Attribute z:Id="i259"><AttributeType>friction</AttributeType><IsRequired>false</IsRequired><Value i:nil="true"/></Attribute></Attributes><ChildElements/><ElementName>dynamics</ElementName><required>false</required><DampingAttribute z:Ref="i258"/><FrictionAttribute z:Ref="i259"/></URDFElement><URDFElement z:Id="i260" i:type="SafetyController"><Attributes><Attribute z:Id="i261"><AttributeType>soft_upper_limit</AttributeType><IsRequired>false</IsRequired><Value i:nil="true"/></Attribute><Attribute z:Id="i262"><AttributeType>soft_lower_limit</AttributeType><IsRequired>false</IsRequired><Value i:nil="true"/></Attribute><Attribute z:Id="i263"><AttributeType>k_position</AttributeType><IsRequired>false</IsRequired><Value i:nil="true"/></Attribute><Attribute z:Id="i264"><AttributeType>k_velocity</AttributeType><IsRequired>true</IsRequired><Value i:nil="true"/></Attribute></Attributes><ChildElements/><ElementName>safety_controller</ElementName><required>false</required><KPositionAttribute z:Ref="i263"/><KVelocityAttribute z:Ref="i264"/><SoftLowerAttribute z:Ref="i262"/><SoftUpperAttribute z:Ref="i261"/></URDFElement><URDFElement z:Id="i265" i:type="Mimic"><Attributes><Attribute z:Id="i266"><AttributeType>joint</AttributeType><IsRequired>true</IsRequired><Value i:nil="true"/></Attribute><Attribute z:Id="i267"><AttributeType>multiplier</AttributeType><IsRequired>false</IsRequired><Value i:nil="true"/></Attribute><Attribute z:Id="i268"><AttributeType>offset</AttributeType><IsRequired>false</IsRequired><Value i:nil="true"/></Attribute></Attributes><ChildElements/><ElementName>mimic</ElementName><required>false</required><JointNameAttribute z:Ref="i266"/><MultiplierAttribute z:Ref="i267"/><OffsetAttribute z:Ref="i268"/></URDFElement></ChildElements><ElementName>joint</ElementName><required>false</required><Axis z:Ref="i247"/><AxisName>Axis2</AxisName><Calibration z:Ref="i254"/><Child z:Ref="i245"/><CoordinateSystemName>Coordinate System6</CoordinateSystemName><Dynamics z:Ref="i257"/><Limit z:Ref="i249"/><Mimic z:Ref="i265"/><NameAttribute z:Ref="i238"/><Origin z:Ref="i240"/><Parent z:Ref="i243"/><Safety z:Ref="i260"/><TypeAttribute z:Ref="i239"/></URDFElement></ChildElements><ElementName>link</ElementName><required>true</required><Children/><Collision z:Ref="i230"/><Inertial z:Ref="i204"/><Joint z:Ref="i237"/><NameAttribute z:Ref="i203"/><Parent z:Ref="i1"/><STLQualityFine>false</STLQualityFine><SWComponentPIDs xmlns:a="http://schemas.microsoft.com/2003/10/Serialization/Arrays"><a:base64Binary>aEIAAAUAAAD//v8gbQBvAHQAbwByAGUAZABpAHQALQA0AEAAcgBvAGIAbwBWADMAKAB1AHIAZABmAF8AYwBoAGEAbgBnAGUAZAApAAQAAAAQAAAAAQAAAAEAAADOBQAA</a:base64Binary></SWComponentPIDs><SWMainComponentPID i:nil="true"/><Visual z:Ref="i217"/><isFixedFrame>false</isFixedFrame><isIncomplete>false</isIncomplete></Link><Link z:Id="i269"><Attributes><Attribute z:Id="i270"><AttributeType>name</AttributeType><IsRequired>true</IsRequired><Value i:type="a:string" xmlns:a="http://www.w3.org/2001/XMLSchema">left_wheel_link</Value></Attribute></Attributes><ChildElements><URDFElement z:Id="i271" i:type="Inertial"><Attributes/><ChildElements><URDFElement z:Id="i272" i:type="Origin"><Attributes><Attribute z:Id="i273"><AttributeType>xyz</AttributeType><IsRequired>true</IsRequired><Value i:type="a:ArrayOfdouble" xmlns:a="http://schemas.microsoft.com/2003/10/Serialization/Arrays"><a:double>-0.00024358782977862425</a:double><a:double>0.029500099045563943</a:double><a:double>8.0114970213429615E-11</a:double></Value></Attribute><Attribute z:Id="i274"><AttributeType>rpy</AttributeType><IsRequired>true</IsRequired><Value i:type="a:ArrayOfdouble" xmlns:a="http://schemas.microsoft.com/2003/10/Serialization/Arrays"><a:double>0</a:double><a:double>0</a:double><a:double>0</a:double></Value></Attribute></Attributes><ChildElements/><ElementName>origin</ElementName><required>false</required><RPYAttribute z:Ref="i274"/><XYZAttribute z:Ref="i273"/><isCustomized>false</isCustomized></URDFElement><URDFElement z:Id="i275" i:type="Mass"><Attributes><Attribute z:Id="i276"><AttributeType>value</AttributeType><IsRequired>true</IsRequired><Value i:type="a:double" xmlns:a="http://www.w3.org/2001/XMLSchema">0.9817066509024428</Value></Attribute></Attributes><ChildElements/><ElementName>mass</ElementName><required>false</required><ValueAttribute z:Ref="i276"/></URDFElement><URDFElement z:Id="i277" i:type="Inertia"><Attributes><Attribute z:Id="i278"><AttributeType>ixx</AttributeType><IsRequired>true</IsRequired><Value i:type="a:double" xmlns:a="http://www.w3.org/2001/XMLSchema">0.0016529912083484673</Value></Attribute><Attribute z:Id="i279"><AttributeType>ixy</AttributeType><IsRequired>true</IsRequired><Value i:type="a:double" xmlns:a="http://www.w3.org/2001/XMLSchema">-1.0124910987100583E-05</Value></Attribute><Attribute z:Id="i280"><AttributeType>ixz</AttributeType><IsRequired>true</IsRequired><Value i:type="a:double" xmlns:a="http://www.w3.org/2001/XMLSchema">-1.449841150929756E-08</Value></Attribute><Attribute z:Id="i281"><AttributeType>iyy</AttributeType><IsRequired>true</IsRequired><Value i:type="a:double" xmlns:a="http://www.w3.org/2001/XMLSchema">0.0028786195090139263</Value></Attribute><Attribute z:Id="i282"><AttributeType>iyz</AttributeType><IsRequired>true</IsRequired><Value i:type="a:double" xmlns:a="http://www.w3.org/2001/XMLSchema">7.250042172824309E-11</Value></Attribute><Attribute z:Id="i283"><AttributeType>izz</AttributeType><IsRequired>true</IsRequired><Value i:type="a:double" xmlns:a="http://www.w3.org/2001/XMLSchema">0.0016529198823447624</Value></Attribute></Attributes><ChildElements/><ElementName>inertia</ElementName><required>false</required><IxxAttribute z:Ref="i278"/><IxyAttribute z:Ref="i279"/><IxzAttribute z:Ref="i280"/><IyyAttribute z:Ref="i281"/><IyzAttribute z:Ref="i282"/><IzzAttribute z:Ref="i283"/></URDFElement></ChildElements><ElementName>inertial</ElementName><required>false</required><Inertia z:Ref="i277"/><Mass z:Ref="i275"/><Origin z:Ref="i272"/></URDFElement><URDFElement z:Id="i284" i:type="Visual"><Attributes/><ChildElements><URDFElement z:Id="i285" i:type="Origin"><Attributes><Attribute z:Id="i286"><AttributeType>xyz</AttributeType><IsRequired>true</IsRequired><Value i:type="a:ArrayOfdouble" xmlns:a="http://schemas.microsoft.com/2003/10/Serialization/Arrays"><a:double>0</a:double><a:double>0</a:double><a:double>0</a:double></Value></Attribute><Attribute z:Id="i287"><AttributeType>rpy</AttributeType><IsRequired>true</IsRequired><Value i:type="a:ArrayOfdouble" xmlns:a="http://schemas.microsoft.com/2003/10/Serialization/Arrays"><a:double>0</a:double><a:double>0</a:double><a:double>0</a:double></Value></Attribute></Attributes><ChildElements/><ElementName>origin</ElementName><required>false</required><RPYAttribute z:Ref="i287"/><XYZAttribute z:Ref="i286"/><isCustomized>false</isCustomized></URDFElement><URDFElement z:Id="i288" i:type="Geometry"><Attributes/><ChildElements><URDFElement z:Id="i289" i:type="Mesh"><Attributes><Attribute z:Id="i290"><AttributeType>filename</AttributeType><IsRequired>true</IsRequired><Value i:nil="true"/></Attribute></Attributes><ChildElements/><ElementName>mesh</ElementName><required>false</required><FilenameAttribute z:Ref="i290"/></URDFElement></ChildElements><ElementName>geometry</ElementName><required>true</required><Mesh z:Ref="i289"/></URDFElement><URDFElement z:Id="i291" i:type="Material"><Attributes><Attribute z:Id="i292"><AttributeType>name</AttributeType><IsRequired>true</IsRequired><Value i:type="a:string" xmlns:a="http://www.w3.org/2001/XMLSchema"/></Attribute></Attributes><ChildElements><URDFElement z:Id="i293" i:type="Color"><Attributes><Attribute z:Id="i294"><AttributeType>rgba</AttributeType><IsRequired>true</IsRequired><Value i:type="a:ArrayOfdouble" xmlns:a="http://schemas.microsoft.com/2003/10/Serialization/Arrays"><a:double>0.2</a:double><a:double>0.2</a:double><a:double>0.2</a:double><a:double>1</a:double></Value></Attribute></Attributes><ChildElements/><ElementName>color</ElementName><required>false</required><RGBAAttribute z:Ref="i294"/></URDFElement><URDFElement z:Id="i295" i:type="Texture"><Attributes><Attribute z:Id="i296"><AttributeType>filename</AttributeType><IsRequired>true</IsRequired><Value i:nil="true"/></Attribute></Attributes><ChildElements/><ElementName>texture</ElementName><required>false</required><FilenameAttribute z:Ref="i296"/><wFilename/></URDFElement></ChildElements><ElementName>material</ElementName><required>false</required><Color z:Ref="i293"/><NameAttribute z:Ref="i292"/><Texture z:Ref="i295"/></URDFElement></ChildElements><ElementName>visual</ElementName><required>false</required><Geometry z:Ref="i288"/><Material z:Ref="i291"/><Origin z:Ref="i285"/></URDFElement><URDFElement z:Id="i297" i:type="Collision"><Attributes/><ChildElements><URDFElement z:Id="i298" i:type="Origin"><Attributes><Attribute z:Id="i299"><AttributeType>xyz</AttributeType><IsRequired>true</IsRequired><Value i:type="a:ArrayOfdouble" xmlns:a="http://schemas.microsoft.com/2003/10/Serialization/Arrays"><a:double>0</a:double><a:double>0</a:double><a:double>0</a:double></Value></Attribute><Attribute z:Id="i300"><AttributeType>rpy</AttributeType><IsRequired>true</IsRequired><Value i:type="a:ArrayOfdouble" xmlns:a="http://schemas.microsoft.com/2003/10/Serialization/Arrays"><a:double>0</a:double><a:double>0</a:double><a:double>0</a:double></Value></Attribute></Attributes><ChildElements/><ElementName>origin</ElementName><required>false</required><RPYAttribute z:Ref="i300"/><XYZAttribute z:Ref="i299"/><isCustomized>false</isCustomized></URDFElement><URDFElement z:Id="i301" i:type="Geometry"><Attributes/><ChildElements><URDFElement z:Id="i302" i:type="Mesh"><Attributes><Attribute z:Id="i303"><AttributeType>filename</AttributeType><IsRequired>true</IsRequired><Value i:nil="true"/></Attribute></Attributes><ChildElements/><ElementName>mesh</ElementName><required>false</required><FilenameAttribute z:Ref="i303"/></URDFElement></ChildElements><ElementName>geometry</ElementName><required>true</required><Mesh z:Ref="i302"/></URDFElement></ChildElements><ElementName>collision</ElementName><required>false</required><Geometry z:Ref="i301"/><Origin z:Ref="i298"/></URDFElement><URDFElement z:Id="i304" i:type="Joint"><Attributes><Attribute z:Id="i305"><AttributeType>name</AttributeType><IsRequired>true</IsRequired><Value i:type="a:string" xmlns:a="http://www.w3.org/2001/XMLSchema">left_wheel</Value></Attribute><Attribute z:Id="i306"><AttributeType>type</AttributeType><IsRequired>true</IsRequired><Value i:type="a:string" xmlns:a="http://www.w3.org/2001/XMLSchema">continuous</Value></Attribute></Attributes><ChildElements><URDFElement z:Id="i307" i:type="Origin"><Attributes><Attribute z:Id="i308"><AttributeType>xyz</AttributeType><IsRequired>true</IsRequired><Value i:type="a:ArrayOfdouble" xmlns:a="http://schemas.microsoft.com/2003/10/Serialization/Arrays"><a:double>-0.0013143</a:double><a:double>0.17497</a:double><a:double>0.015</a:double></Value></Attribute><Attribute z:Id="i309"><AttributeType>rpy</AttributeType><IsRequired>true</IsRequired><Value i:type="a:ArrayOfdouble" xmlns:a="http://schemas.microsoft.com/2003/10/Serialization/Arrays"><a:double>0</a:double><a:double>0</a:double><a:double>0</a:double></Value></Attribute></Attributes><ChildElements/><ElementName>origin</ElementName><required>false</required><RPYAttribute z:Ref="i309"/><XYZAttribute z:Ref="i308"/><isCustomized>false</isCustomized></URDFElement><URDFElement z:Id="i310" i:type="ParentLink"><Attributes><Attribute z:Id="i311"><AttributeType>link</AttributeType><IsRequired>true</IsRequired><Value i:type="a:string" xmlns:a="http://www.w3.org/2001/XMLSchema">base_link</Value></Attribute></Attributes><ChildElements/><ElementName>parent</ElementName><required>true</required><NameAttribute z:Ref="i311"/></URDFElement><URDFElement z:Id="i312" i:type="ChildLink"><Attributes><Attribute z:Id="i313"><AttributeType>link</AttributeType><IsRequired>true</IsRequired><Value i:type="a:string" xmlns:a="http://www.w3.org/2001/XMLSchema">left_wheel_link</Value></Attribute></Attributes><ChildElements/><ElementName>child</ElementName><required>true</required><NameAttribute z:Ref="i313"/></URDFElement><URDFElement z:Id="i314" i:type="Axis"><Attributes><Attribute z:Id="i315"><AttributeType>xyz</AttributeType><IsRequired>true</IsRequired><Value i:type="a:ArrayOfdouble" xmlns:a="http://schemas.microsoft.com/2003/10/Serialization/Arrays"><a:double>0.0082569</a:double><a:double>-0.99997</a:double><a:double>0</a:double></Value></Attribute></Attributes><ChildElements/><ElementName>axis</ElementName><required>false</required><XYZAttribute z:Ref="i315"/></URDFElement><URDFElement z:Id="i316" i:type="Limit"><Attributes><Attribute z:Id="i317"><AttributeType>lower</AttributeType><IsRequired>false</IsRequired><Value i:nil="true"/></Attribute><Attribute z:Id="i318"><AttributeType>upper</AttributeType><IsRequired>false</IsRequired><Value i:nil="true"/></Attribute><Attribute z:Id="i319"><AttributeType>effort</AttributeType><IsRequired>true</IsRequired><Value i:nil="true"/></Attribute><Attribute z:Id="i320"><AttributeType>velocity</AttributeType><IsRequired>true</IsRequired><Value i:nil="true"/></Attribute></Attributes><ChildElements/><ElementName>limit</ElementName><required>false</required><EffortAttribute z:Ref="i319"/><LowerAttribute z:Ref="i317"/><UpperAttribute z:Ref="i318"/><VelocityAttribute z:Ref="i320"/></URDFElement><URDFElement z:Id="i321" i:type="Calibration"><Attributes><Attribute z:Id="i322"><AttributeType>rising</AttributeType><IsRequired>false</IsRequired><Value i:nil="true"/></Attribute><Attribute z:Id="i323"><AttributeType>falling</AttributeType><IsRequired>false</IsRequired><Value i:nil="true"/></Attribute></Attributes><ChildElements/><ElementName>calibration</ElementName><required>false</required><FallingAttribute z:Ref="i323"/><RisingAttribute z:Ref="i322"/></URDFElement><URDFElement z:Id="i324" i:type="Dynamics"><Attributes><Attribute z:Id="i325"><AttributeType>damping</AttributeType><IsRequired>false</IsRequired><Value i:nil="true"/></Attribute><Attribute z:Id="i326"><AttributeType>friction</AttributeType><IsRequired>false</IsRequired><Value i:nil="true"/></Attribute></Attributes><ChildElements/><ElementName>dynamics</ElementName><required>false</required><DampingAttribute z:Ref="i325"/><FrictionAttribute z:Ref="i326"/></URDFElement><URDFElement z:Id="i327" i:type="SafetyController"><Attributes><Attribute z:Id="i328"><AttributeType>soft_upper_limit</AttributeType><IsRequired>false</IsRequired><Value i:nil="true"/></Attribute><Attribute z:Id="i329"><AttributeType>soft_lower_limit</AttributeType><IsRequired>false</IsRequired><Value i:nil="true"/></Attribute><Attribute z:Id="i330"><AttributeType>k_position</AttributeType><IsRequired>false</IsRequired><Value i:nil="true"/></Attribute><Attribute z:Id="i331"><AttributeType>k_velocity</AttributeType><IsRequired>true</IsRequired><Value i:nil="true"/></Attribute></Attributes><ChildElements/><ElementName>safety_controller</ElementName><required>false</required><KPositionAttribute z:Ref="i330"/><KVelocityAttribute z:Ref="i331"/><SoftLowerAttribute z:Ref="i329"/><SoftUpperAttribute z:Ref="i328"/></URDFElement><URDFElement z:Id="i332" i:type="Mimic"><Attributes><Attribute z:Id="i333"><AttributeType>joint</AttributeType><IsRequired>true</IsRequired><Value i:nil="true"/></Attribute><Attribute z:Id="i334"><AttributeType>multiplier</AttributeType><IsRequired>false</IsRequired><Value i:nil="true"/></Attribute><Attribute z:Id="i335"><AttributeType>offset</AttributeType><IsRequired>false</IsRequired><Value i:nil="true"/></Attribute></Attributes><ChildElements/><ElementName>mimic</ElementName><required>false</required><JointNameAttribute z:Ref="i333"/><MultiplierAttribute z:Ref="i334"/><OffsetAttribute z:Ref="i335"/></URDFElement></ChildElements><ElementName>joint</ElementName><required>false</required><Axis z:Ref="i314"/><AxisName>Axis3</AxisName><Calibration z:Ref="i321"/><Child z:Ref="i312"/><CoordinateSystemName>Coordinate System7</CoordinateSystemName><Dynamics z:Ref="i324"/><Limit z:Ref="i316"/><Mimic z:Ref="i332"/><NameAttribute z:Ref="i305"/><Origin z:Ref="i307"/><Parent z:Ref="i310"/><Safety z:Ref="i327"/><TypeAttribute z:Ref="i306"/></URDFElement></ChildElements><ElementName>link</ElementName><required>true</required><Children/><Collision z:Ref="i297"/><Inertial z:Ref="i271"/><Joint z:Ref="i304"/><NameAttribute z:Ref="i270"/><Parent z:Ref="i1"/><STLQualityFine>false</STLQualityFine><SWComponentPIDs xmlns:a="http://schemas.microsoft.com/2003/10/Serialization/Arrays"><a:base64Binary>aEIAAAUAAAD//v8gbQBvAHQAbwByAGUAZABpAHQALQAzAEAAcgBvAGIAbwBWADMAKAB1AHIAZABmAF8AYwBoAGEAbgBnAGUAZAApAAQAAAAQAAAAAQAAAAEAAADKAgAA</a:base64Binary></SWComponentPIDs><SWMainComponentPID i:nil="true"/><Visual z:Ref="i284"/><isFixedFrame>false</isFixedFrame><isIncomplete>false</isIncomplete></Link><Link z:Id="i336"><Attributes><Attribute z:Id="i337"><AttributeType>name</AttributeType><IsRequired>true</IsRequired><Value i:type="a:string" xmlns:a="http://www.w3.org/2001/XMLSchema">camera_link</Value></Attribute></Attributes><ChildElements><URDFElement z:Id="i338" i:type="Inertial"><Attributes/><ChildElements><URDFElement z:Id="i339" i:type="Origin"><Attributes><Attribute z:Id="i340"><AttributeType>xyz</AttributeType><IsRequired>true</IsRequired><Value i:type="a:ArrayOfdouble" xmlns:a="http://schemas.microsoft.com/2003/10/Serialization/Arrays"><a:double>-0.028697404385694125</a:double><a:double>-0.0031532314154304464</a:double><a:double>-0.0069642717036187962</a:double></Value></Attribute><Attribute z:Id="i341"><AttributeType>rpy</AttributeType><IsRequired>true</IsRequired><Value i:type="a:ArrayOfdouble" xmlns:a="http://schemas.microsoft.com/2003/10/Serialization/Arrays"><a:double>0</a:double><a:double>0</a:double><a:double>0</a:double></Value></Attribute></Attributes><ChildElements/><ElementName>origin</ElementName><required>false</required><RPYAttribute z:Ref="i341"/><XYZAttribute z:Ref="i340"/><isCustomized>false</isCustomized></URDFElement><URDFElement z:Id="i342" i:type="Mass"><Attributes><Attribute z:Id="i343"><AttributeType>value</AttributeType><IsRequired>true</IsRequired><Value i:type="a:double" xmlns:a="http://www.w3.org/2001/XMLSchema">0.64645488472217083</Value></Attribute></Attributes><ChildElements/><ElementName>mass</ElementName><required>false</required><ValueAttribute z:Ref="i343"/></URDFElement><URDFElement z:Id="i344" i:type="Inertia"><Attributes><Attribute z:Id="i345"><AttributeType>ixx</AttributeType><IsRequired>true</IsRequired><Value i:type="a:double" xmlns:a="http://www.w3.org/2001/XMLSchema">0.0028423827316273191</Value></Attribute><Attribute z:Id="i346"><AttributeType>ixy</AttributeType><IsRequired>true</IsRequired><Value i:type="a:double" xmlns:a="http://www.w3.org/2001/XMLSchema">1.8727304572263611E-05</Value></Attribute><Attribute z:Id="i347"><AttributeType>ixz</AttributeType><IsRequired>true</IsRequired><Value i:type="a:double" xmlns:a="http://www.w3.org/2001/XMLSchema">1.4807509092677482E-07</Value></Attribute><Attribute z:Id="i348"><AttributeType>iyy</AttributeType><IsRequired>true</IsRequired><Value i:type="a:double" xmlns:a="http://www.w3.org/2001/XMLSchema">0.000263758634501103</Value></Attribute><Attribute z:Id="i349"><AttributeType>iyz</AttributeType><IsRequired>true</IsRequired><Value i:type="a:double" xmlns:a="http://www.w3.org/2001/XMLSchema">-3.3373612907346736E-08</Value></Attribute><Attribute z:Id="i350"><AttributeType>izz</AttributeType><IsRequired>true</IsRequired><Value i:type="a:double" xmlns:a="http://www.w3.org/2001/XMLSchema">0.0029627405896730766</Value></Attribute></Attributes><ChildElements/><ElementName>inertia</ElementName><required>false</required><IxxAttribute z:Ref="i345"/><IxyAttribute z:Ref="i346"/><IxzAttribute z:Ref="i347"/><IyyAttribute z:Ref="i348"/><IyzAttribute z:Ref="i349"/><IzzAttribute z:Ref="i350"/></URDFElement></ChildElements><ElementName>inertial</ElementName><required>false</required><Inertia z:Ref="i344"/><Mass z:Ref="i342"/><Origin z:Ref="i339"/></URDFElement><URDFElement z:Id="i351" i:type="Visual"><Attributes/><ChildElements><URDFElement z:Id="i352" i:type="Origin"><Attributes><Attribute z:Id="i353"><AttributeType>xyz</AttributeType><IsRequired>true</IsRequired><Value i:type="a:ArrayOfdouble" xmlns:a="http://schemas.microsoft.com/2003/10/Serialization/Arrays"><a:double>0</a:double><a:double>0</a:double><a:double>0</a:double></Value></Attribute><Attribute z:Id="i354"><AttributeType>rpy</AttributeType><IsRequired>true</IsRequired><Value i:type="a:ArrayOfdouble" xmlns:a="http://schemas.microsoft.com/2003/10/Serialization/Arrays"><a:double>0</a:double><a:double>0</a:double><a:double>0</a:double></Value></Attribute></Attributes><ChildElements/><ElementName>origin</ElementName><required>false</required><RPYAttribute z:Ref="i354"/><XYZAttribute z:Ref="i353"/><isCustomized>false</isCustomized></URDFElement><URDFElement z:Id="i355" i:type="Geometry"><Attributes/><ChildElements><URDFElement z:Id="i356" i:type="Mesh"><Attributes><Attribute z:Id="i357"><AttributeType>filename</AttributeType><IsRequired>true</IsRequired><Value i:nil="true"/></Attribute></Attributes><ChildElements/><ElementName>mesh</ElementName><required>false</required><FilenameAttribute z:Ref="i357"/></URDFElement></ChildElements><ElementName>geometry</ElementName><required>true</required><Mesh z:Ref="i356"/></URDFElement><URDFElement z:Id="i358" i:type="Material"><Attributes><Attribute z:Id="i359"><AttributeType>name</AttributeType><IsRequired>true</IsRequired><Value i:type="a:string" xmlns:a="http://www.w3.org/2001/XMLSchema"/></Attribute></Attributes><ChildElements><URDFElement z:Id="i360" i:type="Color"><Attributes><Attribute z:Id="i361"><AttributeType>rgba</AttributeType><IsRequired>true</IsRequired><Value i:type="a:ArrayOfdouble" xmlns:a="http://schemas.microsoft.com/2003/10/Serialization/Arrays"><a:double>0.75294117647058822</a:double><a:double>0.75294117647058822</a:double><a:double>0.75294117647058822</a:double><a:double>1</a:double></Value></Attribute></Attributes><ChildElements/><ElementName>color</ElementName><required>false</required><RGBAAttribute z:Ref="i361"/></URDFElement><URDFElement z:Id="i362" i:type="Texture"><Attributes><Attribute z:Id="i363"><AttributeType>filename</AttributeType><IsRequired>true</IsRequired><Value i:nil="true"/></Attribute></Attributes><ChildElements/><ElementName>texture</ElementName><required>false</required><FilenameAttribute z:Ref="i363"/><wFilename/></URDFElement></ChildElements><ElementName>material</ElementName><required>false</required><Color z:Ref="i360"/><NameAttribute z:Ref="i359"/><Texture z:Ref="i362"/></URDFElement></ChildElements><ElementName>visual</ElementName><required>false</required><Geometry z:Ref="i355"/><Material z:Ref="i358"/><Origin z:Ref="i352"/></URDFElement><URDFElement z:Id="i364" i:type="Collision"><Attributes/><ChildElements><URDFElement z:Id="i365" i:type="Origin"><Attributes><Attribute z:Id="i366"><AttributeType>xyz</AttributeType><IsRequired>true</IsRequired><Value i:type="a:ArrayOfdouble" xmlns:a="http://schemas.microsoft.com/2003/10/Serialization/Arrays"><a:double>0</a:double><a:double>0</a:double><a:double>0</a:double></Value></Attribute><Attribute z:Id="i367"><AttributeType>rpy</AttributeType><IsRequired>true</IsRequired><Value i:type="a:ArrayOfdouble" xmlns:a="http://schemas.microsoft.com/2003/10/Serialization/Arrays"><a:double>0</a:double><a:double>0</a:double><a:double>0</a:double></Value></Attribute></Attributes><ChildElements/><ElementName>origin</ElementName><required>false</required><RPYAttribute z:Ref="i367"/><XYZAttribute z:Ref="i366"/><isCustomized>false</isCustomized></URDFElement><URDFElement z:Id="i368" i:type="Geometry"><Attributes/><ChildElements><URDFElement z:Id="i369" i:type="Mesh"><Attributes><Attribute z:Id="i370"><AttributeType>filename</AttributeType><IsRequired>true</IsRequired><Value i:nil="true"/></Attribute></Attributes><ChildElements/><ElementName>mesh</ElementName><required>false</required><FilenameAttribute z:Ref="i370"/></URDFElement></ChildElements><ElementName>geometry</ElementName><required>true</required><Mesh z:Ref="i369"/></URDFElement></ChildElements><ElementName>collision</ElementName><required>false</required><Geometry z:Ref="i368"/><Origin z:Ref="i365"/></URDFElement><URDFElement z:Id="i371" i:type="Joint"><Attributes><Attribute z:Id="i372"><AttributeType>name</AttributeType><IsRequired>true</IsRequired><Value i:type="a:string" xmlns:a="http://www.w3.org/2001/XMLSchema">cam</Value></Attribute><Attribute z:Id="i373"><AttributeType>type</AttributeType><IsRequired>true</IsRequired><Value i:type="a:string" xmlns:a="http://www.w3.org/2001/XMLSchema">fixed</Value></Attribute></Attributes><ChildElements><URDFElement z:Id="i374" i:type="Origin"><Attributes><Attribute z:Id="i375"><AttributeType>xyz</AttributeType><IsRequired>true</IsRequired><Value i:type="a:ArrayOfdouble" xmlns:a="http://schemas.microsoft.com/2003/10/Serialization/Arrays"><a:double>0.26495227055491077</a:double><a:double>0.0053582123173611662</a:double><a:double>0.28442516461510226</a:double></Value></Attribute><Attribute z:Id="i376"><AttributeType>rpy</AttributeType><IsRequired>true</IsRequired><Value i:type="a:ArrayOfdouble" xmlns:a="http://schemas.microsoft.com/2003/10/Serialization/Arrays"><a:double>0</a:double><a:double>0</a:double><a:double>0</a:double></Value></Attribute></Attributes><ChildElements/><ElementName>origin</ElementName><required>false</required><RPYAttribute z:Ref="i376"/><XYZAttribute z:Ref="i375"/><isCustomized>false</isCustomized></URDFElement><URDFElement z:Id="i377" i:type="ParentLink"><Attributes><Attribute z:Id="i378"><AttributeType>link</AttributeType><IsRequired>true</IsRequired><Value i:type="a:string" xmlns:a="http://www.w3.org/2001/XMLSchema">base_link</Value></Attribute></Attributes><ChildElements/><ElementName>parent</ElementName><required>true</required><NameAttribute z:Ref="i378"/></URDFElement><URDFElement z:Id="i379" i:type="ChildLink"><Attributes><Attribute z:Id="i380"><AttributeType>link</AttributeType><IsRequired>true</IsRequired><Value i:type="a:string" xmlns:a="http://www.w3.org/2001/XMLSchema">camera_link</Value></Attribute></Attributes><ChildElements/><ElementName>child</ElementName><required>true</required><NameAttribute z:Ref="i380"/></URDFElement><URDFElement z:Id="i381" i:type="Axis"><Attributes><Attribute z:Id="i382"><AttributeType>xyz</AttributeType><IsRequired>true</IsRequired><Value i:type="a:ArrayOfdouble" xmlns:a="http://schemas.microsoft.com/2003/10/Serialization/Arrays"><a:double>0</a:double><a:double>0</a:double><a:double>0</a:double></Value></Attribute></Attributes><ChildElements/><ElementName>axis</ElementName><required>false</required><XYZAttribute z:Ref="i382"/></URDFElement><URDFElement z:Id="i383" i:type="Limit"><Attributes><Attribute z:Id="i384"><AttributeType>lower</AttributeType><IsRequired>false</IsRequired><Value i:nil="true"/></Attribute><Attribute z:Id="i385"><AttributeType>upper</AttributeType><IsRequired>false</IsRequired><Value i:nil="true"/></Attribute><Attribute z:Id="i386"><AttributeType>effort</AttributeType><IsRequired>true</IsRequired><Value i:nil="true"/></Attribute><Attribute z:Id="i387"><AttributeType>velocity</AttributeType><IsRequired>true</IsRequired><Value i:nil="true"/></Attribute></Attributes><ChildElements/><ElementName>limit</ElementName><required>false</required><EffortAttribute z:Ref="i386"/><LowerAttribute z:Ref="i384"/><UpperAttribute z:Ref="i385"/><VelocityAttribute z:Ref="i387"/></URDFElement><URDFElement z:Id="i388" i:type="Calibration"><Attributes><Attribute z:Id="i389"><AttributeType>rising</AttributeType><IsRequired>false</IsRequired><Value i:nil="true"/></Attribute><Attribute z:Id="i390"><AttributeType>falling</AttributeType><IsRequired>false</IsRequired><Value i:nil="true"/></Attribute></Attributes><ChildElements/><ElementName>calibration</ElementName><required>false</required><FallingAttribute z:Ref="i390"/><RisingAttribute z:Ref="i389"/></URDFElement><URDFElement z:Id="i391" i:type="Dynamics"><Attributes><Attribute z:Id="i392"><AttributeType>damping</AttributeType><IsRequired>false</IsRequired><Value i:nil="true"/></Attribute><Attribute z:Id="i393"><AttributeType>friction</AttributeType><IsRequired>false</IsRequired><Value i:nil="true"/></Attribute></Attributes><ChildElements/><ElementName>dynamics</ElementName><required>false</required><DampingAttribute z:Ref="i392"/><FrictionAttribute z:Ref="i393"/></URDFElement><URDFElement z:Id="i394" i:type="SafetyController"><Attributes><Attribute z:Id="i395"><AttributeType>soft_upper_limit</AttributeType><IsRequired>false</IsRequired><Value i:nil="true"/></Attribute><Attribute z:Id="i396"><AttributeType>soft_lower_limit</AttributeType><IsRequired>false</IsRequired><Value i:nil="true"/></Attribute><Attribute z:Id="i397"><AttributeType>k_position</AttributeType><IsRequired>false</IsRequired><Value i:nil="true"/></Attribute><Attribute z:Id="i398"><AttributeType>k_velocity</AttributeType><IsRequired>true</IsRequired><Value i:nil="true"/></Attribute></Attributes><ChildElements/><ElementName>safety_controller</ElementName><required>false</required><KPositionAttribute z:Ref="i397"/><KVelocityAttribute z:Ref="i398"/><SoftLowerAttribute z:Ref="i396"/><SoftUpperAttribute z:Ref="i395"/></URDFElement><URDFElement z:Id="i399" i:type="Mimic"><Attributes><Attribute z:Id="i400"><AttributeType>joint</AttributeType><IsRequired>true</IsRequired><Value i:nil="true"/></Attribute><Attribute z:Id="i401"><AttributeType>multiplier</AttributeType><IsRequired>false</IsRequired><Value i:nil="true"/></Attribute><Attribute z:Id="i402"><AttributeType>offset</AttributeType><IsRequired>false</IsRequired><Value i:nil="true"/></Attribute></Attributes><ChildElements/><ElementName>mimic</ElementName><required>false</required><JointNameAttribute z:Ref="i400"/><MultiplierAttribute z:Ref="i401"/><OffsetAttribute z:Ref="i402"/></URDFElement></ChildElements><ElementName>joint</ElementName><required>false</required><Axis z:Ref="i381"/><AxisName>Automatically Generate</AxisName><Calibration z:Ref="i388"/><Child z:Ref="i379"/><CoordinateSystemName>Coordinate System8</CoordinateSystemName><Dynamics z:Ref="i391"/><Limit z:Ref="i383"/><Mimic z:Ref="i399"/><NameAttribute z:Ref="i372"/><Origin z:Ref="i374"/><Parent z:Ref="i377"/><Safety z:Ref="i394"/><TypeAttribute z:Ref="i373"/></URDFElement></ChildElements><ElementName>link</ElementName><required>true</required><Children/><Collision z:Ref="i364"/><Inertial z:Ref="i338"/><Joint z:Ref="i371"/><NameAttribute z:Ref="i337"/><Parent z:Ref="i1"/><STLQualityFine>false</STLQualityFine><SWComponentPIDs xmlns:a="http://schemas.microsoft.com/2003/10/Serialization/Arrays"><a:base64Binary>aEIAAAUAAAD//v8jZgBpAG4AYQBsACAAawBpAG4AZQBjAHQALQAxAEAAcgBvAGIAbwBWADMAKAB1AHIAZABmAF8AYwBoAGEAbgBnAGUAZAApAAQAAAAQAAAAAQAAAAEAAADeBwAA</a:base64Binary></SWComponentPIDs><SWMainComponentPID i:nil="true"/><Visual z:Ref="i351"/><isFixedFrame>false</isFixedFrame><isIncomplete>false</isIncomplete></Link></Children><Collision z:Ref="i29"/><Inertial z:Ref="i3"/><Joint z:Ref="i36"/><NameAttribute z:Ref="i2"/><Parent i:nil="true"/><STLQualityFine>false</STLQualityFine><SWComponentPIDs xmlns:a="http://schemas.microsoft.com/2003/10/Serialization/Arrays"><a:base64Binary>aEIAAAUAAAD//v8mYwB1AG0AXwBiAGEAbgBoAF8AeABlAF8AbABvAG4ALQAzAEAAcgBvAGIAbwBWADMAKAB1AHIAZABmAF8AYwBoAGEAbgBnAGUAZAApAAQAAAAQAAAAAQAAAAEAAACMAQAA</a:base64Binary><a:base64Binary>aEIAAAUAAAD//v8bMgAwAG0AbQAtADIAQAByAG8AYgBvAFYAMwAoAHUAcgBkAGYAXwBjAGgAYQBuAGcAZQBkACkABAAAABAAAAABAAAAAQAAACkCAAA=</a:base64Binary><a:base64Binary>aEIAAAUAAAD//v8bMgAwAG0AbQAtADgAQAByAG8AYgBvAFYAMwAoAHUAcgBkAGYAXwBjAGgAYQBuAGcAZQBkACkABAAAABAAAAABAAAAAQAAAC8CAAA=</a:base64Binary><a:base64Binary>aEIAAAUAAAD//v8gbQBvAHQAbwByAEEAeABpAHMALQAxAEAAcgBvAGIAbwBWADMAKAB1AHIAZABmAF8AYwBoAGEAbgBnAGUAZAApAAQAAAAQAAAAAQAAAAEAAACrAgAA</a:base64Binary><a:base64Binary>aEIAAAUAAAD//v8jbABpAGQAYQByAF8AcAB1AHMAaAB1AHAALQAxAEAAcgBvAGIAbwBWADMAKAB1AHIAZABmAF8AYwBoAGEAbgBnAGUAZAApAAQAAAAQAAAAAQAAAAEAAACHBAAA</a:base64Binary><a:base64Binary>aEIAAAUAAAD//v8ncwB0AGEAbgBkAG8AZgBmAF8ATQAyAF8AMgAwAG0AbQAtADEAQAByAG8AYgBvAFYAMwAoAHUAcgBkAGYAXwBjAGgAYQBuAGcAZQBkACkABAAAABAAAAABAAAAAQAAAMkEAAA=</a:base64Binary><a:base64Binary>aEIAAAUAAAD//v8ncwB0AGEAbgBkAG8AZgBmAF8ATQAyAF8AMgAwAG0AbQAtADMAQAByAG8AYgBvAFYAMwAoAHUAcgBkAGYAXwBjAGgAYQBuAGcAZQBkACkABAAAABAAAAABAAAAAQAAANAEAAA=</a:base64Binary><a:base64Binary>aEIAAAUAAAD//v8ncwB0AGEAbgBkAG8AZgBmAF8ATQAyAF8AMgAwAG0AbQAtADQAQAByAG8AYgBvAFYAMwAoAHUAcgBkAGYAXwBjAGgAYQBuAGcAZQBkACkABAAAABAAAAABAAAAAQAAANYEAAA=</a:base64Binary><a:base64Binary>aEIAAAUAAAD//v8ncwB0AGEAbgBkAG8AZgBmAF8ATQAyAF8AMgAwAG0AbQAtADUAQAByAG8AYgBvAFYAMwAoAHUAcgBkAGYAXwBjAGgAYQBuAGcAZQBkACkABAAAABAAAAABAAAAAQAAANkEAAA=</a:base64Binary><a:base64Binary>aEIAAAUAAAD//v8eYgBhAHQAdABlAHIAeQAtADEAQAByAG8AYgBvAFYAMwAoAHUAcgBkAGYAXwBjAGgAYQBuAGcAZQBkACkABAAAABAAAAABAAAAAQAAANwEAAA=</a:base64Binary><a:base64Binary>aEIAAAUAAAD//v8oaABvAHYAZQByAGIAbwBhAHIAZABfAGQAcgBpAHYAZQByAC0AMQBAAHIAbwBiAG8AVgAzACgAdQByAGQAZgBfAGMAaABhAG4AZwBlAGQAKQAEAAAAEAAAAAEAAAABAAAA3QQAAA==</a:base64Binary><a:base64Binary>aEIAAAUAAAD//v8oYwB1AG0AXwByAGUAbABhAHkAXwBtAHkANABuAF8ANABwAC0AMQBAAHIAbwBiAG8AVgAzACgAdQByAGQAZgBfAGMAaABhAG4AZwBlAGQAKQAEAAAAEAAAAAEAAAABAAAA4QQAAA==</a:base64Binary><a:base64Binary>aEIAAAUAAAD//v8jbABpAGQAYQByAF8AcAB1AHMAaAB1AHAALQAzAEAAcgBvAGIAbwBWADMAKAB1AHIAZABmAF8AYwBoAGEAbgBnAGUAZAApAAQAAAAQAAAAAQAAAAEAAAATBQAA</a:base64Binary><a:base64Binary>aEIAAAUAAAD//v8oMwA2AHYAXwAxADIAdgBfAGMAbwBuAHYAZQByAHQAZQByAC0AMQBAAHIAbwBiAG8AVgAzACgAdQByAGQAZgBfAGMAaABhAG4AZwBlAGQAKQAEAAAAEAAAAAEAAAABAAAAIAUAAA==</a:base64Binary><a:base64Binary>aEIAAAUAAAD//v8jcgBlAG0AbwB0AGUAXwByAGUAbABhAHkALQAxAEAAcgBvAGIAbwBWADMAKAB1AHIAZABmAF8AYwBoAGEAbgBnAGUAZAApAAQAAAAQAAAAAQAAAAEAAAAxBQAA</a:base64Binary><a:base64Binary>aEIAAAUAAAD//v8lYQBsAHUAbQBpAG4AaQB1AG0AXwBiAGEAcwBlAC0AMQBAAHIAbwBiAG8AVgAzACgAdQByAGQAZgBfAGMAaABhAG4AZwBlAGQAKQAEAAAAEAAAAAEAAAABAAAANQUAAA==</a:base64Binary><a:base64Binary>aEIAAAUAAAD//v8icABpAF8AaABhAG4AZwBfAGkAbQB1AC0AMQBAAHIAbwBiAG8AVgAzACgAdQByAGQAZgBfAGMAaABhAG4AZwBlAGQAKQAEAAAAEAAAAAEAAAABAAAAWwUAAA==</a:base64Binary><a:base64Binary>aEIAAAUAAAD//v8jVwBFAEkARABVACAAVABCADIANQBYAFgALQAxAEAAcgBvAGIAbwBWADMAKAB1AHIAZABmAF8AYwBoAGEAbgBnAGUAZAApAAQAAAAQAAAAAQAAAAEAAAB4BQAA</a:base64Binary><a:base64Binary>aEIAAAUAAAD//v8rHwRABD4ERAQ4BDsETAQgAFYALQBzAGwAbwB0ACAAMgAwAHgANAAwAC0AMQBAAHIAbwBiAG8AVgAzACgAdQByAGQAZgBfAGMAaABhAG4AZwBlAGQAKQAEAAAAEAAAAAEAAAABAAAAfgUAAA==</a:base64Binary><a:base64Binary>aEIAAAUAAAD//v8rHwRABD4ERAQ4BDsETAQgAFYALQBzAGwAbwB0ACAAMgAwAHgANAAwAC0AMwBAAHIAbwBiAG8AVgAzACgAdQByAGQAZgBfAGMAaABhAG4AZwBlAGQAKQAEAAAAEAAAAAEAAAABAAAAgAUAAA==</a:base64Binary><a:base64Binary>aEIAAAUAAAD//v88MgAwAHgAMgAwAF8AYQBsAHUAbQBpAG4AdQBtAF8AZQB4AHQAcgB1AHMAaQBvAG4AXwBwAHIAbwBmAGkAbABlACAAMgA2AGMAbQAtADEAQAByAG8AYgBvAFYAMwAoAHUAcgBkAGYAXwBjAGgAYQBuAGcAZQBkACkABAAAABAAAAABAAAAAQAAAJkFAAA=</a:base64Binary><a:base64Binary>aEIAAAUAAAD//v8cMgAwAG0AbQAtADEAMABAAHIAbwBiAG8AVgAzACgAdQByAGQAZgBfAGMAaABhAG4AZwBlAGQAKQAEAAAAEAAAAAEAAAABAAAAygUAAA==</a:base64Binary><a:base64Binary>aEIAAAUAAAD//v8mYwB1AG0AXwBiAGEAbgBoAF8AeABlAF8AbABvAG4ALQA1AEAAcgBvAGIAbwBWADMAKAB1AHIAZABmAF8AYwBoAGEAbgBnAGUAZAApAAQAAAAQAAAAAQAAAAEAAADLBQAA</a:base64Binary><a:base64Binary>aEIAAAUAAAD//v8gbQBvAHQAbwByAEEAeABpAHMALQA0AEAAcgBvAGIAbwBWADMAKAB1AHIAZABmAF8AYwBoAGEAbgBnAGUAZAApAAQAAAAQAAAAAQAAAAEAAADMBQAA</a:base64Binary><a:base64Binary>aEIAAAUAAAD//v8cMgAwAG0AbQAtADEAMQBAAHIAbwBiAG8AVgAzACgAdQByAGQAZgBfAGMAaABhAG4AZwBlAGQAKQAEAAAAEAAAAAEAAAABAAAAzQUAAA==</a:base64Binary><a:base64Binary>aEIAAAUAAAD//v8sYwB1AG0AXwBkAGEAaAB1AG8AbgBnAF8AdAByAHUAbwBjAF8AcwBhAHUALQA1AEAAcgBvAGIAbwBWADMAKAB1AHIAZABmAF8AYwBoAGEAbgBnAGUAZAApAAQAAAAQAAAAAQAAAAEAAAAZBgAA</a:base64Binary><a:base64Binary>aEIAAAUAAAD//v8sYwB1AG0AXwBkAGEAaAB1AG8AbgBnAF8AdAByAHUAbwBjAF8AcwBhAHUALQA2AEAAcgBvAGIAbwBWADMAKAB1AHIAZABmAF8AYwBoAGEAbgBnAGUAZAApAAQAAAAQAAAAAQAAAAEAAAAgBgAA</a:base64Binary><a:base64Binary>aEIAAAUAAAD//v8kZgB1AGwAbABfAGMAbwB2AGUAcgBfAHYAMgAtADEAQAByAG8AYgBvAFYAMwAoAHUAcgBkAGYAXwBjAGgAYQBuAGcAZQBkACkABAAAABAAAAABAAAAAQAAAFwGAAA=</a:base64Binary><a:base64Binary>aEIAAAUAAAD//v8pYwBvAHYAZQByAF8AagBvAGkAbgB0AF8AdgAzAC4AMQAuADIALQAxAEAAcgBvAGIAbwBWADMAKAB1AHIAZABmAF8AYwBoAGEAbgBnAGUAZAApAAQAAAAQAAAAAQAAAAEAAACjBgAA</a:base64Binary><a:base64Binary>aEIAAAUAAAD//v8ZagAxAC0AMQBAAHIAbwBiAG8AVgAzACgAdQByAGQAZgBfAGMAaABhAG4AZwBlAGQAKQAEAAAAEAAAAAEAAAABAAAArAYAAA==</a:base64Binary><a:base64Binary>aEIAAAUAAAD//v8ZagAxAC0AMgBAAHIAbwBiAG8AVgAzACgAdQByAGQAZgBfAGMAaABhAG4AZwBlAGQAKQAEAAAAEAAAAAEAAAABAAAArQYAAA==</a:base64Binary><a:base64Binary>aEIAAAUAAAD//v8ebQBhAHQAeABlAG8AMQAtADEAQAByAG8AYgBvAFYAMwAoAHUAcgBkAGYAXwBjAGgAYQBuAGcAZQBkACkABAAAABAAAAABAAAAAQAAAL0GAAA=</a:base64Binary><a:base64Binary>aEIAAAUAAAD//v8tQQByAGMAYQBkAGUAIABQAHUAcwBoACAAYgB1AHQAdABvAG4AIABhAHMAbQAtADIAQAByAG8AYgBvAFYAMwAoAHUAcgBkAGYAXwBjAGgAYQBuAGcAZQBkACkABAAAABAAAAABAAAAAQAAAM8GAAA=</a:base64Binary><a:base64Binary>aEIAAAUAAAD//v86UwB0AG8AcAAgAFMAdwBpAHQAYwBoACAAUAB1AHMAaAAgAEIAdQB0AHQAbwBuACAATABBAFkAMwA3ACAAKABQAEIAQwApAC0AMwBAAHIAbwBiAG8AVgAzACgAdQByAGQAZgBfAGMAaABhAG4AZwBlAGQAKQAEAAAAEAAAAAEAAAABAAAA9wYAAA==</a:base64Binary><a:base64Binary>aEIAAAUAAAD//v8sYwBvAHYAZQByAF8AdQBwAF8AdgAyAF8AbABpAG4AaABfAG0AaQBjAGEALQAxAEAAcgBvAGIAbwBWADMAKAB1AHIAZABmAF8AYwBoAGEAbgBnAGUAZAApAAQAAAAQAAAAAQAAAAEAAADZBwAA</a:base64Binary><a:base64Binary>aEIAAAUAAAD//v8eYQBsAGkAYgBhAGIAYQAtADEAQAByAG8AYgBvAFYAMwAoAHUAcgBkAGYAXwBjAGgAYQBuAGcAZQBkACkABAAAABAAAAABAAAAAQAAADYIAAA=</a:base64Binary><a:base64Binary>aEIAAAUAAAD//v8aYwBoAGUALQAxAEAAcgBvAGIAbwBWADMAKAB1AHIAZABmAF8AYwBoAGEAbgBnAGUAZAApAAQAAAAQAAAAAQAAAAEAAAA8CAAA</a:base64Binary><a:base64Binary>aEIAAAUAAAD//v8aYwBoAGUALQAyAEAAcgBvAGIAbwBWADMAKAB1AHIAZABmAF8AYwBoAGEAbgBnAGUAZAApAAQAAAAQAAAAAQAAAAEAAABQCAAA</a:base64Binary><a:base64Binary>aEIAAAUAAAD//v8aYwBoAGUALQAzAEAAcgBvAGIAbwBWADMAKAB1AHIAZABmAF8AYwBoAGEAbgBnAGUAZAApAAQAAAAQAAAAAQAAAAEAAABZCAAA</a:base64Binary><a:base64Binary>aEIAAAUAAAD//v8aYwBoAGUALQA0AEAAcgBvAGIAbwBWADMAKAB1AHIAZABmAF8AYwBoAGEAbgBnAGUAZAApAAQAAAAQAAAAAQAAAAEAAABhCAAA</a:base64Binary><a:base64Binary>aEIAAAUAAAD//v8aYwBoAGUALQA1AEAAcgBvAGIAbwBWADMAKAB1AHIAZABmAF8AYwBoAGEAbgBnAGUAZAApAAQAAAAQAAAAAQAAAAEAAABpCAAA</a:base64Binary><a:base64Binary>aEIAAAUAAAD//v8aYwBoAGUALQA2AEAAcgBvAGIAbwBWADMAKAB1AHIAZABmAF8AYwBoAGEAbgBnAGUAZAApAAQAAAAQAAAAAQAAAAEAAABxCAAA</a:base64Binary><a:base64Binary>aEIAAAUAAAD//v8lZwBhAF8AbQBpAG4AaQBwAGMAXwBjAG8AbQBwAC0AMQBAAHIAbwBiAG8AVgAzACgAdQByAGQAZgBfAGMAaABhAG4AZwBlAGQAKQAEAAAAEAAAAAEAAAABAAAAxggAAA==</a:base64Binary><a:base64Binary>aEIAAAUAAAD//v8jZwBhAF8AbQBpAG4AaQBwAGMAXwB2ADIALQAyAEAAcgBvAGIAbwBWADMAKAB1AHIAZABmAF8AYwBoAGEAbgBnAGUAZAApAAQAAAAQAAAAAQAAAAEAAACxCAAA</a:base64Binary><a:base64Binary>aEIAAAUAAAD//v8jZwBhAF8AbQBpAG4AaQBwAGMAXwB2ADIALQAxAEAAcgBvAGIAbwBWADMAKAB1AHIAZABmAF8AYwBoAGEAbgBnAGUAZAApAAQAAAAQAAAAAQAAAAEAAACwCAAA</a:base64Binary><a:base64Binary>aEIAAAUAAAD//v8eaABvAHAAXwBwAGkAbgAtADEAQAByAG8AYgBvAFYAMwAoAHUAcgBkAGYAXwBjAGgAYQBuAGcAZQBkACkABAAAABAAAAABAAAAAQAAAN8IAAA=</a:base64Binary><a:base64Binary>aEIAAAUAAAD//v8fbgBhAG4AZwBfAGMAYQBtAC0AMQBAAHIAbwBiAG8AVgAzACgAdQByAGQAZgBfAGMAaABhAG4AZwBlAGQAKQAEAAAAEAAAAAEAAAABAAAA6ggAAA==</a:base64Binary><a:base64Binary>aEIAAAUAAAD//v81ZwBhAF8AYwBvAG0ALQAxAEAAcgBvAGIAbwBWADMAKAB1AHIAZABmAF8AYwBoAGEAbgBnAGUAZAApAC8AMgAwAHgAMgAwAF8AYQBsAHUAXwBkAG8AYwAxAC0AMgBAAGcAYQBfAGMAbwBtAAQAAAAQAAAAAQAAAAIAAAANCQAAGwAAAA==</a:base64Binary><a:base64Binary>aEIAAAUAAAD//v81ZwBhAF8AYwBvAG0ALQAxAEAAcgBvAGIAbwBWADMAKAB1AHIAZABmAF8AYwBoAGEAbgBnAGUAZAApAC8AMgAwAHgAMgAwAF8AYQBsAHUAXwBkAG8AYwAxAC0AMQBAAGcAYQBfAGMAbwBtAAQAAAAQAAAAAQAAAAIAAAANCQAAGgAAAA==</a:base64Binary><a:base64Binary>aEIAAAUAAAD//v83ZwBhAF8AYwBvAG0ALQAxAEAAcgBvAGIAbwBWADMAKAB1AHIAZABmAF8AYwBoAGEAbgBnAGUAZAApAC8AMgAwAHgAMgAwAF8AYQBsAHUAXwBuAGcAYQBuAGcAMQAtADEAQABnAGEAXwBjAG8AbQAEAAAAEAAAAAEAAAACAAAADQkAABkAAAA=</a:base64Binary><a:base64Binary>aEIAAAUAAAD//v8faABvAHAAXwBuAGEAbgBvAC0AMQBAAHIAbwBiAG8AVgAzACgAdQByAGQAZgBfAGMAaABhAG4AZwBlAGQAKQAEAAAAEAAAAAEAAAABAAAANAkAAA==</a:base64Binary><a:base64Binary>aEIAAAUAAAD//v8hawBlAGcAbwBjAF8AdABhAGIAMQAtADEAQAByAG8AYgBvAFYAMwAoAHUAcgBkAGYAXwBjAGgAYQBuAGcAZQBkACkABAAAABAAAAABAAAAAQAAAG4JAAA=</a:base64Binary><a:base64Binary>aEIAAAUAAAD//v8hawBlAGcAbwBjAF8AdABhAGIAMgAtADEAQAByAG8AYgBvAFYAMwAoAHUAcgBkAGYAXwBjAGgAYQBuAGcAZQBkACkABAAAABAAAAABAAAAAQAAAG8JAAA=</a:base64Binary><a:base64Binary>aEIAAAUAAAD//v8edAByAG8AZABvAG4AZwAtADEAQAByAG8AYgBvAFYAMwAoAHUAcgBkAGYAXwBjAGgAYQBuAGcAZQBkACkABAAAABAAAAABAAAAAQAAAHgJAAA=</a:base64Binary><a:base64Binary>aEIAAAUAAAD//v8gbwBwAF8AdABhAGIAbABlAHQALQAxAEAAcgBvAGIAbwBWADMAKAB1AHIAZABmAF8AYwBoAGEAbgBnAGUAZAApAAQAAAAQAAAAAQAAAAEAAABnCQAA</a:base64Binary></SWComponentPIDs><SWMainComponentPID i:nil="true"/><Visual z:Ref="i16"/><isFixedFrame>false</isFixedFrame><isIncomplete>false</isIncomplete></Link>
2025-07-08 10:19:44,437 INFO  AssemblyExportForm.cs: 309 - Saving URDF package to C:\Users\NHAT LINH\OneDrive\Desktop\urdf\robot_description_v8
2025-07-08 10:19:44,441 INFO  ExportHelper.cs: 147 - Beginning the export process
2025-07-08 10:19:44,444 INFO  ExportHelper.cs: 153 - Creating package directories with name robot_description_v8 and save path C:\Users\NHAT LINH\OneDrive\Desktop\urdf
2025-07-08 10:19:45,580 INFO  ExportHelper.cs: 162 - Creating CMakeLists.txt at C:\Users\NHAT LINH\OneDrive\Desktop\urdf\robot_description_v8\CMakeLists.txt
2025-07-08 10:19:45,583 INFO  ExportHelper.cs: 166 - Creating joint names config at C:\Users\NHAT LINH\OneDrive\Desktop\urdf\robot_description_v8\config\joint_names_robot_description_v8.yaml
2025-07-08 10:19:45,585 INFO  ExportHelper.cs: 170 - Creating package.xml at C:\Users\NHAT LINH\OneDrive\Desktop\urdf\robot_description_v8\package.xml
2025-07-08 10:19:45,587 INFO  PackageXMLWriter.cs: 21 - Creating package.xml at C:\Users\NHAT LINH\OneDrive\Desktop\urdf\robot_description_v8\package.xml
2025-07-08 10:19:45,592 INFO  ExportHelper.cs: 177 - Creating RVIZ launch file in C:\Users\NHAT LINH\OneDrive\Desktop\urdf\robot_description_v8\launch\
2025-07-08 10:19:45,596 INFO  ExportHelper.cs: 182 - Creating Gazebo launch file in C:\Users\NHAT LINH\OneDrive\Desktop\urdf\robot_description_v8\launch\
2025-07-08 10:19:45,598 INFO  ExportHelper.cs: 187 - Saving existing STL preferences
2025-07-08 10:19:45,599 INFO  ExportHelper.cs: 450 - Saving users preferences
2025-07-08 10:19:45,600 INFO  ExportHelper.cs: 190 - Modifying STL preferences
2025-07-08 10:19:45,601 INFO  ExportHelper.cs: 464 - Setting STL preferences
2025-07-08 10:19:45,617 INFO  ExportHelper.cs: 196 - Found 6 hidden components ga_minipc_comp-1/chan_ngang-1, hop_nano-1, cum_dahuong_truoc_sau-5/suspension_v2-1/banhdahuong-1/Part1-1, cover_up_v2-1, cover_up_v2_linh_mica-1, cover_up_v2_linh-1
2025-07-08 10:19:45,618 INFO  ExportHelper.cs: 197 - Hiding all components
2025-07-08 10:19:46,352 INFO  ExportHelper.cs: 204 - Beginning individual files export
2025-07-08 10:19:46,372 INFO  ExportHelper.cs: 270 - Exporting link: base_link
2025-07-08 10:19:46,373 INFO  ExportHelper.cs: 272 - Link base_link has 5 children
2025-07-08 10:19:46,374 INFO  ExportHelper.cs: 270 - Exporting link: lidar_link
2025-07-08 10:19:46,374 INFO  ExportHelper.cs: 272 - Link lidar_link has 0 children
2025-07-08 10:19:46,375 INFO  ExportHelper.cs: 317 - lidar_link: Exporting STL with coordinate frame Coordinate System2
2025-07-08 10:19:46,376 INFO  ExportHelper.cs: 322 - lidar_link: Reference geometry name 
2025-07-08 10:19:46,649 INFO  ExportHelper.cs: 330 - Saving STL to C:\Users\NHAT LINH\OneDrive\Desktop\urdf\robot_description_v8\meshes\lidar_link.STL
2025-07-08 10:19:47,340 INFO  ExportHelper.cs: 405 - Removing SW header in STL file
2025-07-08 10:19:47,343 INFO  ExportHelper.cs: 270 - Exporting link: imu_link
2025-07-08 10:19:47,349 INFO  ExportHelper.cs: 272 - Link imu_link has 0 children
2025-07-08 10:19:47,349 INFO  ExportHelper.cs: 317 - imu_link: Exporting STL with coordinate frame Coordinate System29_imu
2025-07-08 10:19:47,350 INFO  ExportHelper.cs: 322 - imu_link: Reference geometry name 
2025-07-08 10:19:47,478 INFO  ExportHelper.cs: 330 - Saving STL to C:\Users\NHAT LINH\OneDrive\Desktop\urdf\robot_description_v8\meshes\imu_link.STL
2025-07-08 10:19:47,604 INFO  ExportHelper.cs: 405 - Removing SW header in STL file
2025-07-08 10:19:47,606 INFO  ExportHelper.cs: 270 - Exporting link: right_wheel_link
2025-07-08 10:19:47,607 INFO  ExportHelper.cs: 272 - Link right_wheel_link has 0 children
2025-07-08 10:19:47,609 INFO  ExportHelper.cs: 317 - right_wheel_link: Exporting STL with coordinate frame Coordinate System6
2025-07-08 10:19:47,610 INFO  ExportHelper.cs: 322 - right_wheel_link: Reference geometry name 
2025-07-08 10:19:47,660 INFO  ExportHelper.cs: 330 - Saving STL to C:\Users\NHAT LINH\OneDrive\Desktop\urdf\robot_description_v8\meshes\right_wheel_link.STL
2025-07-08 10:19:48,010 INFO  ExportHelper.cs: 405 - Removing SW header in STL file
2025-07-08 10:19:48,013 INFO  ExportHelper.cs: 270 - Exporting link: left_wheel_link
2025-07-08 10:19:48,013 INFO  ExportHelper.cs: 272 - Link left_wheel_link has 0 children
2025-07-08 10:19:48,014 INFO  ExportHelper.cs: 317 - left_wheel_link: Exporting STL with coordinate frame Coordinate System7
2025-07-08 10:19:48,015 INFO  ExportHelper.cs: 322 - left_wheel_link: Reference geometry name 
2025-07-08 10:19:48,075 INFO  ExportHelper.cs: 330 - Saving STL to C:\Users\NHAT LINH\OneDrive\Desktop\urdf\robot_description_v8\meshes\left_wheel_link.STL
2025-07-08 10:19:48,406 INFO  ExportHelper.cs: 405 - Removing SW header in STL file
2025-07-08 10:19:48,414 INFO  ExportHelper.cs: 270 - Exporting link: camera_link
2025-07-08 10:19:48,415 INFO  ExportHelper.cs: 272 - Link camera_link has 0 children
2025-07-08 10:19:48,416 INFO  ExportHelper.cs: 317 - camera_link: Exporting STL with coordinate frame Coordinate System8
2025-07-08 10:19:48,417 INFO  ExportHelper.cs: 322 - camera_link: Reference geometry name 
2025-07-08 10:19:48,459 INFO  ExportHelper.cs: 330 - Saving STL to C:\Users\NHAT LINH\OneDrive\Desktop\urdf\robot_description_v8\meshes\camera_link.STL
2025-07-08 10:19:48,997 INFO  ExportHelper.cs: 405 - Removing SW header in STL file
2025-07-08 10:19:48,998 INFO  ExportHelper.cs: 317 - base_link: Exporting STL with coordinate frame Coordinate System1
2025-07-08 10:19:48,999 INFO  ExportHelper.cs: 322 - base_link: Reference geometry name 
2025-07-08 10:19:49,820 INFO  ExportHelper.cs: 330 - Saving STL to C:\Users\NHAT LINH\OneDrive\Desktop\urdf\robot_description_v8\meshes\base_link.STL
2025-07-08 10:20:00,192 INFO  ExportHelper.cs: 405 - Removing SW header in STL file
2025-07-08 10:20:00,194 INFO  ExportHelper.cs: 145 - Showing all components except previously hidden components
2025-07-08 10:20:14,163 INFO  ExportHelper.cs: 145 - Resetting STL preferences
2025-07-08 10:20:14,165 INFO  ExportHelper.cs: 478 - Returning STL preferences to user preferences
2025-07-08 10:20:14,167 INFO  ExportHelper.cs: 228 - Writing URDF file to C:\Users\NHAT LINH\OneDrive\Desktop\urdf\robot_description_v8\urdf\robot_description_v8.urdf
2025-07-08 10:20:14,179 INFO  CSVImportExport.cs: 32 - Writing CSV file C:\Users\NHAT LINH\OneDrive\Desktop\urdf\robot_description_v8\urdf\robot_description_v8.csv
2025-07-08 10:20:14,230 ERROR CSVImportExport.cs: 130 - The following columns were not written to the CSV: Link.Joint.ChildLink.link,
2025-07-08 10:20:14,233 ERROR CSVImportExport.cs: 130 - The following columns were not written to the CSV: Link.Joint.ChildLink.link,
2025-07-08 10:20:14,234 ERROR CSVImportExport.cs: 130 - The following columns were not written to the CSV: Link.Joint.ChildLink.link,
2025-07-08 10:20:14,235 ERROR CSVImportExport.cs: 130 - The following columns were not written to the CSV: Link.Joint.ChildLink.link,
2025-07-08 10:20:14,236 ERROR CSVImportExport.cs: 130 - The following columns were not written to the CSV: Link.Joint.ChildLink.link,
2025-07-08 10:20:14,237 ERROR CSVImportExport.cs: 130 - The following columns were not written to the CSV: Link.Joint.ChildLink.link,
2025-07-08 10:20:14,238 INFO  ExportHelper.cs: 234 - Copying log file
2025-07-08 10:20:14,248 INFO  ExportHelper.cs: 439 - Copying C:\Users\NHAT LINH\sw2urdf_logs\sw2urdf.log to C:\Users\NHAT LINH\OneDrive\Desktop\urdf\robot_description_v8\export.log
