2025-06-16 10:06:09,795 INFO  Logger.cs: 70 - 
--------------------------------------------------------------------------------
2025-06-16 10:06:09,828 INFO  Logger.cs: 71 - Logging commencing for SW2URDF exporter
2025-06-16 10:06:09,829 INFO  Logger.cs: 73 - Commit version 1.6.0-4-g7f85cfe
2025-06-16 10:06:09,830 INFO  Logger.cs: 74 - Build version 1.6.7995.38578
2025-06-16 10:06:09,831 INFO  SwAddin.cs: 192 - Attempting to connect to SW
2025-06-16 10:06:09,832 INFO  SwAddin.cs: 197 - Setting up callbacks
2025-06-16 10:06:09,833 INFO  SwAddin.cs: 201 - Setting up command manager
2025-06-16 10:06:09,834 INFO  SwAddin.cs: 204 - Adding command manager
2025-06-16 10:06:09,836 INFO  SwAddin.cs: 263 - Adding Assembly export to file menu
2025-06-16 10:06:09,837 INFO  SwAddin.cs: 272 - Adding Part export to file menu
2025-06-16 10:06:09,837 INFO  SwAddin.cs: 210 - Adding event handlers
2025-06-16 10:06:09,840 INFO  SwAddin.cs: 217 - Connecting plugin to SolidWorks
2025-06-16 10:07:46,913 INFO  SwAddin.cs: 294 - Assembly export called for file roboV2.SLDASM
2025-06-16 10:07:48,605 INFO  SwAddin.cs: 313 - Saving assembly
2025-06-16 10:07:49,648 INFO  SwAddin.cs: 316 - Opening property manager
2025-06-16 10:07:49,662 INFO  ExportHelperExtension.cs: 1125 - Retrieving features of type [CoordSys] from roboV2.SLDASM
2025-06-16 10:07:49,671 INFO  ExportHelperExtension.cs: 1136 - Found 284 in roboV2.SLDASM
2025-06-16 10:07:49,673 INFO  ExportHelperExtension.cs: 1145 - Found 14 features of type [CoordSys] in roboV2.SLDASM
2025-06-16 10:07:49,674 INFO  ExportHelperExtension.cs: 1148 - Proceeding through assembly components
2025-06-16 10:07:49,675 INFO  ExportHelperExtension.cs: 1160 - 55 components to check
2025-06-16 10:07:49,679 INFO  ExportHelperExtension.cs: 1125 - Retrieving features of type [CoordSys] from 20mm-8
2025-06-16 10:07:49,681 INFO  ExportHelperExtension.cs: 1136 - Found 40 in 20mm-8
2025-06-16 10:07:49,681 INFO  ExportHelperExtension.cs: 1145 - Found 0 features of type [CoordSys] in 20mm-8
2025-06-16 10:07:49,682 INFO  ExportHelperExtension.cs: 1125 - Retrieving features of type [CoordSys] from hoverboard_driver-1
2025-06-16 10:07:49,682 INFO  ExportHelperExtension.cs: 1136 - Found 25 in hoverboard_driver-1
2025-06-16 10:07:49,682 INFO  ExportHelperExtension.cs: 1145 - Found 0 features of type [CoordSys] in hoverboard_driver-1
2025-06-16 10:07:49,683 INFO  ExportHelperExtension.cs: 1125 - Retrieving features of type [CoordSys] from 36v_12v_converter-1
2025-06-16 10:07:49,683 INFO  ExportHelperExtension.cs: 1136 - Found 29 in 36v_12v_converter-1
2025-06-16 10:07:49,684 INFO  ExportHelperExtension.cs: 1145 - Found 0 features of type [CoordSys] in 36v_12v_converter-1
2025-06-16 10:07:49,684 INFO  ExportHelperExtension.cs: 1125 - Retrieving features of type [CoordSys] from pi_hang_imu-1
2025-06-16 10:07:49,684 INFO  ExportHelperExtension.cs: 1136 - Found 33 in pi_hang_imu-1
2025-06-16 10:07:49,685 INFO  ExportHelperExtension.cs: 1145 - Found 0 features of type [CoordSys] in pi_hang_imu-1
2025-06-16 10:07:49,685 INFO  ExportHelperExtension.cs: 1125 - Retrieving features of type [CoordSys] from lidar_pushup-1
2025-06-16 10:07:49,686 INFO  ExportHelperExtension.cs: 1136 - Found 34 in lidar_pushup-1
2025-06-16 10:07:49,686 INFO  ExportHelperExtension.cs: 1145 - Found 0 features of type [CoordSys] in lidar_pushup-1
2025-06-16 10:07:49,687 INFO  ExportHelperExtension.cs: 1125 - Retrieving features of type [CoordSys] from lidar_pushup-3
2025-06-16 10:07:49,687 INFO  ExportHelperExtension.cs: 1136 - Found 34 in lidar_pushup-3
2025-06-16 10:07:49,688 INFO  ExportHelperExtension.cs: 1145 - Found 0 features of type [CoordSys] in lidar_pushup-3
2025-06-16 10:07:49,688 INFO  ExportHelperExtension.cs: 1125 - Retrieving features of type [CoordSys] from aluminium_base-1
2025-06-16 10:07:49,688 INFO  ExportHelperExtension.cs: 1136 - Found 35 in aluminium_base-1
2025-06-16 10:07:49,689 INFO  ExportHelperExtension.cs: 1145 - Found 0 features of type [CoordSys] in aluminium_base-1
2025-06-16 10:07:49,689 INFO  ExportHelperExtension.cs: 1125 - Retrieving features of type [CoordSys] from cum_banh_xe_lon-3
2025-06-16 10:07:49,689 INFO  ExportHelperExtension.cs: 1136 - Found 27 in cum_banh_xe_lon-3
2025-06-16 10:07:49,690 INFO  ExportHelperExtension.cs: 1145 - Found 0 features of type [CoordSys] in cum_banh_xe_lon-3
2025-06-16 10:07:49,690 INFO  ExportHelperExtension.cs: 1125 - Retrieving features of type [CoordSys] from motoredit-3
2025-06-16 10:07:49,690 INFO  ExportHelperExtension.cs: 1136 - Found 40 in motoredit-3
2025-06-16 10:07:49,691 INFO  ExportHelperExtension.cs: 1145 - Found 0 features of type [CoordSys] in motoredit-3
2025-06-16 10:07:49,691 INFO  ExportHelperExtension.cs: 1125 - Retrieving features of type [CoordSys] from X3_Lidar-1
2025-06-16 10:07:49,691 INFO  ExportHelperExtension.cs: 1136 - Found 90 in X3_Lidar-1
2025-06-16 10:07:49,692 INFO  ExportHelperExtension.cs: 1145 - Found 0 features of type [CoordSys] in X3_Lidar-1
2025-06-16 10:07:49,692 INFO  ExportHelperExtension.cs: 1125 - Retrieving features of type [CoordSys] from standoff_M2_20mm-1
2025-06-16 10:07:49,693 INFO  ExportHelperExtension.cs: 1136 - Found 31 in standoff_M2_20mm-1
2025-06-16 10:07:49,693 INFO  ExportHelperExtension.cs: 1145 - Found 0 features of type [CoordSys] in standoff_M2_20mm-1
2025-06-16 10:07:49,693 INFO  ExportHelperExtension.cs: 1125 - Retrieving features of type [CoordSys] from motorAxis-1
2025-06-16 10:07:49,694 INFO  ExportHelperExtension.cs: 1136 - Found 30 in motorAxis-1
2025-06-16 10:07:49,694 INFO  ExportHelperExtension.cs: 1145 - Found 0 features of type [CoordSys] in motorAxis-1
2025-06-16 10:07:49,694 INFO  ExportHelperExtension.cs: 1125 - Retrieving features of type [CoordSys] from standoff_M2_20mm-4
2025-06-16 10:07:49,694 INFO  ExportHelperExtension.cs: 1136 - Found 31 in standoff_M2_20mm-4
2025-06-16 10:07:49,695 INFO  ExportHelperExtension.cs: 1145 - Found 0 features of type [CoordSys] in standoff_M2_20mm-4
2025-06-16 10:07:49,695 INFO  ExportHelperExtension.cs: 1125 - Retrieving features of type [CoordSys] from standoff_M2_20mm-5
2025-06-16 10:07:49,695 INFO  ExportHelperExtension.cs: 1136 - Found 31 in standoff_M2_20mm-5
2025-06-16 10:07:49,696 INFO  ExportHelperExtension.cs: 1145 - Found 0 features of type [CoordSys] in standoff_M2_20mm-5
2025-06-16 10:07:49,696 INFO  ExportHelperExtension.cs: 1125 - Retrieving features of type [CoordSys] from MPU6050-1
2025-06-16 10:07:49,696 INFO  ExportHelperExtension.cs: 1136 - Found 45 in MPU6050-1
2025-06-16 10:07:49,697 INFO  ExportHelperExtension.cs: 1145 - Found 0 features of type [CoordSys] in MPU6050-1
2025-06-16 10:07:49,697 INFO  ExportHelperExtension.cs: 1125 - Retrieving features of type [CoordSys] from 20mm-2
2025-06-16 10:07:49,697 INFO  ExportHelperExtension.cs: 1136 - Found 40 in 20mm-2
2025-06-16 10:07:49,698 INFO  ExportHelperExtension.cs: 1145 - Found 0 features of type [CoordSys] in 20mm-2
2025-06-16 10:07:49,698 INFO  ExportHelperExtension.cs: 1125 - Retrieving features of type [CoordSys] from battery-1
2025-06-16 10:07:49,698 INFO  ExportHelperExtension.cs: 1136 - Found 28 in battery-1
2025-06-16 10:07:49,699 INFO  ExportHelperExtension.cs: 1145 - Found 0 features of type [CoordSys] in battery-1
2025-06-16 10:07:49,699 INFO  ExportHelperExtension.cs: 1125 - Retrieving features of type [CoordSys] from standoff_M2_20mm-3
2025-06-16 10:07:49,699 INFO  ExportHelperExtension.cs: 1136 - Found 31 in standoff_M2_20mm-3
2025-06-16 10:07:49,700 INFO  ExportHelperExtension.cs: 1145 - Found 0 features of type [CoordSys] in standoff_M2_20mm-3
2025-06-16 10:07:49,700 INFO  ExportHelperExtension.cs: 1125 - Retrieving features of type [CoordSys] from cum_relay_my4n_4p-1
2025-06-16 10:07:49,700 INFO  ExportHelperExtension.cs: 1136 - Found 27 in cum_relay_my4n_4p-1
2025-06-16 10:07:49,701 INFO  ExportHelperExtension.cs: 1145 - Found 0 features of type [CoordSys] in cum_relay_my4n_4p-1
2025-06-16 10:07:49,701 INFO  ExportHelperExtension.cs: 1125 - Retrieving features of type [CoordSys] from remote_relay-1
2025-06-16 10:07:49,701 INFO  ExportHelperExtension.cs: 1136 - Found 28 in remote_relay-1
2025-06-16 10:07:49,702 INFO  ExportHelperExtension.cs: 1145 - Found 0 features of type [CoordSys] in remote_relay-1
2025-06-16 10:07:49,702 INFO  ExportHelperExtension.cs: 1125 - Retrieving features of type [CoordSys] from 20mm-11
2025-06-16 10:07:49,703 INFO  ExportHelperExtension.cs: 1136 - Found 40 in 20mm-11
2025-06-16 10:07:49,703 INFO  ExportHelperExtension.cs: 1145 - Found 0 features of type [CoordSys] in 20mm-11
2025-06-16 10:07:49,704 INFO  ExportHelperExtension.cs: 1125 - Retrieving features of type [CoordSys] from motoredit-4
2025-06-16 10:07:49,704 INFO  ExportHelperExtension.cs: 1136 - Found 40 in motoredit-4
2025-06-16 10:07:49,704 INFO  ExportHelperExtension.cs: 1145 - Found 0 features of type [CoordSys] in motoredit-4
2025-06-16 10:07:49,705 INFO  ExportHelperExtension.cs: 1125 - Retrieving features of type [CoordSys] from motorAxis-4
2025-06-16 10:07:49,705 INFO  ExportHelperExtension.cs: 1136 - Found 30 in motorAxis-4
2025-06-16 10:07:49,705 INFO  ExportHelperExtension.cs: 1145 - Found 0 features of type [CoordSys] in motorAxis-4
2025-06-16 10:07:49,705 INFO  ExportHelperExtension.cs: 1125 - Retrieving features of type [CoordSys] from cover_up_v2-1
2025-06-16 10:07:49,706 INFO  ExportHelperExtension.cs: 1136 - Found 26 in cover_up_v2-1
2025-06-16 10:07:49,706 INFO  ExportHelperExtension.cs: 1145 - Found 0 features of type [CoordSys] in cover_up_v2-1
2025-06-16 10:07:49,706 INFO  ExportHelperExtension.cs: 1125 - Retrieving features of type [CoordSys] from ??????? V-slot 20x40-1
2025-06-16 10:07:49,706 INFO  ExportHelperExtension.cs: 1136 - Found 30 in ??????? V-slot 20x40-1
2025-06-16 10:07:49,706 INFO  ExportHelperExtension.cs: 1145 - Found 0 features of type [CoordSys] in ??????? V-slot 20x40-1
2025-06-16 10:07:49,706 INFO  ExportHelperExtension.cs: 1125 - Retrieving features of type [CoordSys] from cum_dahuong_truoc_sau-5
2025-06-16 10:07:49,707 INFO  ExportHelperExtension.cs: 1136 - Found 53 in cum_dahuong_truoc_sau-5
2025-06-16 10:07:49,707 INFO  ExportHelperExtension.cs: 1145 - Found 0 features of type [CoordSys] in cum_dahuong_truoc_sau-5
2025-06-16 10:07:49,708 INFO  ExportHelperExtension.cs: 1125 - Retrieving features of type [CoordSys] from j1-1
2025-06-16 10:07:49,708 INFO  ExportHelperExtension.cs: 1136 - Found 32 in j1-1
2025-06-16 10:07:49,708 INFO  ExportHelperExtension.cs: 1145 - Found 0 features of type [CoordSys] in j1-1
2025-06-16 10:07:49,709 INFO  ExportHelperExtension.cs: 1125 - Retrieving features of type [CoordSys] from cum_banh_xe_lon-5
2025-06-16 10:07:49,709 INFO  ExportHelperExtension.cs: 1136 - Found 27 in cum_banh_xe_lon-5
2025-06-16 10:07:49,709 INFO  ExportHelperExtension.cs: 1145 - Found 0 features of type [CoordSys] in cum_banh_xe_lon-5
2025-06-16 10:07:49,709 INFO  ExportHelperExtension.cs: 1125 - Retrieving features of type [CoordSys] from matxeo1-1
2025-06-16 10:07:49,710 INFO  ExportHelperExtension.cs: 1136 - Found 27 in matxeo1-1
2025-06-16 10:07:49,710 INFO  ExportHelperExtension.cs: 1145 - Found 0 features of type [CoordSys] in matxeo1-1
2025-06-16 10:07:49,710 INFO  ExportHelperExtension.cs: 1125 - Retrieving features of type [CoordSys] from ??????? V-slot 20x40-3
2025-06-16 10:07:49,711 INFO  ExportHelperExtension.cs: 1136 - Found 30 in ??????? V-slot 20x40-3
2025-06-16 10:07:49,711 INFO  ExportHelperExtension.cs: 1145 - Found 0 features of type [CoordSys] in ??????? V-slot 20x40-3
2025-06-16 10:07:49,711 INFO  ExportHelperExtension.cs: 1125 - Retrieving features of type [CoordSys] from full_cover_v2-1
2025-06-16 10:07:49,712 INFO  ExportHelperExtension.cs: 1136 - Found 29 in full_cover_v2-1
2025-06-16 10:07:49,712 INFO  ExportHelperExtension.cs: 1145 - Found 0 features of type [CoordSys] in full_cover_v2-1
2025-06-16 10:07:49,712 INFO  ExportHelperExtension.cs: 1125 - Retrieving features of type [CoordSys] from cover_joint_v3.1.2-1
2025-06-16 10:07:49,712 INFO  ExportHelperExtension.cs: 1136 - Found 35 in cover_joint_v3.1.2-1
2025-06-16 10:07:49,713 INFO  ExportHelperExtension.cs: 1145 - Found 0 features of type [CoordSys] in cover_joint_v3.1.2-1
2025-06-16 10:07:49,713 INFO  ExportHelperExtension.cs: 1125 - Retrieving features of type [CoordSys] from 20x20_aluminum_extrusion_profile 26cm-1
2025-06-16 10:07:49,713 INFO  ExportHelperExtension.cs: 1136 - Found 25 in 20x20_aluminum_extrusion_profile 26cm-1
2025-06-16 10:07:49,714 INFO  ExportHelperExtension.cs: 1145 - Found 0 features of type [CoordSys] in 20x20_aluminum_extrusion_profile 26cm-1
2025-06-16 10:07:49,714 INFO  ExportHelperExtension.cs: 1125 - Retrieving features of type [CoordSys] from Arcade Push button asm-2
2025-06-16 10:07:49,715 INFO  ExportHelperExtension.cs: 1136 - Found 56 in Arcade Push button asm-2
2025-06-16 10:07:49,715 INFO  ExportHelperExtension.cs: 1145 - Found 0 features of type [CoordSys] in Arcade Push button asm-2
2025-06-16 10:07:49,716 INFO  ExportHelperExtension.cs: 1125 - Retrieving features of type [CoordSys] from cover_up_v2_linh-1
2025-06-16 10:07:49,716 INFO  ExportHelperExtension.cs: 1136 - Found 26 in cover_up_v2_linh-1
2025-06-16 10:07:49,717 INFO  ExportHelperExtension.cs: 1145 - Found 0 features of type [CoordSys] in cover_up_v2_linh-1
2025-06-16 10:07:49,717 INFO  ExportHelperExtension.cs: 1125 - Retrieving features of type [CoordSys] from WEIDU TB25XX-1
2025-06-16 10:07:49,718 INFO  ExportHelperExtension.cs: 1136 - Found 101 in WEIDU TB25XX-1
2025-06-16 10:07:49,718 INFO  ExportHelperExtension.cs: 1145 - Found 0 features of type [CoordSys] in WEIDU TB25XX-1
2025-06-16 10:07:49,718 INFO  ExportHelperExtension.cs: 1125 - Retrieving features of type [CoordSys] from 20mm-10
2025-06-16 10:07:49,719 INFO  ExportHelperExtension.cs: 1136 - Found 40 in 20mm-10
2025-06-16 10:07:49,719 INFO  ExportHelperExtension.cs: 1145 - Found 0 features of type [CoordSys] in 20mm-10
2025-06-16 10:07:49,720 INFO  ExportHelperExtension.cs: 1125 - Retrieving features of type [CoordSys] from cum_dahuong_truoc_sau-6
2025-06-16 10:07:49,720 INFO  ExportHelperExtension.cs: 1136 - Found 53 in cum_dahuong_truoc_sau-6
2025-06-16 10:07:49,720 INFO  ExportHelperExtension.cs: 1145 - Found 0 features of type [CoordSys] in cum_dahuong_truoc_sau-6
2025-06-16 10:07:49,721 INFO  ExportHelperExtension.cs: 1125 - Retrieving features of type [CoordSys] from j1-2
2025-06-16 10:07:49,721 INFO  ExportHelperExtension.cs: 1136 - Found 32 in j1-2
2025-06-16 10:07:49,721 INFO  ExportHelperExtension.cs: 1145 - Found 0 features of type [CoordSys] in j1-2
2025-06-16 10:07:49,722 INFO  ExportHelperExtension.cs: 1125 - Retrieving features of type [CoordSys] from Stop Switch Push Button LAY37 (PBC)-3
2025-06-16 10:07:49,722 INFO  ExportHelperExtension.cs: 1136 - Found 63 in Stop Switch Push Button LAY37 (PBC)-3
2025-06-16 10:07:49,722 INFO  ExportHelperExtension.cs: 1145 - Found 0 features of type [CoordSys] in Stop Switch Push Button LAY37 (PBC)-3
2025-06-16 10:07:49,723 INFO  ExportHelperExtension.cs: 1125 - Retrieving features of type [CoordSys] from nang_cam-1
2025-06-16 10:07:49,723 INFO  ExportHelperExtension.cs: 1136 - Found 25 in nang_cam-1
2025-06-16 10:07:49,723 INFO  ExportHelperExtension.cs: 1145 - Found 0 features of type [CoordSys] in nang_cam-1
2025-06-16 10:07:49,724 INFO  ExportHelperExtension.cs: 1125 - Retrieving features of type [CoordSys] from ga_minipc_v2-2
2025-06-16 10:07:49,724 INFO  ExportHelperExtension.cs: 1136 - Found 31 in ga_minipc_v2-2
2025-06-16 10:07:49,725 INFO  ExportHelperExtension.cs: 1145 - Found 0 features of type [CoordSys] in ga_minipc_v2-2
2025-06-16 10:07:49,725 INFO  ExportHelperExtension.cs: 1125 - Retrieving features of type [CoordSys] from che-4
2025-06-16 10:07:49,725 INFO  ExportHelperExtension.cs: 1136 - Found 25 in che-4
2025-06-16 10:07:49,726 INFO  ExportHelperExtension.cs: 1145 - Found 0 features of type [CoordSys] in che-4
2025-06-16 10:07:49,726 INFO  ExportHelperExtension.cs: 1125 - Retrieving features of type [CoordSys] from ga_com-1
2025-06-16 10:07:49,726 INFO  ExportHelperExtension.cs: 1136 - Found 48 in ga_com-1
2025-06-16 10:07:49,727 INFO  ExportHelperExtension.cs: 1145 - Found 0 features of type [CoordSys] in ga_com-1
2025-06-16 10:07:49,727 INFO  ExportHelperExtension.cs: 1125 - Retrieving features of type [CoordSys] from che-2
2025-06-16 10:07:49,727 INFO  ExportHelperExtension.cs: 1136 - Found 25 in che-2
2025-06-16 10:07:49,728 INFO  ExportHelperExtension.cs: 1145 - Found 0 features of type [CoordSys] in che-2
2025-06-16 10:07:49,728 INFO  ExportHelperExtension.cs: 1125 - Retrieving features of type [CoordSys] from che-5
2025-06-16 10:07:49,728 INFO  ExportHelperExtension.cs: 1136 - Found 25 in che-5
2025-06-16 10:07:49,729 INFO  ExportHelperExtension.cs: 1145 - Found 0 features of type [CoordSys] in che-5
2025-06-16 10:07:49,730 INFO  ExportHelperExtension.cs: 1125 - Retrieving features of type [CoordSys] from cover_up_v2_linh_mica-1
2025-06-16 10:07:49,730 INFO  ExportHelperExtension.cs: 1136 - Found 28 in cover_up_v2_linh_mica-1
2025-06-16 10:07:49,730 INFO  ExportHelperExtension.cs: 1145 - Found 0 features of type [CoordSys] in cover_up_v2_linh_mica-1
2025-06-16 10:07:49,731 INFO  ExportHelperExtension.cs: 1125 - Retrieving features of type [CoordSys] from final kinect-1
2025-06-16 10:07:49,731 INFO  ExportHelperExtension.cs: 1136 - Found 27 in final kinect-1
2025-06-16 10:07:49,732 INFO  ExportHelperExtension.cs: 1145 - Found 0 features of type [CoordSys] in final kinect-1
2025-06-16 10:07:49,732 INFO  ExportHelperExtension.cs: 1125 - Retrieving features of type [CoordSys] from ga_minipc_v2-1
2025-06-16 10:07:49,732 INFO  ExportHelperExtension.cs: 1136 - Found 31 in ga_minipc_v2-1
2025-06-16 10:07:49,733 INFO  ExportHelperExtension.cs: 1145 - Found 0 features of type [CoordSys] in ga_minipc_v2-1
2025-06-16 10:07:49,733 INFO  ExportHelperExtension.cs: 1125 - Retrieving features of type [CoordSys] from che-3
2025-06-16 10:07:49,733 INFO  ExportHelperExtension.cs: 1136 - Found 25 in che-3
2025-06-16 10:07:49,733 INFO  ExportHelperExtension.cs: 1145 - Found 0 features of type [CoordSys] in che-3
2025-06-16 10:07:49,734 INFO  ExportHelperExtension.cs: 1125 - Retrieving features of type [CoordSys] from che-1
2025-06-16 10:07:49,734 INFO  ExportHelperExtension.cs: 1136 - Found 25 in che-1
2025-06-16 10:07:49,734 INFO  ExportHelperExtension.cs: 1145 - Found 0 features of type [CoordSys] in che-1
2025-06-16 10:07:49,735 INFO  ExportHelperExtension.cs: 1125 - Retrieving features of type [CoordSys] from ga_minipc_comp-1
2025-06-16 10:07:49,735 INFO  ExportHelperExtension.cs: 1136 - Found 40 in ga_minipc_comp-1
2025-06-16 10:07:49,736 INFO  ExportHelperExtension.cs: 1145 - Found 0 features of type [CoordSys] in ga_minipc_comp-1
2025-06-16 10:07:49,736 INFO  ExportHelperExtension.cs: 1125 - Retrieving features of type [CoordSys] from alibaba-1
2025-06-16 10:07:49,736 INFO  ExportHelperExtension.cs: 1136 - Found 35 in alibaba-1
2025-06-16 10:07:49,747 INFO  ExportHelperExtension.cs: 1145 - Found 0 features of type [CoordSys] in alibaba-1
2025-06-16 10:07:49,747 INFO  ExportHelperExtension.cs: 1125 - Retrieving features of type [CoordSys] from che-6
2025-06-16 10:07:49,975 INFO  ExportHelperExtension.cs: 1136 - Found 25 in che-6
2025-06-16 10:07:49,976 INFO  ExportHelperExtension.cs: 1145 - Found 0 features of type [CoordSys] in che-6
2025-06-16 10:07:49,977 INFO  ExportHelperExtension.cs: 1125 - Retrieving features of type [CoordSys] from hop_pin-1
2025-06-16 10:07:49,977 INFO  ExportHelperExtension.cs: 1136 - Found 27 in hop_pin-1
2025-06-16 10:07:49,977 INFO  ExportHelperExtension.cs: 1145 - Found 0 features of type [CoordSys] in hop_pin-1
2025-06-16 10:07:49,978 INFO  ExportHelperExtension.cs: 1125 - Retrieving features of type [RefAxis] from roboV2.SLDASM
2025-06-16 10:07:49,978 INFO  ExportHelperExtension.cs: 1136 - Found 284 in roboV2.SLDASM
2025-06-16 10:07:49,980 INFO  ExportHelperExtension.cs: 1145 - Found 11 features of type [RefAxis] in roboV2.SLDASM
2025-06-16 10:07:49,980 INFO  ExportHelperExtension.cs: 1148 - Proceeding through assembly components
2025-06-16 10:07:49,981 INFO  ExportHelperExtension.cs: 1160 - 55 components to check
2025-06-16 10:07:49,981 INFO  ExportHelperExtension.cs: 1125 - Retrieving features of type [RefAxis] from 20mm-8
2025-06-16 10:07:49,982 INFO  ExportHelperExtension.cs: 1136 - Found 40 in 20mm-8
2025-06-16 10:07:49,982 INFO  ExportHelperExtension.cs: 1145 - Found 0 features of type [RefAxis] in 20mm-8
2025-06-16 10:07:49,983 INFO  ExportHelperExtension.cs: 1125 - Retrieving features of type [RefAxis] from hoverboard_driver-1
2025-06-16 10:07:49,983 INFO  ExportHelperExtension.cs: 1136 - Found 25 in hoverboard_driver-1
2025-06-16 10:07:49,983 INFO  ExportHelperExtension.cs: 1145 - Found 0 features of type [RefAxis] in hoverboard_driver-1
2025-06-16 10:07:49,984 INFO  ExportHelperExtension.cs: 1125 - Retrieving features of type [RefAxis] from 36v_12v_converter-1
2025-06-16 10:07:49,984 INFO  ExportHelperExtension.cs: 1136 - Found 29 in 36v_12v_converter-1
2025-06-16 10:07:49,984 INFO  ExportHelperExtension.cs: 1145 - Found 0 features of type [RefAxis] in 36v_12v_converter-1
2025-06-16 10:07:49,984 INFO  ExportHelperExtension.cs: 1125 - Retrieving features of type [RefAxis] from pi_hang_imu-1
2025-06-16 10:07:49,985 INFO  ExportHelperExtension.cs: 1136 - Found 33 in pi_hang_imu-1
2025-06-16 10:07:49,985 INFO  ExportHelperExtension.cs: 1145 - Found 4 features of type [RefAxis] in pi_hang_imu-1
2025-06-16 10:07:49,985 INFO  ExportHelperExtension.cs: 1125 - Retrieving features of type [RefAxis] from lidar_pushup-1
2025-06-16 10:07:49,986 INFO  ExportHelperExtension.cs: 1136 - Found 34 in lidar_pushup-1
2025-06-16 10:07:49,986 INFO  ExportHelperExtension.cs: 1145 - Found 1 features of type [RefAxis] in lidar_pushup-1
2025-06-16 10:07:49,986 INFO  ExportHelperExtension.cs: 1125 - Retrieving features of type [RefAxis] from lidar_pushup-3
2025-06-16 10:07:49,987 INFO  ExportHelperExtension.cs: 1136 - Found 34 in lidar_pushup-3
2025-06-16 10:07:49,987 INFO  ExportHelperExtension.cs: 1145 - Found 1 features of type [RefAxis] in lidar_pushup-3
2025-06-16 10:07:49,987 INFO  ExportHelperExtension.cs: 1125 - Retrieving features of type [RefAxis] from aluminium_base-1
2025-06-16 10:07:49,988 INFO  ExportHelperExtension.cs: 1136 - Found 35 in aluminium_base-1
2025-06-16 10:07:49,988 INFO  ExportHelperExtension.cs: 1145 - Found 0 features of type [RefAxis] in aluminium_base-1
2025-06-16 10:07:49,988 INFO  ExportHelperExtension.cs: 1125 - Retrieving features of type [RefAxis] from cum_banh_xe_lon-3
2025-06-16 10:07:49,989 INFO  ExportHelperExtension.cs: 1136 - Found 27 in cum_banh_xe_lon-3
2025-06-16 10:07:49,989 INFO  ExportHelperExtension.cs: 1145 - Found 0 features of type [RefAxis] in cum_banh_xe_lon-3
2025-06-16 10:07:49,989 INFO  ExportHelperExtension.cs: 1125 - Retrieving features of type [RefAxis] from motoredit-3
2025-06-16 10:07:49,989 INFO  ExportHelperExtension.cs: 1136 - Found 40 in motoredit-3
2025-06-16 10:07:49,990 INFO  ExportHelperExtension.cs: 1145 - Found 0 features of type [RefAxis] in motoredit-3
2025-06-16 10:07:49,990 INFO  ExportHelperExtension.cs: 1125 - Retrieving features of type [RefAxis] from X3_Lidar-1
2025-06-16 10:07:49,991 INFO  ExportHelperExtension.cs: 1136 - Found 90 in X3_Lidar-1
2025-06-16 10:07:49,991 INFO  ExportHelperExtension.cs: 1145 - Found 0 features of type [RefAxis] in X3_Lidar-1
2025-06-16 10:07:49,991 INFO  ExportHelperExtension.cs: 1125 - Retrieving features of type [RefAxis] from standoff_M2_20mm-1
2025-06-16 10:07:49,992 INFO  ExportHelperExtension.cs: 1136 - Found 31 in standoff_M2_20mm-1
2025-06-16 10:07:49,992 INFO  ExportHelperExtension.cs: 1145 - Found 0 features of type [RefAxis] in standoff_M2_20mm-1
2025-06-16 10:07:49,992 INFO  ExportHelperExtension.cs: 1125 - Retrieving features of type [RefAxis] from motorAxis-1
2025-06-16 10:07:49,993 INFO  ExportHelperExtension.cs: 1136 - Found 30 in motorAxis-1
2025-06-16 10:07:49,993 INFO  ExportHelperExtension.cs: 1145 - Found 0 features of type [RefAxis] in motorAxis-1
2025-06-16 10:07:49,993 INFO  ExportHelperExtension.cs: 1125 - Retrieving features of type [RefAxis] from standoff_M2_20mm-4
2025-06-16 10:07:49,993 INFO  ExportHelperExtension.cs: 1136 - Found 31 in standoff_M2_20mm-4
2025-06-16 10:07:49,993 INFO  ExportHelperExtension.cs: 1145 - Found 0 features of type [RefAxis] in standoff_M2_20mm-4
2025-06-16 10:07:49,993 INFO  ExportHelperExtension.cs: 1125 - Retrieving features of type [RefAxis] from standoff_M2_20mm-5
2025-06-16 10:07:49,995 INFO  ExportHelperExtension.cs: 1136 - Found 31 in standoff_M2_20mm-5
2025-06-16 10:07:49,995 INFO  ExportHelperExtension.cs: 1145 - Found 0 features of type [RefAxis] in standoff_M2_20mm-5
2025-06-16 10:07:49,995 INFO  ExportHelperExtension.cs: 1125 - Retrieving features of type [RefAxis] from MPU6050-1
2025-06-16 10:07:49,995 INFO  ExportHelperExtension.cs: 1136 - Found 45 in MPU6050-1
2025-06-16 10:07:49,996 INFO  ExportHelperExtension.cs: 1145 - Found 0 features of type [RefAxis] in MPU6050-1
2025-06-16 10:07:49,996 INFO  ExportHelperExtension.cs: 1125 - Retrieving features of type [RefAxis] from 20mm-2
2025-06-16 10:07:49,996 INFO  ExportHelperExtension.cs: 1136 - Found 40 in 20mm-2
2025-06-16 10:07:49,997 INFO  ExportHelperExtension.cs: 1145 - Found 0 features of type [RefAxis] in 20mm-2
2025-06-16 10:07:49,997 INFO  ExportHelperExtension.cs: 1125 - Retrieving features of type [RefAxis] from battery-1
2025-06-16 10:07:49,998 INFO  ExportHelperExtension.cs: 1136 - Found 28 in battery-1
2025-06-16 10:07:49,998 INFO  ExportHelperExtension.cs: 1145 - Found 0 features of type [RefAxis] in battery-1
2025-06-16 10:07:49,998 INFO  ExportHelperExtension.cs: 1125 - Retrieving features of type [RefAxis] from standoff_M2_20mm-3
2025-06-16 10:07:49,998 INFO  ExportHelperExtension.cs: 1136 - Found 31 in standoff_M2_20mm-3
2025-06-16 10:07:49,999 INFO  ExportHelperExtension.cs: 1145 - Found 0 features of type [RefAxis] in standoff_M2_20mm-3
2025-06-16 10:07:49,999 INFO  ExportHelperExtension.cs: 1125 - Retrieving features of type [RefAxis] from cum_relay_my4n_4p-1
2025-06-16 10:07:49,999 INFO  ExportHelperExtension.cs: 1136 - Found 27 in cum_relay_my4n_4p-1
2025-06-16 10:07:50,000 INFO  ExportHelperExtension.cs: 1145 - Found 0 features of type [RefAxis] in cum_relay_my4n_4p-1
2025-06-16 10:07:50,000 INFO  ExportHelperExtension.cs: 1125 - Retrieving features of type [RefAxis] from remote_relay-1
2025-06-16 10:07:50,000 INFO  ExportHelperExtension.cs: 1136 - Found 28 in remote_relay-1
2025-06-16 10:07:50,001 INFO  ExportHelperExtension.cs: 1145 - Found 0 features of type [RefAxis] in remote_relay-1
2025-06-16 10:07:50,001 INFO  ExportHelperExtension.cs: 1125 - Retrieving features of type [RefAxis] from 20mm-11
2025-06-16 10:07:50,001 INFO  ExportHelperExtension.cs: 1136 - Found 40 in 20mm-11
2025-06-16 10:07:50,002 INFO  ExportHelperExtension.cs: 1145 - Found 0 features of type [RefAxis] in 20mm-11
2025-06-16 10:07:50,002 INFO  ExportHelperExtension.cs: 1125 - Retrieving features of type [RefAxis] from motoredit-4
2025-06-16 10:07:50,002 INFO  ExportHelperExtension.cs: 1136 - Found 40 in motoredit-4
2025-06-16 10:07:50,003 INFO  ExportHelperExtension.cs: 1145 - Found 0 features of type [RefAxis] in motoredit-4
2025-06-16 10:07:50,003 INFO  ExportHelperExtension.cs: 1125 - Retrieving features of type [RefAxis] from motorAxis-4
2025-06-16 10:07:50,003 INFO  ExportHelperExtension.cs: 1136 - Found 30 in motorAxis-4
2025-06-16 10:07:50,003 INFO  ExportHelperExtension.cs: 1145 - Found 0 features of type [RefAxis] in motorAxis-4
2025-06-16 10:07:50,004 INFO  ExportHelperExtension.cs: 1125 - Retrieving features of type [RefAxis] from cover_up_v2-1
2025-06-16 10:07:50,004 INFO  ExportHelperExtension.cs: 1136 - Found 26 in cover_up_v2-1
2025-06-16 10:07:50,004 INFO  ExportHelperExtension.cs: 1145 - Found 0 features of type [RefAxis] in cover_up_v2-1
2025-06-16 10:07:50,005 INFO  ExportHelperExtension.cs: 1125 - Retrieving features of type [RefAxis] from ??????? V-slot 20x40-1
2025-06-16 10:07:50,005 INFO  ExportHelperExtension.cs: 1136 - Found 30 in ??????? V-slot 20x40-1
2025-06-16 10:07:50,006 INFO  ExportHelperExtension.cs: 1145 - Found 0 features of type [RefAxis] in ??????? V-slot 20x40-1
2025-06-16 10:07:50,006 INFO  ExportHelperExtension.cs: 1125 - Retrieving features of type [RefAxis] from cum_dahuong_truoc_sau-5
2025-06-16 10:07:50,006 INFO  ExportHelperExtension.cs: 1136 - Found 53 in cum_dahuong_truoc_sau-5
2025-06-16 10:07:50,007 INFO  ExportHelperExtension.cs: 1145 - Found 0 features of type [RefAxis] in cum_dahuong_truoc_sau-5
2025-06-16 10:07:50,007 INFO  ExportHelperExtension.cs: 1125 - Retrieving features of type [RefAxis] from j1-1
2025-06-16 10:07:50,007 INFO  ExportHelperExtension.cs: 1136 - Found 32 in j1-1
2025-06-16 10:07:50,008 INFO  ExportHelperExtension.cs: 1145 - Found 0 features of type [RefAxis] in j1-1
2025-06-16 10:07:50,008 INFO  ExportHelperExtension.cs: 1125 - Retrieving features of type [RefAxis] from cum_banh_xe_lon-5
2025-06-16 10:07:50,008 INFO  ExportHelperExtension.cs: 1136 - Found 27 in cum_banh_xe_lon-5
2025-06-16 10:07:50,008 INFO  ExportHelperExtension.cs: 1145 - Found 0 features of type [RefAxis] in cum_banh_xe_lon-5
2025-06-16 10:07:50,009 INFO  ExportHelperExtension.cs: 1125 - Retrieving features of type [RefAxis] from matxeo1-1
2025-06-16 10:07:50,009 INFO  ExportHelperExtension.cs: 1136 - Found 27 in matxeo1-1
2025-06-16 10:07:50,010 INFO  ExportHelperExtension.cs: 1145 - Found 0 features of type [RefAxis] in matxeo1-1
2025-06-16 10:07:50,010 INFO  ExportHelperExtension.cs: 1125 - Retrieving features of type [RefAxis] from ??????? V-slot 20x40-3
2025-06-16 10:07:50,010 INFO  ExportHelperExtension.cs: 1136 - Found 30 in ??????? V-slot 20x40-3
2025-06-16 10:07:50,011 INFO  ExportHelperExtension.cs: 1145 - Found 0 features of type [RefAxis] in ??????? V-slot 20x40-3
2025-06-16 10:07:50,011 INFO  ExportHelperExtension.cs: 1125 - Retrieving features of type [RefAxis] from full_cover_v2-1
2025-06-16 10:07:50,011 INFO  ExportHelperExtension.cs: 1136 - Found 29 in full_cover_v2-1
2025-06-16 10:07:50,012 INFO  ExportHelperExtension.cs: 1145 - Found 0 features of type [RefAxis] in full_cover_v2-1
2025-06-16 10:07:50,012 INFO  ExportHelperExtension.cs: 1125 - Retrieving features of type [RefAxis] from cover_joint_v3.1.2-1
2025-06-16 10:07:50,012 INFO  ExportHelperExtension.cs: 1136 - Found 35 in cover_joint_v3.1.2-1
2025-06-16 10:07:50,013 INFO  ExportHelperExtension.cs: 1145 - Found 0 features of type [RefAxis] in cover_joint_v3.1.2-1
2025-06-16 10:07:50,013 INFO  ExportHelperExtension.cs: 1125 - Retrieving features of type [RefAxis] from 20x20_aluminum_extrusion_profile 26cm-1
2025-06-16 10:07:50,013 INFO  ExportHelperExtension.cs: 1136 - Found 25 in 20x20_aluminum_extrusion_profile 26cm-1
2025-06-16 10:07:50,014 INFO  ExportHelperExtension.cs: 1145 - Found 0 features of type [RefAxis] in 20x20_aluminum_extrusion_profile 26cm-1
2025-06-16 10:07:50,014 INFO  ExportHelperExtension.cs: 1125 - Retrieving features of type [RefAxis] from Arcade Push button asm-2
2025-06-16 10:07:50,015 INFO  ExportHelperExtension.cs: 1136 - Found 56 in Arcade Push button asm-2
2025-06-16 10:07:50,015 INFO  ExportHelperExtension.cs: 1145 - Found 0 features of type [RefAxis] in Arcade Push button asm-2
2025-06-16 10:07:50,015 INFO  ExportHelperExtension.cs: 1125 - Retrieving features of type [RefAxis] from cover_up_v2_linh-1
2025-06-16 10:07:50,015 INFO  ExportHelperExtension.cs: 1136 - Found 26 in cover_up_v2_linh-1
2025-06-16 10:07:50,015 INFO  ExportHelperExtension.cs: 1145 - Found 0 features of type [RefAxis] in cover_up_v2_linh-1
2025-06-16 10:07:50,015 INFO  ExportHelperExtension.cs: 1125 - Retrieving features of type [RefAxis] from WEIDU TB25XX-1
2025-06-16 10:07:50,017 INFO  ExportHelperExtension.cs: 1136 - Found 101 in WEIDU TB25XX-1
2025-06-16 10:07:50,017 INFO  ExportHelperExtension.cs: 1145 - Found 0 features of type [RefAxis] in WEIDU TB25XX-1
2025-06-16 10:07:50,017 INFO  ExportHelperExtension.cs: 1125 - Retrieving features of type [RefAxis] from 20mm-10
2025-06-16 10:07:50,017 INFO  ExportHelperExtension.cs: 1136 - Found 40 in 20mm-10
2025-06-16 10:07:50,018 INFO  ExportHelperExtension.cs: 1145 - Found 0 features of type [RefAxis] in 20mm-10
2025-06-16 10:07:50,018 INFO  ExportHelperExtension.cs: 1125 - Retrieving features of type [RefAxis] from cum_dahuong_truoc_sau-6
2025-06-16 10:07:50,018 INFO  ExportHelperExtension.cs: 1136 - Found 53 in cum_dahuong_truoc_sau-6
2025-06-16 10:07:50,019 INFO  ExportHelperExtension.cs: 1145 - Found 0 features of type [RefAxis] in cum_dahuong_truoc_sau-6
2025-06-16 10:07:50,019 INFO  ExportHelperExtension.cs: 1125 - Retrieving features of type [RefAxis] from j1-2
2025-06-16 10:07:50,019 INFO  ExportHelperExtension.cs: 1136 - Found 32 in j1-2
2025-06-16 10:07:50,020 INFO  ExportHelperExtension.cs: 1145 - Found 0 features of type [RefAxis] in j1-2
2025-06-16 10:07:50,020 INFO  ExportHelperExtension.cs: 1125 - Retrieving features of type [RefAxis] from Stop Switch Push Button LAY37 (PBC)-3
2025-06-16 10:07:50,020 INFO  ExportHelperExtension.cs: 1136 - Found 63 in Stop Switch Push Button LAY37 (PBC)-3
2025-06-16 10:07:50,021 INFO  ExportHelperExtension.cs: 1145 - Found 0 features of type [RefAxis] in Stop Switch Push Button LAY37 (PBC)-3
2025-06-16 10:07:50,021 INFO  ExportHelperExtension.cs: 1125 - Retrieving features of type [RefAxis] from nang_cam-1
2025-06-16 10:07:50,021 INFO  ExportHelperExtension.cs: 1136 - Found 25 in nang_cam-1
2025-06-16 10:07:50,022 INFO  ExportHelperExtension.cs: 1145 - Found 0 features of type [RefAxis] in nang_cam-1
2025-06-16 10:07:50,022 INFO  ExportHelperExtension.cs: 1125 - Retrieving features of type [RefAxis] from ga_minipc_v2-2
2025-06-16 10:07:50,022 INFO  ExportHelperExtension.cs: 1136 - Found 31 in ga_minipc_v2-2
2025-06-16 10:07:50,023 INFO  ExportHelperExtension.cs: 1145 - Found 0 features of type [RefAxis] in ga_minipc_v2-2
2025-06-16 10:07:50,023 INFO  ExportHelperExtension.cs: 1125 - Retrieving features of type [RefAxis] from che-4
2025-06-16 10:07:50,023 INFO  ExportHelperExtension.cs: 1136 - Found 25 in che-4
2025-06-16 10:07:50,024 INFO  ExportHelperExtension.cs: 1145 - Found 0 features of type [RefAxis] in che-4
2025-06-16 10:07:50,024 INFO  ExportHelperExtension.cs: 1125 - Retrieving features of type [RefAxis] from ga_com-1
2025-06-16 10:07:50,024 INFO  ExportHelperExtension.cs: 1136 - Found 48 in ga_com-1
2025-06-16 10:07:50,025 INFO  ExportHelperExtension.cs: 1145 - Found 0 features of type [RefAxis] in ga_com-1
2025-06-16 10:07:50,025 INFO  ExportHelperExtension.cs: 1125 - Retrieving features of type [RefAxis] from che-2
2025-06-16 10:07:50,025 INFO  ExportHelperExtension.cs: 1136 - Found 25 in che-2
2025-06-16 10:07:50,026 INFO  ExportHelperExtension.cs: 1145 - Found 0 features of type [RefAxis] in che-2
2025-06-16 10:07:50,026 INFO  ExportHelperExtension.cs: 1125 - Retrieving features of type [RefAxis] from che-5
2025-06-16 10:07:50,026 INFO  ExportHelperExtension.cs: 1136 - Found 25 in che-5
2025-06-16 10:07:50,026 INFO  ExportHelperExtension.cs: 1145 - Found 0 features of type [RefAxis] in che-5
2025-06-16 10:07:50,027 INFO  ExportHelperExtension.cs: 1125 - Retrieving features of type [RefAxis] from cover_up_v2_linh_mica-1
2025-06-16 10:07:50,027 INFO  ExportHelperExtension.cs: 1136 - Found 28 in cover_up_v2_linh_mica-1
2025-06-16 10:07:50,027 INFO  ExportHelperExtension.cs: 1145 - Found 0 features of type [RefAxis] in cover_up_v2_linh_mica-1
2025-06-16 10:07:50,028 INFO  ExportHelperExtension.cs: 1125 - Retrieving features of type [RefAxis] from final kinect-1
2025-06-16 10:07:50,028 INFO  ExportHelperExtension.cs: 1136 - Found 27 in final kinect-1
2025-06-16 10:07:50,028 INFO  ExportHelperExtension.cs: 1145 - Found 0 features of type [RefAxis] in final kinect-1
2025-06-16 10:07:50,029 INFO  ExportHelperExtension.cs: 1125 - Retrieving features of type [RefAxis] from ga_minipc_v2-1
2025-06-16 10:07:50,029 INFO  ExportHelperExtension.cs: 1136 - Found 31 in ga_minipc_v2-1
2025-06-16 10:07:50,033 INFO  ExportHelperExtension.cs: 1145 - Found 0 features of type [RefAxis] in ga_minipc_v2-1
2025-06-16 10:07:50,033 INFO  ExportHelperExtension.cs: 1125 - Retrieving features of type [RefAxis] from che-3
2025-06-16 10:07:50,038 INFO  ExportHelperExtension.cs: 1136 - Found 25 in che-3
2025-06-16 10:07:50,038 INFO  ExportHelperExtension.cs: 1145 - Found 0 features of type [RefAxis] in che-3
2025-06-16 10:07:50,039 INFO  ExportHelperExtension.cs: 1125 - Retrieving features of type [RefAxis] from che-1
2025-06-16 10:07:50,039 INFO  ExportHelperExtension.cs: 1136 - Found 25 in che-1
2025-06-16 10:07:50,039 INFO  ExportHelperExtension.cs: 1145 - Found 0 features of type [RefAxis] in che-1
2025-06-16 10:07:50,039 INFO  ExportHelperExtension.cs: 1125 - Retrieving features of type [RefAxis] from ga_minipc_comp-1
2025-06-16 10:07:50,039 INFO  ExportHelperExtension.cs: 1136 - Found 40 in ga_minipc_comp-1
2025-06-16 10:07:50,040 INFO  ExportHelperExtension.cs: 1145 - Found 0 features of type [RefAxis] in ga_minipc_comp-1
2025-06-16 10:07:50,040 INFO  ExportHelperExtension.cs: 1125 - Retrieving features of type [RefAxis] from alibaba-1
2025-06-16 10:07:50,040 INFO  ExportHelperExtension.cs: 1136 - Found 35 in alibaba-1
2025-06-16 10:07:50,041 INFO  ExportHelperExtension.cs: 1145 - Found 0 features of type [RefAxis] in alibaba-1
2025-06-16 10:07:50,041 INFO  ExportHelperExtension.cs: 1125 - Retrieving features of type [RefAxis] from che-6
2025-06-16 10:07:50,041 INFO  ExportHelperExtension.cs: 1136 - Found 25 in che-6
2025-06-16 10:07:50,042 INFO  ExportHelperExtension.cs: 1145 - Found 0 features of type [RefAxis] in che-6
2025-06-16 10:07:50,042 INFO  ExportHelperExtension.cs: 1125 - Retrieving features of type [RefAxis] from hop_pin-1
2025-06-16 10:07:50,042 INFO  ExportHelperExtension.cs: 1136 - Found 27 in hop_pin-1
2025-06-16 10:07:50,043 INFO  ExportHelperExtension.cs: 1145 - Found 0 features of type [RefAxis] in hop_pin-1
2025-06-16 10:07:50,445 INFO  SwAddin.cs: 339 - Loading config tree
2025-06-16 10:07:50,453 INFO  ConfigurationSerialization.cs: 276 - URDF Configuration found
<Link z:Id="i1" xmlns="http://schemas.datacontract.org/2004/07/SW2URDF" xmlns:i="http://www.w3.org/2001/XMLSchema-instance" xmlns:z="http://schemas.microsoft.com/2003/10/Serialization/"><Attributes><Attribute z:Id="i2"><AttributeType>name</AttributeType><IsRequired>true</IsRequired><Value i:type="a:string" xmlns:a="http://www.w3.org/2001/XMLSchema">base_link</Value></Attribute></Attributes><ChildElements><URDFElement z:Id="i3" i:type="Inertial"><Attributes/><ChildElements><URDFElement z:Id="i4" i:type="Origin"><Attributes><Attribute z:Id="i5"><AttributeType>xyz</AttributeType><IsRequired>true</IsRequired><Value i:type="a:ArrayOfdouble" xmlns:a="http://schemas.microsoft.com/2003/10/Serialization/Arrays"><a:double>0.0504690235621813</a:double><a:double>-0.0043772163782763718</a:double><a:double>0.17649256591424362</a:double></Value></Attribute><Attribute z:Id="i6"><AttributeType>rpy</AttributeType><IsRequired>true</IsRequired><Value i:type="a:ArrayOfdouble" xmlns:a="http://schemas.microsoft.com/2003/10/Serialization/Arrays"><a:double>0</a:double><a:double>0</a:double><a:double>0</a:double></Value></Attribute></Attributes><ChildElements/><ElementName>origin</ElementName><required>false</required><RPYAttribute z:Ref="i6"/><XYZAttribute z:Ref="i5"/><isCustomized>false</isCustomized></URDFElement><URDFElement z:Id="i7" i:type="Mass"><Attributes><Attribute z:Id="i8"><AttributeType>value</AttributeType><IsRequired>true</IsRequired><Value i:type="a:double" xmlns:a="http://www.w3.org/2001/XMLSchema">10.721969589350874</Value></Attribute></Attributes><ChildElements/><ElementName>mass</ElementName><required>false</required><ValueAttribute z:Ref="i8"/></URDFElement><URDFElement z:Id="i9" i:type="Inertia"><Attributes><Attribute z:Id="i10"><AttributeType>ixx</AttributeType><IsRequired>true</IsRequired><Value i:type="a:double" xmlns:a="http://www.w3.org/2001/XMLSchema">0.0656660490550788</Value></Attribute><Attribute z:Id="i11"><AttributeType>ixy</AttributeType><IsRequired>true</IsRequired><Value i:type="a:double" xmlns:a="http://www.w3.org/2001/XMLSchema">-0.00023342373523304989</Value></Attribute><Attribute z:Id="i12"><AttributeType>ixz</AttributeType><IsRequired>true</IsRequired><Value i:type="a:double" xmlns:a="http://www.w3.org/2001/XMLSchema">0.0013271722053675356</Value></Attribute><Attribute z:Id="i13"><AttributeType>iyy</AttributeType><IsRequired>true</IsRequired><Value i:type="a:double" xmlns:a="http://www.w3.org/2001/XMLSchema">0.085258985729355544</Value></Attribute><Attribute z:Id="i14"><AttributeType>iyz</AttributeType><IsRequired>true</IsRequired><Value i:type="a:double" xmlns:a="http://www.w3.org/2001/XMLSchema">6.3893340110865462E-06</Value></Attribute><Attribute z:Id="i15"><AttributeType>izz</AttributeType><IsRequired>true</IsRequired><Value i:type="a:double" xmlns:a="http://www.w3.org/2001/XMLSchema">0.078973191908870255</Value></Attribute></Attributes><ChildElements/><ElementName>inertia</ElementName><required>false</required><IxxAttribute z:Ref="i10"/><IxyAttribute z:Ref="i11"/><IxzAttribute z:Ref="i12"/><IyyAttribute z:Ref="i13"/><IyzAttribute z:Ref="i14"/><IzzAttribute z:Ref="i15"/></URDFElement></ChildElements><ElementName>inertial</ElementName><required>false</required><Inertia z:Ref="i9"/><Mass z:Ref="i7"/><Origin z:Ref="i4"/></URDFElement><URDFElement z:Id="i16" i:type="Visual"><Attributes/><ChildElements><URDFElement z:Id="i17" i:type="Origin"><Attributes><Attribute z:Id="i18"><AttributeType>xyz</AttributeType><IsRequired>true</IsRequired><Value i:type="a:ArrayOfdouble" xmlns:a="http://schemas.microsoft.com/2003/10/Serialization/Arrays"><a:double>0</a:double><a:double>0</a:double><a:double>0</a:double></Value></Attribute><Attribute z:Id="i19"><AttributeType>rpy</AttributeType><IsRequired>true</IsRequired><Value i:type="a:ArrayOfdouble" xmlns:a="http://schemas.microsoft.com/2003/10/Serialization/Arrays"><a:double>0</a:double><a:double>0</a:double><a:double>0</a:double></Value></Attribute></Attributes><ChildElements/><ElementName>origin</ElementName><required>false</required><RPYAttribute z:Ref="i19"/><XYZAttribute z:Ref="i18"/><isCustomized>false</isCustomized></URDFElement><URDFElement z:Id="i20" i:type="Geometry"><Attributes/><ChildElements><URDFElement z:Id="i21" i:type="Mesh"><Attributes><Attribute z:Id="i22"><AttributeType>filename</AttributeType><IsRequired>true</IsRequired><Value i:nil="true"/></Attribute></Attributes><ChildElements/><ElementName>mesh</ElementName><required>false</required><FilenameAttribute z:Ref="i22"/></URDFElement></ChildElements><ElementName>geometry</ElementName><required>true</required><Mesh z:Ref="i21"/></URDFElement><URDFElement z:Id="i23" i:type="Material"><Attributes><Attribute z:Id="i24"><AttributeType>name</AttributeType><IsRequired>true</IsRequired><Value i:type="a:string" xmlns:a="http://www.w3.org/2001/XMLSchema"/></Attribute></Attributes><ChildElements><URDFElement z:Id="i25" i:type="Color"><Attributes><Attribute z:Id="i26"><AttributeType>rgba</AttributeType><IsRequired>true</IsRequired><Value i:type="a:ArrayOfdouble" xmlns:a="http://schemas.microsoft.com/2003/10/Serialization/Arrays"><a:double>0.75294117647058822</a:double><a:double>0.75294117647058822</a:double><a:double>0.75294117647058822</a:double><a:double>1</a:double></Value></Attribute></Attributes><ChildElements/><ElementName>color</ElementName><required>false</required><RGBAAttribute z:Ref="i26"/></URDFElement><URDFElement z:Id="i27" i:type="Texture"><Attributes><Attribute z:Id="i28"><AttributeType>filename</AttributeType><IsRequired>true</IsRequired><Value i:nil="true"/></Attribute></Attributes><ChildElements/><ElementName>texture</ElementName><required>false</required><FilenameAttribute z:Ref="i28"/><wFilename/></URDFElement></ChildElements><ElementName>material</ElementName><required>false</required><Color z:Ref="i25"/><NameAttribute z:Ref="i24"/><Texture z:Ref="i27"/></URDFElement></ChildElements><ElementName>visual</ElementName><required>false</required><Geometry z:Ref="i20"/><Material z:Ref="i23"/><Origin z:Ref="i17"/></URDFElement><URDFElement z:Id="i29" i:type="Collision"><Attributes/><ChildElements><URDFElement z:Id="i30" i:type="Origin"><Attributes><Attribute z:Id="i31"><AttributeType>xyz</AttributeType><IsRequired>true</IsRequired><Value i:type="a:ArrayOfdouble" xmlns:a="http://schemas.microsoft.com/2003/10/Serialization/Arrays"><a:double>0</a:double><a:double>0</a:double><a:double>0</a:double></Value></Attribute><Attribute z:Id="i32"><AttributeType>rpy</AttributeType><IsRequired>true</IsRequired><Value i:type="a:ArrayOfdouble" xmlns:a="http://schemas.microsoft.com/2003/10/Serialization/Arrays"><a:double>0</a:double><a:double>0</a:double><a:double>0</a:double></Value></Attribute></Attributes><ChildElements/><ElementName>origin</ElementName><required>false</required><RPYAttribute z:Ref="i32"/><XYZAttribute z:Ref="i31"/><isCustomized>false</isCustomized></URDFElement><URDFElement z:Id="i33" i:type="Geometry"><Attributes/><ChildElements><URDFElement z:Id="i34" i:type="Mesh"><Attributes><Attribute z:Id="i35"><AttributeType>filename</AttributeType><IsRequired>true</IsRequired><Value i:nil="true"/></Attribute></Attributes><ChildElements/><ElementName>mesh</ElementName><required>false</required><FilenameAttribute z:Ref="i35"/></URDFElement></ChildElements><ElementName>geometry</ElementName><required>true</required><Mesh z:Ref="i34"/></URDFElement></ChildElements><ElementName>collision</ElementName><required>false</required><Geometry z:Ref="i33"/><Origin z:Ref="i30"/></URDFElement><URDFElement z:Id="i36" i:type="Joint"><Attributes><Attribute z:Id="i37"><AttributeType>name</AttributeType><IsRequired>true</IsRequired><Value i:type="a:string" xmlns:a="http://www.w3.org/2001/XMLSchema"/></Attribute><Attribute z:Id="i38"><AttributeType>type</AttributeType><IsRequired>true</IsRequired><Value i:type="a:string" xmlns:a="http://www.w3.org/2001/XMLSchema"/></Attribute></Attributes><ChildElements><URDFElement z:Id="i39" i:type="Origin"><Attributes><Attribute z:Id="i40"><AttributeType>xyz</AttributeType><IsRequired>true</IsRequired><Value i:type="a:ArrayOfdouble" xmlns:a="http://schemas.microsoft.com/2003/10/Serialization/Arrays"><a:double>0</a:double><a:double>0</a:double><a:double>0</a:double></Value></Attribute><Attribute z:Id="i41"><AttributeType>rpy</AttributeType><IsRequired>true</IsRequired><Value i:type="a:ArrayOfdouble" xmlns:a="http://schemas.microsoft.com/2003/10/Serialization/Arrays"><a:double>0</a:double><a:double>0</a:double><a:double>0</a:double></Value></Attribute></Attributes><ChildElements/><ElementName>origin</ElementName><required>false</required><RPYAttribute z:Ref="i41"/><XYZAttribute z:Ref="i40"/><isCustomized>false</isCustomized></URDFElement><URDFElement z:Id="i42" i:type="ParentLink"><Attributes><Attribute z:Id="i43"><AttributeType>link</AttributeType><IsRequired>true</IsRequired><Value i:type="a:string" xmlns:a="http://www.w3.org/2001/XMLSchema"/></Attribute></Attributes><ChildElements/><ElementName>parent</ElementName><required>true</required><NameAttribute z:Ref="i43"/></URDFElement><URDFElement z:Id="i44" i:type="ChildLink"><Attributes><Attribute z:Id="i45"><AttributeType>link</AttributeType><IsRequired>true</IsRequired><Value i:type="a:string" xmlns:a="http://www.w3.org/2001/XMLSchema"/></Attribute></Attributes><ChildElements/><ElementName>child</ElementName><required>true</required><NameAttribute z:Ref="i45"/></URDFElement><URDFElement z:Id="i46" i:type="Axis"><Attributes><Attribute z:Id="i47"><AttributeType>xyz</AttributeType><IsRequired>true</IsRequired><Value i:type="a:ArrayOfdouble" xmlns:a="http://schemas.microsoft.com/2003/10/Serialization/Arrays"><a:double>0</a:double><a:double>0</a:double><a:double>0</a:double></Value></Attribute></Attributes><ChildElements/><ElementName>axis</ElementName><required>false</required><XYZAttribute z:Ref="i47"/></URDFElement><URDFElement z:Id="i48" i:type="Limit"><Attributes><Attribute z:Id="i49"><AttributeType>lower</AttributeType><IsRequired>false</IsRequired><Value i:nil="true"/></Attribute><Attribute z:Id="i50"><AttributeType>upper</AttributeType><IsRequired>false</IsRequired><Value i:nil="true"/></Attribute><Attribute z:Id="i51"><AttributeType>effort</AttributeType><IsRequired>true</IsRequired><Value i:nil="true"/></Attribute><Attribute z:Id="i52"><AttributeType>velocity</AttributeType><IsRequired>true</IsRequired><Value i:nil="true"/></Attribute></Attributes><ChildElements/><ElementName>limit</ElementName><required>false</required><EffortAttribute z:Ref="i51"/><LowerAttribute z:Ref="i49"/><UpperAttribute z:Ref="i50"/><VelocityAttribute z:Ref="i52"/></URDFElement><URDFElement z:Id="i53" i:type="Calibration"><Attributes><Attribute z:Id="i54"><AttributeType>rising</AttributeType><IsRequired>false</IsRequired><Value i:nil="true"/></Attribute><Attribute z:Id="i55"><AttributeType>falling</AttributeType><IsRequired>false</IsRequired><Value i:nil="true"/></Attribute></Attributes><ChildElements/><ElementName>calibration</ElementName><required>false</required><FallingAttribute z:Ref="i55"/><RisingAttribute z:Ref="i54"/></URDFElement><URDFElement z:Id="i56" i:type="Dynamics"><Attributes><Attribute z:Id="i57"><AttributeType>damping</AttributeType><IsRequired>false</IsRequired><Value i:nil="true"/></Attribute><Attribute z:Id="i58"><AttributeType>friction</AttributeType><IsRequired>false</IsRequired><Value i:nil="true"/></Attribute></Attributes><ChildElements/><ElementName>dynamics</ElementName><required>false</required><DampingAttribute z:Ref="i57"/><FrictionAttribute z:Ref="i58"/></URDFElement><URDFElement z:Id="i59" i:type="SafetyController"><Attributes><Attribute z:Id="i60"><AttributeType>soft_upper_limit</AttributeType><IsRequired>false</IsRequired><Value i:nil="true"/></Attribute><Attribute z:Id="i61"><AttributeType>soft_lower_limit</AttributeType><IsRequired>false</IsRequired><Value i:nil="true"/></Attribute><Attribute z:Id="i62"><AttributeType>k_position</AttributeType><IsRequired>false</IsRequired><Value i:nil="true"/></Attribute><Attribute z:Id="i63"><AttributeType>k_velocity</AttributeType><IsRequired>true</IsRequired><Value i:nil="true"/></Attribute></Attributes><ChildElements/><ElementName>safety_controller</ElementName><required>false</required><KPositionAttribute z:Ref="i62"/><KVelocityAttribute z:Ref="i63"/><SoftLowerAttribute z:Ref="i61"/><SoftUpperAttribute z:Ref="i60"/></URDFElement><URDFElement z:Id="i64" i:type="Mimic"><Attributes><Attribute z:Id="i65"><AttributeType>joint</AttributeType><IsRequired>true</IsRequired><Value i:nil="true"/></Attribute><Attribute z:Id="i66"><AttributeType>multiplier</AttributeType><IsRequired>false</IsRequired><Value i:nil="true"/></Attribute><Attribute z:Id="i67"><AttributeType>offset</AttributeType><IsRequired>false</IsRequired><Value i:nil="true"/></Attribute></Attributes><ChildElements/><ElementName>mimic</ElementName><required>false</required><JointNameAttribute z:Ref="i65"/><MultiplierAttribute z:Ref="i66"/><OffsetAttribute z:Ref="i67"/></URDFElement></ChildElements><ElementName>joint</ElementName><required>false</required><Axis z:Ref="i46"/><AxisName/><Calibration z:Ref="i53"/><Child z:Ref="i44"/><CoordinateSystemName>Coordinate System1</CoordinateSystemName><Dynamics z:Ref="i56"/><Limit z:Ref="i48"/><Mimic z:Ref="i64"/><NameAttribute z:Ref="i37"/><Origin z:Ref="i39"/><Parent z:Ref="i42"/><Safety z:Ref="i59"/><TypeAttribute z:Ref="i38"/></URDFElement></ChildElements><ElementName>link</ElementName><required>true</required><Children><Link z:Id="i68"><Attributes><Attribute z:Id="i69"><AttributeType>name</AttributeType><IsRequired>true</IsRequired><Value i:type="a:string" xmlns:a="http://www.w3.org/2001/XMLSchema">lidar_link</Value></Attribute></Attributes><ChildElements><URDFElement z:Id="i70" i:type="Inertial"><Attributes/><ChildElements><URDFElement z:Id="i71" i:type="Origin"><Attributes><Attribute z:Id="i72"><AttributeType>xyz</AttributeType><IsRequired>true</IsRequired><Value i:type="a:ArrayOfdouble" xmlns:a="http://schemas.microsoft.com/2003/10/Serialization/Arrays"><a:double>0.01483831713663708</a:double><a:double>0.00044768343093781748</a:double><a:double>-0.021153620829787778</a:double></Value></Attribute><Attribute z:Id="i73"><AttributeType>rpy</AttributeType><IsRequired>true</IsRequired><Value i:type="a:ArrayOfdouble" xmlns:a="http://schemas.microsoft.com/2003/10/Serialization/Arrays"><a:double>0</a:double><a:double>0</a:double><a:double>0</a:double></Value></Attribute></Attributes><ChildElements/><ElementName>origin</ElementName><required>false</required><RPYAttribute z:Ref="i73"/><XYZAttribute z:Ref="i72"/><isCustomized>false</isCustomized></URDFElement><URDFElement z:Id="i74" i:type="Mass"><Attributes><Attribute z:Id="i75"><AttributeType>value</AttributeType><IsRequired>true</IsRequired><Value i:type="a:double" xmlns:a="http://www.w3.org/2001/XMLSchema">0.03124091274064825</Value></Attribute></Attributes><ChildElements/><ElementName>mass</ElementName><required>false</required><ValueAttribute z:Ref="i75"/></URDFElement><URDFElement z:Id="i76" i:type="Inertia"><Attributes><Attribute z:Id="i77"><AttributeType>ixx</AttributeType><IsRequired>true</IsRequired><Value i:type="a:double" xmlns:a="http://www.w3.org/2001/XMLSchema">8.8802637081100291E-06</Value></Attribute><Attribute z:Id="i78"><AttributeType>ixy</AttributeType><IsRequired>true</IsRequired><Value i:type="a:double" xmlns:a="http://www.w3.org/2001/XMLSchema">-1.776644943302431E-07</Value></Attribute><Attribute z:Id="i79"><AttributeType>ixz</AttributeType><IsRequired>true</IsRequired><Value i:type="a:double" xmlns:a="http://www.w3.org/2001/XMLSchema">1.1302767991708138E-07</Value></Attribute><Attribute z:Id="i80"><AttributeType>iyy</AttributeType><IsRequired>true</IsRequired><Value i:type="a:double" xmlns:a="http://www.w3.org/2001/XMLSchema">1.4491001820543249E-05</Value></Attribute><Attribute z:Id="i81"><AttributeType>iyz</AttributeType><IsRequired>true</IsRequired><Value i:type="a:double" xmlns:a="http://www.w3.org/2001/XMLSchema">3.4607611499608196E-08</Value></Attribute><Attribute z:Id="i82"><AttributeType>izz</AttributeType><IsRequired>true</IsRequired><Value i:type="a:double" xmlns:a="http://www.w3.org/2001/XMLSchema">2.2528909952026894E-05</Value></Attribute></Attributes><ChildElements/><ElementName>inertia</ElementName><required>false</required><IxxAttribute z:Ref="i77"/><IxyAttribute z:Ref="i78"/><IxzAttribute z:Ref="i79"/><IyyAttribute z:Ref="i80"/><IyzAttribute z:Ref="i81"/><IzzAttribute z:Ref="i82"/></URDFElement></ChildElements><ElementName>inertial</ElementName><required>false</required><Inertia z:Ref="i76"/><Mass z:Ref="i74"/><Origin z:Ref="i71"/></URDFElement><URDFElement z:Id="i83" i:type="Visual"><Attributes/><ChildElements><URDFElement z:Id="i84" i:type="Origin"><Attributes><Attribute z:Id="i85"><AttributeType>xyz</AttributeType><IsRequired>true</IsRequired><Value i:type="a:ArrayOfdouble" xmlns:a="http://schemas.microsoft.com/2003/10/Serialization/Arrays"><a:double>0</a:double><a:double>0</a:double><a:double>0</a:double></Value></Attribute><Attribute z:Id="i86"><AttributeType>rpy</AttributeType><IsRequired>true</IsRequired><Value i:type="a:ArrayOfdouble" xmlns:a="http://schemas.microsoft.com/2003/10/Serialization/Arrays"><a:double>0</a:double><a:double>0</a:double><a:double>0</a:double></Value></Attribute></Attributes><ChildElements/><ElementName>origin</ElementName><required>false</required><RPYAttribute z:Ref="i86"/><XYZAttribute z:Ref="i85"/><isCustomized>false</isCustomized></URDFElement><URDFElement z:Id="i87" i:type="Geometry"><Attributes/><ChildElements><URDFElement z:Id="i88" i:type="Mesh"><Attributes><Attribute z:Id="i89"><AttributeType>filename</AttributeType><IsRequired>true</IsRequired><Value i:nil="true"/></Attribute></Attributes><ChildElements/><ElementName>mesh</ElementName><required>false</required><FilenameAttribute z:Ref="i89"/></URDFElement></ChildElements><ElementName>geometry</ElementName><required>true</required><Mesh z:Ref="i88"/></URDFElement><URDFElement z:Id="i90" i:type="Material"><Attributes><Attribute z:Id="i91"><AttributeType>name</AttributeType><IsRequired>true</IsRequired><Value i:type="a:string" xmlns:a="http://www.w3.org/2001/XMLSchema"/></Attribute></Attributes><ChildElements><URDFElement z:Id="i92" i:type="Color"><Attributes><Attribute z:Id="i93"><AttributeType>rgba</AttributeType><IsRequired>true</IsRequired><Value i:type="a:ArrayOfdouble" xmlns:a="http://schemas.microsoft.com/2003/10/Serialization/Arrays"><a:double>0.792156862745098</a:double><a:double>0.81960784313725488</a:double><a:double>0.93333333333333335</a:double><a:double>1</a:double></Value></Attribute></Attributes><ChildElements/><ElementName>color</ElementName><required>false</required><RGBAAttribute z:Ref="i93"/></URDFElement><URDFElement z:Id="i94" i:type="Texture"><Attributes><Attribute z:Id="i95"><AttributeType>filename</AttributeType><IsRequired>true</IsRequired><Value i:nil="true"/></Attribute></Attributes><ChildElements/><ElementName>texture</ElementName><required>false</required><FilenameAttribute z:Ref="i95"/><wFilename/></URDFElement></ChildElements><ElementName>material</ElementName><required>false</required><Color z:Ref="i92"/><NameAttribute z:Ref="i91"/><Texture z:Ref="i94"/></URDFElement></ChildElements><ElementName>visual</ElementName><required>false</required><Geometry z:Ref="i87"/><Material z:Ref="i90"/><Origin z:Ref="i84"/></URDFElement><URDFElement z:Id="i96" i:type="Collision"><Attributes/><ChildElements><URDFElement z:Id="i97" i:type="Origin"><Attributes><Attribute z:Id="i98"><AttributeType>xyz</AttributeType><IsRequired>true</IsRequired><Value i:type="a:ArrayOfdouble" xmlns:a="http://schemas.microsoft.com/2003/10/Serialization/Arrays"><a:double>0</a:double><a:double>0</a:double><a:double>0</a:double></Value></Attribute><Attribute z:Id="i99"><AttributeType>rpy</AttributeType><IsRequired>true</IsRequired><Value i:type="a:ArrayOfdouble" xmlns:a="http://schemas.microsoft.com/2003/10/Serialization/Arrays"><a:double>0</a:double><a:double>0</a:double><a:double>0</a:double></Value></Attribute></Attributes><ChildElements/><ElementName>origin</ElementName><required>false</required><RPYAttribute z:Ref="i99"/><XYZAttribute z:Ref="i98"/><isCustomized>false</isCustomized></URDFElement><URDFElement z:Id="i100" i:type="Geometry"><Attributes/><ChildElements><URDFElement z:Id="i101" i:type="Mesh"><Attributes><Attribute z:Id="i102"><AttributeType>filename</AttributeType><IsRequired>true</IsRequired><Value i:nil="true"/></Attribute></Attributes><ChildElements/><ElementName>mesh</ElementName><required>false</required><FilenameAttribute z:Ref="i102"/></URDFElement></ChildElements><ElementName>geometry</ElementName><required>true</required><Mesh z:Ref="i101"/></URDFElement></ChildElements><ElementName>collision</ElementName><required>false</required><Geometry z:Ref="i100"/><Origin z:Ref="i97"/></URDFElement><URDFElement z:Id="i103" i:type="Joint"><Attributes><Attribute z:Id="i104"><AttributeType>name</AttributeType><IsRequired>true</IsRequired><Value i:type="a:string" xmlns:a="http://www.w3.org/2001/XMLSchema">lidar</Value></Attribute><Attribute z:Id="i105"><AttributeType>type</AttributeType><IsRequired>true</IsRequired><Value i:type="a:string" xmlns:a="http://www.w3.org/2001/XMLSchema">fixed</Value></Attribute></Attributes><ChildElements><URDFElement z:Id="i106" i:type="Origin"><Attributes><Attribute z:Id="i107"><AttributeType>xyz</AttributeType><IsRequired>true</IsRequired><Value i:type="a:ArrayOfdouble" xmlns:a="http://schemas.microsoft.com/2003/10/Serialization/Arrays"><a:double>0.15566672564358219</a:double><a:double>0.0011277706563345147</a:double><a:double>0.14609999999809897</a:double></Value></Attribute><Attribute z:Id="i108"><AttributeType>rpy</AttributeType><IsRequired>true</IsRequired><Value i:type="a:ArrayOfdouble" xmlns:a="http://schemas.microsoft.com/2003/10/Serialization/Arrays"><a:double>0</a:double><a:double>0</a:double><a:double>0</a:double></Value></Attribute></Attributes><ChildElements/><ElementName>origin</ElementName><required>false</required><RPYAttribute z:Ref="i108"/><XYZAttribute z:Ref="i107"/><isCustomized>false</isCustomized></URDFElement><URDFElement z:Id="i109" i:type="ParentLink"><Attributes><Attribute z:Id="i110"><AttributeType>link</AttributeType><IsRequired>true</IsRequired><Value i:type="a:string" xmlns:a="http://www.w3.org/2001/XMLSchema">base_link</Value></Attribute></Attributes><ChildElements/><ElementName>parent</ElementName><required>true</required><NameAttribute z:Ref="i110"/></URDFElement><URDFElement z:Id="i111" i:type="ChildLink"><Attributes><Attribute z:Id="i112"><AttributeType>link</AttributeType><IsRequired>true</IsRequired><Value i:type="a:string" xmlns:a="http://www.w3.org/2001/XMLSchema">lidar_link</Value></Attribute></Attributes><ChildElements/><ElementName>child</ElementName><required>true</required><NameAttribute z:Ref="i112"/></URDFElement><URDFElement z:Id="i113" i:type="Axis"><Attributes><Attribute z:Id="i114"><AttributeType>xyz</AttributeType><IsRequired>true</IsRequired><Value i:type="a:ArrayOfdouble" xmlns:a="http://schemas.microsoft.com/2003/10/Serialization/Arrays"><a:double>0</a:double><a:double>0</a:double><a:double>0</a:double></Value></Attribute></Attributes><ChildElements/><ElementName>axis</ElementName><required>false</required><XYZAttribute z:Ref="i114"/></URDFElement><URDFElement z:Id="i115" i:type="Limit"><Attributes><Attribute z:Id="i116"><AttributeType>lower</AttributeType><IsRequired>false</IsRequired><Value i:nil="true"/></Attribute><Attribute z:Id="i117"><AttributeType>upper</AttributeType><IsRequired>false</IsRequired><Value i:nil="true"/></Attribute><Attribute z:Id="i118"><AttributeType>effort</AttributeType><IsRequired>true</IsRequired><Value i:nil="true"/></Attribute><Attribute z:Id="i119"><AttributeType>velocity</AttributeType><IsRequired>true</IsRequired><Value i:nil="true"/></Attribute></Attributes><ChildElements/><ElementName>limit</ElementName><required>false</required><EffortAttribute z:Ref="i118"/><LowerAttribute z:Ref="i116"/><UpperAttribute z:Ref="i117"/><VelocityAttribute z:Ref="i119"/></URDFElement><URDFElement z:Id="i120" i:type="Calibration"><Attributes><Attribute z:Id="i121"><AttributeType>rising</AttributeType><IsRequired>false</IsRequired><Value i:nil="true"/></Attribute><Attribute z:Id="i122"><AttributeType>falling</AttributeType><IsRequired>false</IsRequired><Value i:nil="true"/></Attribute></Attributes><ChildElements/><ElementName>calibration</ElementName><required>false</required><FallingAttribute z:Ref="i122"/><RisingAttribute z:Ref="i121"/></URDFElement><URDFElement z:Id="i123" i:type="Dynamics"><Attributes><Attribute z:Id="i124"><AttributeType>damping</AttributeType><IsRequired>false</IsRequired><Value i:nil="true"/></Attribute><Attribute z:Id="i125"><AttributeType>friction</AttributeType><IsRequired>false</IsRequired><Value i:nil="true"/></Attribute></Attributes><ChildElements/><ElementName>dynamics</ElementName><required>false</required><DampingAttribute z:Ref="i124"/><FrictionAttribute z:Ref="i125"/></URDFElement><URDFElement z:Id="i126" i:type="SafetyController"><Attributes><Attribute z:Id="i127"><AttributeType>soft_upper_limit</AttributeType><IsRequired>false</IsRequired><Value i:nil="true"/></Attribute><Attribute z:Id="i128"><AttributeType>soft_lower_limit</AttributeType><IsRequired>false</IsRequired><Value i:nil="true"/></Attribute><Attribute z:Id="i129"><AttributeType>k_position</AttributeType><IsRequired>false</IsRequired><Value i:nil="true"/></Attribute><Attribute z:Id="i130"><AttributeType>k_velocity</AttributeType><IsRequired>true</IsRequired><Value i:nil="true"/></Attribute></Attributes><ChildElements/><ElementName>safety_controller</ElementName><required>false</required><KPositionAttribute z:Ref="i129"/><KVelocityAttribute z:Ref="i130"/><SoftLowerAttribute z:Ref="i128"/><SoftUpperAttribute z:Ref="i127"/></URDFElement><URDFElement z:Id="i131" i:type="Mimic"><Attributes><Attribute z:Id="i132"><AttributeType>joint</AttributeType><IsRequired>true</IsRequired><Value i:nil="true"/></Attribute><Attribute z:Id="i133"><AttributeType>multiplier</AttributeType><IsRequired>false</IsRequired><Value i:nil="true"/></Attribute><Attribute z:Id="i134"><AttributeType>offset</AttributeType><IsRequired>false</IsRequired><Value i:nil="true"/></Attribute></Attributes><ChildElements/><ElementName>mimic</ElementName><required>false</required><JointNameAttribute z:Ref="i132"/><MultiplierAttribute z:Ref="i133"/><OffsetAttribute z:Ref="i134"/></URDFElement></ChildElements><ElementName>joint</ElementName><required>false</required><Axis z:Ref="i113"/><AxisName>Axis_lidar</AxisName><Calibration z:Ref="i120"/><Child z:Ref="i111"/><CoordinateSystemName>Coordinate System2</CoordinateSystemName><Dynamics z:Ref="i123"/><Limit z:Ref="i115"/><Mimic z:Ref="i131"/><NameAttribute z:Ref="i104"/><Origin z:Ref="i106"/><Parent z:Ref="i109"/><Safety z:Ref="i126"/><TypeAttribute z:Ref="i105"/></URDFElement></ChildElements><ElementName>link</ElementName><required>true</required><Children/><Collision z:Ref="i96"/><Inertial z:Ref="i70"/><Joint z:Ref="i103"/><NameAttribute z:Ref="i69"/><Parent z:Ref="i1"/><STLQualityFine>false</STLQualityFine><SWComponentPIDs xmlns:a="http://schemas.microsoft.com/2003/10/Serialization/Arrays"><a:base64Binary>aEIAAAUAAAD//v8RWAAzAF8ATABpAGQAYQByAC0AMQBAAHIAbwBiAG8AVgAyAAQAAAAQAAAAAQAAAAEAAACLBAAA</a:base64Binary></SWComponentPIDs><SWMainComponentPID i:nil="true"/><Visual z:Ref="i83"/><isFixedFrame>false</isFixedFrame><isIncomplete>false</isIncomplete></Link><Link z:Id="i135"><Attributes><Attribute z:Id="i136"><AttributeType>name</AttributeType><IsRequired>true</IsRequired><Value i:type="a:string" xmlns:a="http://www.w3.org/2001/XMLSchema">imu_link</Value></Attribute></Attributes><ChildElements><URDFElement z:Id="i137" i:type="Inertial"><Attributes/><ChildElements><URDFElement z:Id="i138" i:type="Origin"><Attributes><Attribute z:Id="i139"><AttributeType>xyz</AttributeType><IsRequired>true</IsRequired><Value i:type="a:ArrayOfdouble" xmlns:a="http://schemas.microsoft.com/2003/10/Serialization/Arrays"><a:double>-0.00012898011774786777</a:double><a:double>-0.00019149559799316873</a:double><a:double>-0.0038407050934866627</a:double></Value></Attribute><Attribute z:Id="i140"><AttributeType>rpy</AttributeType><IsRequired>true</IsRequired><Value i:type="a:ArrayOfdouble" xmlns:a="http://schemas.microsoft.com/2003/10/Serialization/Arrays"><a:double>0</a:double><a:double>0</a:double><a:double>0</a:double></Value></Attribute></Attributes><ChildElements/><ElementName>origin</ElementName><required>false</required><RPYAttribute z:Ref="i140"/><XYZAttribute z:Ref="i139"/><isCustomized>false</isCustomized></URDFElement><URDFElement z:Id="i141" i:type="Mass"><Attributes><Attribute z:Id="i142"><AttributeType>value</AttributeType><IsRequired>true</IsRequired><Value i:type="a:double" xmlns:a="http://www.w3.org/2001/XMLSchema">0.000999898118986841</Value></Attribute></Attributes><ChildElements/><ElementName>mass</ElementName><required>false</required><ValueAttribute z:Ref="i142"/></URDFElement><URDFElement z:Id="i143" i:type="Inertia"><Attributes><Attribute z:Id="i144"><AttributeType>ixx</AttributeType><IsRequired>true</IsRequired><Value i:type="a:double" xmlns:a="http://www.w3.org/2001/XMLSchema">2.5044771693541564E-08</Value></Attribute><Attribute z:Id="i145"><AttributeType>ixy</AttributeType><IsRequired>true</IsRequired><Value i:type="a:double" xmlns:a="http://www.w3.org/2001/XMLSchema">1.0396505624691962E-10</Value></Attribute><Attribute z:Id="i146"><AttributeType>ixz</AttributeType><IsRequired>true</IsRequired><Value i:type="a:double" xmlns:a="http://www.w3.org/2001/XMLSchema">-2.685604816346462E-14</Value></Attribute><Attribute z:Id="i147"><AttributeType>iyy</AttributeType><IsRequired>true</IsRequired><Value i:type="a:double" xmlns:a="http://www.w3.org/2001/XMLSchema">1.2451353550853071E-08</Value></Attribute><Attribute z:Id="i148"><AttributeType>iyz</AttributeType><IsRequired>true</IsRequired><Value i:type="a:double" xmlns:a="http://www.w3.org/2001/XMLSchema">-1.1856542349006593E-14</Value></Attribute><Attribute z:Id="i149"><AttributeType>izz</AttributeType><IsRequired>true</IsRequired><Value i:type="a:double" xmlns:a="http://www.w3.org/2001/XMLSchema">3.063763531158985E-08</Value></Attribute></Attributes><ChildElements/><ElementName>inertia</ElementName><required>false</required><IxxAttribute z:Ref="i144"/><IxyAttribute z:Ref="i145"/><IxzAttribute z:Ref="i146"/><IyyAttribute z:Ref="i147"/><IyzAttribute z:Ref="i148"/><IzzAttribute z:Ref="i149"/></URDFElement></ChildElements><ElementName>inertial</ElementName><required>false</required><Inertia z:Ref="i143"/><Mass z:Ref="i141"/><Origin z:Ref="i138"/></URDFElement><URDFElement z:Id="i150" i:type="Visual"><Attributes/><ChildElements><URDFElement z:Id="i151" i:type="Origin"><Attributes><Attribute z:Id="i152"><AttributeType>xyz</AttributeType><IsRequired>true</IsRequired><Value i:type="a:ArrayOfdouble" xmlns:a="http://schemas.microsoft.com/2003/10/Serialization/Arrays"><a:double>0</a:double><a:double>0</a:double><a:double>0</a:double></Value></Attribute><Attribute z:Id="i153"><AttributeType>rpy</AttributeType><IsRequired>true</IsRequired><Value i:type="a:ArrayOfdouble" xmlns:a="http://schemas.microsoft.com/2003/10/Serialization/Arrays"><a:double>0</a:double><a:double>0</a:double><a:double>0</a:double></Value></Attribute></Attributes><ChildElements/><ElementName>origin</ElementName><required>false</required><RPYAttribute z:Ref="i153"/><XYZAttribute z:Ref="i152"/><isCustomized>false</isCustomized></URDFElement><URDFElement z:Id="i154" i:type="Geometry"><Attributes/><ChildElements><URDFElement z:Id="i155" i:type="Mesh"><Attributes><Attribute z:Id="i156"><AttributeType>filename</AttributeType><IsRequired>true</IsRequired><Value i:nil="true"/></Attribute></Attributes><ChildElements/><ElementName>mesh</ElementName><required>false</required><FilenameAttribute z:Ref="i156"/></URDFElement></ChildElements><ElementName>geometry</ElementName><required>true</required><Mesh z:Ref="i155"/></URDFElement><URDFElement z:Id="i157" i:type="Material"><Attributes><Attribute z:Id="i158"><AttributeType>name</AttributeType><IsRequired>true</IsRequired><Value i:type="a:string" xmlns:a="http://www.w3.org/2001/XMLSchema"/></Attribute></Attributes><ChildElements><URDFElement z:Id="i159" i:type="Color"><Attributes><Attribute z:Id="i160"><AttributeType>rgba</AttributeType><IsRequired>true</IsRequired><Value i:type="a:ArrayOfdouble" xmlns:a="http://schemas.microsoft.com/2003/10/Serialization/Arrays"><a:double>0.792156862745098</a:double><a:double>0.81960784313725488</a:double><a:double>0.93333333333333335</a:double><a:double>1</a:double></Value></Attribute></Attributes><ChildElements/><ElementName>color</ElementName><required>false</required><RGBAAttribute z:Ref="i160"/></URDFElement><URDFElement z:Id="i161" i:type="Texture"><Attributes><Attribute z:Id="i162"><AttributeType>filename</AttributeType><IsRequired>true</IsRequired><Value i:nil="true"/></Attribute></Attributes><ChildElements/><ElementName>texture</ElementName><required>false</required><FilenameAttribute z:Ref="i162"/><wFilename/></URDFElement></ChildElements><ElementName>material</ElementName><required>false</required><Color z:Ref="i159"/><NameAttribute z:Ref="i158"/><Texture z:Ref="i161"/></URDFElement></ChildElements><ElementName>visual</ElementName><required>false</required><Geometry z:Ref="i154"/><Material z:Ref="i157"/><Origin z:Ref="i151"/></URDFElement><URDFElement z:Id="i163" i:type="Collision"><Attributes/><ChildElements><URDFElement z:Id="i164" i:type="Origin"><Attributes><Attribute z:Id="i165"><AttributeType>xyz</AttributeType><IsRequired>true</IsRequired><Value i:type="a:ArrayOfdouble" xmlns:a="http://schemas.microsoft.com/2003/10/Serialization/Arrays"><a:double>0</a:double><a:double>0</a:double><a:double>0</a:double></Value></Attribute><Attribute z:Id="i166"><AttributeType>rpy</AttributeType><IsRequired>true</IsRequired><Value i:type="a:ArrayOfdouble" xmlns:a="http://schemas.microsoft.com/2003/10/Serialization/Arrays"><a:double>0</a:double><a:double>0</a:double><a:double>0</a:double></Value></Attribute></Attributes><ChildElements/><ElementName>origin</ElementName><required>false</required><RPYAttribute z:Ref="i166"/><XYZAttribute z:Ref="i165"/><isCustomized>false</isCustomized></URDFElement><URDFElement z:Id="i167" i:type="Geometry"><Attributes/><ChildElements><URDFElement z:Id="i168" i:type="Mesh"><Attributes><Attribute z:Id="i169"><AttributeType>filename</AttributeType><IsRequired>true</IsRequired><Value i:nil="true"/></Attribute></Attributes><ChildElements/><ElementName>mesh</ElementName><required>false</required><FilenameAttribute z:Ref="i169"/></URDFElement></ChildElements><ElementName>geometry</ElementName><required>true</required><Mesh z:Ref="i168"/></URDFElement></ChildElements><ElementName>collision</ElementName><required>false</required><Geometry z:Ref="i167"/><Origin z:Ref="i164"/></URDFElement><URDFElement z:Id="i170" i:type="Joint"><Attributes><Attribute z:Id="i171"><AttributeType>name</AttributeType><IsRequired>true</IsRequired><Value i:type="a:string" xmlns:a="http://www.w3.org/2001/XMLSchema">imu</Value></Attribute><Attribute z:Id="i172"><AttributeType>type</AttributeType><IsRequired>true</IsRequired><Value i:type="a:string" xmlns:a="http://www.w3.org/2001/XMLSchema">fixed</Value></Attribute></Attributes><ChildElements><URDFElement z:Id="i173" i:type="Origin"><Attributes><Attribute z:Id="i174"><AttributeType>xyz</AttributeType><IsRequired>true</IsRequired><Value i:type="a:ArrayOfdouble" xmlns:a="http://schemas.microsoft.com/2003/10/Serialization/Arrays"><a:double>0.12642893305504876</a:double><a:double>-0.10052307723426915</a:double><a:double>0.0330200000034927</a:double></Value></Attribute><Attribute z:Id="i175"><AttributeType>rpy</AttributeType><IsRequired>true</IsRequired><Value i:type="a:ArrayOfdouble" xmlns:a="http://schemas.microsoft.com/2003/10/Serialization/Arrays"><a:double>0</a:double><a:double>0</a:double><a:double>0</a:double></Value></Attribute></Attributes><ChildElements/><ElementName>origin</ElementName><required>false</required><RPYAttribute z:Ref="i175"/><XYZAttribute z:Ref="i174"/><isCustomized>false</isCustomized></URDFElement><URDFElement z:Id="i176" i:type="ParentLink"><Attributes><Attribute z:Id="i177"><AttributeType>link</AttributeType><IsRequired>true</IsRequired><Value i:type="a:string" xmlns:a="http://www.w3.org/2001/XMLSchema">base_link</Value></Attribute></Attributes><ChildElements/><ElementName>parent</ElementName><required>true</required><NameAttribute z:Ref="i177"/></URDFElement><URDFElement z:Id="i178" i:type="ChildLink"><Attributes><Attribute z:Id="i179"><AttributeType>link</AttributeType><IsRequired>true</IsRequired><Value i:type="a:string" xmlns:a="http://www.w3.org/2001/XMLSchema">imu_link</Value></Attribute></Attributes><ChildElements/><ElementName>child</ElementName><required>true</required><NameAttribute z:Ref="i179"/></URDFElement><URDFElement z:Id="i180" i:type="Axis"><Attributes><Attribute z:Id="i181"><AttributeType>xyz</AttributeType><IsRequired>true</IsRequired><Value i:type="a:ArrayOfdouble" xmlns:a="http://schemas.microsoft.com/2003/10/Serialization/Arrays"><a:double>0</a:double><a:double>0</a:double><a:double>0</a:double></Value></Attribute></Attributes><ChildElements/><ElementName>axis</ElementName><required>false</required><XYZAttribute z:Ref="i181"/></URDFElement><URDFElement z:Id="i182" i:type="Limit"><Attributes><Attribute z:Id="i183"><AttributeType>lower</AttributeType><IsRequired>false</IsRequired><Value i:nil="true"/></Attribute><Attribute z:Id="i184"><AttributeType>upper</AttributeType><IsRequired>false</IsRequired><Value i:nil="true"/></Attribute><Attribute z:Id="i185"><AttributeType>effort</AttributeType><IsRequired>true</IsRequired><Value i:nil="true"/></Attribute><Attribute z:Id="i186"><AttributeType>velocity</AttributeType><IsRequired>true</IsRequired><Value i:nil="true"/></Attribute></Attributes><ChildElements/><ElementName>limit</ElementName><required>false</required><EffortAttribute z:Ref="i185"/><LowerAttribute z:Ref="i183"/><UpperAttribute z:Ref="i184"/><VelocityAttribute z:Ref="i186"/></URDFElement><URDFElement z:Id="i187" i:type="Calibration"><Attributes><Attribute z:Id="i188"><AttributeType>rising</AttributeType><IsRequired>false</IsRequired><Value i:nil="true"/></Attribute><Attribute z:Id="i189"><AttributeType>falling</AttributeType><IsRequired>false</IsRequired><Value i:nil="true"/></Attribute></Attributes><ChildElements/><ElementName>calibration</ElementName><required>false</required><FallingAttribute z:Ref="i189"/><RisingAttribute z:Ref="i188"/></URDFElement><URDFElement z:Id="i190" i:type="Dynamics"><Attributes><Attribute z:Id="i191"><AttributeType>damping</AttributeType><IsRequired>false</IsRequired><Value i:nil="true"/></Attribute><Attribute z:Id="i192"><AttributeType>friction</AttributeType><IsRequired>false</IsRequired><Value i:nil="true"/></Attribute></Attributes><ChildElements/><ElementName>dynamics</ElementName><required>false</required><DampingAttribute z:Ref="i191"/><FrictionAttribute z:Ref="i192"/></URDFElement><URDFElement z:Id="i193" i:type="SafetyController"><Attributes><Attribute z:Id="i194"><AttributeType>soft_upper_limit</AttributeType><IsRequired>false</IsRequired><Value i:nil="true"/></Attribute><Attribute z:Id="i195"><AttributeType>soft_lower_limit</AttributeType><IsRequired>false</IsRequired><Value i:nil="true"/></Attribute><Attribute z:Id="i196"><AttributeType>k_position</AttributeType><IsRequired>false</IsRequired><Value i:nil="true"/></Attribute><Attribute z:Id="i197"><AttributeType>k_velocity</AttributeType><IsRequired>true</IsRequired><Value i:nil="true"/></Attribute></Attributes><ChildElements/><ElementName>safety_controller</ElementName><required>false</required><KPositionAttribute z:Ref="i196"/><KVelocityAttribute z:Ref="i197"/><SoftLowerAttribute z:Ref="i195"/><SoftUpperAttribute z:Ref="i194"/></URDFElement><URDFElement z:Id="i198" i:type="Mimic"><Attributes><Attribute z:Id="i199"><AttributeType>joint</AttributeType><IsRequired>true</IsRequired><Value i:nil="true"/></Attribute><Attribute z:Id="i200"><AttributeType>multiplier</AttributeType><IsRequired>false</IsRequired><Value i:nil="true"/></Attribute><Attribute z:Id="i201"><AttributeType>offset</AttributeType><IsRequired>false</IsRequired><Value i:nil="true"/></Attribute></Attributes><ChildElements/><ElementName>mimic</ElementName><required>false</required><JointNameAttribute z:Ref="i199"/><MultiplierAttribute z:Ref="i200"/><OffsetAttribute z:Ref="i201"/></URDFElement></ChildElements><ElementName>joint</ElementName><required>false</required><Axis z:Ref="i180"/><AxisName>Axis_imu</AxisName><Calibration z:Ref="i187"/><Child z:Ref="i178"/><CoordinateSystemName>Coordinate System3</CoordinateSystemName><Dynamics z:Ref="i190"/><Limit z:Ref="i182"/><Mimic z:Ref="i198"/><NameAttribute z:Ref="i171"/><Origin z:Ref="i173"/><Parent z:Ref="i176"/><Safety z:Ref="i193"/><TypeAttribute z:Ref="i172"/></URDFElement></ChildElements><ElementName>link</ElementName><required>true</required><Children/><Collision z:Ref="i163"/><Inertial z:Ref="i137"/><Joint z:Ref="i170"/><NameAttribute z:Ref="i136"/><Parent z:Ref="i1"/><STLQualityFine>false</STLQualityFine><SWComponentPIDs xmlns:a="http://schemas.microsoft.com/2003/10/Serialization/Arrays"><a:base64Binary>aEIAAAUAAAD//v8QTQBQAFUANgAwADUAMAAtADEAQAByAG8AYgBvAFYAMgAEAAAAEAAAAAEAAAABAAAA9gQAAA==</a:base64Binary></SWComponentPIDs><SWMainComponentPID i:nil="true"/><Visual z:Ref="i150"/><isFixedFrame>false</isFixedFrame><isIncomplete>false</isIncomplete></Link><Link z:Id="i202"><Attributes><Attribute z:Id="i203"><AttributeType>name</AttributeType><IsRequired>true</IsRequired><Value i:type="a:string" xmlns:a="http://www.w3.org/2001/XMLSchema">right_wheel_link</Value></Attribute></Attributes><ChildElements><URDFElement z:Id="i204" i:type="Inertial"><Attributes/><ChildElements><URDFElement z:Id="i205" i:type="Origin"><Attributes><Attribute z:Id="i206"><AttributeType>xyz</AttributeType><IsRequired>true</IsRequired><Value i:type="a:ArrayOfdouble" xmlns:a="http://schemas.microsoft.com/2003/10/Serialization/Arrays"><a:double>0.00024358782977840221</a:double><a:double>-0.02950009904556436</a:double><a:double>8.011563634724439E-11</a:double></Value></Attribute><Attribute z:Id="i207"><AttributeType>rpy</AttributeType><IsRequired>true</IsRequired><Value i:type="a:ArrayOfdouble" xmlns:a="http://schemas.microsoft.com/2003/10/Serialization/Arrays"><a:double>0</a:double><a:double>0</a:double><a:double>0</a:double></Value></Attribute></Attributes><ChildElements/><ElementName>origin</ElementName><required>false</required><RPYAttribute z:Ref="i207"/><XYZAttribute z:Ref="i206"/><isCustomized>false</isCustomized></URDFElement><URDFElement z:Id="i208" i:type="Mass"><Attributes><Attribute z:Id="i209"><AttributeType>value</AttributeType><IsRequired>true</IsRequired><Value i:type="a:double" xmlns:a="http://www.w3.org/2001/XMLSchema">0.98170665090244347</Value></Attribute></Attributes><ChildElements/><ElementName>mass</ElementName><required>false</required><ValueAttribute z:Ref="i209"/></URDFElement><URDFElement z:Id="i210" i:type="Inertia"><Attributes><Attribute z:Id="i211"><AttributeType>ixx</AttributeType><IsRequired>true</IsRequired><Value i:type="a:double" xmlns:a="http://www.w3.org/2001/XMLSchema">0.0016529887582960915</Value></Attribute><Attribute z:Id="i212"><AttributeType>ixy</AttributeType><IsRequired>true</IsRequired><Value i:type="a:double" xmlns:a="http://www.w3.org/2001/XMLSchema">-1.0120899306445503E-05</Value></Attribute><Attribute z:Id="i213"><AttributeType>ixz</AttributeType><IsRequired>true</IsRequired><Value i:type="a:double" xmlns:a="http://www.w3.org/2001/XMLSchema">-1.8168620653085957E-09</Value></Attribute><Attribute z:Id="i214"><AttributeType>iyy</AttributeType><IsRequired>true</IsRequired><Value i:type="a:double" xmlns:a="http://www.w3.org/2001/XMLSchema">0.0028786106100582394</Value></Attribute><Attribute z:Id="i215"><AttributeType>iyz</AttributeType><IsRequired>true</IsRequired><Value i:type="a:double" xmlns:a="http://www.w3.org/2001/XMLSchema">-1.3567531199067529E-11</Value></Attribute><Attribute z:Id="i216"><AttributeType>izz</AttributeType><IsRequired>true</IsRequired><Value i:type="a:double" xmlns:a="http://www.w3.org/2001/XMLSchema">0.0016529123598083377</Value></Attribute></Attributes><ChildElements/><ElementName>inertia</ElementName><required>false</required><IxxAttribute z:Ref="i211"/><IxyAttribute z:Ref="i212"/><IxzAttribute z:Ref="i213"/><IyyAttribute z:Ref="i214"/><IyzAttribute z:Ref="i215"/><IzzAttribute z:Ref="i216"/></URDFElement></ChildElements><ElementName>inertial</ElementName><required>false</required><Inertia z:Ref="i210"/><Mass z:Ref="i208"/><Origin z:Ref="i205"/></URDFElement><URDFElement z:Id="i217" i:type="Visual"><Attributes/><ChildElements><URDFElement z:Id="i218" i:type="Origin"><Attributes><Attribute z:Id="i219"><AttributeType>xyz</AttributeType><IsRequired>true</IsRequired><Value i:type="a:ArrayOfdouble" xmlns:a="http://schemas.microsoft.com/2003/10/Serialization/Arrays"><a:double>0</a:double><a:double>0</a:double><a:double>0</a:double></Value></Attribute><Attribute z:Id="i220"><AttributeType>rpy</AttributeType><IsRequired>true</IsRequired><Value i:type="a:ArrayOfdouble" xmlns:a="http://schemas.microsoft.com/2003/10/Serialization/Arrays"><a:double>0</a:double><a:double>0</a:double><a:double>0</a:double></Value></Attribute></Attributes><ChildElements/><ElementName>origin</ElementName><required>false</required><RPYAttribute z:Ref="i220"/><XYZAttribute z:Ref="i219"/><isCustomized>false</isCustomized></URDFElement><URDFElement z:Id="i221" i:type="Geometry"><Attributes/><ChildElements><URDFElement z:Id="i222" i:type="Mesh"><Attributes><Attribute z:Id="i223"><AttributeType>filename</AttributeType><IsRequired>true</IsRequired><Value i:nil="true"/></Attribute></Attributes><ChildElements/><ElementName>mesh</ElementName><required>false</required><FilenameAttribute z:Ref="i223"/></URDFElement></ChildElements><ElementName>geometry</ElementName><required>true</required><Mesh z:Ref="i222"/></URDFElement><URDFElement z:Id="i224" i:type="Material"><Attributes><Attribute z:Id="i225"><AttributeType>name</AttributeType><IsRequired>true</IsRequired><Value i:type="a:string" xmlns:a="http://www.w3.org/2001/XMLSchema"/></Attribute></Attributes><ChildElements><URDFElement z:Id="i226" i:type="Color"><Attributes><Attribute z:Id="i227"><AttributeType>rgba</AttributeType><IsRequired>true</IsRequired><Value i:type="a:ArrayOfdouble" xmlns:a="http://schemas.microsoft.com/2003/10/Serialization/Arrays"><a:double>0.2</a:double><a:double>0.2</a:double><a:double>0.2</a:double><a:double>1</a:double></Value></Attribute></Attributes><ChildElements/><ElementName>color</ElementName><required>false</required><RGBAAttribute z:Ref="i227"/></URDFElement><URDFElement z:Id="i228" i:type="Texture"><Attributes><Attribute z:Id="i229"><AttributeType>filename</AttributeType><IsRequired>true</IsRequired><Value i:nil="true"/></Attribute></Attributes><ChildElements/><ElementName>texture</ElementName><required>false</required><FilenameAttribute z:Ref="i229"/><wFilename/></URDFElement></ChildElements><ElementName>material</ElementName><required>false</required><Color z:Ref="i226"/><NameAttribute z:Ref="i225"/><Texture z:Ref="i228"/></URDFElement></ChildElements><ElementName>visual</ElementName><required>false</required><Geometry z:Ref="i221"/><Material z:Ref="i224"/><Origin z:Ref="i218"/></URDFElement><URDFElement z:Id="i230" i:type="Collision"><Attributes/><ChildElements><URDFElement z:Id="i231" i:type="Origin"><Attributes><Attribute z:Id="i232"><AttributeType>xyz</AttributeType><IsRequired>true</IsRequired><Value i:type="a:ArrayOfdouble" xmlns:a="http://schemas.microsoft.com/2003/10/Serialization/Arrays"><a:double>0</a:double><a:double>0</a:double><a:double>0</a:double></Value></Attribute><Attribute z:Id="i233"><AttributeType>rpy</AttributeType><IsRequired>true</IsRequired><Value i:type="a:ArrayOfdouble" xmlns:a="http://schemas.microsoft.com/2003/10/Serialization/Arrays"><a:double>0</a:double><a:double>0</a:double><a:double>0</a:double></Value></Attribute></Attributes><ChildElements/><ElementName>origin</ElementName><required>false</required><RPYAttribute z:Ref="i233"/><XYZAttribute z:Ref="i232"/><isCustomized>false</isCustomized></URDFElement><URDFElement z:Id="i234" i:type="Geometry"><Attributes/><ChildElements><URDFElement z:Id="i235" i:type="Mesh"><Attributes><Attribute z:Id="i236"><AttributeType>filename</AttributeType><IsRequired>true</IsRequired><Value i:nil="true"/></Attribute></Attributes><ChildElements/><ElementName>mesh</ElementName><required>false</required><FilenameAttribute z:Ref="i236"/></URDFElement></ChildElements><ElementName>geometry</ElementName><required>true</required><Mesh z:Ref="i235"/></URDFElement></ChildElements><ElementName>collision</ElementName><required>false</required><Geometry z:Ref="i234"/><Origin z:Ref="i231"/></URDFElement><URDFElement z:Id="i237" i:type="Joint"><Attributes><Attribute z:Id="i238"><AttributeType>name</AttributeType><IsRequired>true</IsRequired><Value i:type="a:string" xmlns:a="http://www.w3.org/2001/XMLSchema">right_wheel</Value></Attribute><Attribute z:Id="i239"><AttributeType>type</AttributeType><IsRequired>true</IsRequired><Value i:type="a:string" xmlns:a="http://www.w3.org/2001/XMLSchema">continuous</Value></Attribute></Attributes><ChildElements><URDFElement z:Id="i240" i:type="Origin"><Attributes><Attribute z:Id="i241"><AttributeType>xyz</AttributeType><IsRequired>true</IsRequired><Value i:type="a:ArrayOfdouble" xmlns:a="http://schemas.microsoft.com/2003/10/Serialization/Arrays"><a:double>0.0015755697007704406</a:double><a:double>-0.17502025768769183</a:double><a:double>0.015000000004217473</a:double></Value></Attribute><Attribute z:Id="i242"><AttributeType>rpy</AttributeType><IsRequired>true</IsRequired><Value i:type="a:ArrayOfdouble" xmlns:a="http://schemas.microsoft.com/2003/10/Serialization/Arrays"><a:double>0</a:double><a:double>0</a:double><a:double>0</a:double></Value></Attribute></Attributes><ChildElements/><ElementName>origin</ElementName><required>false</required><RPYAttribute z:Ref="i242"/><XYZAttribute z:Ref="i241"/><isCustomized>false</isCustomized></URDFElement><URDFElement z:Id="i243" i:type="ParentLink"><Attributes><Attribute z:Id="i244"><AttributeType>link</AttributeType><IsRequired>true</IsRequired><Value i:type="a:string" xmlns:a="http://www.w3.org/2001/XMLSchema">base_link</Value></Attribute></Attributes><ChildElements/><ElementName>parent</ElementName><required>true</required><NameAttribute z:Ref="i244"/></URDFElement><URDFElement z:Id="i245" i:type="ChildLink"><Attributes><Attribute z:Id="i246"><AttributeType>link</AttributeType><IsRequired>true</IsRequired><Value i:type="a:string" xmlns:a="http://www.w3.org/2001/XMLSchema">right_wheel_link</Value></Attribute></Attributes><ChildElements/><ElementName>child</ElementName><required>true</required><NameAttribute z:Ref="i246"/></URDFElement><URDFElement z:Id="i247" i:type="Axis"><Attributes><Attribute z:Id="i248"><AttributeType>xyz</AttributeType><IsRequired>true</IsRequired><Value i:type="a:ArrayOfdouble" xmlns:a="http://schemas.microsoft.com/2003/10/Serialization/Arrays"><a:double>-0.00825691107326283</a:double><a:double>0.99996591112873856</a:double><a:double>0</a:double></Value></Attribute></Attributes><ChildElements/><ElementName>axis</ElementName><required>false</required><XYZAttribute z:Ref="i248"/></URDFElement><URDFElement z:Id="i249" i:type="Limit"><Attributes><Attribute z:Id="i250"><AttributeType>lower</AttributeType><IsRequired>false</IsRequired><Value i:nil="true"/></Attribute><Attribute z:Id="i251"><AttributeType>upper</AttributeType><IsRequired>false</IsRequired><Value i:nil="true"/></Attribute><Attribute z:Id="i252"><AttributeType>effort</AttributeType><IsRequired>true</IsRequired><Value i:nil="true"/></Attribute><Attribute z:Id="i253"><AttributeType>velocity</AttributeType><IsRequired>true</IsRequired><Value i:nil="true"/></Attribute></Attributes><ChildElements/><ElementName>limit</ElementName><required>false</required><EffortAttribute z:Ref="i252"/><LowerAttribute z:Ref="i250"/><UpperAttribute z:Ref="i251"/><VelocityAttribute z:Ref="i253"/></URDFElement><URDFElement z:Id="i254" i:type="Calibration"><Attributes><Attribute z:Id="i255"><AttributeType>rising</AttributeType><IsRequired>false</IsRequired><Value i:nil="true"/></Attribute><Attribute z:Id="i256"><AttributeType>falling</AttributeType><IsRequired>false</IsRequired><Value i:nil="true"/></Attribute></Attributes><ChildElements/><ElementName>calibration</ElementName><required>false</required><FallingAttribute z:Ref="i256"/><RisingAttribute z:Ref="i255"/></URDFElement><URDFElement z:Id="i257" i:type="Dynamics"><Attributes><Attribute z:Id="i258"><AttributeType>damping</AttributeType><IsRequired>false</IsRequired><Value i:nil="true"/></Attribute><Attribute z:Id="i259"><AttributeType>friction</AttributeType><IsRequired>false</IsRequired><Value i:nil="true"/></Attribute></Attributes><ChildElements/><ElementName>dynamics</ElementName><required>false</required><DampingAttribute z:Ref="i258"/><FrictionAttribute z:Ref="i259"/></URDFElement><URDFElement z:Id="i260" i:type="SafetyController"><Attributes><Attribute z:Id="i261"><AttributeType>soft_upper_limit</AttributeType><IsRequired>false</IsRequired><Value i:nil="true"/></Attribute><Attribute z:Id="i262"><AttributeType>soft_lower_limit</AttributeType><IsRequired>false</IsRequired><Value i:nil="true"/></Attribute><Attribute z:Id="i263"><AttributeType>k_position</AttributeType><IsRequired>false</IsRequired><Value i:nil="true"/></Attribute><Attribute z:Id="i264"><AttributeType>k_velocity</AttributeType><IsRequired>true</IsRequired><Value i:nil="true"/></Attribute></Attributes><ChildElements/><ElementName>safety_controller</ElementName><required>false</required><KPositionAttribute z:Ref="i263"/><KVelocityAttribute z:Ref="i264"/><SoftLowerAttribute z:Ref="i262"/><SoftUpperAttribute z:Ref="i261"/></URDFElement><URDFElement z:Id="i265" i:type="Mimic"><Attributes><Attribute z:Id="i266"><AttributeType>joint</AttributeType><IsRequired>true</IsRequired><Value i:nil="true"/></Attribute><Attribute z:Id="i267"><AttributeType>multiplier</AttributeType><IsRequired>false</IsRequired><Value i:nil="true"/></Attribute><Attribute z:Id="i268"><AttributeType>offset</AttributeType><IsRequired>false</IsRequired><Value i:nil="true"/></Attribute></Attributes><ChildElements/><ElementName>mimic</ElementName><required>false</required><JointNameAttribute z:Ref="i266"/><MultiplierAttribute z:Ref="i267"/><OffsetAttribute z:Ref="i268"/></URDFElement></ChildElements><ElementName>joint</ElementName><required>false</required><Axis z:Ref="i247"/><AxisName>Axis2</AxisName><Calibration z:Ref="i254"/><Child z:Ref="i245"/><CoordinateSystemName>Coordinate System6</CoordinateSystemName><Dynamics z:Ref="i257"/><Limit z:Ref="i249"/><Mimic z:Ref="i265"/><NameAttribute z:Ref="i238"/><Origin z:Ref="i240"/><Parent z:Ref="i243"/><Safety z:Ref="i260"/><TypeAttribute z:Ref="i239"/></URDFElement></ChildElements><ElementName>link</ElementName><required>true</required><Children/><Collision z:Ref="i230"/><Inertial z:Ref="i204"/><Joint z:Ref="i237"/><NameAttribute z:Ref="i203"/><Parent z:Ref="i1"/><STLQualityFine>false</STLQualityFine><SWComponentPIDs xmlns:a="http://schemas.microsoft.com/2003/10/Serialization/Arrays"><a:base64Binary>aEIAAAUAAAD//v8SbQBvAHQAbwByAGUAZABpAHQALQA0AEAAcgBvAGIAbwBWADIABAAAABAAAAABAAAAAQAAAM4FAAA=</a:base64Binary></SWComponentPIDs><SWMainComponentPID i:nil="true"/><Visual z:Ref="i217"/><isFixedFrame>false</isFixedFrame><isIncomplete>false</isIncomplete></Link><Link z:Id="i269"><Attributes><Attribute z:Id="i270"><AttributeType>name</AttributeType><IsRequired>true</IsRequired><Value i:type="a:string" xmlns:a="http://www.w3.org/2001/XMLSchema">left_wheel_link</Value></Attribute></Attributes><ChildElements><URDFElement z:Id="i271" i:type="Inertial"><Attributes/><ChildElements><URDFElement z:Id="i272" i:type="Origin"><Attributes><Attribute z:Id="i273"><AttributeType>xyz</AttributeType><IsRequired>true</IsRequired><Value i:type="a:ArrayOfdouble" xmlns:a="http://schemas.microsoft.com/2003/10/Serialization/Arrays"><a:double>-0.00024358782977862425</a:double><a:double>0.029500099045563943</a:double><a:double>8.0114970213429615E-11</a:double></Value></Attribute><Attribute z:Id="i274"><AttributeType>rpy</AttributeType><IsRequired>true</IsRequired><Value i:type="a:ArrayOfdouble" xmlns:a="http://schemas.microsoft.com/2003/10/Serialization/Arrays"><a:double>0</a:double><a:double>0</a:double><a:double>0</a:double></Value></Attribute></Attributes><ChildElements/><ElementName>origin</ElementName><required>false</required><RPYAttribute z:Ref="i274"/><XYZAttribute z:Ref="i273"/><isCustomized>false</isCustomized></URDFElement><URDFElement z:Id="i275" i:type="Mass"><Attributes><Attribute z:Id="i276"><AttributeType>value</AttributeType><IsRequired>true</IsRequired><Value i:type="a:double" xmlns:a="http://www.w3.org/2001/XMLSchema">0.981706650902443</Value></Attribute></Attributes><ChildElements/><ElementName>mass</ElementName><required>false</required><ValueAttribute z:Ref="i276"/></URDFElement><URDFElement z:Id="i277" i:type="Inertia"><Attributes><Attribute z:Id="i278"><AttributeType>ixx</AttributeType><IsRequired>true</IsRequired><Value i:type="a:double" xmlns:a="http://www.w3.org/2001/XMLSchema">0.0016529912083484675</Value></Attribute><Attribute z:Id="i279"><AttributeType>ixy</AttributeType><IsRequired>true</IsRequired><Value i:type="a:double" xmlns:a="http://www.w3.org/2001/XMLSchema">-1.01249109871006E-05</Value></Attribute><Attribute z:Id="i280"><AttributeType>ixz</AttributeType><IsRequired>true</IsRequired><Value i:type="a:double" xmlns:a="http://www.w3.org/2001/XMLSchema">-1.4498411509295279E-08</Value></Attribute><Attribute z:Id="i281"><AttributeType>iyy</AttributeType><IsRequired>true</IsRequired><Value i:type="a:double" xmlns:a="http://www.w3.org/2001/XMLSchema">0.0028786195090139259</Value></Attribute><Attribute z:Id="i282"><AttributeType>iyz</AttributeType><IsRequired>true</IsRequired><Value i:type="a:double" xmlns:a="http://www.w3.org/2001/XMLSchema">7.25004217163637E-11</Value></Attribute><Attribute z:Id="i283"><AttributeType>izz</AttributeType><IsRequired>true</IsRequired><Value i:type="a:double" xmlns:a="http://www.w3.org/2001/XMLSchema">0.001652919882344762</Value></Attribute></Attributes><ChildElements/><ElementName>inertia</ElementName><required>false</required><IxxAttribute z:Ref="i278"/><IxyAttribute z:Ref="i279"/><IxzAttribute z:Ref="i280"/><IyyAttribute z:Ref="i281"/><IyzAttribute z:Ref="i282"/><IzzAttribute z:Ref="i283"/></URDFElement></ChildElements><ElementName>inertial</ElementName><required>false</required><Inertia z:Ref="i277"/><Mass z:Ref="i275"/><Origin z:Ref="i272"/></URDFElement><URDFElement z:Id="i284" i:type="Visual"><Attributes/><ChildElements><URDFElement z:Id="i285" i:type="Origin"><Attributes><Attribute z:Id="i286"><AttributeType>xyz</AttributeType><IsRequired>true</IsRequired><Value i:type="a:ArrayOfdouble" xmlns:a="http://schemas.microsoft.com/2003/10/Serialization/Arrays"><a:double>0</a:double><a:double>0</a:double><a:double>0</a:double></Value></Attribute><Attribute z:Id="i287"><AttributeType>rpy</AttributeType><IsRequired>true</IsRequired><Value i:type="a:ArrayOfdouble" xmlns:a="http://schemas.microsoft.com/2003/10/Serialization/Arrays"><a:double>0</a:double><a:double>0</a:double><a:double>0</a:double></Value></Attribute></Attributes><ChildElements/><ElementName>origin</ElementName><required>false</required><RPYAttribute z:Ref="i287"/><XYZAttribute z:Ref="i286"/><isCustomized>false</isCustomized></URDFElement><URDFElement z:Id="i288" i:type="Geometry"><Attributes/><ChildElements><URDFElement z:Id="i289" i:type="Mesh"><Attributes><Attribute z:Id="i290"><AttributeType>filename</AttributeType><IsRequired>true</IsRequired><Value i:nil="true"/></Attribute></Attributes><ChildElements/><ElementName>mesh</ElementName><required>false</required><FilenameAttribute z:Ref="i290"/></URDFElement></ChildElements><ElementName>geometry</ElementName><required>true</required><Mesh z:Ref="i289"/></URDFElement><URDFElement z:Id="i291" i:type="Material"><Attributes><Attribute z:Id="i292"><AttributeType>name</AttributeType><IsRequired>true</IsRequired><Value i:type="a:string" xmlns:a="http://www.w3.org/2001/XMLSchema"/></Attribute></Attributes><ChildElements><URDFElement z:Id="i293" i:type="Color"><Attributes><Attribute z:Id="i294"><AttributeType>rgba</AttributeType><IsRequired>true</IsRequired><Value i:type="a:ArrayOfdouble" xmlns:a="http://schemas.microsoft.com/2003/10/Serialization/Arrays"><a:double>0.2</a:double><a:double>0.2</a:double><a:double>0.2</a:double><a:double>1</a:double></Value></Attribute></Attributes><ChildElements/><ElementName>color</ElementName><required>false</required><RGBAAttribute z:Ref="i294"/></URDFElement><URDFElement z:Id="i295" i:type="Texture"><Attributes><Attribute z:Id="i296"><AttributeType>filename</AttributeType><IsRequired>true</IsRequired><Value i:nil="true"/></Attribute></Attributes><ChildElements/><ElementName>texture</ElementName><required>false</required><FilenameAttribute z:Ref="i296"/><wFilename/></URDFElement></ChildElements><ElementName>material</ElementName><required>false</required><Color z:Ref="i293"/><NameAttribute z:Ref="i292"/><Texture z:Ref="i295"/></URDFElement></ChildElements><ElementName>visual</ElementName><required>false</required><Geometry z:Ref="i288"/><Material z:Ref="i291"/><Origin z:Ref="i285"/></URDFElement><URDFElement z:Id="i297" i:type="Collision"><Attributes/><ChildElements><URDFElement z:Id="i298" i:type="Origin"><Attributes><Attribute z:Id="i299"><AttributeType>xyz</AttributeType><IsRequired>true</IsRequired><Value i:type="a:ArrayOfdouble" xmlns:a="http://schemas.microsoft.com/2003/10/Serialization/Arrays"><a:double>0</a:double><a:double>0</a:double><a:double>0</a:double></Value></Attribute><Attribute z:Id="i300"><AttributeType>rpy</AttributeType><IsRequired>true</IsRequired><Value i:type="a:ArrayOfdouble" xmlns:a="http://schemas.microsoft.com/2003/10/Serialization/Arrays"><a:double>0</a:double><a:double>0</a:double><a:double>0</a:double></Value></Attribute></Attributes><ChildElements/><ElementName>origin</ElementName><required>false</required><RPYAttribute z:Ref="i300"/><XYZAttribute z:Ref="i299"/><isCustomized>false</isCustomized></URDFElement><URDFElement z:Id="i301" i:type="Geometry"><Attributes/><ChildElements><URDFElement z:Id="i302" i:type="Mesh"><Attributes><Attribute z:Id="i303"><AttributeType>filename</AttributeType><IsRequired>true</IsRequired><Value i:nil="true"/></Attribute></Attributes><ChildElements/><ElementName>mesh</ElementName><required>false</required><FilenameAttribute z:Ref="i303"/></URDFElement></ChildElements><ElementName>geometry</ElementName><required>true</required><Mesh z:Ref="i302"/></URDFElement></ChildElements><ElementName>collision</ElementName><required>false</required><Geometry z:Ref="i301"/><Origin z:Ref="i298"/></URDFElement><URDFElement z:Id="i304" i:type="Joint"><Attributes><Attribute z:Id="i305"><AttributeType>name</AttributeType><IsRequired>true</IsRequired><Value i:type="a:string" xmlns:a="http://www.w3.org/2001/XMLSchema">left_wheel</Value></Attribute><Attribute z:Id="i306"><AttributeType>type</AttributeType><IsRequired>true</IsRequired><Value i:type="a:string" xmlns:a="http://www.w3.org/2001/XMLSchema">continuous</Value></Attribute></Attributes><ChildElements><URDFElement z:Id="i307" i:type="Origin"><Attributes><Attribute z:Id="i308"><AttributeType>xyz</AttributeType><IsRequired>true</IsRequired><Value i:type="a:ArrayOfdouble" xmlns:a="http://schemas.microsoft.com/2003/10/Serialization/Arrays"><a:double>-0.001314349174873275</a:double><a:double>0.17496781120736421</a:double><a:double>0.015000000004217529</a:double></Value></Attribute><Attribute z:Id="i309"><AttributeType>rpy</AttributeType><IsRequired>true</IsRequired><Value i:type="a:ArrayOfdouble" xmlns:a="http://schemas.microsoft.com/2003/10/Serialization/Arrays"><a:double>0</a:double><a:double>0</a:double><a:double>0</a:double></Value></Attribute></Attributes><ChildElements/><ElementName>origin</ElementName><required>false</required><RPYAttribute z:Ref="i309"/><XYZAttribute z:Ref="i308"/><isCustomized>false</isCustomized></URDFElement><URDFElement z:Id="i310" i:type="ParentLink"><Attributes><Attribute z:Id="i311"><AttributeType>link</AttributeType><IsRequired>true</IsRequired><Value i:type="a:string" xmlns:a="http://www.w3.org/2001/XMLSchema">base_link</Value></Attribute></Attributes><ChildElements/><ElementName>parent</ElementName><required>true</required><NameAttribute z:Ref="i311"/></URDFElement><URDFElement z:Id="i312" i:type="ChildLink"><Attributes><Attribute z:Id="i313"><AttributeType>link</AttributeType><IsRequired>true</IsRequired><Value i:type="a:string" xmlns:a="http://www.w3.org/2001/XMLSchema">left_wheel_link</Value></Attribute></Attributes><ChildElements/><ElementName>child</ElementName><required>true</required><NameAttribute z:Ref="i313"/></URDFElement><URDFElement z:Id="i314" i:type="Axis"><Attributes><Attribute z:Id="i315"><AttributeType>xyz</AttributeType><IsRequired>true</IsRequired><Value i:type="a:ArrayOfdouble" xmlns:a="http://schemas.microsoft.com/2003/10/Serialization/Arrays"><a:double>0.0082569110732628129</a:double><a:double>-0.99996591112873856</a:double><a:double>0</a:double></Value></Attribute></Attributes><ChildElements/><ElementName>axis</ElementName><required>false</required><XYZAttribute z:Ref="i315"/></URDFElement><URDFElement z:Id="i316" i:type="Limit"><Attributes><Attribute z:Id="i317"><AttributeType>lower</AttributeType><IsRequired>false</IsRequired><Value i:nil="true"/></Attribute><Attribute z:Id="i318"><AttributeType>upper</AttributeType><IsRequired>false</IsRequired><Value i:nil="true"/></Attribute><Attribute z:Id="i319"><AttributeType>effort</AttributeType><IsRequired>true</IsRequired><Value i:nil="true"/></Attribute><Attribute z:Id="i320"><AttributeType>velocity</AttributeType><IsRequired>true</IsRequired><Value i:nil="true"/></Attribute></Attributes><ChildElements/><ElementName>limit</ElementName><required>false</required><EffortAttribute z:Ref="i319"/><LowerAttribute z:Ref="i317"/><UpperAttribute z:Ref="i318"/><VelocityAttribute z:Ref="i320"/></URDFElement><URDFElement z:Id="i321" i:type="Calibration"><Attributes><Attribute z:Id="i322"><AttributeType>rising</AttributeType><IsRequired>false</IsRequired><Value i:nil="true"/></Attribute><Attribute z:Id="i323"><AttributeType>falling</AttributeType><IsRequired>false</IsRequired><Value i:nil="true"/></Attribute></Attributes><ChildElements/><ElementName>calibration</ElementName><required>false</required><FallingAttribute z:Ref="i323"/><RisingAttribute z:Ref="i322"/></URDFElement><URDFElement z:Id="i324" i:type="Dynamics"><Attributes><Attribute z:Id="i325"><AttributeType>damping</AttributeType><IsRequired>false</IsRequired><Value i:nil="true"/></Attribute><Attribute z:Id="i326"><AttributeType>friction</AttributeType><IsRequired>false</IsRequired><Value i:nil="true"/></Attribute></Attributes><ChildElements/><ElementName>dynamics</ElementName><required>false</required><DampingAttribute z:Ref="i325"/><FrictionAttribute z:Ref="i326"/></URDFElement><URDFElement z:Id="i327" i:type="SafetyController"><Attributes><Attribute z:Id="i328"><AttributeType>soft_upper_limit</AttributeType><IsRequired>false</IsRequired><Value i:nil="true"/></Attribute><Attribute z:Id="i329"><AttributeType>soft_lower_limit</AttributeType><IsRequired>false</IsRequired><Value i:nil="true"/></Attribute><Attribute z:Id="i330"><AttributeType>k_position</AttributeType><IsRequired>false</IsRequired><Value i:nil="true"/></Attribute><Attribute z:Id="i331"><AttributeType>k_velocity</AttributeType><IsRequired>true</IsRequired><Value i:nil="true"/></Attribute></Attributes><ChildElements/><ElementName>safety_controller</ElementName><required>false</required><KPositionAttribute z:Ref="i330"/><KVelocityAttribute z:Ref="i331"/><SoftLowerAttribute z:Ref="i329"/><SoftUpperAttribute z:Ref="i328"/></URDFElement><URDFElement z:Id="i332" i:type="Mimic"><Attributes><Attribute z:Id="i333"><AttributeType>joint</AttributeType><IsRequired>true</IsRequired><Value i:nil="true"/></Attribute><Attribute z:Id="i334"><AttributeType>multiplier</AttributeType><IsRequired>false</IsRequired><Value i:nil="true"/></Attribute><Attribute z:Id="i335"><AttributeType>offset</AttributeType><IsRequired>false</IsRequired><Value i:nil="true"/></Attribute></Attributes><ChildElements/><ElementName>mimic</ElementName><required>false</required><JointNameAttribute z:Ref="i333"/><MultiplierAttribute z:Ref="i334"/><OffsetAttribute z:Ref="i335"/></URDFElement></ChildElements><ElementName>joint</ElementName><required>false</required><Axis z:Ref="i314"/><AxisName>Axis3</AxisName><Calibration z:Ref="i321"/><Child z:Ref="i312"/><CoordinateSystemName>Coordinate System7</CoordinateSystemName><Dynamics z:Ref="i324"/><Limit z:Ref="i316"/><Mimic z:Ref="i332"/><NameAttribute z:Ref="i305"/><Origin z:Ref="i307"/><Parent z:Ref="i310"/><Safety z:Ref="i327"/><TypeAttribute z:Ref="i306"/></URDFElement></ChildElements><ElementName>link</ElementName><required>true</required><Children/><Collision z:Ref="i297"/><Inertial z:Ref="i271"/><Joint z:Ref="i304"/><NameAttribute z:Ref="i270"/><Parent z:Ref="i1"/><STLQualityFine>false</STLQualityFine><SWComponentPIDs xmlns:a="http://schemas.microsoft.com/2003/10/Serialization/Arrays"><a:base64Binary>aEIAAAUAAAD//v8SbQBvAHQAbwByAGUAZABpAHQALQAzAEAAcgBvAGIAbwBWADIABAAAABAAAAABAAAAAQAAAMoCAAA=</a:base64Binary></SWComponentPIDs><SWMainComponentPID i:nil="true"/><Visual z:Ref="i284"/><isFixedFrame>false</isFixedFrame><isIncomplete>false</isIncomplete></Link><Link z:Id="i336"><Attributes><Attribute z:Id="i337"><AttributeType>name</AttributeType><IsRequired>true</IsRequired><Value i:type="a:string" xmlns:a="http://www.w3.org/2001/XMLSchema">camera_link</Value></Attribute></Attributes><ChildElements><URDFElement z:Id="i338" i:type="Inertial"><Attributes/><ChildElements><URDFElement z:Id="i339" i:type="Origin"><Attributes><Attribute z:Id="i340"><AttributeType>xyz</AttributeType><IsRequired>true</IsRequired><Value i:type="a:ArrayOfdouble" xmlns:a="http://schemas.microsoft.com/2003/10/Serialization/Arrays"><a:double>-0.028697404385694236</a:double><a:double>-0.0031532314154304464</a:double><a:double>-0.00696427170361813</a:double></Value></Attribute><Attribute z:Id="i341"><AttributeType>rpy</AttributeType><IsRequired>true</IsRequired><Value i:type="a:ArrayOfdouble" xmlns:a="http://schemas.microsoft.com/2003/10/Serialization/Arrays"><a:double>0</a:double><a:double>0</a:double><a:double>0</a:double></Value></Attribute></Attributes><ChildElements/><ElementName>origin</ElementName><required>false</required><RPYAttribute z:Ref="i341"/><XYZAttribute z:Ref="i340"/><isCustomized>false</isCustomized></URDFElement><URDFElement z:Id="i342" i:type="Mass"><Attributes><Attribute z:Id="i343"><AttributeType>value</AttributeType><IsRequired>true</IsRequired><Value i:type="a:double" xmlns:a="http://www.w3.org/2001/XMLSchema">0.64645488472217072</Value></Attribute></Attributes><ChildElements/><ElementName>mass</ElementName><required>false</required><ValueAttribute z:Ref="i343"/></URDFElement><URDFElement z:Id="i344" i:type="Inertia"><Attributes><Attribute z:Id="i345"><AttributeType>ixx</AttributeType><IsRequired>true</IsRequired><Value i:type="a:double" xmlns:a="http://www.w3.org/2001/XMLSchema">0.0028423827313704014</Value></Attribute><Attribute z:Id="i346"><AttributeType>ixy</AttributeType><IsRequired>true</IsRequired><Value i:type="a:double" xmlns:a="http://www.w3.org/2001/XMLSchema">1.8727304572263632E-05</Value></Attribute><Attribute z:Id="i347"><AttributeType>ixz</AttributeType><IsRequired>true</IsRequired><Value i:type="a:double" xmlns:a="http://www.w3.org/2001/XMLSchema">1.4807509093608278E-07</Value></Attribute><Attribute z:Id="i348"><AttributeType>iyy</AttributeType><IsRequired>true</IsRequired><Value i:type="a:double" xmlns:a="http://www.w3.org/2001/XMLSchema">0.00026375863424418566</Value></Attribute><Attribute z:Id="i349"><AttributeType>iyz</AttributeType><IsRequired>true</IsRequired><Value i:type="a:double" xmlns:a="http://www.w3.org/2001/XMLSchema">-3.3373612821434487E-08</Value></Attribute><Attribute z:Id="i350"><AttributeType>izz</AttributeType><IsRequired>true</IsRequired><Value i:type="a:double" xmlns:a="http://www.w3.org/2001/XMLSchema">0.0029627405896730762</Value></Attribute></Attributes><ChildElements/><ElementName>inertia</ElementName><required>false</required><IxxAttribute z:Ref="i345"/><IxyAttribute z:Ref="i346"/><IxzAttribute z:Ref="i347"/><IyyAttribute z:Ref="i348"/><IyzAttribute z:Ref="i349"/><IzzAttribute z:Ref="i350"/></URDFElement></ChildElements><ElementName>inertial</ElementName><required>false</required><Inertia z:Ref="i344"/><Mass z:Ref="i342"/><Origin z:Ref="i339"/></URDFElement><URDFElement z:Id="i351" i:type="Visual"><Attributes/><ChildElements><URDFElement z:Id="i352" i:type="Origin"><Attributes><Attribute z:Id="i353"><AttributeType>xyz</AttributeType><IsRequired>true</IsRequired><Value i:type="a:ArrayOfdouble" xmlns:a="http://schemas.microsoft.com/2003/10/Serialization/Arrays"><a:double>0</a:double><a:double>0</a:double><a:double>0</a:double></Value></Attribute><Attribute z:Id="i354"><AttributeType>rpy</AttributeType><IsRequired>true</IsRequired><Value i:type="a:ArrayOfdouble" xmlns:a="http://schemas.microsoft.com/2003/10/Serialization/Arrays"><a:double>0</a:double><a:double>0</a:double><a:double>0</a:double></Value></Attribute></Attributes><ChildElements/><ElementName>origin</ElementName><required>false</required><RPYAttribute z:Ref="i354"/><XYZAttribute z:Ref="i353"/><isCustomized>false</isCustomized></URDFElement><URDFElement z:Id="i355" i:type="Geometry"><Attributes/><ChildElements><URDFElement z:Id="i356" i:type="Mesh"><Attributes><Attribute z:Id="i357"><AttributeType>filename</AttributeType><IsRequired>true</IsRequired><Value i:nil="true"/></Attribute></Attributes><ChildElements/><ElementName>mesh</ElementName><required>false</required><FilenameAttribute z:Ref="i357"/></URDFElement></ChildElements><ElementName>geometry</ElementName><required>true</required><Mesh z:Ref="i356"/></URDFElement><URDFElement z:Id="i358" i:type="Material"><Attributes><Attribute z:Id="i359"><AttributeType>name</AttributeType><IsRequired>true</IsRequired><Value i:type="a:string" xmlns:a="http://www.w3.org/2001/XMLSchema"/></Attribute></Attributes><ChildElements><URDFElement z:Id="i360" i:type="Color"><Attributes><Attribute z:Id="i361"><AttributeType>rgba</AttributeType><IsRequired>true</IsRequired><Value i:type="a:ArrayOfdouble" xmlns:a="http://schemas.microsoft.com/2003/10/Serialization/Arrays"><a:double>0.75294117647058822</a:double><a:double>0.75294117647058822</a:double><a:double>0.75294117647058822</a:double><a:double>1</a:double></Value></Attribute></Attributes><ChildElements/><ElementName>color</ElementName><required>false</required><RGBAAttribute z:Ref="i361"/></URDFElement><URDFElement z:Id="i362" i:type="Texture"><Attributes><Attribute z:Id="i363"><AttributeType>filename</AttributeType><IsRequired>true</IsRequired><Value i:nil="true"/></Attribute></Attributes><ChildElements/><ElementName>texture</ElementName><required>false</required><FilenameAttribute z:Ref="i363"/><wFilename/></URDFElement></ChildElements><ElementName>material</ElementName><required>false</required><Color z:Ref="i360"/><NameAttribute z:Ref="i359"/><Texture z:Ref="i362"/></URDFElement></ChildElements><ElementName>visual</ElementName><required>false</required><Geometry z:Ref="i355"/><Material z:Ref="i358"/><Origin z:Ref="i352"/></URDFElement><URDFElement z:Id="i364" i:type="Collision"><Attributes/><ChildElements><URDFElement z:Id="i365" i:type="Origin"><Attributes><Attribute z:Id="i366"><AttributeType>xyz</AttributeType><IsRequired>true</IsRequired><Value i:type="a:ArrayOfdouble" xmlns:a="http://schemas.microsoft.com/2003/10/Serialization/Arrays"><a:double>0</a:double><a:double>0</a:double><a:double>0</a:double></Value></Attribute><Attribute z:Id="i367"><AttributeType>rpy</AttributeType><IsRequired>true</IsRequired><Value i:type="a:ArrayOfdouble" xmlns:a="http://schemas.microsoft.com/2003/10/Serialization/Arrays"><a:double>0</a:double><a:double>0</a:double><a:double>0</a:double></Value></Attribute></Attributes><ChildElements/><ElementName>origin</ElementName><required>false</required><RPYAttribute z:Ref="i367"/><XYZAttribute z:Ref="i366"/><isCustomized>false</isCustomized></URDFElement><URDFElement z:Id="i368" i:type="Geometry"><Attributes/><ChildElements><URDFElement z:Id="i369" i:type="Mesh"><Attributes><Attribute z:Id="i370"><AttributeType>filename</AttributeType><IsRequired>true</IsRequired><Value i:nil="true"/></Attribute></Attributes><ChildElements/><ElementName>mesh</ElementName><required>false</required><FilenameAttribute z:Ref="i370"/></URDFElement></ChildElements><ElementName>geometry</ElementName><required>true</required><Mesh z:Ref="i369"/></URDFElement></ChildElements><ElementName>collision</ElementName><required>false</required><Geometry z:Ref="i368"/><Origin z:Ref="i365"/></URDFElement><URDFElement z:Id="i371" i:type="Joint"><Attributes><Attribute z:Id="i372"><AttributeType>name</AttributeType><IsRequired>true</IsRequired><Value i:type="a:string" xmlns:a="http://www.w3.org/2001/XMLSchema">cam</Value></Attribute><Attribute z:Id="i373"><AttributeType>type</AttributeType><IsRequired>true</IsRequired><Value i:type="a:string" xmlns:a="http://www.w3.org/2001/XMLSchema">fixed</Value></Attribute></Attributes><ChildElements><URDFElement z:Id="i374" i:type="Origin"><Attributes><Attribute z:Id="i375"><AttributeType>xyz</AttributeType><IsRequired>true</IsRequired><Value i:type="a:ArrayOfdouble" xmlns:a="http://schemas.microsoft.com/2003/10/Serialization/Arrays"><a:double>0.26495227055491077</a:double><a:double>0.0053582123173611662</a:double><a:double>0.28442516461510226</a:double></Value></Attribute><Attribute z:Id="i376"><AttributeType>rpy</AttributeType><IsRequired>true</IsRequired><Value i:type="a:ArrayOfdouble" xmlns:a="http://schemas.microsoft.com/2003/10/Serialization/Arrays"><a:double>0</a:double><a:double>0</a:double><a:double>0</a:double></Value></Attribute></Attributes><ChildElements/><ElementName>origin</ElementName><required>false</required><RPYAttribute z:Ref="i376"/><XYZAttribute z:Ref="i375"/><isCustomized>false</isCustomized></URDFElement><URDFElement z:Id="i377" i:type="ParentLink"><Attributes><Attribute z:Id="i378"><AttributeType>link</AttributeType><IsRequired>true</IsRequired><Value i:type="a:string" xmlns:a="http://www.w3.org/2001/XMLSchema">base_link</Value></Attribute></Attributes><ChildElements/><ElementName>parent</ElementName><required>true</required><NameAttribute z:Ref="i378"/></URDFElement><URDFElement z:Id="i379" i:type="ChildLink"><Attributes><Attribute z:Id="i380"><AttributeType>link</AttributeType><IsRequired>true</IsRequired><Value i:type="a:string" xmlns:a="http://www.w3.org/2001/XMLSchema">camera_link</Value></Attribute></Attributes><ChildElements/><ElementName>child</ElementName><required>true</required><NameAttribute z:Ref="i380"/></URDFElement><URDFElement z:Id="i381" i:type="Axis"><Attributes><Attribute z:Id="i382"><AttributeType>xyz</AttributeType><IsRequired>true</IsRequired><Value i:type="a:ArrayOfdouble" xmlns:a="http://schemas.microsoft.com/2003/10/Serialization/Arrays"><a:double>0</a:double><a:double>0</a:double><a:double>0</a:double></Value></Attribute></Attributes><ChildElements/><ElementName>axis</ElementName><required>false</required><XYZAttribute z:Ref="i382"/></URDFElement><URDFElement z:Id="i383" i:type="Limit"><Attributes><Attribute z:Id="i384"><AttributeType>lower</AttributeType><IsRequired>false</IsRequired><Value i:nil="true"/></Attribute><Attribute z:Id="i385"><AttributeType>upper</AttributeType><IsRequired>false</IsRequired><Value i:nil="true"/></Attribute><Attribute z:Id="i386"><AttributeType>effort</AttributeType><IsRequired>true</IsRequired><Value i:nil="true"/></Attribute><Attribute z:Id="i387"><AttributeType>velocity</AttributeType><IsRequired>true</IsRequired><Value i:nil="true"/></Attribute></Attributes><ChildElements/><ElementName>limit</ElementName><required>false</required><EffortAttribute z:Ref="i386"/><LowerAttribute z:Ref="i384"/><UpperAttribute z:Ref="i385"/><VelocityAttribute z:Ref="i387"/></URDFElement><URDFElement z:Id="i388" i:type="Calibration"><Attributes><Attribute z:Id="i389"><AttributeType>rising</AttributeType><IsRequired>false</IsRequired><Value i:nil="true"/></Attribute><Attribute z:Id="i390"><AttributeType>falling</AttributeType><IsRequired>false</IsRequired><Value i:nil="true"/></Attribute></Attributes><ChildElements/><ElementName>calibration</ElementName><required>false</required><FallingAttribute z:Ref="i390"/><RisingAttribute z:Ref="i389"/></URDFElement><URDFElement z:Id="i391" i:type="Dynamics"><Attributes><Attribute z:Id="i392"><AttributeType>damping</AttributeType><IsRequired>false</IsRequired><Value i:nil="true"/></Attribute><Attribute z:Id="i393"><AttributeType>friction</AttributeType><IsRequired>false</IsRequired><Value i:nil="true"/></Attribute></Attributes><ChildElements/><ElementName>dynamics</ElementName><required>false</required><DampingAttribute z:Ref="i392"/><FrictionAttribute z:Ref="i393"/></URDFElement><URDFElement z:Id="i394" i:type="SafetyController"><Attributes><Attribute z:Id="i395"><AttributeType>soft_upper_limit</AttributeType><IsRequired>false</IsRequired><Value i:nil="true"/></Attribute><Attribute z:Id="i396"><AttributeType>soft_lower_limit</AttributeType><IsRequired>false</IsRequired><Value i:nil="true"/></Attribute><Attribute z:Id="i397"><AttributeType>k_position</AttributeType><IsRequired>false</IsRequired><Value i:nil="true"/></Attribute><Attribute z:Id="i398"><AttributeType>k_velocity</AttributeType><IsRequired>true</IsRequired><Value i:nil="true"/></Attribute></Attributes><ChildElements/><ElementName>safety_controller</ElementName><required>false</required><KPositionAttribute z:Ref="i397"/><KVelocityAttribute z:Ref="i398"/><SoftLowerAttribute z:Ref="i396"/><SoftUpperAttribute z:Ref="i395"/></URDFElement><URDFElement z:Id="i399" i:type="Mimic"><Attributes><Attribute z:Id="i400"><AttributeType>joint</AttributeType><IsRequired>true</IsRequired><Value i:nil="true"/></Attribute><Attribute z:Id="i401"><AttributeType>multiplier</AttributeType><IsRequired>false</IsRequired><Value i:nil="true"/></Attribute><Attribute z:Id="i402"><AttributeType>offset</AttributeType><IsRequired>false</IsRequired><Value i:nil="true"/></Attribute></Attributes><ChildElements/><ElementName>mimic</ElementName><required>false</required><JointNameAttribute z:Ref="i400"/><MultiplierAttribute z:Ref="i401"/><OffsetAttribute z:Ref="i402"/></URDFElement></ChildElements><ElementName>joint</ElementName><required>false</required><Axis z:Ref="i381"/><AxisName>Axis_cam</AxisName><Calibration z:Ref="i388"/><Child z:Ref="i379"/><CoordinateSystemName>Coordinate System8</CoordinateSystemName><Dynamics z:Ref="i391"/><Limit z:Ref="i383"/><Mimic z:Ref="i399"/><NameAttribute z:Ref="i372"/><Origin z:Ref="i374"/><Parent z:Ref="i377"/><Safety z:Ref="i394"/><TypeAttribute z:Ref="i373"/></URDFElement></ChildElements><ElementName>link</ElementName><required>true</required><Children/><Collision z:Ref="i364"/><Inertial z:Ref="i338"/><Joint z:Ref="i371"/><NameAttribute z:Ref="i337"/><Parent z:Ref="i1"/><STLQualityFine>false</STLQualityFine><SWComponentPIDs xmlns:a="http://schemas.microsoft.com/2003/10/Serialization/Arrays"><a:base64Binary>aEIAAAUAAAD//v8VZgBpAG4AYQBsACAAawBpAG4AZQBjAHQALQAxAEAAcgBvAGIAbwBWADIABAAAABAAAAABAAAAAQAAAN4HAAA=</a:base64Binary></SWComponentPIDs><SWMainComponentPID i:nil="true"/><Visual z:Ref="i351"/><isFixedFrame>false</isFixedFrame><isIncomplete>false</isIncomplete></Link><Link z:Id="i403"><Attributes><Attribute z:Id="i404"><AttributeType>name</AttributeType><IsRequired>true</IsRequired><Value i:type="a:string" xmlns:a="http://www.w3.org/2001/XMLSchema">caster_frle_Link</Value></Attribute></Attributes><ChildElements><URDFElement z:Id="i405" i:type="Inertial"><Attributes/><ChildElements><URDFElement z:Id="i406" i:type="Origin"><Attributes><Attribute z:Id="i407"><AttributeType>xyz</AttributeType><IsRequired>true</IsRequired><Value i:type="a:ArrayOfdouble" xmlns:a="http://schemas.microsoft.com/2003/10/Serialization/Arrays"><a:double>1.6513822147401491E-05</a:double><a:double>-0.0019999318222541085</a:double><a:double>1.27675647831893E-15</a:double></Value></Attribute><Attribute z:Id="i408"><AttributeType>rpy</AttributeType><IsRequired>true</IsRequired><Value i:type="a:ArrayOfdouble" xmlns:a="http://schemas.microsoft.com/2003/10/Serialization/Arrays"><a:double>0</a:double><a:double>0</a:double><a:double>0</a:double></Value></Attribute></Attributes><ChildElements/><ElementName>origin</ElementName><required>false</required><RPYAttribute z:Ref="i408"/><XYZAttribute z:Ref="i407"/><isCustomized>false</isCustomized></URDFElement><URDFElement z:Id="i409" i:type="Mass"><Attributes><Attribute z:Id="i410"><AttributeType>value</AttributeType><IsRequired>true</IsRequired><Value i:type="a:double" xmlns:a="http://www.w3.org/2001/XMLSchema">0.014877012011074475</Value></Attribute></Attributes><ChildElements/><ElementName>mass</ElementName><required>false</required><ValueAttribute z:Ref="i410"/></URDFElement><URDFElement z:Id="i411" i:type="Inertia"><Attributes><Attribute z:Id="i412"><AttributeType>ixx</AttributeType><IsRequired>true</IsRequired><Value i:type="a:double" xmlns:a="http://www.w3.org/2001/XMLSchema">1.5308537792914318E-06</Value></Attribute><Attribute z:Id="i413"><AttributeType>ixy</AttributeType><IsRequired>true</IsRequired><Value i:type="a:double" xmlns:a="http://www.w3.org/2001/XMLSchema">-8.6265278990257E-09</Value></Attribute><Attribute z:Id="i414"><AttributeType>ixz</AttributeType><IsRequired>true</IsRequired><Value i:type="a:double" xmlns:a="http://www.w3.org/2001/XMLSchema">4.0603049123285155E-22</Value></Attribute><Attribute z:Id="i415"><AttributeType>iyy</AttributeType><IsRequired>true</IsRequired><Value i:type="a:double" xmlns:a="http://www.w3.org/2001/XMLSchema">2.5755114735153528E-06</Value></Attribute><Attribute z:Id="i416"><AttributeType>iyz</AttributeType><IsRequired>true</IsRequired><Value i:type="a:double" xmlns:a="http://www.w3.org/2001/XMLSchema">-3.5675278598144863E-21</Value></Attribute><Attribute z:Id="i417"><AttributeType>izz</AttributeType><IsRequired>true</IsRequired><Value i:type="a:double" xmlns:a="http://www.w3.org/2001/XMLSchema">1.5307825483895168E-06</Value></Attribute></Attributes><ChildElements/><ElementName>inertia</ElementName><required>false</required><IxxAttribute z:Ref="i412"/><IxyAttribute z:Ref="i413"/><IxzAttribute z:Ref="i414"/><IyyAttribute z:Ref="i415"/><IyzAttribute z:Ref="i416"/><IzzAttribute z:Ref="i417"/></URDFElement></ChildElements><ElementName>inertial</ElementName><required>false</required><Inertia z:Ref="i411"/><Mass z:Ref="i409"/><Origin z:Ref="i406"/></URDFElement><URDFElement z:Id="i418" i:type="Visual"><Attributes/><ChildElements><URDFElement z:Id="i419" i:type="Origin"><Attributes><Attribute z:Id="i420"><AttributeType>xyz</AttributeType><IsRequired>true</IsRequired><Value i:type="a:ArrayOfdouble" xmlns:a="http://schemas.microsoft.com/2003/10/Serialization/Arrays"><a:double>0</a:double><a:double>0</a:double><a:double>0</a:double></Value></Attribute><Attribute z:Id="i421"><AttributeType>rpy</AttributeType><IsRequired>true</IsRequired><Value i:type="a:ArrayOfdouble" xmlns:a="http://schemas.microsoft.com/2003/10/Serialization/Arrays"><a:double>0</a:double><a:double>0</a:double><a:double>0</a:double></Value></Attribute></Attributes><ChildElements/><ElementName>origin</ElementName><required>false</required><RPYAttribute z:Ref="i421"/><XYZAttribute z:Ref="i420"/><isCustomized>false</isCustomized></URDFElement><URDFElement z:Id="i422" i:type="Geometry"><Attributes/><ChildElements><URDFElement z:Id="i423" i:type="Mesh"><Attributes><Attribute z:Id="i424"><AttributeType>filename</AttributeType><IsRequired>true</IsRequired><Value i:nil="true"/></Attribute></Attributes><ChildElements/><ElementName>mesh</ElementName><required>false</required><FilenameAttribute z:Ref="i424"/></URDFElement></ChildElements><ElementName>geometry</ElementName><required>true</required><Mesh z:Ref="i423"/></URDFElement><URDFElement z:Id="i425" i:type="Material"><Attributes><Attribute z:Id="i426"><AttributeType>name</AttributeType><IsRequired>true</IsRequired><Value i:type="a:string" xmlns:a="http://www.w3.org/2001/XMLSchema"/></Attribute></Attributes><ChildElements><URDFElement z:Id="i427" i:type="Color"><Attributes><Attribute z:Id="i428"><AttributeType>rgba</AttributeType><IsRequired>true</IsRequired><Value i:type="a:ArrayOfdouble" xmlns:a="http://schemas.microsoft.com/2003/10/Serialization/Arrays"><a:double>0.792156862745098</a:double><a:double>0.81960784313725488</a:double><a:double>0.93333333333333335</a:double><a:double>1</a:double></Value></Attribute></Attributes><ChildElements/><ElementName>color</ElementName><required>false</required><RGBAAttribute z:Ref="i428"/></URDFElement><URDFElement z:Id="i429" i:type="Texture"><Attributes><Attribute z:Id="i430"><AttributeType>filename</AttributeType><IsRequired>true</IsRequired><Value i:nil="true"/></Attribute></Attributes><ChildElements/><ElementName>texture</ElementName><required>false</required><FilenameAttribute z:Ref="i430"/><wFilename/></URDFElement></ChildElements><ElementName>material</ElementName><required>false</required><Color z:Ref="i427"/><NameAttribute z:Ref="i426"/><Texture z:Ref="i429"/></URDFElement></ChildElements><ElementName>visual</ElementName><required>false</required><Geometry z:Ref="i422"/><Material z:Ref="i425"/><Origin z:Ref="i419"/></URDFElement><URDFElement z:Id="i431" i:type="Collision"><Attributes/><ChildElements><URDFElement z:Id="i432" i:type="Origin"><Attributes><Attribute z:Id="i433"><AttributeType>xyz</AttributeType><IsRequired>true</IsRequired><Value i:type="a:ArrayOfdouble" xmlns:a="http://schemas.microsoft.com/2003/10/Serialization/Arrays"><a:double>0</a:double><a:double>0</a:double><a:double>0</a:double></Value></Attribute><Attribute z:Id="i434"><AttributeType>rpy</AttributeType><IsRequired>true</IsRequired><Value i:type="a:ArrayOfdouble" xmlns:a="http://schemas.microsoft.com/2003/10/Serialization/Arrays"><a:double>0</a:double><a:double>0</a:double><a:double>0</a:double></Value></Attribute></Attributes><ChildElements/><ElementName>origin</ElementName><required>false</required><RPYAttribute z:Ref="i434"/><XYZAttribute z:Ref="i433"/><isCustomized>false</isCustomized></URDFElement><URDFElement z:Id="i435" i:type="Geometry"><Attributes/><ChildElements><URDFElement z:Id="i436" i:type="Mesh"><Attributes><Attribute z:Id="i437"><AttributeType>filename</AttributeType><IsRequired>true</IsRequired><Value i:nil="true"/></Attribute></Attributes><ChildElements/><ElementName>mesh</ElementName><required>false</required><FilenameAttribute z:Ref="i437"/></URDFElement></ChildElements><ElementName>geometry</ElementName><required>true</required><Mesh z:Ref="i436"/></URDFElement></ChildElements><ElementName>collision</ElementName><required>false</required><Geometry z:Ref="i435"/><Origin z:Ref="i432"/></URDFElement><URDFElement z:Id="i438" i:type="Joint"><Attributes><Attribute z:Id="i439"><AttributeType>name</AttributeType><IsRequired>true</IsRequired><Value i:type="a:string" xmlns:a="http://www.w3.org/2001/XMLSchema">frle_caster</Value></Attribute><Attribute z:Id="i440"><AttributeType>type</AttributeType><IsRequired>true</IsRequired><Value i:type="a:string" xmlns:a="http://www.w3.org/2001/XMLSchema">continuous</Value></Attribute></Attributes><ChildElements><URDFElement z:Id="i441" i:type="Origin"><Attributes><Attribute z:Id="i442"><AttributeType>xyz</AttributeType><IsRequired>true</IsRequired><Value i:type="a:ArrayOfdouble" xmlns:a="http://schemas.microsoft.com/2003/10/Serialization/Arrays"><a:double>0.23038321867214695</a:double><a:double>-0.084998630059868019</a:double><a:double>-0.047949999995792636</a:double></Value></Attribute><Attribute z:Id="i443"><AttributeType>rpy</AttributeType><IsRequired>true</IsRequired><Value i:type="a:ArrayOfdouble" xmlns:a="http://schemas.microsoft.com/2003/10/Serialization/Arrays"><a:double>0</a:double><a:double>0</a:double><a:double>0</a:double></Value></Attribute></Attributes><ChildElements/><ElementName>origin</ElementName><required>false</required><RPYAttribute z:Ref="i443"/><XYZAttribute z:Ref="i442"/><isCustomized>false</isCustomized></URDFElement><URDFElement z:Id="i444" i:type="ParentLink"><Attributes><Attribute z:Id="i445"><AttributeType>link</AttributeType><IsRequired>true</IsRequired><Value i:type="a:string" xmlns:a="http://www.w3.org/2001/XMLSchema">base_link</Value></Attribute></Attributes><ChildElements/><ElementName>parent</ElementName><required>true</required><NameAttribute z:Ref="i445"/></URDFElement><URDFElement z:Id="i446" i:type="ChildLink"><Attributes><Attribute z:Id="i447"><AttributeType>link</AttributeType><IsRequired>true</IsRequired><Value i:type="a:string" xmlns:a="http://www.w3.org/2001/XMLSchema">caster_frle_Link</Value></Attribute></Attributes><ChildElements/><ElementName>child</ElementName><required>true</required><NameAttribute z:Ref="i447"/></URDFElement><URDFElement z:Id="i448" i:type="Axis"><Attributes><Attribute z:Id="i449"><AttributeType>xyz</AttributeType><IsRequired>true</IsRequired><Value i:type="a:ArrayOfdouble" xmlns:a="http://schemas.microsoft.com/2003/10/Serialization/Arrays"><a:double>-0.0082569110732591683</a:double><a:double>0.99996591112873856</a:double><a:double>0</a:double></Value></Attribute></Attributes><ChildElements/><ElementName>axis</ElementName><required>false</required><XYZAttribute z:Ref="i449"/></URDFElement><URDFElement z:Id="i450" i:type="Limit"><Attributes><Attribute z:Id="i451"><AttributeType>lower</AttributeType><IsRequired>false</IsRequired><Value i:nil="true"/></Attribute><Attribute z:Id="i452"><AttributeType>upper</AttributeType><IsRequired>false</IsRequired><Value i:nil="true"/></Attribute><Attribute z:Id="i453"><AttributeType>effort</AttributeType><IsRequired>true</IsRequired><Value i:nil="true"/></Attribute><Attribute z:Id="i454"><AttributeType>velocity</AttributeType><IsRequired>true</IsRequired><Value i:nil="true"/></Attribute></Attributes><ChildElements/><ElementName>limit</ElementName><required>false</required><EffortAttribute z:Ref="i453"/><LowerAttribute z:Ref="i451"/><UpperAttribute z:Ref="i452"/><VelocityAttribute z:Ref="i454"/></URDFElement><URDFElement z:Id="i455" i:type="Calibration"><Attributes><Attribute z:Id="i456"><AttributeType>rising</AttributeType><IsRequired>false</IsRequired><Value i:nil="true"/></Attribute><Attribute z:Id="i457"><AttributeType>falling</AttributeType><IsRequired>false</IsRequired><Value i:nil="true"/></Attribute></Attributes><ChildElements/><ElementName>calibration</ElementName><required>false</required><FallingAttribute z:Ref="i457"/><RisingAttribute z:Ref="i456"/></URDFElement><URDFElement z:Id="i458" i:type="Dynamics"><Attributes><Attribute z:Id="i459"><AttributeType>damping</AttributeType><IsRequired>false</IsRequired><Value i:nil="true"/></Attribute><Attribute z:Id="i460"><AttributeType>friction</AttributeType><IsRequired>false</IsRequired><Value i:nil="true"/></Attribute></Attributes><ChildElements/><ElementName>dynamics</ElementName><required>false</required><DampingAttribute z:Ref="i459"/><FrictionAttribute z:Ref="i460"/></URDFElement><URDFElement z:Id="i461" i:type="SafetyController"><Attributes><Attribute z:Id="i462"><AttributeType>soft_upper_limit</AttributeType><IsRequired>false</IsRequired><Value i:nil="true"/></Attribute><Attribute z:Id="i463"><AttributeType>soft_lower_limit</AttributeType><IsRequired>false</IsRequired><Value i:nil="true"/></Attribute><Attribute z:Id="i464"><AttributeType>k_position</AttributeType><IsRequired>false</IsRequired><Value i:nil="true"/></Attribute><Attribute z:Id="i465"><AttributeType>k_velocity</AttributeType><IsRequired>true</IsRequired><Value i:nil="true"/></Attribute></Attributes><ChildElements/><ElementName>safety_controller</ElementName><required>false</required><KPositionAttribute z:Ref="i464"/><KVelocityAttribute z:Ref="i465"/><SoftLowerAttribute z:Ref="i463"/><SoftUpperAttribute z:Ref="i462"/></URDFElement><URDFElement z:Id="i466" i:type="Mimic"><Attributes><Attribute z:Id="i467"><AttributeType>joint</AttributeType><IsRequired>true</IsRequired><Value i:nil="true"/></Attribute><Attribute z:Id="i468"><AttributeType>multiplier</AttributeType><IsRequired>false</IsRequired><Value i:nil="true"/></Attribute><Attribute z:Id="i469"><AttributeType>offset</AttributeType><IsRequired>false</IsRequired><Value i:nil="true"/></Attribute></Attributes><ChildElements/><ElementName>mimic</ElementName><required>false</required><JointNameAttribute z:Ref="i467"/><MultiplierAttribute z:Ref="i468"/><OffsetAttribute z:Ref="i469"/></URDFElement></ChildElements><ElementName>joint</ElementName><required>false</required><Axis z:Ref="i448"/><AxisName>Axis4_fr_le</AxisName><Calibration z:Ref="i455"/><Child z:Ref="i446"/><CoordinateSystemName>Coordinate System17</CoordinateSystemName><Dynamics z:Ref="i458"/><Limit z:Ref="i450"/><Mimic z:Ref="i466"/><NameAttribute z:Ref="i439"/><Origin z:Ref="i441"/><Parent z:Ref="i444"/><Safety z:Ref="i461"/><TypeAttribute z:Ref="i440"/></URDFElement></ChildElements><ElementName>link</ElementName><required>true</required><Children/><Collision z:Ref="i431"/><Inertial z:Ref="i405"/><Joint z:Ref="i438"/><NameAttribute z:Ref="i404"/><Parent z:Ref="i1"/><STLQualityFine>false</STLQualityFine><SWComponentPIDs xmlns:a="http://schemas.microsoft.com/2003/10/Serialization/Arrays"><a:base64Binary>aEIAAAUAAAD//v94YwB1AG0AXwBkAGEAaAB1AG8AbgBnAF8AdAByAHUAbwBjAF8AcwBhAHUALQA1AEAAcgBvAGIAbwBWADIALwBzAHUAcwBwAGUAbgBzAGkAbwBuAF8AdgAyAC0AMQBAAGMAdQBtAF8AZABhAGgAdQBvAG4AZwBfAHQAcgB1AG8AYwBfAHMAYQB1AC8AYgBhAG4AaABkAGEAaAB1AG8AbgBnAC0AMQBAAHMAdQBzAHAAZQBuAHMAaQBvAG4AXwB2ADIALwBiAGEAbgBoAF8AZQBhAHMAeQAtADEAQABiAGEAbgBoAGQAYQBoAHUAbwBuAGcABAAAABAAAAABAAAABAAAABkGAAArAAAAdAAAAEEAAAA=</a:base64Binary></SWComponentPIDs><SWMainComponentPID i:nil="true"/><Visual z:Ref="i418"/><isFixedFrame>false</isFixedFrame><isIncomplete>false</isIncomplete></Link><Link z:Id="i470"><Attributes><Attribute z:Id="i471"><AttributeType>name</AttributeType><IsRequired>true</IsRequired><Value i:type="a:string" xmlns:a="http://www.w3.org/2001/XMLSchema">caster_frrig_Link</Value></Attribute></Attributes><ChildElements><URDFElement z:Id="i472" i:type="Inertial"><Attributes/><ChildElements><URDFElement z:Id="i473" i:type="Origin"><Attributes><Attribute z:Id="i474"><AttributeType>xyz</AttributeType><IsRequired>true</IsRequired><Value i:type="a:ArrayOfdouble" xmlns:a="http://schemas.microsoft.com/2003/10/Serialization/Arrays"><a:double>1.6513822147290469E-05</a:double><a:double>-0.0019999318222541085</a:double><a:double>1.3322676295501878E-15</a:double></Value></Attribute><Attribute z:Id="i475"><AttributeType>rpy</AttributeType><IsRequired>true</IsRequired><Value i:type="a:ArrayOfdouble" xmlns:a="http://schemas.microsoft.com/2003/10/Serialization/Arrays"><a:double>0</a:double><a:double>0</a:double><a:double>0</a:double></Value></Attribute></Attributes><ChildElements/><ElementName>origin</ElementName><required>false</required><RPYAttribute z:Ref="i475"/><XYZAttribute z:Ref="i474"/><isCustomized>false</isCustomized></URDFElement><URDFElement z:Id="i476" i:type="Mass"><Attributes><Attribute z:Id="i477"><AttributeType>value</AttributeType><IsRequired>true</IsRequired><Value i:type="a:double" xmlns:a="http://www.w3.org/2001/XMLSchema">0.014877012011074477</Value></Attribute></Attributes><ChildElements/><ElementName>mass</ElementName><required>false</required><ValueAttribute z:Ref="i477"/></URDFElement><URDFElement z:Id="i478" i:type="Inertia"><Attributes><Attribute z:Id="i479"><AttributeType>ixx</AttributeType><IsRequired>true</IsRequired><Value i:type="a:double" xmlns:a="http://www.w3.org/2001/XMLSchema">1.5308537792914316E-06</Value></Attribute><Attribute z:Id="i480"><AttributeType>ixy</AttributeType><IsRequired>true</IsRequired><Value i:type="a:double" xmlns:a="http://www.w3.org/2001/XMLSchema">-8.6265278990256476E-09</Value></Attribute><Attribute z:Id="i481"><AttributeType>ixz</AttributeType><IsRequired>true</IsRequired><Value i:type="a:double" xmlns:a="http://www.w3.org/2001/XMLSchema">3.9703557796278323E-22</Value></Attribute><Attribute z:Id="i482"><AttributeType>iyy</AttributeType><IsRequired>true</IsRequired><Value i:type="a:double" xmlns:a="http://www.w3.org/2001/XMLSchema">2.5755114735153528E-06</Value></Attribute><Attribute z:Id="i483"><AttributeType>iyz</AttributeType><IsRequired>true</IsRequired><Value i:type="a:double" xmlns:a="http://www.w3.org/2001/XMLSchema">-2.4975198178150664E-21</Value></Attribute><Attribute z:Id="i484"><AttributeType>izz</AttributeType><IsRequired>true</IsRequired><Value i:type="a:double" xmlns:a="http://www.w3.org/2001/XMLSchema">1.5307825483895166E-06</Value></Attribute></Attributes><ChildElements/><ElementName>inertia</ElementName><required>false</required><IxxAttribute z:Ref="i479"/><IxyAttribute z:Ref="i480"/><IxzAttribute z:Ref="i481"/><IyyAttribute z:Ref="i482"/><IyzAttribute z:Ref="i483"/><IzzAttribute z:Ref="i484"/></URDFElement></ChildElements><ElementName>inertial</ElementName><required>false</required><Inertia z:Ref="i478"/><Mass z:Ref="i476"/><Origin z:Ref="i473"/></URDFElement><URDFElement z:Id="i485" i:type="Visual"><Attributes/><ChildElements><URDFElement z:Id="i486" i:type="Origin"><Attributes><Attribute z:Id="i487"><AttributeType>xyz</AttributeType><IsRequired>true</IsRequired><Value i:type="a:ArrayOfdouble" xmlns:a="http://schemas.microsoft.com/2003/10/Serialization/Arrays"><a:double>0</a:double><a:double>0</a:double><a:double>0</a:double></Value></Attribute><Attribute z:Id="i488"><AttributeType>rpy</AttributeType><IsRequired>true</IsRequired><Value i:type="a:ArrayOfdouble" xmlns:a="http://schemas.microsoft.com/2003/10/Serialization/Arrays"><a:double>0</a:double><a:double>0</a:double><a:double>0</a:double></Value></Attribute></Attributes><ChildElements/><ElementName>origin</ElementName><required>false</required><RPYAttribute z:Ref="i488"/><XYZAttribute z:Ref="i487"/><isCustomized>false</isCustomized></URDFElement><URDFElement z:Id="i489" i:type="Geometry"><Attributes/><ChildElements><URDFElement z:Id="i490" i:type="Mesh"><Attributes><Attribute z:Id="i491"><AttributeType>filename</AttributeType><IsRequired>true</IsRequired><Value i:nil="true"/></Attribute></Attributes><ChildElements/><ElementName>mesh</ElementName><required>false</required><FilenameAttribute z:Ref="i491"/></URDFElement></ChildElements><ElementName>geometry</ElementName><required>true</required><Mesh z:Ref="i490"/></URDFElement><URDFElement z:Id="i492" i:type="Material"><Attributes><Attribute z:Id="i493"><AttributeType>name</AttributeType><IsRequired>true</IsRequired><Value i:type="a:string" xmlns:a="http://www.w3.org/2001/XMLSchema"/></Attribute></Attributes><ChildElements><URDFElement z:Id="i494" i:type="Color"><Attributes><Attribute z:Id="i495"><AttributeType>rgba</AttributeType><IsRequired>true</IsRequired><Value i:type="a:ArrayOfdouble" xmlns:a="http://schemas.microsoft.com/2003/10/Serialization/Arrays"><a:double>0.792156862745098</a:double><a:double>0.81960784313725488</a:double><a:double>0.93333333333333335</a:double><a:double>1</a:double></Value></Attribute></Attributes><ChildElements/><ElementName>color</ElementName><required>false</required><RGBAAttribute z:Ref="i495"/></URDFElement><URDFElement z:Id="i496" i:type="Texture"><Attributes><Attribute z:Id="i497"><AttributeType>filename</AttributeType><IsRequired>true</IsRequired><Value i:nil="true"/></Attribute></Attributes><ChildElements/><ElementName>texture</ElementName><required>false</required><FilenameAttribute z:Ref="i497"/><wFilename/></URDFElement></ChildElements><ElementName>material</ElementName><required>false</required><Color z:Ref="i494"/><NameAttribute z:Ref="i493"/><Texture z:Ref="i496"/></URDFElement></ChildElements><ElementName>visual</ElementName><required>false</required><Geometry z:Ref="i489"/><Material z:Ref="i492"/><Origin z:Ref="i486"/></URDFElement><URDFElement z:Id="i498" i:type="Collision"><Attributes/><ChildElements><URDFElement z:Id="i499" i:type="Origin"><Attributes><Attribute z:Id="i500"><AttributeType>xyz</AttributeType><IsRequired>true</IsRequired><Value i:type="a:ArrayOfdouble" xmlns:a="http://schemas.microsoft.com/2003/10/Serialization/Arrays"><a:double>0</a:double><a:double>0</a:double><a:double>0</a:double></Value></Attribute><Attribute z:Id="i501"><AttributeType>rpy</AttributeType><IsRequired>true</IsRequired><Value i:type="a:ArrayOfdouble" xmlns:a="http://schemas.microsoft.com/2003/10/Serialization/Arrays"><a:double>0</a:double><a:double>0</a:double><a:double>0</a:double></Value></Attribute></Attributes><ChildElements/><ElementName>origin</ElementName><required>false</required><RPYAttribute z:Ref="i501"/><XYZAttribute z:Ref="i500"/><isCustomized>false</isCustomized></URDFElement><URDFElement z:Id="i502" i:type="Geometry"><Attributes/><ChildElements><URDFElement z:Id="i503" i:type="Mesh"><Attributes><Attribute z:Id="i504"><AttributeType>filename</AttributeType><IsRequired>true</IsRequired><Value i:nil="true"/></Attribute></Attributes><ChildElements/><ElementName>mesh</ElementName><required>false</required><FilenameAttribute z:Ref="i504"/></URDFElement></ChildElements><ElementName>geometry</ElementName><required>true</required><Mesh z:Ref="i503"/></URDFElement></ChildElements><ElementName>collision</ElementName><required>false</required><Geometry z:Ref="i502"/><Origin z:Ref="i499"/></URDFElement><URDFElement z:Id="i505" i:type="Joint"><Attributes><Attribute z:Id="i506"><AttributeType>name</AttributeType><IsRequired>true</IsRequired><Value i:type="a:string" xmlns:a="http://www.w3.org/2001/XMLSchema">frrig_caster</Value></Attribute><Attribute z:Id="i507"><AttributeType>type</AttributeType><IsRequired>true</IsRequired><Value i:type="a:string" xmlns:a="http://www.w3.org/2001/XMLSchema">continuous</Value></Attribute></Attributes><ChildElements><URDFElement z:Id="i508" i:type="Origin"><Attributes><Attribute z:Id="i509"><AttributeType>xyz</AttributeType><IsRequired>true</IsRequired><Value i:type="a:ArrayOfdouble" xmlns:a="http://schemas.microsoft.com/2003/10/Serialization/Arrays"><a:double>0.2289465161454004</a:double><a:double>0.088995438476532629</a:double><a:double>-0.047949999995792691</a:double></Value></Attribute><Attribute z:Id="i510"><AttributeType>rpy</AttributeType><IsRequired>true</IsRequired><Value i:type="a:ArrayOfdouble" xmlns:a="http://schemas.microsoft.com/2003/10/Serialization/Arrays"><a:double>0</a:double><a:double>0</a:double><a:double>0</a:double></Value></Attribute></Attributes><ChildElements/><ElementName>origin</ElementName><required>false</required><RPYAttribute z:Ref="i510"/><XYZAttribute z:Ref="i509"/><isCustomized>false</isCustomized></URDFElement><URDFElement z:Id="i511" i:type="ParentLink"><Attributes><Attribute z:Id="i512"><AttributeType>link</AttributeType><IsRequired>true</IsRequired><Value i:type="a:string" xmlns:a="http://www.w3.org/2001/XMLSchema">base_link</Value></Attribute></Attributes><ChildElements/><ElementName>parent</ElementName><required>true</required><NameAttribute z:Ref="i512"/></URDFElement><URDFElement z:Id="i513" i:type="ChildLink"><Attributes><Attribute z:Id="i514"><AttributeType>link</AttributeType><IsRequired>true</IsRequired><Value i:type="a:string" xmlns:a="http://www.w3.org/2001/XMLSchema">caster_frrig_Link</Value></Attribute></Attributes><ChildElements/><ElementName>child</ElementName><required>true</required><NameAttribute z:Ref="i514"/></URDFElement><URDFElement z:Id="i515" i:type="Axis"><Attributes><Attribute z:Id="i516"><AttributeType>xyz</AttributeType><IsRequired>true</IsRequired><Value i:type="a:ArrayOfdouble" xmlns:a="http://schemas.microsoft.com/2003/10/Serialization/Arrays"><a:double>-0.0082569110732591683</a:double><a:double>0.99996591112873856</a:double><a:double>0</a:double></Value></Attribute></Attributes><ChildElements/><ElementName>axis</ElementName><required>false</required><XYZAttribute z:Ref="i516"/></URDFElement><URDFElement z:Id="i517" i:type="Limit"><Attributes><Attribute z:Id="i518"><AttributeType>lower</AttributeType><IsRequired>false</IsRequired><Value i:nil="true"/></Attribute><Attribute z:Id="i519"><AttributeType>upper</AttributeType><IsRequired>false</IsRequired><Value i:nil="true"/></Attribute><Attribute z:Id="i520"><AttributeType>effort</AttributeType><IsRequired>true</IsRequired><Value i:nil="true"/></Attribute><Attribute z:Id="i521"><AttributeType>velocity</AttributeType><IsRequired>true</IsRequired><Value i:nil="true"/></Attribute></Attributes><ChildElements/><ElementName>limit</ElementName><required>false</required><EffortAttribute z:Ref="i520"/><LowerAttribute z:Ref="i518"/><UpperAttribute z:Ref="i519"/><VelocityAttribute z:Ref="i521"/></URDFElement><URDFElement z:Id="i522" i:type="Calibration"><Attributes><Attribute z:Id="i523"><AttributeType>rising</AttributeType><IsRequired>false</IsRequired><Value i:nil="true"/></Attribute><Attribute z:Id="i524"><AttributeType>falling</AttributeType><IsRequired>false</IsRequired><Value i:nil="true"/></Attribute></Attributes><ChildElements/><ElementName>calibration</ElementName><required>false</required><FallingAttribute z:Ref="i524"/><RisingAttribute z:Ref="i523"/></URDFElement><URDFElement z:Id="i525" i:type="Dynamics"><Attributes><Attribute z:Id="i526"><AttributeType>damping</AttributeType><IsRequired>false</IsRequired><Value i:nil="true"/></Attribute><Attribute z:Id="i527"><AttributeType>friction</AttributeType><IsRequired>false</IsRequired><Value i:nil="true"/></Attribute></Attributes><ChildElements/><ElementName>dynamics</ElementName><required>false</required><DampingAttribute z:Ref="i526"/><FrictionAttribute z:Ref="i527"/></URDFElement><URDFElement z:Id="i528" i:type="SafetyController"><Attributes><Attribute z:Id="i529"><AttributeType>soft_upper_limit</AttributeType><IsRequired>false</IsRequired><Value i:nil="true"/></Attribute><Attribute z:Id="i530"><AttributeType>soft_lower_limit</AttributeType><IsRequired>false</IsRequired><Value i:nil="true"/></Attribute><Attribute z:Id="i531"><AttributeType>k_position</AttributeType><IsRequired>false</IsRequired><Value i:nil="true"/></Attribute><Attribute z:Id="i532"><AttributeType>k_velocity</AttributeType><IsRequired>true</IsRequired><Value i:nil="true"/></Attribute></Attributes><ChildElements/><ElementName>safety_controller</ElementName><required>false</required><KPositionAttribute z:Ref="i531"/><KVelocityAttribute z:Ref="i532"/><SoftLowerAttribute z:Ref="i530"/><SoftUpperAttribute z:Ref="i529"/></URDFElement><URDFElement z:Id="i533" i:type="Mimic"><Attributes><Attribute z:Id="i534"><AttributeType>joint</AttributeType><IsRequired>true</IsRequired><Value i:nil="true"/></Attribute><Attribute z:Id="i535"><AttributeType>multiplier</AttributeType><IsRequired>false</IsRequired><Value i:nil="true"/></Attribute><Attribute z:Id="i536"><AttributeType>offset</AttributeType><IsRequired>false</IsRequired><Value i:nil="true"/></Attribute></Attributes><ChildElements/><ElementName>mimic</ElementName><required>false</required><JointNameAttribute z:Ref="i534"/><MultiplierAttribute z:Ref="i535"/><OffsetAttribute z:Ref="i536"/></URDFElement></ChildElements><ElementName>joint</ElementName><required>false</required><Axis z:Ref="i515"/><AxisName>Axis6_fr_rig</AxisName><Calibration z:Ref="i522"/><Child z:Ref="i513"/><CoordinateSystemName>Coordinate System18</CoordinateSystemName><Dynamics z:Ref="i525"/><Limit z:Ref="i517"/><Mimic z:Ref="i533"/><NameAttribute z:Ref="i506"/><Origin z:Ref="i508"/><Parent z:Ref="i511"/><Safety z:Ref="i528"/><TypeAttribute z:Ref="i507"/></URDFElement></ChildElements><ElementName>link</ElementName><required>true</required><Children/><Collision z:Ref="i498"/><Inertial z:Ref="i472"/><Joint z:Ref="i505"/><NameAttribute z:Ref="i471"/><Parent z:Ref="i1"/><STLQualityFine>false</STLQualityFine><SWComponentPIDs xmlns:a="http://schemas.microsoft.com/2003/10/Serialization/Arrays"><a:base64Binary>aEIAAAUAAAD//v94YwB1AG0AXwBkAGEAaAB1AG8AbgBnAF8AdAByAHUAbwBjAF8AcwBhAHUALQA1AEAAcgBvAGIAbwBWADIALwBzAHUAcwBwAGUAbgBzAGkAbwBuAF8AdgAyAC0AMgBAAGMAdQBtAF8AZABhAGgAdQBvAG4AZwBfAHQAcgB1AG8AYwBfAHMAYQB1AC8AYgBhAG4AaABkAGEAaAB1AG8AbgBnAC0AMQBAAHMAdQBzAHAAZQBuAHMAaQBvAG4AXwB2ADIALwBiAGEAbgBoAF8AZQBhAHMAeQAtADEAQABiAGEAbgBoAGQAYQBoAHUAbwBuAGcABAAAABAAAAABAAAABAAAABkGAAAwAAAAdAAAAEEAAAA=</a:base64Binary></SWComponentPIDs><SWMainComponentPID i:nil="true"/><Visual z:Ref="i485"/><isFixedFrame>false</isFixedFrame><isIncomplete>false</isIncomplete></Link><Link z:Id="i537"><Attributes><Attribute z:Id="i538"><AttributeType>name</AttributeType><IsRequired>true</IsRequired><Value i:type="a:string" xmlns:a="http://www.w3.org/2001/XMLSchema">caster_bale_Link</Value></Attribute></Attributes><ChildElements><URDFElement z:Id="i539" i:type="Inertial"><Attributes/><ChildElements><URDFElement z:Id="i540" i:type="Origin"><Attributes><Attribute z:Id="i541"><AttributeType>xyz</AttributeType><IsRequired>true</IsRequired><Value i:type="a:ArrayOfdouble" xmlns:a="http://schemas.microsoft.com/2003/10/Serialization/Arrays"><a:double>-1.6513822147068424E-05</a:double><a:double>0.0019999318222539975</a:double><a:double>1.3877787807814457E-15</a:double></Value></Attribute><Attribute z:Id="i542"><AttributeType>rpy</AttributeType><IsRequired>true</IsRequired><Value i:type="a:ArrayOfdouble" xmlns:a="http://schemas.microsoft.com/2003/10/Serialization/Arrays"><a:double>0</a:double><a:double>0</a:double><a:double>0</a:double></Value></Attribute></Attributes><ChildElements/><ElementName>origin</ElementName><required>false</required><RPYAttribute z:Ref="i542"/><XYZAttribute z:Ref="i541"/><isCustomized>false</isCustomized></URDFElement><URDFElement z:Id="i543" i:type="Mass"><Attributes><Attribute z:Id="i544"><AttributeType>value</AttributeType><IsRequired>true</IsRequired><Value i:type="a:double" xmlns:a="http://www.w3.org/2001/XMLSchema">0.014877012011074478</Value></Attribute></Attributes><ChildElements/><ElementName>mass</ElementName><required>false</required><ValueAttribute z:Ref="i544"/></URDFElement><URDFElement z:Id="i545" i:type="Inertia"><Attributes><Attribute z:Id="i546"><AttributeType>ixx</AttributeType><IsRequired>true</IsRequired><Value i:type="a:double" xmlns:a="http://www.w3.org/2001/XMLSchema">1.5308537792914316E-06</Value></Attribute><Attribute z:Id="i547"><AttributeType>ixy</AttributeType><IsRequired>true</IsRequired><Value i:type="a:double" xmlns:a="http://www.w3.org/2001/XMLSchema">-8.6265278990238774E-09</Value></Attribute><Attribute z:Id="i548"><AttributeType>ixz</AttributeType><IsRequired>true</IsRequired><Value i:type="a:double" xmlns:a="http://www.w3.org/2001/XMLSchema">-3.8593597362615196E-22</Value></Attribute><Attribute z:Id="i549"><AttributeType>iyy</AttributeType><IsRequired>true</IsRequired><Value i:type="a:double" xmlns:a="http://www.w3.org/2001/XMLSchema">2.5755114735153528E-06</Value></Attribute><Attribute z:Id="i550"><AttributeType>iyz</AttributeType><IsRequired>true</IsRequired><Value i:type="a:double" xmlns:a="http://www.w3.org/2001/XMLSchema">3.5056540384220131E-21</Value></Attribute><Attribute z:Id="i551"><AttributeType>izz</AttributeType><IsRequired>true</IsRequired><Value i:type="a:double" xmlns:a="http://www.w3.org/2001/XMLSchema">1.5307825483895166E-06</Value></Attribute></Attributes><ChildElements/><ElementName>inertia</ElementName><required>false</required><IxxAttribute z:Ref="i546"/><IxyAttribute z:Ref="i547"/><IxzAttribute z:Ref="i548"/><IyyAttribute z:Ref="i549"/><IyzAttribute z:Ref="i550"/><IzzAttribute z:Ref="i551"/></URDFElement></ChildElements><ElementName>inertial</ElementName><required>false</required><Inertia z:Ref="i545"/><Mass z:Ref="i543"/><Origin z:Ref="i540"/></URDFElement><URDFElement z:Id="i552" i:type="Visual"><Attributes/><ChildElements><URDFElement z:Id="i553" i:type="Origin"><Attributes><Attribute z:Id="i554"><AttributeType>xyz</AttributeType><IsRequired>true</IsRequired><Value i:type="a:ArrayOfdouble" xmlns:a="http://schemas.microsoft.com/2003/10/Serialization/Arrays"><a:double>0</a:double><a:double>0</a:double><a:double>0</a:double></Value></Attribute><Attribute z:Id="i555"><AttributeType>rpy</AttributeType><IsRequired>true</IsRequired><Value i:type="a:ArrayOfdouble" xmlns:a="http://schemas.microsoft.com/2003/10/Serialization/Arrays"><a:double>0</a:double><a:double>0</a:double><a:double>0</a:double></Value></Attribute></Attributes><ChildElements/><ElementName>origin</ElementName><required>false</required><RPYAttribute z:Ref="i555"/><XYZAttribute z:Ref="i554"/><isCustomized>false</isCustomized></URDFElement><URDFElement z:Id="i556" i:type="Geometry"><Attributes/><ChildElements><URDFElement z:Id="i557" i:type="Mesh"><Attributes><Attribute z:Id="i558"><AttributeType>filename</AttributeType><IsRequired>true</IsRequired><Value i:nil="true"/></Attribute></Attributes><ChildElements/><ElementName>mesh</ElementName><required>false</required><FilenameAttribute z:Ref="i558"/></URDFElement></ChildElements><ElementName>geometry</ElementName><required>true</required><Mesh z:Ref="i557"/></URDFElement><URDFElement z:Id="i559" i:type="Material"><Attributes><Attribute z:Id="i560"><AttributeType>name</AttributeType><IsRequired>true</IsRequired><Value i:type="a:string" xmlns:a="http://www.w3.org/2001/XMLSchema"/></Attribute></Attributes><ChildElements><URDFElement z:Id="i561" i:type="Color"><Attributes><Attribute z:Id="i562"><AttributeType>rgba</AttributeType><IsRequired>true</IsRequired><Value i:type="a:ArrayOfdouble" xmlns:a="http://schemas.microsoft.com/2003/10/Serialization/Arrays"><a:double>0.792156862745098</a:double><a:double>0.81960784313725488</a:double><a:double>0.93333333333333335</a:double><a:double>1</a:double></Value></Attribute></Attributes><ChildElements/><ElementName>color</ElementName><required>false</required><RGBAAttribute z:Ref="i562"/></URDFElement><URDFElement z:Id="i563" i:type="Texture"><Attributes><Attribute z:Id="i564"><AttributeType>filename</AttributeType><IsRequired>true</IsRequired><Value i:nil="true"/></Attribute></Attributes><ChildElements/><ElementName>texture</ElementName><required>false</required><FilenameAttribute z:Ref="i564"/><wFilename/></URDFElement></ChildElements><ElementName>material</ElementName><required>false</required><Color z:Ref="i561"/><NameAttribute z:Ref="i560"/><Texture z:Ref="i563"/></URDFElement></ChildElements><ElementName>visual</ElementName><required>false</required><Geometry z:Ref="i556"/><Material z:Ref="i559"/><Origin z:Ref="i553"/></URDFElement><URDFElement z:Id="i565" i:type="Collision"><Attributes/><ChildElements><URDFElement z:Id="i566" i:type="Origin"><Attributes><Attribute z:Id="i567"><AttributeType>xyz</AttributeType><IsRequired>true</IsRequired><Value i:type="a:ArrayOfdouble" xmlns:a="http://schemas.microsoft.com/2003/10/Serialization/Arrays"><a:double>0</a:double><a:double>0</a:double><a:double>0</a:double></Value></Attribute><Attribute z:Id="i568"><AttributeType>rpy</AttributeType><IsRequired>true</IsRequired><Value i:type="a:ArrayOfdouble" xmlns:a="http://schemas.microsoft.com/2003/10/Serialization/Arrays"><a:double>0</a:double><a:double>0</a:double><a:double>0</a:double></Value></Attribute></Attributes><ChildElements/><ElementName>origin</ElementName><required>false</required><RPYAttribute z:Ref="i568"/><XYZAttribute z:Ref="i567"/><isCustomized>false</isCustomized></URDFElement><URDFElement z:Id="i569" i:type="Geometry"><Attributes/><ChildElements><URDFElement z:Id="i570" i:type="Mesh"><Attributes><Attribute z:Id="i571"><AttributeType>filename</AttributeType><IsRequired>true</IsRequired><Value i:nil="true"/></Attribute></Attributes><ChildElements/><ElementName>mesh</ElementName><required>false</required><FilenameAttribute z:Ref="i571"/></URDFElement></ChildElements><ElementName>geometry</ElementName><required>true</required><Mesh z:Ref="i570"/></URDFElement></ChildElements><ElementName>collision</ElementName><required>false</required><Geometry z:Ref="i569"/><Origin z:Ref="i566"/></URDFElement><URDFElement z:Id="i572" i:type="Joint"><Attributes><Attribute z:Id="i573"><AttributeType>name</AttributeType><IsRequired>true</IsRequired><Value i:type="a:string" xmlns:a="http://www.w3.org/2001/XMLSchema">bale_caster</Value></Attribute><Attribute z:Id="i574"><AttributeType>type</AttributeType><IsRequired>true</IsRequired><Value i:type="a:string" xmlns:a="http://www.w3.org/2001/XMLSchema">continuous</Value></Attribute></Attributes><ChildElements><URDFElement z:Id="i575" i:type="Origin"><Attributes><Attribute z:Id="i576"><AttributeType>xyz</AttributeType><IsRequired>true</IsRequired><Value i:type="a:ArrayOfdouble" xmlns:a="http://schemas.microsoft.com/2003/10/Serialization/Arrays"><a:double>-0.2286852956168639</a:double><a:double>-0.089047884956823975</a:double><a:double>-0.047949999995789083</a:double></Value></Attribute><Attribute z:Id="i577"><AttributeType>rpy</AttributeType><IsRequired>true</IsRequired><Value i:type="a:ArrayOfdouble" xmlns:a="http://schemas.microsoft.com/2003/10/Serialization/Arrays"><a:double>0</a:double><a:double>0</a:double><a:double>0</a:double></Value></Attribute></Attributes><ChildElements/><ElementName>origin</ElementName><required>false</required><RPYAttribute z:Ref="i577"/><XYZAttribute z:Ref="i576"/><isCustomized>false</isCustomized></URDFElement><URDFElement z:Id="i578" i:type="ParentLink"><Attributes><Attribute z:Id="i579"><AttributeType>link</AttributeType><IsRequired>true</IsRequired><Value i:type="a:string" xmlns:a="http://www.w3.org/2001/XMLSchema">base_link</Value></Attribute></Attributes><ChildElements/><ElementName>parent</ElementName><required>true</required><NameAttribute z:Ref="i579"/></URDFElement><URDFElement z:Id="i580" i:type="ChildLink"><Attributes><Attribute z:Id="i581"><AttributeType>link</AttributeType><IsRequired>true</IsRequired><Value i:type="a:string" xmlns:a="http://www.w3.org/2001/XMLSchema">caster_bale_Link</Value></Attribute></Attributes><ChildElements/><ElementName>child</ElementName><required>true</required><NameAttribute z:Ref="i581"/></URDFElement><URDFElement z:Id="i582" i:type="Axis"><Attributes><Attribute z:Id="i583"><AttributeType>xyz</AttributeType><IsRequired>true</IsRequired><Value i:type="a:ArrayOfdouble" xmlns:a="http://schemas.microsoft.com/2003/10/Serialization/Arrays"><a:double>0.0082569110732536415</a:double><a:double>-0.99996591112873856</a:double><a:double>0</a:double></Value></Attribute></Attributes><ChildElements/><ElementName>axis</ElementName><required>false</required><XYZAttribute z:Ref="i583"/></URDFElement><URDFElement z:Id="i584" i:type="Limit"><Attributes><Attribute z:Id="i585"><AttributeType>lower</AttributeType><IsRequired>false</IsRequired><Value i:nil="true"/></Attribute><Attribute z:Id="i586"><AttributeType>upper</AttributeType><IsRequired>false</IsRequired><Value i:nil="true"/></Attribute><Attribute z:Id="i587"><AttributeType>effort</AttributeType><IsRequired>true</IsRequired><Value i:nil="true"/></Attribute><Attribute z:Id="i588"><AttributeType>velocity</AttributeType><IsRequired>true</IsRequired><Value i:nil="true"/></Attribute></Attributes><ChildElements/><ElementName>limit</ElementName><required>false</required><EffortAttribute z:Ref="i587"/><LowerAttribute z:Ref="i585"/><UpperAttribute z:Ref="i586"/><VelocityAttribute z:Ref="i588"/></URDFElement><URDFElement z:Id="i589" i:type="Calibration"><Attributes><Attribute z:Id="i590"><AttributeType>rising</AttributeType><IsRequired>false</IsRequired><Value i:nil="true"/></Attribute><Attribute z:Id="i591"><AttributeType>falling</AttributeType><IsRequired>false</IsRequired><Value i:nil="true"/></Attribute></Attributes><ChildElements/><ElementName>calibration</ElementName><required>false</required><FallingAttribute z:Ref="i591"/><RisingAttribute z:Ref="i590"/></URDFElement><URDFElement z:Id="i592" i:type="Dynamics"><Attributes><Attribute z:Id="i593"><AttributeType>damping</AttributeType><IsRequired>false</IsRequired><Value i:nil="true"/></Attribute><Attribute z:Id="i594"><AttributeType>friction</AttributeType><IsRequired>false</IsRequired><Value i:nil="true"/></Attribute></Attributes><ChildElements/><ElementName>dynamics</ElementName><required>false</required><DampingAttribute z:Ref="i593"/><FrictionAttribute z:Ref="i594"/></URDFElement><URDFElement z:Id="i595" i:type="SafetyController"><Attributes><Attribute z:Id="i596"><AttributeType>soft_upper_limit</AttributeType><IsRequired>false</IsRequired><Value i:nil="true"/></Attribute><Attribute z:Id="i597"><AttributeType>soft_lower_limit</AttributeType><IsRequired>false</IsRequired><Value i:nil="true"/></Attribute><Attribute z:Id="i598"><AttributeType>k_position</AttributeType><IsRequired>false</IsRequired><Value i:nil="true"/></Attribute><Attribute z:Id="i599"><AttributeType>k_velocity</AttributeType><IsRequired>true</IsRequired><Value i:nil="true"/></Attribute></Attributes><ChildElements/><ElementName>safety_controller</ElementName><required>false</required><KPositionAttribute z:Ref="i598"/><KVelocityAttribute z:Ref="i599"/><SoftLowerAttribute z:Ref="i597"/><SoftUpperAttribute z:Ref="i596"/></URDFElement><URDFElement z:Id="i600" i:type="Mimic"><Attributes><Attribute z:Id="i601"><AttributeType>joint</AttributeType><IsRequired>true</IsRequired><Value i:nil="true"/></Attribute><Attribute z:Id="i602"><AttributeType>multiplier</AttributeType><IsRequired>false</IsRequired><Value i:nil="true"/></Attribute><Attribute z:Id="i603"><AttributeType>offset</AttributeType><IsRequired>false</IsRequired><Value i:nil="true"/></Attribute></Attributes><ChildElements/><ElementName>mimic</ElementName><required>false</required><JointNameAttribute z:Ref="i601"/><MultiplierAttribute z:Ref="i602"/><OffsetAttribute z:Ref="i603"/></URDFElement></ChildElements><ElementName>joint</ElementName><required>false</required><Axis z:Ref="i582"/><AxisName>Axis7_ba_le</AxisName><Calibration z:Ref="i589"/><Child z:Ref="i580"/><CoordinateSystemName>Coordinate System19</CoordinateSystemName><Dynamics z:Ref="i592"/><Limit z:Ref="i584"/><Mimic z:Ref="i600"/><NameAttribute z:Ref="i573"/><Origin z:Ref="i575"/><Parent z:Ref="i578"/><Safety z:Ref="i595"/><TypeAttribute z:Ref="i574"/></URDFElement></ChildElements><ElementName>link</ElementName><required>true</required><Children/><Collision z:Ref="i565"/><Inertial z:Ref="i539"/><Joint z:Ref="i572"/><NameAttribute z:Ref="i538"/><Parent z:Ref="i1"/><STLQualityFine>false</STLQualityFine><SWComponentPIDs xmlns:a="http://schemas.microsoft.com/2003/10/Serialization/Arrays"><a:base64Binary>aEIAAAUAAAD//v94YwB1AG0AXwBkAGEAaAB1AG8AbgBnAF8AdAByAHUAbwBjAF8AcwBhAHUALQA2AEAAcgBvAGIAbwBWADIALwBzAHUAcwBwAGUAbgBzAGkAbwBuAF8AdgAyAC0AMgBAAGMAdQBtAF8AZABhAGgAdQBvAG4AZwBfAHQAcgB1AG8AYwBfAHMAYQB1AC8AYgBhAG4AaABkAGEAaAB1AG8AbgBnAC0AMQBAAHMAdQBzAHAAZQBuAHMAaQBvAG4AXwB2ADIALwBiAGEAbgBoAF8AZQBhAHMAeQAtADEAQABiAGEAbgBoAGQAYQBoAHUAbwBuAGcABAAAABAAAAABAAAABAAAACAGAAAwAAAAdAAAAEEAAAA=</a:base64Binary></SWComponentPIDs><SWMainComponentPID i:nil="true"/><Visual z:Ref="i552"/><isFixedFrame>false</isFixedFrame><isIncomplete>false</isIncomplete></Link><Link z:Id="i604"><Attributes><Attribute z:Id="i605"><AttributeType>name</AttributeType><IsRequired>true</IsRequired><Value i:type="a:string" xmlns:a="http://www.w3.org/2001/XMLSchema">caster_barig_Link</Value></Attribute></Attributes><ChildElements><URDFElement z:Id="i606" i:type="Inertial"><Attributes/><ChildElements><URDFElement z:Id="i607" i:type="Origin"><Attributes><Attribute z:Id="i608"><AttributeType>xyz</AttributeType><IsRequired>true</IsRequired><Value i:type="a:ArrayOfdouble" xmlns:a="http://schemas.microsoft.com/2003/10/Serialization/Arrays"><a:double>-1.651382214684638E-05</a:double><a:double>0.0019999318222539419</a:double><a:double>1.3322676295501878E-15</a:double></Value></Attribute><Attribute z:Id="i609"><AttributeType>rpy</AttributeType><IsRequired>true</IsRequired><Value i:type="a:ArrayOfdouble" xmlns:a="http://schemas.microsoft.com/2003/10/Serialization/Arrays"><a:double>0</a:double><a:double>0</a:double><a:double>0</a:double></Value></Attribute></Attributes><ChildElements/><ElementName>origin</ElementName><required>false</required><RPYAttribute z:Ref="i609"/><XYZAttribute z:Ref="i608"/><isCustomized>false</isCustomized></URDFElement><URDFElement z:Id="i610" i:type="Mass"><Attributes><Attribute z:Id="i611"><AttributeType>value</AttributeType><IsRequired>true</IsRequired><Value i:type="a:double" xmlns:a="http://www.w3.org/2001/XMLSchema">0.014877012011074478</Value></Attribute></Attributes><ChildElements/><ElementName>mass</ElementName><required>false</required><ValueAttribute z:Ref="i611"/></URDFElement><URDFElement z:Id="i612" i:type="Inertia"><Attributes><Attribute z:Id="i613"><AttributeType>ixx</AttributeType><IsRequired>true</IsRequired><Value i:type="a:double" xmlns:a="http://www.w3.org/2001/XMLSchema">1.5308537792914316E-06</Value></Attribute><Attribute z:Id="i614"><AttributeType>ixy</AttributeType><IsRequired>true</IsRequired><Value i:type="a:double" xmlns:a="http://www.w3.org/2001/XMLSchema">-8.6265278990240147E-09</Value></Attribute><Attribute z:Id="i615"><AttributeType>ixz</AttributeType><IsRequired>true</IsRequired><Value i:type="a:double" xmlns:a="http://www.w3.org/2001/XMLSchema">-3.0322800979043715E-22</Value></Attribute><Attribute z:Id="i616"><AttributeType>iyy</AttributeType><IsRequired>true</IsRequired><Value i:type="a:double" xmlns:a="http://www.w3.org/2001/XMLSchema">2.5755114735153528E-06</Value></Attribute><Attribute z:Id="i617"><AttributeType>iyz</AttributeType><IsRequired>true</IsRequired><Value i:type="a:double" xmlns:a="http://www.w3.org/2001/XMLSchema">3.4983342567737169E-21</Value></Attribute><Attribute z:Id="i618"><AttributeType>izz</AttributeType><IsRequired>true</IsRequired><Value i:type="a:double" xmlns:a="http://www.w3.org/2001/XMLSchema">1.530782548389517E-06</Value></Attribute></Attributes><ChildElements/><ElementName>inertia</ElementName><required>false</required><IxxAttribute z:Ref="i613"/><IxyAttribute z:Ref="i614"/><IxzAttribute z:Ref="i615"/><IyyAttribute z:Ref="i616"/><IyzAttribute z:Ref="i617"/><IzzAttribute z:Ref="i618"/></URDFElement></ChildElements><ElementName>inertial</ElementName><required>false</required><Inertia z:Ref="i612"/><Mass z:Ref="i610"/><Origin z:Ref="i607"/></URDFElement><URDFElement z:Id="i619" i:type="Visual"><Attributes/><ChildElements><URDFElement z:Id="i620" i:type="Origin"><Attributes><Attribute z:Id="i621"><AttributeType>xyz</AttributeType><IsRequired>true</IsRequired><Value i:type="a:ArrayOfdouble" xmlns:a="http://schemas.microsoft.com/2003/10/Serialization/Arrays"><a:double>0</a:double><a:double>0</a:double><a:double>0</a:double></Value></Attribute><Attribute z:Id="i622"><AttributeType>rpy</AttributeType><IsRequired>true</IsRequired><Value i:type="a:ArrayOfdouble" xmlns:a="http://schemas.microsoft.com/2003/10/Serialization/Arrays"><a:double>0</a:double><a:double>0</a:double><a:double>0</a:double></Value></Attribute></Attributes><ChildElements/><ElementName>origin</ElementName><required>false</required><RPYAttribute z:Ref="i622"/><XYZAttribute z:Ref="i621"/><isCustomized>false</isCustomized></URDFElement><URDFElement z:Id="i623" i:type="Geometry"><Attributes/><ChildElements><URDFElement z:Id="i624" i:type="Mesh"><Attributes><Attribute z:Id="i625"><AttributeType>filename</AttributeType><IsRequired>true</IsRequired><Value i:nil="true"/></Attribute></Attributes><ChildElements/><ElementName>mesh</ElementName><required>false</required><FilenameAttribute z:Ref="i625"/></URDFElement></ChildElements><ElementName>geometry</ElementName><required>true</required><Mesh z:Ref="i624"/></URDFElement><URDFElement z:Id="i626" i:type="Material"><Attributes><Attribute z:Id="i627"><AttributeType>name</AttributeType><IsRequired>true</IsRequired><Value i:type="a:string" xmlns:a="http://www.w3.org/2001/XMLSchema"/></Attribute></Attributes><ChildElements><URDFElement z:Id="i628" i:type="Color"><Attributes><Attribute z:Id="i629"><AttributeType>rgba</AttributeType><IsRequired>true</IsRequired><Value i:type="a:ArrayOfdouble" xmlns:a="http://schemas.microsoft.com/2003/10/Serialization/Arrays"><a:double>0.792156862745098</a:double><a:double>0.81960784313725488</a:double><a:double>0.93333333333333335</a:double><a:double>1</a:double></Value></Attribute></Attributes><ChildElements/><ElementName>color</ElementName><required>false</required><RGBAAttribute z:Ref="i629"/></URDFElement><URDFElement z:Id="i630" i:type="Texture"><Attributes><Attribute z:Id="i631"><AttributeType>filename</AttributeType><IsRequired>true</IsRequired><Value i:nil="true"/></Attribute></Attributes><ChildElements/><ElementName>texture</ElementName><required>false</required><FilenameAttribute z:Ref="i631"/><wFilename/></URDFElement></ChildElements><ElementName>material</ElementName><required>false</required><Color z:Ref="i628"/><NameAttribute z:Ref="i627"/><Texture z:Ref="i630"/></URDFElement></ChildElements><ElementName>visual</ElementName><required>false</required><Geometry z:Ref="i623"/><Material z:Ref="i626"/><Origin z:Ref="i620"/></URDFElement><URDFElement z:Id="i632" i:type="Collision"><Attributes/><ChildElements><URDFElement z:Id="i633" i:type="Origin"><Attributes><Attribute z:Id="i634"><AttributeType>xyz</AttributeType><IsRequired>true</IsRequired><Value i:type="a:ArrayOfdouble" xmlns:a="http://schemas.microsoft.com/2003/10/Serialization/Arrays"><a:double>0</a:double><a:double>0</a:double><a:double>0</a:double></Value></Attribute><Attribute z:Id="i635"><AttributeType>rpy</AttributeType><IsRequired>true</IsRequired><Value i:type="a:ArrayOfdouble" xmlns:a="http://schemas.microsoft.com/2003/10/Serialization/Arrays"><a:double>0</a:double><a:double>0</a:double><a:double>0</a:double></Value></Attribute></Attributes><ChildElements/><ElementName>origin</ElementName><required>false</required><RPYAttribute z:Ref="i635"/><XYZAttribute z:Ref="i634"/><isCustomized>false</isCustomized></URDFElement><URDFElement z:Id="i636" i:type="Geometry"><Attributes/><ChildElements><URDFElement z:Id="i637" i:type="Mesh"><Attributes><Attribute z:Id="i638"><AttributeType>filename</AttributeType><IsRequired>true</IsRequired><Value i:nil="true"/></Attribute></Attributes><ChildElements/><ElementName>mesh</ElementName><required>false</required><FilenameAttribute z:Ref="i638"/></URDFElement></ChildElements><ElementName>geometry</ElementName><required>true</required><Mesh z:Ref="i637"/></URDFElement></ChildElements><ElementName>collision</ElementName><required>false</required><Geometry z:Ref="i636"/><Origin z:Ref="i633"/></URDFElement><URDFElement z:Id="i639" i:type="Joint"><Attributes><Attribute z:Id="i640"><AttributeType>name</AttributeType><IsRequired>true</IsRequired><Value i:type="a:string" xmlns:a="http://www.w3.org/2001/XMLSchema">barig_caster</Value></Attribute><Attribute z:Id="i641"><AttributeType>type</AttributeType><IsRequired>true</IsRequired><Value i:type="a:string" xmlns:a="http://www.w3.org/2001/XMLSchema">continuous</Value></Attribute></Attributes><ChildElements><URDFElement z:Id="i642" i:type="Origin"><Attributes><Attribute z:Id="i643"><AttributeType>xyz</AttributeType><IsRequired>true</IsRequired><Value i:type="a:ArrayOfdouble" xmlns:a="http://schemas.microsoft.com/2003/10/Serialization/Arrays"><a:double>-0.23012199814361045</a:double><a:double>0.084946183579576451</a:double><a:double>-0.047949999995789028</a:double></Value></Attribute><Attribute z:Id="i644"><AttributeType>rpy</AttributeType><IsRequired>true</IsRequired><Value i:type="a:ArrayOfdouble" xmlns:a="http://schemas.microsoft.com/2003/10/Serialization/Arrays"><a:double>0</a:double><a:double>0</a:double><a:double>0</a:double></Value></Attribute></Attributes><ChildElements/><ElementName>origin</ElementName><required>false</required><RPYAttribute z:Ref="i644"/><XYZAttribute z:Ref="i643"/><isCustomized>false</isCustomized></URDFElement><URDFElement z:Id="i645" i:type="ParentLink"><Attributes><Attribute z:Id="i646"><AttributeType>link</AttributeType><IsRequired>true</IsRequired><Value i:type="a:string" xmlns:a="http://www.w3.org/2001/XMLSchema">base_link</Value></Attribute></Attributes><ChildElements/><ElementName>parent</ElementName><required>true</required><NameAttribute z:Ref="i646"/></URDFElement><URDFElement z:Id="i647" i:type="ChildLink"><Attributes><Attribute z:Id="i648"><AttributeType>link</AttributeType><IsRequired>true</IsRequired><Value i:type="a:string" xmlns:a="http://www.w3.org/2001/XMLSchema">caster_barig_Link</Value></Attribute></Attributes><ChildElements/><ElementName>child</ElementName><required>true</required><NameAttribute z:Ref="i648"/></URDFElement><URDFElement z:Id="i649" i:type="Axis"><Attributes><Attribute z:Id="i650"><AttributeType>xyz</AttributeType><IsRequired>true</IsRequired><Value i:type="a:ArrayOfdouble" xmlns:a="http://schemas.microsoft.com/2003/10/Serialization/Arrays"><a:double>0</a:double><a:double>0</a:double><a:double>1</a:double></Value></Attribute></Attributes><ChildElements/><ElementName>axis</ElementName><required>false</required><XYZAttribute z:Ref="i650"/></URDFElement><URDFElement z:Id="i651" i:type="Limit"><Attributes><Attribute z:Id="i652"><AttributeType>lower</AttributeType><IsRequired>false</IsRequired><Value i:nil="true"/></Attribute><Attribute z:Id="i653"><AttributeType>upper</AttributeType><IsRequired>false</IsRequired><Value i:nil="true"/></Attribute><Attribute z:Id="i654"><AttributeType>effort</AttributeType><IsRequired>true</IsRequired><Value i:nil="true"/></Attribute><Attribute z:Id="i655"><AttributeType>velocity</AttributeType><IsRequired>true</IsRequired><Value i:nil="true"/></Attribute></Attributes><ChildElements/><ElementName>limit</ElementName><required>false</required><EffortAttribute z:Ref="i654"/><LowerAttribute z:Ref="i652"/><UpperAttribute z:Ref="i653"/><VelocityAttribute z:Ref="i655"/></URDFElement><URDFElement z:Id="i656" i:type="Calibration"><Attributes><Attribute z:Id="i657"><AttributeType>rising</AttributeType><IsRequired>false</IsRequired><Value i:nil="true"/></Attribute><Attribute z:Id="i658"><AttributeType>falling</AttributeType><IsRequired>false</IsRequired><Value i:nil="true"/></Attribute></Attributes><ChildElements/><ElementName>calibration</ElementName><required>false</required><FallingAttribute z:Ref="i658"/><RisingAttribute z:Ref="i657"/></URDFElement><URDFElement z:Id="i659" i:type="Dynamics"><Attributes><Attribute z:Id="i660"><AttributeType>damping</AttributeType><IsRequired>false</IsRequired><Value i:nil="true"/></Attribute><Attribute z:Id="i661"><AttributeType>friction</AttributeType><IsRequired>false</IsRequired><Value i:nil="true"/></Attribute></Attributes><ChildElements/><ElementName>dynamics</ElementName><required>false</required><DampingAttribute z:Ref="i660"/><FrictionAttribute z:Ref="i661"/></URDFElement><URDFElement z:Id="i662" i:type="SafetyController"><Attributes><Attribute z:Id="i663"><AttributeType>soft_upper_limit</AttributeType><IsRequired>false</IsRequired><Value i:nil="true"/></Attribute><Attribute z:Id="i664"><AttributeType>soft_lower_limit</AttributeType><IsRequired>false</IsRequired><Value i:nil="true"/></Attribute><Attribute z:Id="i665"><AttributeType>k_position</AttributeType><IsRequired>false</IsRequired><Value i:nil="true"/></Attribute><Attribute z:Id="i666"><AttributeType>k_velocity</AttributeType><IsRequired>true</IsRequired><Value i:nil="true"/></Attribute></Attributes><ChildElements/><ElementName>safety_controller</ElementName><required>false</required><KPositionAttribute z:Ref="i665"/><KVelocityAttribute z:Ref="i666"/><SoftLowerAttribute z:Ref="i664"/><SoftUpperAttribute z:Ref="i663"/></URDFElement><URDFElement z:Id="i667" i:type="Mimic"><Attributes><Attribute z:Id="i668"><AttributeType>joint</AttributeType><IsRequired>true</IsRequired><Value i:nil="true"/></Attribute><Attribute z:Id="i669"><AttributeType>multiplier</AttributeType><IsRequired>false</IsRequired><Value i:nil="true"/></Attribute><Attribute z:Id="i670"><AttributeType>offset</AttributeType><IsRequired>false</IsRequired><Value i:nil="true"/></Attribute></Attributes><ChildElements/><ElementName>mimic</ElementName><required>false</required><JointNameAttribute z:Ref="i668"/><MultiplierAttribute z:Ref="i669"/><OffsetAttribute z:Ref="i670"/></URDFElement></ChildElements><ElementName>joint</ElementName><required>false</required><Axis z:Ref="i649"/><AxisName>Axis11_barig</AxisName><Calibration z:Ref="i656"/><Child z:Ref="i647"/><CoordinateSystemName>Coordinate System20</CoordinateSystemName><Dynamics z:Ref="i659"/><Limit z:Ref="i651"/><Mimic z:Ref="i667"/><NameAttribute z:Ref="i640"/><Origin z:Ref="i642"/><Parent z:Ref="i645"/><Safety z:Ref="i662"/><TypeAttribute z:Ref="i641"/></URDFElement></ChildElements><ElementName>link</ElementName><required>true</required><Children/><Collision z:Ref="i632"/><Inertial z:Ref="i606"/><Joint z:Ref="i639"/><NameAttribute z:Ref="i605"/><Parent z:Ref="i1"/><STLQualityFine>false</STLQualityFine><SWComponentPIDs xmlns:a="http://schemas.microsoft.com/2003/10/Serialization/Arrays"><a:base64Binary>aEIAAAUAAAD//v94YwB1AG0AXwBkAGEAaAB1AG8AbgBnAF8AdAByAHUAbwBjAF8AcwBhAHUALQA2AEAAcgBvAGIAbwBWADIALwBzAHUAcwBwAGUAbgBzAGkAbwBuAF8AdgAyAC0AMQBAAGMAdQBtAF8AZABhAGgAdQBvAG4AZwBfAHQAcgB1AG8AYwBfAHMAYQB1AC8AYgBhAG4AaABkAGEAaAB1AG8AbgBnAC0AMQBAAHMAdQBzAHAAZQBuAHMAaQBvAG4AXwB2ADIALwBiAGEAbgBoAF8AZQBhAHMAeQAtADEAQABiAGEAbgBoAGQAYQBoAHUAbwBuAGcABAAAABAAAAABAAAABAAAACAGAAArAAAAdAAAAEEAAAA=</a:base64Binary></SWComponentPIDs><SWMainComponentPID i:nil="true"/><Visual z:Ref="i619"/><isFixedFrame>false</isFixedFrame><isIncomplete>false</isIncomplete></Link><Link z:Id="i671"><Attributes><Attribute z:Id="i672"><AttributeType>name</AttributeType><IsRequired>true</IsRequired><Value i:type="a:string" xmlns:a="http://www.w3.org/2001/XMLSchema">frle_Link</Value></Attribute></Attributes><ChildElements><URDFElement z:Id="i673" i:type="Inertial"><Attributes/><ChildElements><URDFElement z:Id="i674" i:type="Origin"><Attributes><Attribute z:Id="i675"><AttributeType>xyz</AttributeType><IsRequired>true</IsRequired><Value i:type="a:ArrayOfdouble" xmlns:a="http://schemas.microsoft.com/2003/10/Serialization/Arrays"><a:double>-0.0024392776019951379</a:double><a:double>0</a:double><a:double>-0.012241171349341606</a:double></Value></Attribute><Attribute z:Id="i676"><AttributeType>rpy</AttributeType><IsRequired>true</IsRequired><Value i:type="a:ArrayOfdouble" xmlns:a="http://schemas.microsoft.com/2003/10/Serialization/Arrays"><a:double>0</a:double><a:double>0</a:double><a:double>0</a:double></Value></Attribute></Attributes><ChildElements/><ElementName>origin</ElementName><required>false</required><RPYAttribute z:Ref="i676"/><XYZAttribute z:Ref="i675"/><isCustomized>false</isCustomized></URDFElement><URDFElement z:Id="i677" i:type="Mass"><Attributes><Attribute z:Id="i678"><AttributeType>value</AttributeType><IsRequired>true</IsRequired><Value i:type="a:double" xmlns:a="http://www.w3.org/2001/XMLSchema">0.0014624313249854911</Value></Attribute></Attributes><ChildElements/><ElementName>mass</ElementName><required>false</required><ValueAttribute z:Ref="i678"/></URDFElement><URDFElement z:Id="i679" i:type="Inertia"><Attributes><Attribute z:Id="i680"><AttributeType>ixx</AttributeType><IsRequired>true</IsRequired><Value i:type="a:double" xmlns:a="http://www.w3.org/2001/XMLSchema">2.7708833008213809E-07</Value></Attribute><Attribute z:Id="i681"><AttributeType>ixy</AttributeType><IsRequired>true</IsRequired><Value i:type="a:double" xmlns:a="http://www.w3.org/2001/XMLSchema">-1.8011857838342178E-22</Value></Attribute><Attribute z:Id="i682"><AttributeType>ixz</AttributeType><IsRequired>true</IsRequired><Value i:type="a:double" xmlns:a="http://www.w3.org/2001/XMLSchema">-4.8021909173395736E-08</Value></Attribute><Attribute z:Id="i683"><AttributeType>iyy</AttributeType><IsRequired>true</IsRequired><Value i:type="a:double" xmlns:a="http://www.w3.org/2001/XMLSchema">2.1761622582383926E-07</Value></Attribute><Attribute z:Id="i684"><AttributeType>iyz</AttributeType><IsRequired>true</IsRequired><Value i:type="a:double" xmlns:a="http://www.w3.org/2001/XMLSchema">-2.4411409082720604E-22</Value></Attribute><Attribute z:Id="i685"><AttributeType>izz</AttributeType><IsRequired>true</IsRequired><Value i:type="a:double" xmlns:a="http://www.w3.org/2001/XMLSchema">1.4212808243369166E-07</Value></Attribute></Attributes><ChildElements/><ElementName>inertia</ElementName><required>false</required><IxxAttribute z:Ref="i680"/><IxyAttribute z:Ref="i681"/><IxzAttribute z:Ref="i682"/><IyyAttribute z:Ref="i683"/><IyzAttribute z:Ref="i684"/><IzzAttribute z:Ref="i685"/></URDFElement></ChildElements><ElementName>inertial</ElementName><required>false</required><Inertia z:Ref="i679"/><Mass z:Ref="i677"/><Origin z:Ref="i674"/></URDFElement><URDFElement z:Id="i686" i:type="Visual"><Attributes/><ChildElements><URDFElement z:Id="i687" i:type="Origin"><Attributes><Attribute z:Id="i688"><AttributeType>xyz</AttributeType><IsRequired>true</IsRequired><Value i:type="a:ArrayOfdouble" xmlns:a="http://schemas.microsoft.com/2003/10/Serialization/Arrays"><a:double>0</a:double><a:double>0</a:double><a:double>0</a:double></Value></Attribute><Attribute z:Id="i689"><AttributeType>rpy</AttributeType><IsRequired>true</IsRequired><Value i:type="a:ArrayOfdouble" xmlns:a="http://schemas.microsoft.com/2003/10/Serialization/Arrays"><a:double>0</a:double><a:double>0</a:double><a:double>0</a:double></Value></Attribute></Attributes><ChildElements/><ElementName>origin</ElementName><required>false</required><RPYAttribute z:Ref="i689"/><XYZAttribute z:Ref="i688"/><isCustomized>false</isCustomized></URDFElement><URDFElement z:Id="i690" i:type="Geometry"><Attributes/><ChildElements><URDFElement z:Id="i691" i:type="Mesh"><Attributes><Attribute z:Id="i692"><AttributeType>filename</AttributeType><IsRequired>true</IsRequired><Value i:nil="true"/></Attribute></Attributes><ChildElements/><ElementName>mesh</ElementName><required>false</required><FilenameAttribute z:Ref="i692"/></URDFElement></ChildElements><ElementName>geometry</ElementName><required>true</required><Mesh z:Ref="i691"/></URDFElement><URDFElement z:Id="i693" i:type="Material"><Attributes><Attribute z:Id="i694"><AttributeType>name</AttributeType><IsRequired>true</IsRequired><Value i:type="a:string" xmlns:a="http://www.w3.org/2001/XMLSchema"/></Attribute></Attributes><ChildElements><URDFElement z:Id="i695" i:type="Color"><Attributes><Attribute z:Id="i696"><AttributeType>rgba</AttributeType><IsRequired>true</IsRequired><Value i:type="a:ArrayOfdouble" xmlns:a="http://schemas.microsoft.com/2003/10/Serialization/Arrays"><a:double>0.792156862745098</a:double><a:double>0.81960784313725488</a:double><a:double>0.93333333333333335</a:double><a:double>1</a:double></Value></Attribute></Attributes><ChildElements/><ElementName>color</ElementName><required>false</required><RGBAAttribute z:Ref="i696"/></URDFElement><URDFElement z:Id="i697" i:type="Texture"><Attributes><Attribute z:Id="i698"><AttributeType>filename</AttributeType><IsRequired>true</IsRequired><Value i:nil="true"/></Attribute></Attributes><ChildElements/><ElementName>texture</ElementName><required>false</required><FilenameAttribute z:Ref="i698"/><wFilename/></URDFElement></ChildElements><ElementName>material</ElementName><required>false</required><Color z:Ref="i695"/><NameAttribute z:Ref="i694"/><Texture z:Ref="i697"/></URDFElement></ChildElements><ElementName>visual</ElementName><required>false</required><Geometry z:Ref="i690"/><Material z:Ref="i693"/><Origin z:Ref="i687"/></URDFElement><URDFElement z:Id="i699" i:type="Collision"><Attributes/><ChildElements><URDFElement z:Id="i700" i:type="Origin"><Attributes><Attribute z:Id="i701"><AttributeType>xyz</AttributeType><IsRequired>true</IsRequired><Value i:type="a:ArrayOfdouble" xmlns:a="http://schemas.microsoft.com/2003/10/Serialization/Arrays"><a:double>0</a:double><a:double>0</a:double><a:double>0</a:double></Value></Attribute><Attribute z:Id="i702"><AttributeType>rpy</AttributeType><IsRequired>true</IsRequired><Value i:type="a:ArrayOfdouble" xmlns:a="http://schemas.microsoft.com/2003/10/Serialization/Arrays"><a:double>0</a:double><a:double>0</a:double><a:double>0</a:double></Value></Attribute></Attributes><ChildElements/><ElementName>origin</ElementName><required>false</required><RPYAttribute z:Ref="i702"/><XYZAttribute z:Ref="i701"/><isCustomized>false</isCustomized></URDFElement><URDFElement z:Id="i703" i:type="Geometry"><Attributes/><ChildElements><URDFElement z:Id="i704" i:type="Mesh"><Attributes><Attribute z:Id="i705"><AttributeType>filename</AttributeType><IsRequired>true</IsRequired><Value i:nil="true"/></Attribute></Attributes><ChildElements/><ElementName>mesh</ElementName><required>false</required><FilenameAttribute z:Ref="i705"/></URDFElement></ChildElements><ElementName>geometry</ElementName><required>true</required><Mesh z:Ref="i704"/></URDFElement></ChildElements><ElementName>collision</ElementName><required>false</required><Geometry z:Ref="i703"/><Origin z:Ref="i700"/></URDFElement><URDFElement z:Id="i706" i:type="Joint"><Attributes><Attribute z:Id="i707"><AttributeType>name</AttributeType><IsRequired>true</IsRequired><Value i:type="a:string" xmlns:a="http://www.w3.org/2001/XMLSchema">frle_joint</Value></Attribute><Attribute z:Id="i708"><AttributeType>type</AttributeType><IsRequired>true</IsRequired><Value i:type="a:string" xmlns:a="http://www.w3.org/2001/XMLSchema">continuous</Value></Attribute></Attributes><ChildElements><URDFElement z:Id="i709" i:type="Origin"><Attributes><Attribute z:Id="i710"><AttributeType>xyz</AttributeType><IsRequired>true</IsRequired><Value i:type="a:ArrayOfdouble" xmlns:a="http://schemas.microsoft.com/2003/10/Serialization/Arrays"><a:double>0.24033972950611415</a:double><a:double>-0.084916417232767</a:double><a:double>-0.012449999995784888</a:double></Value></Attribute><Attribute z:Id="i711"><AttributeType>rpy</AttributeType><IsRequired>true</IsRequired><Value i:type="a:ArrayOfdouble" xmlns:a="http://schemas.microsoft.com/2003/10/Serialization/Arrays"><a:double>0</a:double><a:double>0</a:double><a:double>0.0082570048974622643</a:double></Value></Attribute></Attributes><ChildElements/><ElementName>origin</ElementName><required>false</required><RPYAttribute z:Ref="i711"/><XYZAttribute z:Ref="i710"/><isCustomized>false</isCustomized></URDFElement><URDFElement z:Id="i712" i:type="ParentLink"><Attributes><Attribute z:Id="i713"><AttributeType>link</AttributeType><IsRequired>true</IsRequired><Value i:type="a:string" xmlns:a="http://www.w3.org/2001/XMLSchema">base_link</Value></Attribute></Attributes><ChildElements/><ElementName>parent</ElementName><required>true</required><NameAttribute z:Ref="i713"/></URDFElement><URDFElement z:Id="i714" i:type="ChildLink"><Attributes><Attribute z:Id="i715"><AttributeType>link</AttributeType><IsRequired>true</IsRequired><Value i:type="a:string" xmlns:a="http://www.w3.org/2001/XMLSchema">frle_Link</Value></Attribute></Attributes><ChildElements/><ElementName>child</ElementName><required>true</required><NameAttribute z:Ref="i715"/></URDFElement><URDFElement z:Id="i716" i:type="Axis"><Attributes><Attribute z:Id="i717"><AttributeType>xyz</AttributeType><IsRequired>true</IsRequired><Value i:type="a:ArrayOfdouble" xmlns:a="http://schemas.microsoft.com/2003/10/Serialization/Arrays"><a:double>0</a:double><a:double>0</a:double><a:double>1</a:double></Value></Attribute></Attributes><ChildElements/><ElementName>axis</ElementName><required>false</required><XYZAttribute z:Ref="i717"/></URDFElement><URDFElement z:Id="i718" i:type="Limit"><Attributes><Attribute z:Id="i719"><AttributeType>lower</AttributeType><IsRequired>false</IsRequired><Value i:nil="true"/></Attribute><Attribute z:Id="i720"><AttributeType>upper</AttributeType><IsRequired>false</IsRequired><Value i:nil="true"/></Attribute><Attribute z:Id="i721"><AttributeType>effort</AttributeType><IsRequired>true</IsRequired><Value i:nil="true"/></Attribute><Attribute z:Id="i722"><AttributeType>velocity</AttributeType><IsRequired>true</IsRequired><Value i:nil="true"/></Attribute></Attributes><ChildElements/><ElementName>limit</ElementName><required>false</required><EffortAttribute z:Ref="i721"/><LowerAttribute z:Ref="i719"/><UpperAttribute z:Ref="i720"/><VelocityAttribute z:Ref="i722"/></URDFElement><URDFElement z:Id="i723" i:type="Calibration"><Attributes><Attribute z:Id="i724"><AttributeType>rising</AttributeType><IsRequired>false</IsRequired><Value i:nil="true"/></Attribute><Attribute z:Id="i725"><AttributeType>falling</AttributeType><IsRequired>false</IsRequired><Value i:nil="true"/></Attribute></Attributes><ChildElements/><ElementName>calibration</ElementName><required>false</required><FallingAttribute z:Ref="i725"/><RisingAttribute z:Ref="i724"/></URDFElement><URDFElement z:Id="i726" i:type="Dynamics"><Attributes><Attribute z:Id="i727"><AttributeType>damping</AttributeType><IsRequired>false</IsRequired><Value i:nil="true"/></Attribute><Attribute z:Id="i728"><AttributeType>friction</AttributeType><IsRequired>false</IsRequired><Value i:nil="true"/></Attribute></Attributes><ChildElements/><ElementName>dynamics</ElementName><required>false</required><DampingAttribute z:Ref="i727"/><FrictionAttribute z:Ref="i728"/></URDFElement><URDFElement z:Id="i729" i:type="SafetyController"><Attributes><Attribute z:Id="i730"><AttributeType>soft_upper_limit</AttributeType><IsRequired>false</IsRequired><Value i:nil="true"/></Attribute><Attribute z:Id="i731"><AttributeType>soft_lower_limit</AttributeType><IsRequired>false</IsRequired><Value i:nil="true"/></Attribute><Attribute z:Id="i732"><AttributeType>k_position</AttributeType><IsRequired>false</IsRequired><Value i:nil="true"/></Attribute><Attribute z:Id="i733"><AttributeType>k_velocity</AttributeType><IsRequired>true</IsRequired><Value i:nil="true"/></Attribute></Attributes><ChildElements/><ElementName>safety_controller</ElementName><required>false</required><KPositionAttribute z:Ref="i732"/><KVelocityAttribute z:Ref="i733"/><SoftLowerAttribute z:Ref="i731"/><SoftUpperAttribute z:Ref="i730"/></URDFElement><URDFElement z:Id="i734" i:type="Mimic"><Attributes><Attribute z:Id="i735"><AttributeType>joint</AttributeType><IsRequired>true</IsRequired><Value i:nil="true"/></Attribute><Attribute z:Id="i736"><AttributeType>multiplier</AttributeType><IsRequired>false</IsRequired><Value i:nil="true"/></Attribute><Attribute z:Id="i737"><AttributeType>offset</AttributeType><IsRequired>false</IsRequired><Value i:nil="true"/></Attribute></Attributes><ChildElements/><ElementName>mimic</ElementName><required>false</required><JointNameAttribute z:Ref="i735"/><MultiplierAttribute z:Ref="i736"/><OffsetAttribute z:Ref="i737"/></URDFElement></ChildElements><ElementName>joint</ElementName><required>false</required><Axis z:Ref="i716"/><AxisName>Axis8_frle</AxisName><Calibration z:Ref="i723"/><Child z:Ref="i714"/><CoordinateSystemName>Coordinate System21</CoordinateSystemName><Dynamics z:Ref="i726"/><Limit z:Ref="i718"/><Mimic z:Ref="i734"/><NameAttribute z:Ref="i707"/><Origin z:Ref="i709"/><Parent z:Ref="i712"/><Safety z:Ref="i729"/><TypeAttribute z:Ref="i708"/></URDFElement></ChildElements><ElementName>link</ElementName><required>true</required><Children/><Collision z:Ref="i699"/><Inertial z:Ref="i673"/><Joint z:Ref="i706"/><NameAttribute z:Ref="i672"/><Parent z:Ref="i1"/><STLQualityFine>false</STLQualityFine><SWComponentPIDs xmlns:a="http://schemas.microsoft.com/2003/10/Serialization/Arrays"><a:base64Binary>aEIAAAUAAAD//v92YwB1AG0AXwBkAGEAaAB1AG8AbgBnAF8AdAByAHUAbwBjAF8AcwBhAHUALQA1AEAAcgBvAGIAbwBWADIALwBzAHUAcwBwAGUAbgBzAGkAbwBuAF8AdgAyAC0AMQBAAGMAdQBtAF8AZABhAGgAdQBvAG4AZwBfAHQAcgB1AG8AYwBfAHMAYQB1AC8AYgBhAG4AaABkAGEAaAB1AG8AbgBnAC0AMQBAAHMAdQBzAHAAZQBuAHMAaQBvAG4AXwB2ADIALwBOAEUAUABfAFMAQQBUAC0AMQBAAGIAYQBuAGgAZABhAGgAdQBvAG4AZwAEAAAAEAAAAAEAAAAEAAAAGQYAACsAAAB0AAAAGwAAAA==</a:base64Binary></SWComponentPIDs><SWMainComponentPID i:nil="true"/><Visual z:Ref="i686"/><isFixedFrame>false</isFixedFrame><isIncomplete>false</isIncomplete></Link><Link z:Id="i738"><Attributes><Attribute z:Id="i739"><AttributeType>name</AttributeType><IsRequired>true</IsRequired><Value i:type="a:string" xmlns:a="http://www.w3.org/2001/XMLSchema">frrig_Link</Value></Attribute></Attributes><ChildElements><URDFElement z:Id="i740" i:type="Inertial"><Attributes/><ChildElements><URDFElement z:Id="i741" i:type="Origin"><Attributes><Attribute z:Id="i742"><AttributeType>xyz</AttributeType><IsRequired>true</IsRequired><Value i:type="a:ArrayOfdouble" xmlns:a="http://schemas.microsoft.com/2003/10/Serialization/Arrays"><a:double>-0.0024391944497749174</a:double><a:double>-2.0140898242704264E-05</a:double><a:double>-0.012241171349341662</a:double></Value></Attribute><Attribute z:Id="i743"><AttributeType>rpy</AttributeType><IsRequired>true</IsRequired><Value i:type="a:ArrayOfdouble" xmlns:a="http://schemas.microsoft.com/2003/10/Serialization/Arrays"><a:double>0</a:double><a:double>0</a:double><a:double>0</a:double></Value></Attribute></Attributes><ChildElements/><ElementName>origin</ElementName><required>false</required><RPYAttribute z:Ref="i743"/><XYZAttribute z:Ref="i742"/><isCustomized>false</isCustomized></URDFElement><URDFElement z:Id="i744" i:type="Mass"><Attributes><Attribute z:Id="i745"><AttributeType>value</AttributeType><IsRequired>true</IsRequired><Value i:type="a:double" xmlns:a="http://www.w3.org/2001/XMLSchema">0.0014624313249854955</Value></Attribute></Attributes><ChildElements/><ElementName>mass</ElementName><required>false</required><ValueAttribute z:Ref="i745"/></URDFElement><URDFElement z:Id="i746" i:type="Inertia"><Attributes><Attribute z:Id="i747"><AttributeType>ixx</AttributeType><IsRequired>true</IsRequired><Value i:type="a:double" xmlns:a="http://www.w3.org/2001/XMLSchema">2.7708427547743657E-07</Value></Attribute><Attribute z:Id="i748"><AttributeType>ixy</AttributeType><IsRequired>true</IsRequired><Value i:type="a:double" xmlns:a="http://www.w3.org/2001/XMLSchema">4.9103913665956736E-10</Value></Attribute><Attribute z:Id="i749"><AttributeType>ixz</AttributeType><IsRequired>true</IsRequired><Value i:type="a:double" xmlns:a="http://www.w3.org/2001/XMLSchema">-4.8020272160716054E-08</Value></Attribute><Attribute z:Id="i750"><AttributeType>iyy</AttributeType><IsRequired>true</IsRequired><Value i:type="a:double" xmlns:a="http://www.w3.org/2001/XMLSchema">2.1762028042854115E-07</Value></Attribute><Attribute z:Id="i751"><AttributeType>iyz</AttributeType><IsRequired>true</IsRequired><Value i:type="a:double" xmlns:a="http://www.w3.org/2001/XMLSchema">-3.96512633613084E-10</Value></Attribute><Attribute z:Id="i752"><AttributeType>izz</AttributeType><IsRequired>true</IsRequired><Value i:type="a:double" xmlns:a="http://www.w3.org/2001/XMLSchema">1.4212808243369211E-07</Value></Attribute></Attributes><ChildElements/><ElementName>inertia</ElementName><required>false</required><IxxAttribute z:Ref="i747"/><IxyAttribute z:Ref="i748"/><IxzAttribute z:Ref="i749"/><IyyAttribute z:Ref="i750"/><IyzAttribute z:Ref="i751"/><IzzAttribute z:Ref="i752"/></URDFElement></ChildElements><ElementName>inertial</ElementName><required>false</required><Inertia z:Ref="i746"/><Mass z:Ref="i744"/><Origin z:Ref="i741"/></URDFElement><URDFElement z:Id="i753" i:type="Visual"><Attributes/><ChildElements><URDFElement z:Id="i754" i:type="Origin"><Attributes><Attribute z:Id="i755"><AttributeType>xyz</AttributeType><IsRequired>true</IsRequired><Value i:type="a:ArrayOfdouble" xmlns:a="http://schemas.microsoft.com/2003/10/Serialization/Arrays"><a:double>0</a:double><a:double>0</a:double><a:double>0</a:double></Value></Attribute><Attribute z:Id="i756"><AttributeType>rpy</AttributeType><IsRequired>true</IsRequired><Value i:type="a:ArrayOfdouble" xmlns:a="http://schemas.microsoft.com/2003/10/Serialization/Arrays"><a:double>0</a:double><a:double>0</a:double><a:double>0</a:double></Value></Attribute></Attributes><ChildElements/><ElementName>origin</ElementName><required>false</required><RPYAttribute z:Ref="i756"/><XYZAttribute z:Ref="i755"/><isCustomized>false</isCustomized></URDFElement><URDFElement z:Id="i757" i:type="Geometry"><Attributes/><ChildElements><URDFElement z:Id="i758" i:type="Mesh"><Attributes><Attribute z:Id="i759"><AttributeType>filename</AttributeType><IsRequired>true</IsRequired><Value i:nil="true"/></Attribute></Attributes><ChildElements/><ElementName>mesh</ElementName><required>false</required><FilenameAttribute z:Ref="i759"/></URDFElement></ChildElements><ElementName>geometry</ElementName><required>true</required><Mesh z:Ref="i758"/></URDFElement><URDFElement z:Id="i760" i:type="Material"><Attributes><Attribute z:Id="i761"><AttributeType>name</AttributeType><IsRequired>true</IsRequired><Value i:type="a:string" xmlns:a="http://www.w3.org/2001/XMLSchema"/></Attribute></Attributes><ChildElements><URDFElement z:Id="i762" i:type="Color"><Attributes><Attribute z:Id="i763"><AttributeType>rgba</AttributeType><IsRequired>true</IsRequired><Value i:type="a:ArrayOfdouble" xmlns:a="http://schemas.microsoft.com/2003/10/Serialization/Arrays"><a:double>0.792156862745098</a:double><a:double>0.81960784313725488</a:double><a:double>0.93333333333333335</a:double><a:double>1</a:double></Value></Attribute></Attributes><ChildElements/><ElementName>color</ElementName><required>false</required><RGBAAttribute z:Ref="i763"/></URDFElement><URDFElement z:Id="i764" i:type="Texture"><Attributes><Attribute z:Id="i765"><AttributeType>filename</AttributeType><IsRequired>true</IsRequired><Value i:nil="true"/></Attribute></Attributes><ChildElements/><ElementName>texture</ElementName><required>false</required><FilenameAttribute z:Ref="i765"/><wFilename/></URDFElement></ChildElements><ElementName>material</ElementName><required>false</required><Color z:Ref="i762"/><NameAttribute z:Ref="i761"/><Texture z:Ref="i764"/></URDFElement></ChildElements><ElementName>visual</ElementName><required>false</required><Geometry z:Ref="i757"/><Material z:Ref="i760"/><Origin z:Ref="i754"/></URDFElement><URDFElement z:Id="i766" i:type="Collision"><Attributes/><ChildElements><URDFElement z:Id="i767" i:type="Origin"><Attributes><Attribute z:Id="i768"><AttributeType>xyz</AttributeType><IsRequired>true</IsRequired><Value i:type="a:ArrayOfdouble" xmlns:a="http://schemas.microsoft.com/2003/10/Serialization/Arrays"><a:double>0</a:double><a:double>0</a:double><a:double>0</a:double></Value></Attribute><Attribute z:Id="i769"><AttributeType>rpy</AttributeType><IsRequired>true</IsRequired><Value i:type="a:ArrayOfdouble" xmlns:a="http://schemas.microsoft.com/2003/10/Serialization/Arrays"><a:double>0</a:double><a:double>0</a:double><a:double>0</a:double></Value></Attribute></Attributes><ChildElements/><ElementName>origin</ElementName><required>false</required><RPYAttribute z:Ref="i769"/><XYZAttribute z:Ref="i768"/><isCustomized>false</isCustomized></URDFElement><URDFElement z:Id="i770" i:type="Geometry"><Attributes/><ChildElements><URDFElement z:Id="i771" i:type="Mesh"><Attributes><Attribute z:Id="i772"><AttributeType>filename</AttributeType><IsRequired>true</IsRequired><Value i:nil="true"/></Attribute></Attributes><ChildElements/><ElementName>mesh</ElementName><required>false</required><FilenameAttribute z:Ref="i772"/></URDFElement></ChildElements><ElementName>geometry</ElementName><required>true</required><Mesh z:Ref="i771"/></URDFElement></ChildElements><ElementName>collision</ElementName><required>false</required><Geometry z:Ref="i770"/><Origin z:Ref="i767"/></URDFElement><URDFElement z:Id="i773" i:type="Joint"><Attributes><Attribute z:Id="i774"><AttributeType>name</AttributeType><IsRequired>true</IsRequired><Value i:type="a:string" xmlns:a="http://www.w3.org/2001/XMLSchema">frrig_joint</Value></Attribute><Attribute z:Id="i775"><AttributeType>type</AttributeType><IsRequired>true</IsRequired><Value i:type="a:string" xmlns:a="http://www.w3.org/2001/XMLSchema">continuous</Value></Attribute></Attributes><ChildElements><URDFElement z:Id="i776" i:type="Origin"><Attributes><Attribute z:Id="i777"><AttributeType>xyz</AttributeType><IsRequired>true</IsRequired><Value i:type="a:ArrayOfdouble" xmlns:a="http://schemas.microsoft.com/2003/10/Serialization/Arrays"><a:double>0.23890302697936738</a:double><a:double>0.089077651303633654</a:double><a:double>-0.012449999995784944</a:double></Value></Attribute><Attribute z:Id="i778"><AttributeType>rpy</AttributeType><IsRequired>true</IsRequired><Value i:type="a:ArrayOfdouble" xmlns:a="http://schemas.microsoft.com/2003/10/Serialization/Arrays"><a:double>0</a:double><a:double>0</a:double><a:double>0</a:double></Value></Attribute></Attributes><ChildElements/><ElementName>origin</ElementName><required>false</required><RPYAttribute z:Ref="i778"/><XYZAttribute z:Ref="i777"/><isCustomized>false</isCustomized></URDFElement><URDFElement z:Id="i779" i:type="ParentLink"><Attributes><Attribute z:Id="i780"><AttributeType>link</AttributeType><IsRequired>true</IsRequired><Value i:type="a:string" xmlns:a="http://www.w3.org/2001/XMLSchema">base_link</Value></Attribute></Attributes><ChildElements/><ElementName>parent</ElementName><required>true</required><NameAttribute z:Ref="i780"/></URDFElement><URDFElement z:Id="i781" i:type="ChildLink"><Attributes><Attribute z:Id="i782"><AttributeType>link</AttributeType><IsRequired>true</IsRequired><Value i:type="a:string" xmlns:a="http://www.w3.org/2001/XMLSchema">frrig_Link</Value></Attribute></Attributes><ChildElements/><ElementName>child</ElementName><required>true</required><NameAttribute z:Ref="i782"/></URDFElement><URDFElement z:Id="i783" i:type="Axis"><Attributes><Attribute z:Id="i784"><AttributeType>xyz</AttributeType><IsRequired>true</IsRequired><Value i:type="a:ArrayOfdouble" xmlns:a="http://schemas.microsoft.com/2003/10/Serialization/Arrays"><a:double>0</a:double><a:double>0</a:double><a:double>1</a:double></Value></Attribute></Attributes><ChildElements/><ElementName>axis</ElementName><required>false</required><XYZAttribute z:Ref="i784"/></URDFElement><URDFElement z:Id="i785" i:type="Limit"><Attributes><Attribute z:Id="i786"><AttributeType>lower</AttributeType><IsRequired>false</IsRequired><Value i:nil="true"/></Attribute><Attribute z:Id="i787"><AttributeType>upper</AttributeType><IsRequired>false</IsRequired><Value i:nil="true"/></Attribute><Attribute z:Id="i788"><AttributeType>effort</AttributeType><IsRequired>true</IsRequired><Value i:nil="true"/></Attribute><Attribute z:Id="i789"><AttributeType>velocity</AttributeType><IsRequired>true</IsRequired><Value i:nil="true"/></Attribute></Attributes><ChildElements/><ElementName>limit</ElementName><required>false</required><EffortAttribute z:Ref="i788"/><LowerAttribute z:Ref="i786"/><UpperAttribute z:Ref="i787"/><VelocityAttribute z:Ref="i789"/></URDFElement><URDFElement z:Id="i790" i:type="Calibration"><Attributes><Attribute z:Id="i791"><AttributeType>rising</AttributeType><IsRequired>false</IsRequired><Value i:nil="true"/></Attribute><Attribute z:Id="i792"><AttributeType>falling</AttributeType><IsRequired>false</IsRequired><Value i:nil="true"/></Attribute></Attributes><ChildElements/><ElementName>calibration</ElementName><required>false</required><FallingAttribute z:Ref="i792"/><RisingAttribute z:Ref="i791"/></URDFElement><URDFElement z:Id="i793" i:type="Dynamics"><Attributes><Attribute z:Id="i794"><AttributeType>damping</AttributeType><IsRequired>false</IsRequired><Value i:nil="true"/></Attribute><Attribute z:Id="i795"><AttributeType>friction</AttributeType><IsRequired>false</IsRequired><Value i:nil="true"/></Attribute></Attributes><ChildElements/><ElementName>dynamics</ElementName><required>false</required><DampingAttribute z:Ref="i794"/><FrictionAttribute z:Ref="i795"/></URDFElement><URDFElement z:Id="i796" i:type="SafetyController"><Attributes><Attribute z:Id="i797"><AttributeType>soft_upper_limit</AttributeType><IsRequired>false</IsRequired><Value i:nil="true"/></Attribute><Attribute z:Id="i798"><AttributeType>soft_lower_limit</AttributeType><IsRequired>false</IsRequired><Value i:nil="true"/></Attribute><Attribute z:Id="i799"><AttributeType>k_position</AttributeType><IsRequired>false</IsRequired><Value i:nil="true"/></Attribute><Attribute z:Id="i800"><AttributeType>k_velocity</AttributeType><IsRequired>true</IsRequired><Value i:nil="true"/></Attribute></Attributes><ChildElements/><ElementName>safety_controller</ElementName><required>false</required><KPositionAttribute z:Ref="i799"/><KVelocityAttribute z:Ref="i800"/><SoftLowerAttribute z:Ref="i798"/><SoftUpperAttribute z:Ref="i797"/></URDFElement><URDFElement z:Id="i801" i:type="Mimic"><Attributes><Attribute z:Id="i802"><AttributeType>joint</AttributeType><IsRequired>true</IsRequired><Value i:nil="true"/></Attribute><Attribute z:Id="i803"><AttributeType>multiplier</AttributeType><IsRequired>false</IsRequired><Value i:nil="true"/></Attribute><Attribute z:Id="i804"><AttributeType>offset</AttributeType><IsRequired>false</IsRequired><Value i:nil="true"/></Attribute></Attributes><ChildElements/><ElementName>mimic</ElementName><required>false</required><JointNameAttribute z:Ref="i802"/><MultiplierAttribute z:Ref="i803"/><OffsetAttribute z:Ref="i804"/></URDFElement></ChildElements><ElementName>joint</ElementName><required>false</required><Axis z:Ref="i783"/><AxisName> Axis9_frrig</AxisName><Calibration z:Ref="i790"/><Child z:Ref="i781"/><CoordinateSystemName>Coordinate System22</CoordinateSystemName><Dynamics z:Ref="i793"/><Limit z:Ref="i785"/><Mimic z:Ref="i801"/><NameAttribute z:Ref="i774"/><Origin z:Ref="i776"/><Parent z:Ref="i779"/><Safety z:Ref="i796"/><TypeAttribute z:Ref="i775"/></URDFElement></ChildElements><ElementName>link</ElementName><required>true</required><Children/><Collision z:Ref="i766"/><Inertial z:Ref="i740"/><Joint z:Ref="i773"/><NameAttribute z:Ref="i739"/><Parent z:Ref="i1"/><STLQualityFine>false</STLQualityFine><SWComponentPIDs xmlns:a="http://schemas.microsoft.com/2003/10/Serialization/Arrays"><a:base64Binary>aEIAAAUAAAD//v92YwB1AG0AXwBkAGEAaAB1AG8AbgBnAF8AdAByAHUAbwBjAF8AcwBhAHUALQA1AEAAcgBvAGIAbwBWADIALwBzAHUAcwBwAGUAbgBzAGkAbwBuAF8AdgAyAC0AMgBAAGMAdQBtAF8AZABhAGgAdQBvAG4AZwBfAHQAcgB1AG8AYwBfAHMAYQB1AC8AYgBhAG4AaABkAGEAaAB1AG8AbgBnAC0AMQBAAHMAdQBzAHAAZQBuAHMAaQBvAG4AXwB2ADIALwBOAEUAUABfAFMAQQBUAC0AMQBAAGIAYQBuAGgAZABhAGgAdQBvAG4AZwAEAAAAEAAAAAEAAAAEAAAAGQYAADAAAAB0AAAAGwAAAA==</a:base64Binary></SWComponentPIDs><SWMainComponentPID i:nil="true"/><Visual z:Ref="i753"/><isFixedFrame>false</isFixedFrame><isIncomplete>false</isIncomplete></Link><Link z:Id="i805"><Attributes><Attribute z:Id="i806"><AttributeType>name</AttributeType><IsRequired>true</IsRequired><Value i:type="a:string" xmlns:a="http://www.w3.org/2001/XMLSchema">bale_Link</Value></Attribute></Attributes><ChildElements><URDFElement z:Id="i807" i:type="Inertial"><Attributes/><ChildElements><URDFElement z:Id="i808" i:type="Origin"><Attributes><Attribute z:Id="i809"><AttributeType>xyz</AttributeType><IsRequired>true</IsRequired><Value i:type="a:ArrayOfdouble" xmlns:a="http://schemas.microsoft.com/2003/10/Serialization/Arrays"><a:double>0.0024391944497750284</a:double><a:double>2.0140898242759775E-05</a:double><a:double>-0.012241171349341551</a:double></Value></Attribute><Attribute z:Id="i810"><AttributeType>rpy</AttributeType><IsRequired>true</IsRequired><Value i:type="a:ArrayOfdouble" xmlns:a="http://schemas.microsoft.com/2003/10/Serialization/Arrays"><a:double>0</a:double><a:double>0</a:double><a:double>0</a:double></Value></Attribute></Attributes><ChildElements/><ElementName>origin</ElementName><required>false</required><RPYAttribute z:Ref="i810"/><XYZAttribute z:Ref="i809"/><isCustomized>false</isCustomized></URDFElement><URDFElement z:Id="i811" i:type="Mass"><Attributes><Attribute z:Id="i812"><AttributeType>value</AttributeType><IsRequired>true</IsRequired><Value i:type="a:double" xmlns:a="http://www.w3.org/2001/XMLSchema">0.0014624313249855059</Value></Attribute></Attributes><ChildElements/><ElementName>mass</ElementName><required>false</required><ValueAttribute z:Ref="i812"/></URDFElement><URDFElement z:Id="i813" i:type="Inertia"><Attributes><Attribute z:Id="i814"><AttributeType>ixx</AttributeType><IsRequired>true</IsRequired><Value i:type="a:double" xmlns:a="http://www.w3.org/2001/XMLSchema">2.7708427547744059E-07</Value></Attribute><Attribute z:Id="i815"><AttributeType>ixy</AttributeType><IsRequired>true</IsRequired><Value i:type="a:double" xmlns:a="http://www.w3.org/2001/XMLSchema">4.9103913665900777E-10</Value></Attribute><Attribute z:Id="i816"><AttributeType>ixz</AttributeType><IsRequired>true</IsRequired><Value i:type="a:double" xmlns:a="http://www.w3.org/2001/XMLSchema">4.802027216071669E-08</Value></Attribute><Attribute z:Id="i817"><AttributeType>iyy</AttributeType><IsRequired>true</IsRequired><Value i:type="a:double" xmlns:a="http://www.w3.org/2001/XMLSchema">2.1762028042854644E-07</Value></Attribute><Attribute z:Id="i818"><AttributeType>iyz</AttributeType><IsRequired>true</IsRequired><Value i:type="a:double" xmlns:a="http://www.w3.org/2001/XMLSchema">3.9651263361396403E-10</Value></Attribute><Attribute z:Id="i819"><AttributeType>izz</AttributeType><IsRequired>true</IsRequired><Value i:type="a:double" xmlns:a="http://www.w3.org/2001/XMLSchema">1.4212808243369211E-07</Value></Attribute></Attributes><ChildElements/><ElementName>inertia</ElementName><required>false</required><IxxAttribute z:Ref="i814"/><IxyAttribute z:Ref="i815"/><IxzAttribute z:Ref="i816"/><IyyAttribute z:Ref="i817"/><IyzAttribute z:Ref="i818"/><IzzAttribute z:Ref="i819"/></URDFElement></ChildElements><ElementName>inertial</ElementName><required>false</required><Inertia z:Ref="i813"/><Mass z:Ref="i811"/><Origin z:Ref="i808"/></URDFElement><URDFElement z:Id="i820" i:type="Visual"><Attributes/><ChildElements><URDFElement z:Id="i821" i:type="Origin"><Attributes><Attribute z:Id="i822"><AttributeType>xyz</AttributeType><IsRequired>true</IsRequired><Value i:type="a:ArrayOfdouble" xmlns:a="http://schemas.microsoft.com/2003/10/Serialization/Arrays"><a:double>0</a:double><a:double>0</a:double><a:double>0</a:double></Value></Attribute><Attribute z:Id="i823"><AttributeType>rpy</AttributeType><IsRequired>true</IsRequired><Value i:type="a:ArrayOfdouble" xmlns:a="http://schemas.microsoft.com/2003/10/Serialization/Arrays"><a:double>0</a:double><a:double>0</a:double><a:double>0</a:double></Value></Attribute></Attributes><ChildElements/><ElementName>origin</ElementName><required>false</required><RPYAttribute z:Ref="i823"/><XYZAttribute z:Ref="i822"/><isCustomized>false</isCustomized></URDFElement><URDFElement z:Id="i824" i:type="Geometry"><Attributes/><ChildElements><URDFElement z:Id="i825" i:type="Mesh"><Attributes><Attribute z:Id="i826"><AttributeType>filename</AttributeType><IsRequired>true</IsRequired><Value i:nil="true"/></Attribute></Attributes><ChildElements/><ElementName>mesh</ElementName><required>false</required><FilenameAttribute z:Ref="i826"/></URDFElement></ChildElements><ElementName>geometry</ElementName><required>true</required><Mesh z:Ref="i825"/></URDFElement><URDFElement z:Id="i827" i:type="Material"><Attributes><Attribute z:Id="i828"><AttributeType>name</AttributeType><IsRequired>true</IsRequired><Value i:type="a:string" xmlns:a="http://www.w3.org/2001/XMLSchema"/></Attribute></Attributes><ChildElements><URDFElement z:Id="i829" i:type="Color"><Attributes><Attribute z:Id="i830"><AttributeType>rgba</AttributeType><IsRequired>true</IsRequired><Value i:type="a:ArrayOfdouble" xmlns:a="http://schemas.microsoft.com/2003/10/Serialization/Arrays"><a:double>0.792156862745098</a:double><a:double>0.81960784313725488</a:double><a:double>0.93333333333333335</a:double><a:double>1</a:double></Value></Attribute></Attributes><ChildElements/><ElementName>color</ElementName><required>false</required><RGBAAttribute z:Ref="i830"/></URDFElement><URDFElement z:Id="i831" i:type="Texture"><Attributes><Attribute z:Id="i832"><AttributeType>filename</AttributeType><IsRequired>true</IsRequired><Value i:nil="true"/></Attribute></Attributes><ChildElements/><ElementName>texture</ElementName><required>false</required><FilenameAttribute z:Ref="i832"/><wFilename/></URDFElement></ChildElements><ElementName>material</ElementName><required>false</required><Color z:Ref="i829"/><NameAttribute z:Ref="i828"/><Texture z:Ref="i831"/></URDFElement></ChildElements><ElementName>visual</ElementName><required>false</required><Geometry z:Ref="i824"/><Material z:Ref="i827"/><Origin z:Ref="i821"/></URDFElement><URDFElement z:Id="i833" i:type="Collision"><Attributes/><ChildElements><URDFElement z:Id="i834" i:type="Origin"><Attributes><Attribute z:Id="i835"><AttributeType>xyz</AttributeType><IsRequired>true</IsRequired><Value i:type="a:ArrayOfdouble" xmlns:a="http://schemas.microsoft.com/2003/10/Serialization/Arrays"><a:double>0</a:double><a:double>0</a:double><a:double>0</a:double></Value></Attribute><Attribute z:Id="i836"><AttributeType>rpy</AttributeType><IsRequired>true</IsRequired><Value i:type="a:ArrayOfdouble" xmlns:a="http://schemas.microsoft.com/2003/10/Serialization/Arrays"><a:double>0</a:double><a:double>0</a:double><a:double>0</a:double></Value></Attribute></Attributes><ChildElements/><ElementName>origin</ElementName><required>false</required><RPYAttribute z:Ref="i836"/><XYZAttribute z:Ref="i835"/><isCustomized>false</isCustomized></URDFElement><URDFElement z:Id="i837" i:type="Geometry"><Attributes/><ChildElements><URDFElement z:Id="i838" i:type="Mesh"><Attributes><Attribute z:Id="i839"><AttributeType>filename</AttributeType><IsRequired>true</IsRequired><Value i:nil="true"/></Attribute></Attributes><ChildElements/><ElementName>mesh</ElementName><required>false</required><FilenameAttribute z:Ref="i839"/></URDFElement></ChildElements><ElementName>geometry</ElementName><required>true</required><Mesh z:Ref="i838"/></URDFElement></ChildElements><ElementName>collision</ElementName><required>false</required><Geometry z:Ref="i837"/><Origin z:Ref="i834"/></URDFElement><URDFElement z:Id="i840" i:type="Joint"><Attributes><Attribute z:Id="i841"><AttributeType>name</AttributeType><IsRequired>true</IsRequired><Value i:type="a:string" xmlns:a="http://www.w3.org/2001/XMLSchema">bale_joint</Value></Attribute><Attribute z:Id="i842"><AttributeType>type</AttributeType><IsRequired>true</IsRequired><Value i:type="a:string" xmlns:a="http://www.w3.org/2001/XMLSchema">continuous</Value></Attribute></Attributes><ChildElements><URDFElement z:Id="i843" i:type="Origin"><Attributes><Attribute z:Id="i844"><AttributeType>xyz</AttributeType><IsRequired>true</IsRequired><Value i:type="a:ArrayOfdouble" xmlns:a="http://schemas.microsoft.com/2003/10/Serialization/Arrays"><a:double>-0.23864180645083066</a:double><a:double>-0.089130097783924889</a:double><a:double>-0.01244999999578128</a:double></Value></Attribute><Attribute z:Id="i845"><AttributeType>rpy</AttributeType><IsRequired>true</IsRequired><Value i:type="a:ArrayOfdouble" xmlns:a="http://schemas.microsoft.com/2003/10/Serialization/Arrays"><a:double>0</a:double><a:double>0</a:double><a:double>0</a:double></Value></Attribute></Attributes><ChildElements/><ElementName>origin</ElementName><required>false</required><RPYAttribute z:Ref="i845"/><XYZAttribute z:Ref="i844"/><isCustomized>false</isCustomized></URDFElement><URDFElement z:Id="i846" i:type="ParentLink"><Attributes><Attribute z:Id="i847"><AttributeType>link</AttributeType><IsRequired>true</IsRequired><Value i:type="a:string" xmlns:a="http://www.w3.org/2001/XMLSchema">base_link</Value></Attribute></Attributes><ChildElements/><ElementName>parent</ElementName><required>true</required><NameAttribute z:Ref="i847"/></URDFElement><URDFElement z:Id="i848" i:type="ChildLink"><Attributes><Attribute z:Id="i849"><AttributeType>link</AttributeType><IsRequired>true</IsRequired><Value i:type="a:string" xmlns:a="http://www.w3.org/2001/XMLSchema">bale_Link</Value></Attribute></Attributes><ChildElements/><ElementName>child</ElementName><required>true</required><NameAttribute z:Ref="i849"/></URDFElement><URDFElement z:Id="i850" i:type="Axis"><Attributes><Attribute z:Id="i851"><AttributeType>xyz</AttributeType><IsRequired>true</IsRequired><Value i:type="a:ArrayOfdouble" xmlns:a="http://schemas.microsoft.com/2003/10/Serialization/Arrays"><a:double>0</a:double><a:double>0</a:double><a:double>1</a:double></Value></Attribute></Attributes><ChildElements/><ElementName>axis</ElementName><required>false</required><XYZAttribute z:Ref="i851"/></URDFElement><URDFElement z:Id="i852" i:type="Limit"><Attributes><Attribute z:Id="i853"><AttributeType>lower</AttributeType><IsRequired>false</IsRequired><Value i:nil="true"/></Attribute><Attribute z:Id="i854"><AttributeType>upper</AttributeType><IsRequired>false</IsRequired><Value i:nil="true"/></Attribute><Attribute z:Id="i855"><AttributeType>effort</AttributeType><IsRequired>true</IsRequired><Value i:nil="true"/></Attribute><Attribute z:Id="i856"><AttributeType>velocity</AttributeType><IsRequired>true</IsRequired><Value i:nil="true"/></Attribute></Attributes><ChildElements/><ElementName>limit</ElementName><required>false</required><EffortAttribute z:Ref="i855"/><LowerAttribute z:Ref="i853"/><UpperAttribute z:Ref="i854"/><VelocityAttribute z:Ref="i856"/></URDFElement><URDFElement z:Id="i857" i:type="Calibration"><Attributes><Attribute z:Id="i858"><AttributeType>rising</AttributeType><IsRequired>false</IsRequired><Value i:nil="true"/></Attribute><Attribute z:Id="i859"><AttributeType>falling</AttributeType><IsRequired>false</IsRequired><Value i:nil="true"/></Attribute></Attributes><ChildElements/><ElementName>calibration</ElementName><required>false</required><FallingAttribute z:Ref="i859"/><RisingAttribute z:Ref="i858"/></URDFElement><URDFElement z:Id="i860" i:type="Dynamics"><Attributes><Attribute z:Id="i861"><AttributeType>damping</AttributeType><IsRequired>false</IsRequired><Value i:nil="true"/></Attribute><Attribute z:Id="i862"><AttributeType>friction</AttributeType><IsRequired>false</IsRequired><Value i:nil="true"/></Attribute></Attributes><ChildElements/><ElementName>dynamics</ElementName><required>false</required><DampingAttribute z:Ref="i861"/><FrictionAttribute z:Ref="i862"/></URDFElement><URDFElement z:Id="i863" i:type="SafetyController"><Attributes><Attribute z:Id="i864"><AttributeType>soft_upper_limit</AttributeType><IsRequired>false</IsRequired><Value i:nil="true"/></Attribute><Attribute z:Id="i865"><AttributeType>soft_lower_limit</AttributeType><IsRequired>false</IsRequired><Value i:nil="true"/></Attribute><Attribute z:Id="i866"><AttributeType>k_position</AttributeType><IsRequired>false</IsRequired><Value i:nil="true"/></Attribute><Attribute z:Id="i867"><AttributeType>k_velocity</AttributeType><IsRequired>true</IsRequired><Value i:nil="true"/></Attribute></Attributes><ChildElements/><ElementName>safety_controller</ElementName><required>false</required><KPositionAttribute z:Ref="i866"/><KVelocityAttribute z:Ref="i867"/><SoftLowerAttribute z:Ref="i865"/><SoftUpperAttribute z:Ref="i864"/></URDFElement><URDFElement z:Id="i868" i:type="Mimic"><Attributes><Attribute z:Id="i869"><AttributeType>joint</AttributeType><IsRequired>true</IsRequired><Value i:nil="true"/></Attribute><Attribute z:Id="i870"><AttributeType>multiplier</AttributeType><IsRequired>false</IsRequired><Value i:nil="true"/></Attribute><Attribute z:Id="i871"><AttributeType>offset</AttributeType><IsRequired>false</IsRequired><Value i:nil="true"/></Attribute></Attributes><ChildElements/><ElementName>mimic</ElementName><required>false</required><JointNameAttribute z:Ref="i869"/><MultiplierAttribute z:Ref="i870"/><OffsetAttribute z:Ref="i871"/></URDFElement></ChildElements><ElementName>joint</ElementName><required>false</required><Axis z:Ref="i850"/><AxisName>Axis10_bale</AxisName><Calibration z:Ref="i857"/><Child z:Ref="i848"/><CoordinateSystemName>Coordinate System23</CoordinateSystemName><Dynamics z:Ref="i860"/><Limit z:Ref="i852"/><Mimic z:Ref="i868"/><NameAttribute z:Ref="i841"/><Origin z:Ref="i843"/><Parent z:Ref="i846"/><Safety z:Ref="i863"/><TypeAttribute z:Ref="i842"/></URDFElement></ChildElements><ElementName>link</ElementName><required>true</required><Children/><Collision z:Ref="i833"/><Inertial z:Ref="i807"/><Joint z:Ref="i840"/><NameAttribute z:Ref="i806"/><Parent z:Ref="i1"/><STLQualityFine>false</STLQualityFine><SWComponentPIDs xmlns:a="http://schemas.microsoft.com/2003/10/Serialization/Arrays"><a:base64Binary>aEIAAAUAAAD//v92YwB1AG0AXwBkAGEAaAB1AG8AbgBnAF8AdAByAHUAbwBjAF8AcwBhAHUALQA2AEAAcgBvAGIAbwBWADIALwBzAHUAcwBwAGUAbgBzAGkAbwBuAF8AdgAyAC0AMgBAAGMAdQBtAF8AZABhAGgAdQBvAG4AZwBfAHQAcgB1AG8AYwBfAHMAYQB1AC8AYgBhAG4AaABkAGEAaAB1AG8AbgBnAC0AMQBAAHMAdQBzAHAAZQBuAHMAaQBvAG4AXwB2ADIALwBOAEUAUABfAFMAQQBUAC0AMQBAAGIAYQBuAGgAZABhAGgAdQBvAG4AZwAEAAAAEAAAAAEAAAAEAAAAIAYAADAAAAB0AAAAGwAAAA==</a:base64Binary></SWComponentPIDs><SWMainComponentPID i:nil="true"/><Visual z:Ref="i820"/><isFixedFrame>false</isFixedFrame><isIncomplete>false</isIncomplete></Link><Link z:Id="i872"><Attributes><Attribute z:Id="i873"><AttributeType>name</AttributeType><IsRequired>true</IsRequired><Value i:type="a:string" xmlns:a="http://www.w3.org/2001/XMLSchema">barig_Link</Value></Attribute></Attributes><ChildElements><URDFElement z:Id="i874" i:type="Inertial"><Attributes/><ChildElements><URDFElement z:Id="i875" i:type="Origin"><Attributes><Attribute z:Id="i876"><AttributeType>xyz</AttributeType><IsRequired>true</IsRequired><Value i:type="a:ArrayOfdouble" xmlns:a="http://schemas.microsoft.com/2003/10/Serialization/Arrays"><a:double>0.0024391944497750284</a:double><a:double>2.0140898242704264E-05</a:double><a:double>-0.012241171349341662</a:double></Value></Attribute><Attribute z:Id="i877"><AttributeType>rpy</AttributeType><IsRequired>true</IsRequired><Value i:type="a:ArrayOfdouble" xmlns:a="http://schemas.microsoft.com/2003/10/Serialization/Arrays"><a:double>0</a:double><a:double>0</a:double><a:double>0</a:double></Value></Attribute></Attributes><ChildElements/><ElementName>origin</ElementName><required>false</required><RPYAttribute z:Ref="i877"/><XYZAttribute z:Ref="i876"/><isCustomized>false</isCustomized></URDFElement><URDFElement z:Id="i878" i:type="Mass"><Attributes><Attribute z:Id="i879"><AttributeType>value</AttributeType><IsRequired>true</IsRequired><Value i:type="a:double" xmlns:a="http://www.w3.org/2001/XMLSchema">0.0014624313249855115</Value></Attribute></Attributes><ChildElements/><ElementName>mass</ElementName><required>false</required><ValueAttribute z:Ref="i879"/></URDFElement><URDFElement z:Id="i880" i:type="Inertia"><Attributes><Attribute z:Id="i881"><AttributeType>ixx</AttributeType><IsRequired>true</IsRequired><Value i:type="a:double" xmlns:a="http://www.w3.org/2001/XMLSchema">2.7708427547744117E-07</Value></Attribute><Attribute z:Id="i882"><AttributeType>ixy</AttributeType><IsRequired>true</IsRequired><Value i:type="a:double" xmlns:a="http://www.w3.org/2001/XMLSchema">4.9103913665918386E-10</Value></Attribute><Attribute z:Id="i883"><AttributeType>ixz</AttributeType><IsRequired>true</IsRequired><Value i:type="a:double" xmlns:a="http://www.w3.org/2001/XMLSchema">4.8020272160716696E-08</Value></Attribute><Attribute z:Id="i884"><AttributeType>iyy</AttributeType><IsRequired>true</IsRequired><Value i:type="a:double" xmlns:a="http://www.w3.org/2001/XMLSchema">2.1762028042854644E-07</Value></Attribute><Attribute z:Id="i885"><AttributeType>iyz</AttributeType><IsRequired>true</IsRequired><Value i:type="a:double" xmlns:a="http://www.w3.org/2001/XMLSchema">3.9651263361389579E-10</Value></Attribute><Attribute z:Id="i886"><AttributeType>izz</AttributeType><IsRequired>true</IsRequired><Value i:type="a:double" xmlns:a="http://www.w3.org/2001/XMLSchema">1.4212808243369299E-07</Value></Attribute></Attributes><ChildElements/><ElementName>inertia</ElementName><required>false</required><IxxAttribute z:Ref="i881"/><IxyAttribute z:Ref="i882"/><IxzAttribute z:Ref="i883"/><IyyAttribute z:Ref="i884"/><IyzAttribute z:Ref="i885"/><IzzAttribute z:Ref="i886"/></URDFElement></ChildElements><ElementName>inertial</ElementName><required>false</required><Inertia z:Ref="i880"/><Mass z:Ref="i878"/><Origin z:Ref="i875"/></URDFElement><URDFElement z:Id="i887" i:type="Visual"><Attributes/><ChildElements><URDFElement z:Id="i888" i:type="Origin"><Attributes><Attribute z:Id="i889"><AttributeType>xyz</AttributeType><IsRequired>true</IsRequired><Value i:type="a:ArrayOfdouble" xmlns:a="http://schemas.microsoft.com/2003/10/Serialization/Arrays"><a:double>0</a:double><a:double>0</a:double><a:double>0</a:double></Value></Attribute><Attribute z:Id="i890"><AttributeType>rpy</AttributeType><IsRequired>true</IsRequired><Value i:type="a:ArrayOfdouble" xmlns:a="http://schemas.microsoft.com/2003/10/Serialization/Arrays"><a:double>0</a:double><a:double>0</a:double><a:double>0</a:double></Value></Attribute></Attributes><ChildElements/><ElementName>origin</ElementName><required>false</required><RPYAttribute z:Ref="i890"/><XYZAttribute z:Ref="i889"/><isCustomized>false</isCustomized></URDFElement><URDFElement z:Id="i891" i:type="Geometry"><Attributes/><ChildElements><URDFElement z:Id="i892" i:type="Mesh"><Attributes><Attribute z:Id="i893"><AttributeType>filename</AttributeType><IsRequired>true</IsRequired><Value i:nil="true"/></Attribute></Attributes><ChildElements/><ElementName>mesh</ElementName><required>false</required><FilenameAttribute z:Ref="i893"/></URDFElement></ChildElements><ElementName>geometry</ElementName><required>true</required><Mesh z:Ref="i892"/></URDFElement><URDFElement z:Id="i894" i:type="Material"><Attributes><Attribute z:Id="i895"><AttributeType>name</AttributeType><IsRequired>true</IsRequired><Value i:type="a:string" xmlns:a="http://www.w3.org/2001/XMLSchema"/></Attribute></Attributes><ChildElements><URDFElement z:Id="i896" i:type="Color"><Attributes><Attribute z:Id="i897"><AttributeType>rgba</AttributeType><IsRequired>true</IsRequired><Value i:type="a:ArrayOfdouble" xmlns:a="http://schemas.microsoft.com/2003/10/Serialization/Arrays"><a:double>0.792156862745098</a:double><a:double>0.81960784313725488</a:double><a:double>0.93333333333333335</a:double><a:double>1</a:double></Value></Attribute></Attributes><ChildElements/><ElementName>color</ElementName><required>false</required><RGBAAttribute z:Ref="i897"/></URDFElement><URDFElement z:Id="i898" i:type="Texture"><Attributes><Attribute z:Id="i899"><AttributeType>filename</AttributeType><IsRequired>true</IsRequired><Value i:nil="true"/></Attribute></Attributes><ChildElements/><ElementName>texture</ElementName><required>false</required><FilenameAttribute z:Ref="i899"/><wFilename/></URDFElement></ChildElements><ElementName>material</ElementName><required>false</required><Color z:Ref="i896"/><NameAttribute z:Ref="i895"/><Texture z:Ref="i898"/></URDFElement></ChildElements><ElementName>visual</ElementName><required>false</required><Geometry z:Ref="i891"/><Material z:Ref="i894"/><Origin z:Ref="i888"/></URDFElement><URDFElement z:Id="i900" i:type="Collision"><Attributes/><ChildElements><URDFElement z:Id="i901" i:type="Origin"><Attributes><Attribute z:Id="i902"><AttributeType>xyz</AttributeType><IsRequired>true</IsRequired><Value i:type="a:ArrayOfdouble" xmlns:a="http://schemas.microsoft.com/2003/10/Serialization/Arrays"><a:double>0</a:double><a:double>0</a:double><a:double>0</a:double></Value></Attribute><Attribute z:Id="i903"><AttributeType>rpy</AttributeType><IsRequired>true</IsRequired><Value i:type="a:ArrayOfdouble" xmlns:a="http://schemas.microsoft.com/2003/10/Serialization/Arrays"><a:double>0</a:double><a:double>0</a:double><a:double>0</a:double></Value></Attribute></Attributes><ChildElements/><ElementName>origin</ElementName><required>false</required><RPYAttribute z:Ref="i903"/><XYZAttribute z:Ref="i902"/><isCustomized>false</isCustomized></URDFElement><URDFElement z:Id="i904" i:type="Geometry"><Attributes/><ChildElements><URDFElement z:Id="i905" i:type="Mesh"><Attributes><Attribute z:Id="i906"><AttributeType>filename</AttributeType><IsRequired>true</IsRequired><Value i:nil="true"/></Attribute></Attributes><ChildElements/><ElementName>mesh</ElementName><required>false</required><FilenameAttribute z:Ref="i906"/></URDFElement></ChildElements><ElementName>geometry</ElementName><required>true</required><Mesh z:Ref="i905"/></URDFElement></ChildElements><ElementName>collision</ElementName><required>false</required><Geometry z:Ref="i904"/><Origin z:Ref="i901"/></URDFElement><URDFElement z:Id="i907" i:type="Joint"><Attributes><Attribute z:Id="i908"><AttributeType>name</AttributeType><IsRequired>true</IsRequired><Value i:type="a:string" xmlns:a="http://www.w3.org/2001/XMLSchema">barig_joint</Value></Attribute><Attribute z:Id="i909"><AttributeType>type</AttributeType><IsRequired>true</IsRequired><Value i:type="a:string" xmlns:a="http://www.w3.org/2001/XMLSchema">continuous</Value></Attribute></Attributes><ChildElements><URDFElement z:Id="i910" i:type="Origin"><Attributes><Attribute z:Id="i911"><AttributeType>xyz</AttributeType><IsRequired>true</IsRequired><Value i:type="a:ArrayOfdouble" xmlns:a="http://schemas.microsoft.com/2003/10/Serialization/Arrays"><a:double>-0.24007850897757721</a:double><a:double>0.084863970752475537</a:double><a:double>-0.012449999995781225</a:double></Value></Attribute><Attribute z:Id="i912"><AttributeType>rpy</AttributeType><IsRequired>true</IsRequired><Value i:type="a:ArrayOfdouble" xmlns:a="http://schemas.microsoft.com/2003/10/Serialization/Arrays"><a:double>0</a:double><a:double>0</a:double><a:double>0</a:double></Value></Attribute></Attributes><ChildElements/><ElementName>origin</ElementName><required>false</required><RPYAttribute z:Ref="i912"/><XYZAttribute z:Ref="i911"/><isCustomized>false</isCustomized></URDFElement><URDFElement z:Id="i913" i:type="ParentLink"><Attributes><Attribute z:Id="i914"><AttributeType>link</AttributeType><IsRequired>true</IsRequired><Value i:type="a:string" xmlns:a="http://www.w3.org/2001/XMLSchema">base_link</Value></Attribute></Attributes><ChildElements/><ElementName>parent</ElementName><required>true</required><NameAttribute z:Ref="i914"/></URDFElement><URDFElement z:Id="i915" i:type="ChildLink"><Attributes><Attribute z:Id="i916"><AttributeType>link</AttributeType><IsRequired>true</IsRequired><Value i:type="a:string" xmlns:a="http://www.w3.org/2001/XMLSchema">barig_Link</Value></Attribute></Attributes><ChildElements/><ElementName>child</ElementName><required>true</required><NameAttribute z:Ref="i916"/></URDFElement><URDFElement z:Id="i917" i:type="Axis"><Attributes><Attribute z:Id="i918"><AttributeType>xyz</AttributeType><IsRequired>true</IsRequired><Value i:type="a:ArrayOfdouble" xmlns:a="http://schemas.microsoft.com/2003/10/Serialization/Arrays"><a:double>0</a:double><a:double>0</a:double><a:double>1</a:double></Value></Attribute></Attributes><ChildElements/><ElementName>axis</ElementName><required>false</required><XYZAttribute z:Ref="i918"/></URDFElement><URDFElement z:Id="i919" i:type="Limit"><Attributes><Attribute z:Id="i920"><AttributeType>lower</AttributeType><IsRequired>false</IsRequired><Value i:nil="true"/></Attribute><Attribute z:Id="i921"><AttributeType>upper</AttributeType><IsRequired>false</IsRequired><Value i:nil="true"/></Attribute><Attribute z:Id="i922"><AttributeType>effort</AttributeType><IsRequired>true</IsRequired><Value i:nil="true"/></Attribute><Attribute z:Id="i923"><AttributeType>velocity</AttributeType><IsRequired>true</IsRequired><Value i:nil="true"/></Attribute></Attributes><ChildElements/><ElementName>limit</ElementName><required>false</required><EffortAttribute z:Ref="i922"/><LowerAttribute z:Ref="i920"/><UpperAttribute z:Ref="i921"/><VelocityAttribute z:Ref="i923"/></URDFElement><URDFElement z:Id="i924" i:type="Calibration"><Attributes><Attribute z:Id="i925"><AttributeType>rising</AttributeType><IsRequired>false</IsRequired><Value i:nil="true"/></Attribute><Attribute z:Id="i926"><AttributeType>falling</AttributeType><IsRequired>false</IsRequired><Value i:nil="true"/></Attribute></Attributes><ChildElements/><ElementName>calibration</ElementName><required>false</required><FallingAttribute z:Ref="i926"/><RisingAttribute z:Ref="i925"/></URDFElement><URDFElement z:Id="i927" i:type="Dynamics"><Attributes><Attribute z:Id="i928"><AttributeType>damping</AttributeType><IsRequired>false</IsRequired><Value i:nil="true"/></Attribute><Attribute z:Id="i929"><AttributeType>friction</AttributeType><IsRequired>false</IsRequired><Value i:nil="true"/></Attribute></Attributes><ChildElements/><ElementName>dynamics</ElementName><required>false</required><DampingAttribute z:Ref="i928"/><FrictionAttribute z:Ref="i929"/></URDFElement><URDFElement z:Id="i930" i:type="SafetyController"><Attributes><Attribute z:Id="i931"><AttributeType>soft_upper_limit</AttributeType><IsRequired>false</IsRequired><Value i:nil="true"/></Attribute><Attribute z:Id="i932"><AttributeType>soft_lower_limit</AttributeType><IsRequired>false</IsRequired><Value i:nil="true"/></Attribute><Attribute z:Id="i933"><AttributeType>k_position</AttributeType><IsRequired>false</IsRequired><Value i:nil="true"/></Attribute><Attribute z:Id="i934"><AttributeType>k_velocity</AttributeType><IsRequired>true</IsRequired><Value i:nil="true"/></Attribute></Attributes><ChildElements/><ElementName>safety_controller</ElementName><required>false</required><KPositionAttribute z:Ref="i933"/><KVelocityAttribute z:Ref="i934"/><SoftLowerAttribute z:Ref="i932"/><SoftUpperAttribute z:Ref="i931"/></URDFElement><URDFElement z:Id="i935" i:type="Mimic"><Attributes><Attribute z:Id="i936"><AttributeType>joint</AttributeType><IsRequired>true</IsRequired><Value i:nil="true"/></Attribute><Attribute z:Id="i937"><AttributeType>multiplier</AttributeType><IsRequired>false</IsRequired><Value i:nil="true"/></Attribute><Attribute z:Id="i938"><AttributeType>offset</AttributeType><IsRequired>false</IsRequired><Value i:nil="true"/></Attribute></Attributes><ChildElements/><ElementName>mimic</ElementName><required>false</required><JointNameAttribute z:Ref="i936"/><MultiplierAttribute z:Ref="i937"/><OffsetAttribute z:Ref="i938"/></URDFElement></ChildElements><ElementName>joint</ElementName><required>false</required><Axis z:Ref="i917"/><AxisName>Axis11_barig</AxisName><Calibration z:Ref="i924"/><Child z:Ref="i915"/><CoordinateSystemName>Coordinate System24</CoordinateSystemName><Dynamics z:Ref="i927"/><Limit z:Ref="i919"/><Mimic z:Ref="i935"/><NameAttribute z:Ref="i908"/><Origin z:Ref="i910"/><Parent z:Ref="i913"/><Safety z:Ref="i930"/><TypeAttribute z:Ref="i909"/></URDFElement></ChildElements><ElementName>link</ElementName><required>true</required><Children/><Collision z:Ref="i900"/><Inertial z:Ref="i874"/><Joint z:Ref="i907"/><NameAttribute z:Ref="i873"/><Parent z:Ref="i1"/><STLQualityFine>false</STLQualityFine><SWComponentPIDs xmlns:a="http://schemas.microsoft.com/2003/10/Serialization/Arrays"><a:base64Binary>aEIAAAUAAAD//v92YwB1AG0AXwBkAGEAaAB1AG8AbgBnAF8AdAByAHUAbwBjAF8AcwBhAHUALQA2AEAAcgBvAGIAbwBWADIALwBzAHUAcwBwAGUAbgBzAGkAbwBuAF8AdgAyAC0AMQBAAGMAdQBtAF8AZABhAGgAdQBvAG4AZwBfAHQAcgB1AG8AYwBfAHMAYQB1AC8AYgBhAG4AaABkAGEAaAB1AG8AbgBnAC0AMQBAAHMAdQBzAHAAZQBuAHMAaQBvAG4AXwB2ADIALwBOAEUAUABfAFMAQQBUAC0AMQBAAGIAYQBuAGgAZABhAGgAdQBvAG4AZwAEAAAAEAAAAAEAAAAEAAAAIAYAACsAAAB0AAAAGwAAAA==</a:base64Binary></SWComponentPIDs><SWMainComponentPID i:nil="true"/><Visual z:Ref="i887"/><isFixedFrame>false</isFixedFrame><isIncomplete>false</isIncomplete></Link></Children><Collision z:Ref="i29"/><Inertial z:Ref="i3"/><Joint z:Ref="i36"/><NameAttribute z:Ref="i2"/><Parent i:nil="true"/><STLQualityFine>false</STLQualityFine><SWComponentPIDs xmlns:a="http://schemas.microsoft.com/2003/10/Serialization/Arrays"><a:base64Binary>aEIAAAUAAAD//v8YYwB1AG0AXwBiAGEAbgBoAF8AeABlAF8AbABvAG4ALQAzAEAAcgBvAGIAbwBWADIABAAAABAAAAABAAAAAQAAAIwBAAA=</a:base64Binary><a:base64Binary>aEIAAAUAAAD//v8NMgAwAG0AbQAtADIAQAByAG8AYgBvAFYAMgAEAAAAEAAAAAEAAAABAAAAKQIAAA==</a:base64Binary><a:base64Binary>aEIAAAUAAAD//v8NMgAwAG0AbQAtADgAQAByAG8AYgBvAFYAMgAEAAAAEAAAAAEAAAABAAAALwIAAA==</a:base64Binary><a:base64Binary>aEIAAAUAAAD//v8SbQBvAHQAbwByAEEAeABpAHMALQAxAEAAcgBvAGIAbwBWADIABAAAABAAAAABAAAAAQAAAKsCAAA=</a:base64Binary><a:base64Binary>aEIAAAUAAAD//v8VbABpAGQAYQByAF8AcAB1AHMAaAB1AHAALQAxAEAAcgBvAGIAbwBWADIABAAAABAAAAABAAAAAQAAAIcEAAA=</a:base64Binary><a:base64Binary>aEIAAAUAAAD//v8ZcwB0AGEAbgBkAG8AZgBmAF8ATQAyAF8AMgAwAG0AbQAtADEAQAByAG8AYgBvAFYAMgAEAAAAEAAAAAEAAAABAAAAyQQAAA==</a:base64Binary><a:base64Binary>aEIAAAUAAAD//v8ZcwB0AGEAbgBkAG8AZgBmAF8ATQAyAF8AMgAwAG0AbQAtADMAQAByAG8AYgBvAFYAMgAEAAAAEAAAAAEAAAABAAAA0AQAAA==</a:base64Binary><a:base64Binary>aEIAAAUAAAD//v8ZcwB0AGEAbgBkAG8AZgBmAF8ATQAyAF8AMgAwAG0AbQAtADQAQAByAG8AYgBvAFYAMgAEAAAAEAAAAAEAAAABAAAA1gQAAA==</a:base64Binary><a:base64Binary>aEIAAAUAAAD//v8ZcwB0AGEAbgBkAG8AZgBmAF8ATQAyAF8AMgAwAG0AbQAtADUAQAByAG8AYgBvAFYAMgAEAAAAEAAAAAEAAAABAAAA2QQAAA==</a:base64Binary><a:base64Binary>aEIAAAUAAAD//v8QYgBhAHQAdABlAHIAeQAtADEAQAByAG8AYgBvAFYAMgAEAAAAEAAAAAEAAAABAAAA3AQAAA==</a:base64Binary><a:base64Binary>aEIAAAUAAAD//v8aaABvAHYAZQByAGIAbwBhAHIAZABfAGQAcgBpAHYAZQByAC0AMQBAAHIAbwBiAG8AVgAyAAQAAAAQAAAAAQAAAAEAAADdBAAA</a:base64Binary><a:base64Binary>aEIAAAUAAAD//v8aYwB1AG0AXwByAGUAbABhAHkAXwBtAHkANABuAF8ANABwAC0AMQBAAHIAbwBiAG8AVgAyAAQAAAAQAAAAAQAAAAEAAADhBAAA</a:base64Binary><a:base64Binary>aEIAAAUAAAD//v8VbABpAGQAYQByAF8AcAB1AHMAaAB1AHAALQAzAEAAcgBvAGIAbwBWADIABAAAABAAAAABAAAAAQAAABMFAAA=</a:base64Binary><a:base64Binary>aEIAAAUAAAD//v8aMwA2AHYAXwAxADIAdgBfAGMAbwBuAHYAZQByAHQAZQByAC0AMQBAAHIAbwBiAG8AVgAyAAQAAAAQAAAAAQAAAAEAAAAgBQAA</a:base64Binary><a:base64Binary>aEIAAAUAAAD//v8VcgBlAG0AbwB0AGUAXwByAGUAbABhAHkALQAxAEAAcgBvAGIAbwBWADIABAAAABAAAAABAAAAAQAAADEFAAA=</a:base64Binary><a:base64Binary>aEIAAAUAAAD//v8XYQBsAHUAbQBpAG4AaQB1AG0AXwBiAGEAcwBlAC0AMQBAAHIAbwBiAG8AVgAyAAQAAAAQAAAAAQAAAAEAAAA1BQAA</a:base64Binary><a:base64Binary>aEIAAAUAAAD//v8UcABpAF8AaABhAG4AZwBfAGkAbQB1AC0AMQBAAHIAbwBiAG8AVgAyAAQAAAAQAAAAAQAAAAEAAABbBQAA</a:base64Binary><a:base64Binary>aEIAAAUAAAD//v8VVwBFAEkARABVACAAVABCADIANQBYAFgALQAxAEAAcgBvAGIAbwBWADIABAAAABAAAAABAAAAAQAAAHgFAAA=</a:base64Binary><a:base64Binary>aEIAAAUAAAD//v8dHwRABD4ERAQ4BDsETAQgAFYALQBzAGwAbwB0ACAAMgAwAHgANAAwAC0AMQBAAHIAbwBiAG8AVgAyAAQAAAAQAAAAAQAAAAEAAAB+BQAA</a:base64Binary><a:base64Binary>aEIAAAUAAAD//v8dHwRABD4ERAQ4BDsETAQgAFYALQBzAGwAbwB0ACAAMgAwAHgANAAwAC0AMwBAAHIAbwBiAG8AVgAyAAQAAAAQAAAAAQAAAAEAAACABQAA</a:base64Binary><a:base64Binary>aEIAAAUAAAD//v8uMgAwAHgAMgAwAF8AYQBsAHUAbQBpAG4AdQBtAF8AZQB4AHQAcgB1AHMAaQBvAG4AXwBwAHIAbwBmAGkAbABlACAAMgA2AGMAbQAtADEAQAByAG8AYgBvAFYAMgAEAAAAEAAAAAEAAAABAAAAmQUAAA==</a:base64Binary><a:base64Binary>aEIAAAUAAAD//v8OMgAwAG0AbQAtADEAMABAAHIAbwBiAG8AVgAyAAQAAAAQAAAAAQAAAAEAAADKBQAA</a:base64Binary><a:base64Binary>aEIAAAUAAAD//v8YYwB1AG0AXwBiAGEAbgBoAF8AeABlAF8AbABvAG4ALQA1AEAAcgBvAGIAbwBWADIABAAAABAAAAABAAAAAQAAAMsFAAA=</a:base64Binary><a:base64Binary>aEIAAAUAAAD//v8SbQBvAHQAbwByAEEAeABpAHMALQA0AEAAcgBvAGIAbwBWADIABAAAABAAAAABAAAAAQAAAMwFAAA=</a:base64Binary><a:base64Binary>aEIAAAUAAAD//v8OMgAwAG0AbQAtADEAMQBAAHIAbwBiAG8AVgAyAAQAAAAQAAAAAQAAAAEAAADNBQAA</a:base64Binary><a:base64Binary>aEIAAAUAAAD//v8eYwB1AG0AXwBkAGEAaAB1AG8AbgBnAF8AdAByAHUAbwBjAF8AcwBhAHUALQA1AEAAcgBvAGIAbwBWADIABAAAABAAAAABAAAAAQAAABkGAAA=</a:base64Binary><a:base64Binary>aEIAAAUAAAD//v8eYwB1AG0AXwBkAGEAaAB1AG8AbgBnAF8AdAByAHUAbwBjAF8AcwBhAHUALQA2AEAAcgBvAGIAbwBWADIABAAAABAAAAABAAAAAQAAACAGAAA=</a:base64Binary><a:base64Binary>aEIAAAUAAAD//v8WZgB1AGwAbABfAGMAbwB2AGUAcgBfAHYAMgAtADEAQAByAG8AYgBvAFYAMgAEAAAAEAAAAAEAAAABAAAAXAYAAA==</a:base64Binary><a:base64Binary>aEIAAAUAAAD//v8bYwBvAHYAZQByAF8AagBvAGkAbgB0AF8AdgAzAC4AMQAuADIALQAxAEAAcgBvAGIAbwBWADIABAAAABAAAAABAAAAAQAAAKMGAAA=</a:base64Binary><a:base64Binary>aEIAAAUAAAD//v8LagAxAC0AMQBAAHIAbwBiAG8AVgAyAAQAAAAQAAAAAQAAAAEAAACsBgAA</a:base64Binary><a:base64Binary>aEIAAAUAAAD//v8LagAxAC0AMgBAAHIAbwBiAG8AVgAyAAQAAAAQAAAAAQAAAAEAAACtBgAA</a:base64Binary><a:base64Binary>aEIAAAUAAAD//v8QbQBhAHQAeABlAG8AMQAtADEAQAByAG8AYgBvAFYAMgAEAAAAEAAAAAEAAAABAAAAvQYAAA==</a:base64Binary><a:base64Binary>aEIAAAUAAAD//v8fQQByAGMAYQBkAGUAIABQAHUAcwBoACAAYgB1AHQAdABvAG4AIABhAHMAbQAtADIAQAByAG8AYgBvAFYAMgAEAAAAEAAAAAEAAAABAAAAzwYAAA==</a:base64Binary><a:base64Binary>aEIAAAUAAAD//v8sUwB0AG8AcAAgAFMAdwBpAHQAYwBoACAAUAB1AHMAaAAgAEIAdQB0AHQAbwBuACAATABBAFkAMwA3ACAAKABQAEIAQwApAC0AMwBAAHIAbwBiAG8AVgAyAAQAAAAQAAAAAQAAAAEAAAD3BgAA</a:base64Binary><a:base64Binary>aEIAAAUAAAD//v8eYwBvAHYAZQByAF8AdQBwAF8AdgAyAF8AbABpAG4AaABfAG0AaQBjAGEALQAxAEAAcgBvAGIAbwBWADIABAAAABAAAAABAAAAAQAAANkHAAA=</a:base64Binary><a:base64Binary>aEIAAAUAAAD//v8QYQBsAGkAYgBhAGIAYQAtADEAQAByAG8AYgBvAFYAMgAEAAAAEAAAAAEAAAABAAAANggAAA==</a:base64Binary><a:base64Binary>aEIAAAUAAAD//v8MYwBoAGUALQAxAEAAcgBvAGIAbwBWADIABAAAABAAAAABAAAAAQAAADwIAAA=</a:base64Binary><a:base64Binary>aEIAAAUAAAD//v8MYwBoAGUALQAyAEAAcgBvAGIAbwBWADIABAAAABAAAAABAAAAAQAAAFAIAAA=</a:base64Binary><a:base64Binary>aEIAAAUAAAD//v8MYwBoAGUALQAzAEAAcgBvAGIAbwBWADIABAAAABAAAAABAAAAAQAAAFkIAAA=</a:base64Binary><a:base64Binary>aEIAAAUAAAD//v8MYwBoAGUALQA0AEAAcgBvAGIAbwBWADIABAAAABAAAAABAAAAAQAAAGEIAAA=</a:base64Binary><a:base64Binary>aEIAAAUAAAD//v8MYwBoAGUALQA1AEAAcgBvAGIAbwBWADIABAAAABAAAAABAAAAAQAAAGkIAAA=</a:base64Binary><a:base64Binary>aEIAAAUAAAD//v8MYwBoAGUALQA2AEAAcgBvAGIAbwBWADIABAAAABAAAAABAAAAAQAAAHEIAAA=</a:base64Binary><a:base64Binary>aEIAAAUAAAD//v8XZwBhAF8AbQBpAG4AaQBwAGMAXwBjAG8AbQBwAC0AMQBAAHIAbwBiAG8AVgAyAAQAAAAQAAAAAQAAAAEAAADGCAAA</a:base64Binary><a:base64Binary>aEIAAAUAAAD//v8VZwBhAF8AbQBpAG4AaQBwAGMAXwB2ADIALQAyAEAAcgBvAGIAbwBWADIABAAAABAAAAABAAAAAQAAALEIAAA=</a:base64Binary><a:base64Binary>aEIAAAUAAAD//v8VZwBhAF8AbQBpAG4AaQBwAGMAXwB2ADIALQAxAEAAcgBvAGIAbwBWADIABAAAABAAAAABAAAAAQAAALAIAAA=</a:base64Binary><a:base64Binary>aEIAAAUAAAD//v8QaABvAHAAXwBwAGkAbgAtADEAQAByAG8AYgBvAFYAMgAEAAAAEAAAAAEAAAABAAAA3wgAAA==</a:base64Binary><a:base64Binary>aEIAAAUAAAD//v8RbgBhAG4AZwBfAGMAYQBtAC0AMQBAAHIAbwBiAG8AVgAyAAQAAAAQAAAAAQAAAAEAAADqCAAA</a:base64Binary><a:base64Binary>aEIAAAUAAAD//v8nZwBhAF8AYwBvAG0ALQAxAEAAcgBvAGIAbwBWADIALwAyADAAeAAyADAAXwBhAGwAdQBfAGQAbwBjADEALQAyAEAAZwBhAF8AYwBvAG0ABAAAABAAAAABAAAAAgAAAA0JAAAbAAAA</a:base64Binary><a:base64Binary>aEIAAAUAAAD//v8nZwBhAF8AYwBvAG0ALQAxAEAAcgBvAGIAbwBWADIALwAyADAAeAAyADAAXwBhAGwAdQBfAGQAbwBjADEALQAxAEAAZwBhAF8AYwBvAG0ABAAAABAAAAABAAAAAgAAAA0JAAAaAAAA</a:base64Binary><a:base64Binary>aEIAAAUAAAD//v8gZwBhAF8AYwBvAG0ALQAxAEAAcgBvAGIAbwBWADIALwB0AGEAYgBsAGUAdAAyAC0AMQBAAGcAYQBfAGMAbwBtAAQAAAAQAAAAAQAAAAIAAAANCQAAJwAAAA==</a:base64Binary><a:base64Binary>aEIAAAUAAAD//v8gZwBhAF8AYwBvAG0ALQAxAEAAcgBvAGIAbwBWADIALwB0AGEAYgBsAGUAdAAxAC0AMQBAAGcAYQBfAGMAbwBtAAQAAAAQAAAAAQAAAAIAAAANCQAAHAAAAA==</a:base64Binary><a:base64Binary>aEIAAAUAAAD//v8kZwBhAF8AYwBvAG0ALQAxAEAAcgBvAGIAbwBWADIALwBtAGkAYwBhAF8AdABhAGIAbABlAHQALQAxAEAAZwBhAF8AYwBvAG0ABAAAABAAAAABAAAAAgAAAA0JAAAsAAAA</a:base64Binary><a:base64Binary>aEIAAAUAAAD//v85ZwBhAF8AYwBvAG0ALQAxAEAAcgBvAGIAbwBWADIALwBvAHAAXwB0AGEAYgAtADEAQABnAGEAXwBjAG8AbQAvAGYAcgBvAG4AdABfAG8AcABfAHQAYQBiAGwAZQB0ADMALQAyAEAAbwBwAF8AdABhAGIABAAAABAAAAABAAAAAwAAAA0JAAAwAAAAGgAAAA==</a:base64Binary><a:base64Binary>aEIAAAUAAAD//v84ZwBhAF8AYwBvAG0ALQAxAEAAcgBvAGIAbwBWADIALwBvAHAAXwB0AGEAYgAtADEAQABnAGEAXwBjAG8AbQAvAGIAYQBjAGsAXwBvAHAAXwB0AGEAYgBsAGUAdAAzAC0AMgBAAG8AcABfAHQAYQBiAAQAAAAQAAAAAQAAAAMAAAANCQAAMAAAABsAAAA=</a:base64Binary><a:base64Binary>aEIAAAUAAAD//v8pZwBhAF8AYwBvAG0ALQAxAEAAcgBvAGIAbwBWADIALwAyADAAeAAyADAAXwBhAGwAdQBfAG4AZwBhAG4AZwAxAC0AMQBAAGcAYQBfAGMAbwBtAAQAAAAQAAAAAQAAAAIAAAANCQAAGQAAAA==</a:base64Binary></SWComponentPIDs><SWMainComponentPID i:nil="true"/><Visual z:Ref="i16"/><isFixedFrame>false</isFixedFrame><isIncomplete>false</isIncomplete></Link>
2025-06-16 10:07:50,531 INFO  LinkNode.cs: 35 - Building node base_link
2025-06-16 10:07:50,532 INFO  LinkNode.cs: 35 - Building node lidar_link
2025-06-16 10:07:50,533 INFO  LinkNode.cs: 35 - Building node imu_link
2025-06-16 10:07:50,533 INFO  LinkNode.cs: 35 - Building node right_wheel_link
2025-06-16 10:07:50,533 INFO  LinkNode.cs: 35 - Building node left_wheel_link
2025-06-16 10:07:50,533 INFO  LinkNode.cs: 35 - Building node camera_link
2025-06-16 10:07:50,534 INFO  LinkNode.cs: 35 - Building node caster_frle_Link
2025-06-16 10:07:50,534 INFO  LinkNode.cs: 35 - Building node caster_frrig_Link
2025-06-16 10:07:50,534 INFO  LinkNode.cs: 35 - Building node caster_bale_Link
2025-06-16 10:07:50,534 INFO  LinkNode.cs: 35 - Building node caster_barig_Link
2025-06-16 10:07:50,535 INFO  LinkNode.cs: 35 - Building node frle_Link
2025-06-16 10:07:50,535 INFO  LinkNode.cs: 35 - Building node frrig_Link
2025-06-16 10:07:50,535 INFO  LinkNode.cs: 35 - Building node bale_Link
2025-06-16 10:07:50,535 INFO  LinkNode.cs: 35 - Building node barig_Link
2025-06-16 10:07:50,536 INFO  CommonSwOperations.cs: 221 - Loading SolidWorks components for base_link from D:\DA_Robot\hoc_solid\model_v5_packgo1\robotv2\roboV2.SLDASM
2025-06-16 10:07:50,538 INFO  CommonSwOperations.cs: 245 - Loading component with PID hB     ???c u m _ b a n h _ x e _ l o n - 3 @ r o b o V 2             ?  
2025-06-16 10:07:50,539 INFO  CommonSwOperations.cs: 254 - Successfully loaded component D:\DA_Robot\hoc_solid\model_v5_packgo1\cum_banh_xe_lon.SLDASM
2025-06-16 10:07:50,539 INFO  CommonSwOperations.cs: 245 - Loading component with PID hB     ???2 0 m m - 2 @ r o b o V 2             )  
2025-06-16 10:07:50,540 INFO  CommonSwOperations.cs: 254 - Successfully loaded component D:\DA_Robot\hoc_solid\model_v5_packgo1\20mm.SLDPRT
2025-06-16 10:07:50,540 INFO  CommonSwOperations.cs: 245 - Loading component with PID hB     ???2 0 m m - 8 @ r o b o V 2             /  
2025-06-16 10:07:50,541 INFO  CommonSwOperations.cs: 254 - Successfully loaded component D:\DA_Robot\hoc_solid\model_v5_packgo1\20mm.SLDPRT
2025-06-16 10:07:50,541 INFO  CommonSwOperations.cs: 245 - Loading component with PID hB     ???m o t o r A x i s - 1 @ r o b o V 2             ?  
2025-06-16 10:07:50,541 INFO  CommonSwOperations.cs: 254 - Successfully loaded component D:\DA_Robot\hoc_solid\model_v5_packgo1\motorAxis.SLDPRT
2025-06-16 10:07:50,542 INFO  CommonSwOperations.cs: 245 - Loading component with PID hB     ???l i d a r _ p u s h u p - 1 @ r o b o V 2             ?  
2025-06-16 10:07:50,542 INFO  CommonSwOperations.cs: 254 - Successfully loaded component D:\DA_Robot\hoc_solid\model_v5_packgo1\lidar_pushup.SLDPRT
2025-06-16 10:07:50,542 INFO  CommonSwOperations.cs: 245 - Loading component with PID hB     ???s t a n d o f f _ M 2 _ 2 0 m m - 1 @ r o b o V 2             ?  
2025-06-16 10:07:50,543 INFO  CommonSwOperations.cs: 254 - Successfully loaded component D:\DA_Robot\hoc_solid\model_v5_packgo1\standoff_M2_20mm.SLDPRT
2025-06-16 10:07:50,543 INFO  CommonSwOperations.cs: 245 - Loading component with PID hB     ???s t a n d o f f _ M 2 _ 2 0 m m - 3 @ r o b o V 2             ?  
2025-06-16 10:07:50,544 INFO  CommonSwOperations.cs: 254 - Successfully loaded component D:\DA_Robot\hoc_solid\model_v5_packgo1\standoff_M2_20mm.SLDPRT
2025-06-16 10:07:50,544 INFO  CommonSwOperations.cs: 245 - Loading component with PID hB     ???s t a n d o f f _ M 2 _ 2 0 m m - 4 @ r o b o V 2             ?  
2025-06-16 10:07:50,544 INFO  CommonSwOperations.cs: 254 - Successfully loaded component D:\DA_Robot\hoc_solid\model_v5_packgo1\standoff_M2_20mm.SLDPRT
2025-06-16 10:07:50,545 INFO  CommonSwOperations.cs: 245 - Loading component with PID hB     ???s t a n d o f f _ M 2 _ 2 0 m m - 5 @ r o b o V 2             ?  
2025-06-16 10:07:50,545 INFO  CommonSwOperations.cs: 254 - Successfully loaded component D:\DA_Robot\hoc_solid\model_v5_packgo1\standoff_M2_20mm.SLDPRT
2025-06-16 10:07:50,545 INFO  CommonSwOperations.cs: 245 - Loading component with PID hB     ???b a t t e r y - 1 @ r o b o V 2             ?  
2025-06-16 10:07:50,545 INFO  CommonSwOperations.cs: 254 - Successfully loaded component D:\DA_Robot\hoc_solid\model_v5_packgo1\battery.SLDPRT
2025-06-16 10:07:50,545 INFO  CommonSwOperations.cs: 245 - Loading component with PID hB     ???h o v e r b o a r d _ d r i v e r - 1 @ r o b o V 2             ?  
2025-06-16 10:07:50,547 INFO  CommonSwOperations.cs: 254 - Successfully loaded component D:\DA_Robot\hoc_solid\model_v5_packgo1\hoverboard_driver.SLDPRT
2025-06-16 10:07:50,547 INFO  CommonSwOperations.cs: 245 - Loading component with PID hB     ???c u m _ r e l a y _ m y 4 n _ 4 p - 1 @ r o b o V 2             ?  
2025-06-16 10:07:50,547 INFO  CommonSwOperations.cs: 254 - Successfully loaded component D:\DA_Robot\hoc_solid\model_v5_packgo1\cum_relay_my4n_4p.SLDASM
2025-06-16 10:07:50,548 INFO  CommonSwOperations.cs: 245 - Loading component with PID hB     ???l i d a r _ p u s h u p - 3 @ r o b o V 2               
2025-06-16 10:07:50,548 INFO  CommonSwOperations.cs: 254 - Successfully loaded component D:\DA_Robot\hoc_solid\model_v5_packgo1\lidar_pushup.SLDPRT
2025-06-16 10:07:50,548 INFO  CommonSwOperations.cs: 245 - Loading component with PID hB     ???3 6 v _ 1 2 v _ c o n v e r t e r - 1 @ r o b o V 2                
2025-06-16 10:07:50,549 INFO  CommonSwOperations.cs: 254 - Successfully loaded component D:\DA_Robot\hoc_solid\model_v5_packgo1\36v_12v_converter.SLDPRT
2025-06-16 10:07:50,549 INFO  CommonSwOperations.cs: 245 - Loading component with PID hB     ???r e m o t e _ r e l a y - 1 @ r o b o V 2             1  
2025-06-16 10:07:50,549 INFO  CommonSwOperations.cs: 254 - Successfully loaded component D:\DA_Robot\hoc_solid\model_v5_packgo1\remote_relay.SLDPRT
2025-06-16 10:07:50,550 INFO  CommonSwOperations.cs: 245 - Loading component with PID hB     ???a l u m i n i u m _ b a s e - 1 @ r o b o V 2             5  
2025-06-16 10:07:50,550 INFO  CommonSwOperations.cs: 254 - Successfully loaded component D:\DA_Robot\hoc_solid\model_v5_packgo1\aluminium_base.SLDPRT
2025-06-16 10:07:50,550 INFO  CommonSwOperations.cs: 245 - Loading component with PID hB     ???p i _ h a n g _ i m u - 1 @ r o b o V 2             [  
2025-06-16 10:07:50,551 INFO  CommonSwOperations.cs: 254 - Successfully loaded component D:\DA_Robot\hoc_solid\model_v5_packgo1\pi_hang_imu.SLDPRT
2025-06-16 10:07:50,551 INFO  CommonSwOperations.cs: 245 - Loading component with PID hB     ???W E I D U   T B 2 5 X X - 1 @ r o b o V 2             x  
2025-06-16 10:07:50,552 INFO  CommonSwOperations.cs: 254 - Successfully loaded component D:\DA_Robot\hoc_solid\model_v5_packgo1\WEIDU TB25XX.SLDASM
2025-06-16 10:07:50,552 INFO  CommonSwOperations.cs: 245 - Loading component with PID hB     ???@>D8;L  V - s l o t   2 0 x 4 0 - 1 @ r o b o V 2             ~  
2025-06-16 10:07:50,556 INFO  CommonSwOperations.cs: 254 - Successfully loaded component D:\DA_Robot\hoc_solid\model_v5_packgo1\??????? V-slot 20x40.SLDPRT
2025-06-16 10:07:50,557 INFO  CommonSwOperations.cs: 245 - Loading component with PID hB     ???@>D8;L  V - s l o t   2 0 x 4 0 - 3 @ r o b o V 2             ?  
2025-06-16 10:07:50,557 INFO  CommonSwOperations.cs: 254 - Successfully loaded component D:\DA_Robot\hoc_solid\model_v5_packgo1\??????? V-slot 20x40.SLDPRT
2025-06-16 10:07:50,558 INFO  CommonSwOperations.cs: 245 - Loading component with PID hB     ???.2 0 x 2 0 _ a l u m i n u m _ e x t r u s i o n _ p r o f i l e   2 6 c m - 1 @ r o b o V 2             ?  
2025-06-16 10:07:50,558 INFO  CommonSwOperations.cs: 254 - Successfully loaded component D:\DA_Robot\hoc_solid\model_v5_packgo1\20x20_aluminum_extrusion_profile 26cm.SLDPRT
2025-06-16 10:07:50,558 INFO  CommonSwOperations.cs: 245 - Loading component with PID hB     ???2 0 m m - 1 0 @ r o b o V 2             ?  
2025-06-16 10:07:50,559 INFO  CommonSwOperations.cs: 254 - Successfully loaded component D:\DA_Robot\hoc_solid\model_v5_packgo1\20mm.SLDPRT
2025-06-16 10:07:50,559 INFO  CommonSwOperations.cs: 245 - Loading component with PID hB     ???c u m _ b a n h _ x e _ l o n - 5 @ r o b o V 2             ?  
2025-06-16 10:07:50,559 INFO  CommonSwOperations.cs: 254 - Successfully loaded component D:\DA_Robot\hoc_solid\model_v5_packgo1\cum_banh_xe_lon.SLDASM
2025-06-16 10:07:50,559 INFO  CommonSwOperations.cs: 245 - Loading component with PID hB     ???m o t o r A x i s - 4 @ r o b o V 2             ?  
2025-06-16 10:07:50,560 INFO  CommonSwOperations.cs: 254 - Successfully loaded component D:\DA_Robot\hoc_solid\model_v5_packgo1\motorAxis.SLDPRT
2025-06-16 10:07:50,560 INFO  CommonSwOperations.cs: 245 - Loading component with PID hB     ???2 0 m m - 1 1 @ r o b o V 2             ?  
2025-06-16 10:07:50,560 INFO  CommonSwOperations.cs: 254 - Successfully loaded component D:\DA_Robot\hoc_solid\model_v5_packgo1\20mm.SLDPRT
2025-06-16 10:07:50,561 INFO  CommonSwOperations.cs: 245 - Loading component with PID hB     ???c u m _ d a h u o n g _ t r u o c _ s a u - 5 @ r o b o V 2               
2025-06-16 10:07:50,561 INFO  CommonSwOperations.cs: 254 - Successfully loaded component D:\DA_Robot\hoc_solid\model_v5_packgo1\cum_dahuong_truoc_sau.SLDASM
2025-06-16 10:07:50,561 INFO  CommonSwOperations.cs: 245 - Loading component with PID hB     ???c u m _ d a h u o n g _ t r u o c _ s a u - 6 @ r o b o V 2                
2025-06-16 10:07:50,562 INFO  CommonSwOperations.cs: 254 - Successfully loaded component D:\DA_Robot\hoc_solid\model_v5_packgo1\cum_dahuong_truoc_sau.SLDASM
2025-06-16 10:07:50,562 INFO  CommonSwOperations.cs: 245 - Loading component with PID hB     ???f u l l _ c o v e r _ v 2 - 1 @ r o b o V 2             \  
2025-06-16 10:07:50,562 INFO  CommonSwOperations.cs: 254 - Successfully loaded component D:\DA_Robot\hoc_solid\model_v5_packgo1\full_cover_v2.SLDASM
2025-06-16 10:07:50,562 INFO  CommonSwOperations.cs: 245 - Loading component with PID hB     ???c o v e r _ j o i n t _ v 3 . 1 . 2 - 1 @ r o b o V 2             ?  
2025-06-16 10:07:50,563 INFO  CommonSwOperations.cs: 254 - Successfully loaded component D:\DA_Robot\hoc_solid\model_v5_packgo1\cover_joint_v3.1.2.SLDPRT
2025-06-16 10:07:50,563 INFO  CommonSwOperations.cs: 245 - Loading component with PID hB     ???j 1 - 1 @ r o b o V 2             ?  
2025-06-16 10:07:50,564 INFO  CommonSwOperations.cs: 254 - Successfully loaded component D:\DA_Robot\hoc_solid\model_v5_packgo1\j1.SLDPRT
2025-06-16 10:07:50,564 INFO  CommonSwOperations.cs: 245 - Loading component with PID hB     ???j 1 - 2 @ r o b o V 2             ?  
2025-06-16 10:07:50,564 INFO  CommonSwOperations.cs: 254 - Successfully loaded component D:\DA_Robot\hoc_solid\model_v5_packgo1\j1.SLDPRT
2025-06-16 10:07:50,564 INFO  CommonSwOperations.cs: 245 - Loading component with PID hB     ???m a t x e o 1 - 1 @ r o b o V 2             ?  
2025-06-16 10:07:50,565 INFO  CommonSwOperations.cs: 254 - Successfully loaded component D:\DA_Robot\hoc_solid\model_v5_packgo1\matxeo1.SLDPRT
2025-06-16 10:07:50,565 INFO  CommonSwOperations.cs: 245 - Loading component with PID hB     ???A r c a d e   P u s h   b u t t o n   a s m - 2 @ r o b o V 2             ?  
2025-06-16 10:07:50,566 INFO  CommonSwOperations.cs: 254 - Successfully loaded component D:\DA_Robot\hoc_solid\model_v5_packgo1\Arcade Push button asm.SLDASM
2025-06-16 10:07:50,566 INFO  CommonSwOperations.cs: 245 - Loading component with PID hB     ???,S t o p   S w i t c h   P u s h   B u t t o n   L A Y 3 7   ( P B C ) - 3 @ r o b o V 2             ?  
2025-06-16 10:07:50,566 INFO  CommonSwOperations.cs: 254 - Successfully loaded component D:\DA_Robot\hoc_solid\model_v5_packgo1\Stop Switch Push Button LAY37 (PBC).SLDPRT
2025-06-16 10:07:50,566 INFO  CommonSwOperations.cs: 245 - Loading component with PID hB     ???c o v e r _ u p _ v 2 _ l i n h _ m i c a - 1 @ r o b o V 2             ?  
2025-06-16 10:07:50,567 INFO  CommonSwOperations.cs: 254 - Successfully loaded component D:\DA_Robot\hoc_solid\model_v5_packgo1\cover_up_v2_linh_mica.SLDPRT
2025-06-16 10:07:50,567 INFO  CommonSwOperations.cs: 245 - Loading component with PID hB     ???a l i b a b a - 1 @ r o b o V 2             6  
2025-06-16 10:07:50,567 INFO  CommonSwOperations.cs: 254 - Successfully loaded component D:\DA_Robot\hoc_solid\model_v5_packgo1\cam\alibaba.SLDASM
2025-06-16 10:07:50,568 INFO  CommonSwOperations.cs: 245 - Loading component with PID hB     ???c h e - 1 @ r o b o V 2             <  
2025-06-16 10:07:50,568 INFO  CommonSwOperations.cs: 254 - Successfully loaded component D:\DA_Robot\hoc_solid\model_v5_packgo1\che\che.SLDPRT
2025-06-16 10:07:50,568 INFO  CommonSwOperations.cs: 245 - Loading component with PID hB     ???c h e - 2 @ r o b o V 2             P  
2025-06-16 10:07:50,569 INFO  CommonSwOperations.cs: 254 - Successfully loaded component D:\DA_Robot\hoc_solid\model_v5_packgo1\che\che.SLDPRT
2025-06-16 10:07:50,569 INFO  CommonSwOperations.cs: 245 - Loading component with PID hB     ???c h e - 3 @ r o b o V 2             Y  
2025-06-16 10:07:50,569 INFO  CommonSwOperations.cs: 254 - Successfully loaded component D:\DA_Robot\hoc_solid\model_v5_packgo1\che\che.SLDPRT
2025-06-16 10:07:50,569 INFO  CommonSwOperations.cs: 245 - Loading component with PID hB     ???c h e - 4 @ r o b o V 2             a  
2025-06-16 10:07:50,570 INFO  CommonSwOperations.cs: 254 - Successfully loaded component D:\DA_Robot\hoc_solid\model_v5_packgo1\che\che.SLDPRT
2025-06-16 10:07:50,570 INFO  CommonSwOperations.cs: 245 - Loading component with PID hB     ???c h e - 5 @ r o b o V 2             i  
2025-06-16 10:07:50,571 INFO  CommonSwOperations.cs: 254 - Successfully loaded component D:\DA_Robot\hoc_solid\model_v5_packgo1\che\che.SLDPRT
2025-06-16 10:07:50,571 INFO  CommonSwOperations.cs: 245 - Loading component with PID hB     ???c h e - 6 @ r o b o V 2             q  
2025-06-16 10:07:50,571 INFO  CommonSwOperations.cs: 254 - Successfully loaded component D:\DA_Robot\hoc_solid\model_v5_packgo1\che\che.SLDPRT
2025-06-16 10:07:50,571 INFO  CommonSwOperations.cs: 245 - Loading component with PID hB     ???g a _ m i n i p c _ c o m p - 1 @ r o b o V 2             ?  
2025-06-16 10:07:50,572 INFO  CommonSwOperations.cs: 254 - Successfully loaded component D:\DA_Robot\hoc_solid\model_v5_packgo1\robotv2\2nd_floor_v2\ga_minipc_comp.SLDASM
2025-06-16 10:07:50,572 INFO  CommonSwOperations.cs: 245 - Loading component with PID hB     ???g a _ m i n i p c _ v 2 - 2 @ r o b o V 2             ?  
2025-06-16 10:07:50,573 INFO  CommonSwOperations.cs: 254 - Successfully loaded component D:\DA_Robot\hoc_solid\model_v5_packgo1\robotv2\2nd_floor_v2\ga_minipc_v2.SLDASM
2025-06-16 10:07:50,573 INFO  CommonSwOperations.cs: 245 - Loading component with PID hB     ???g a _ m i n i p c _ v 2 - 1 @ r o b o V 2             ?  
2025-06-16 10:07:50,574 INFO  CommonSwOperations.cs: 254 - Successfully loaded component D:\DA_Robot\hoc_solid\model_v5_packgo1\robotv2\2nd_floor_v2\ga_minipc_v2.SLDASM
2025-06-16 10:07:50,574 INFO  CommonSwOperations.cs: 245 - Loading component with PID hB     ???h o p _ p i n - 1 @ r o b o V 2             ?  
2025-06-16 10:07:50,574 INFO  CommonSwOperations.cs: 254 - Successfully loaded component D:\DA_Robot\hoc_solid\model_v5_packgo1\robotv2\hop_pin\hop_pin.SLDPRT
2025-06-16 10:07:50,575 INFO  CommonSwOperations.cs: 245 - Loading component with PID hB     ???n a n g _ c a m - 1 @ r o b o V 2             ?  
2025-06-16 10:07:50,575 INFO  CommonSwOperations.cs: 254 - Successfully loaded component D:\DA_Robot\hoc_solid\model_v5_packgo1\robotv2\nang_cam.SLDPRT
2025-06-16 10:07:50,575 INFO  CommonSwOperations.cs: 245 - Loading component with PID hB     ???'g a _ c o m - 1 @ r o b o V 2 / 2 0 x 2 0 _ a l u _ d o c 1 - 2 @ g a _ c o m             	     
2025-06-16 10:07:50,815 INFO  CommonSwOperations.cs: 254 - Successfully loaded component D:\DA_Robot\hoc_solid\model_v5_packgo1\robotv2\ga_tablet\20x20_alu_doc1.SLDPRT
2025-06-16 10:07:50,815 INFO  CommonSwOperations.cs: 245 - Loading component with PID hB     ???'g a _ c o m - 1 @ r o b o V 2 / 2 0 x 2 0 _ a l u _ d o c 1 - 1 @ g a _ c o m             	     
2025-06-16 10:07:50,816 INFO  CommonSwOperations.cs: 254 - Successfully loaded component D:\DA_Robot\hoc_solid\model_v5_packgo1\robotv2\ga_tablet\20x20_alu_doc1.SLDPRT
2025-06-16 10:07:50,817 INFO  CommonSwOperations.cs: 245 - Loading component with PID hB     ??? g a _ c o m - 1 @ r o b o V 2 / t a b l e t 2 - 1 @ g a _ c o m             	  '   
2025-06-16 10:07:50,817 INFO  CommonSwOperations.cs: 254 - Successfully loaded component D:\DA_Robot\hoc_solid\model_v5_packgo1\robotv2\ga_tablet\tablet2.SLDPRT
2025-06-16 10:07:50,818 INFO  CommonSwOperations.cs: 245 - Loading component with PID hB     ??? g a _ c o m - 1 @ r o b o V 2 / t a b l e t 1 - 1 @ g a _ c o m             	     
2025-06-16 10:07:50,818 INFO  CommonSwOperations.cs: 254 - Successfully loaded component D:\DA_Robot\hoc_solid\model_v5_packgo1\robotv2\ga_tablet\tablet1.SLDPRT
2025-06-16 10:07:50,818 INFO  CommonSwOperations.cs: 245 - Loading component with PID hB     ???$g a _ c o m - 1 @ r o b o V 2 / m i c a _ t a b l e t - 1 @ g a _ c o m             	  ,   
2025-06-16 10:07:50,819 INFO  CommonSwOperations.cs: 254 - Successfully loaded component D:\DA_Robot\hoc_solid\model_v5_packgo1\robotv2\ga_tablet\mica_tablet.SLDPRT
2025-06-16 10:07:50,819 INFO  CommonSwOperations.cs: 245 - Loading component with PID hB     ???9g a _ c o m - 1 @ r o b o V 2 / o p _ t a b - 1 @ g a _ c o m / f r o n t _ o p _ t a b l e t 3 - 2 @ o p _ t a b             	  0      
2025-06-16 10:07:50,820 INFO  CommonSwOperations.cs: 254 - Successfully loaded component D:\DA_Robot\hoc_solid\model_v5_packgo1\robotv2\ga_tablet3\front_op_tablet3.SLDPRT
2025-06-16 10:07:50,820 INFO  CommonSwOperations.cs: 245 - Loading component with PID hB     ???8g a _ c o m - 1 @ r o b o V 2 / o p _ t a b - 1 @ g a _ c o m / b a c k _ o p _ t a b l e t 3 - 2 @ o p _ t a b             	  0      
2025-06-16 10:07:50,820 INFO  CommonSwOperations.cs: 254 - Successfully loaded component D:\DA_Robot\hoc_solid\model_v5_packgo1\robotv2\ga_tablet3\back_op_tablet3.SLDPRT
2025-06-16 10:07:50,821 INFO  CommonSwOperations.cs: 245 - Loading component with PID hB     ???)g a _ c o m - 1 @ r o b o V 2 / 2 0 x 2 0 _ a l u _ n g a n g 1 - 1 @ g a _ c o m             	     
2025-06-16 10:07:50,821 INFO  CommonSwOperations.cs: 254 - Successfully loaded component D:\DA_Robot\hoc_solid\model_v5_packgo1\robotv2\ga_tablet\20x20_alu_ngang1.SLDPRT
2025-06-16 10:07:50,821 INFO  CommonSwOperations.cs: 230 - Loaded 55 components for link base_link
2025-06-16 10:07:50,821 INFO  CommonSwOperations.cs: 221 - Loading SolidWorks components for lidar_link from D:\DA_Robot\hoc_solid\model_v5_packgo1\robotv2\roboV2.SLDASM
2025-06-16 10:07:50,822 INFO  CommonSwOperations.cs: 245 - Loading component with PID hB     ???X 3 _ L i d a r - 1 @ r o b o V 2             ?  
2025-06-16 10:07:50,822 INFO  CommonSwOperations.cs: 254 - Successfully loaded component D:\DA_Robot\hoc_solid\model_v5_packgo1\X3_Lidar.SLDPRT
2025-06-16 10:07:50,822 INFO  CommonSwOperations.cs: 230 - Loaded 1 components for link lidar_link
2025-06-16 10:07:50,823 INFO  CommonSwOperations.cs: 221 - Loading SolidWorks components for imu_link from D:\DA_Robot\hoc_solid\model_v5_packgo1\robotv2\roboV2.SLDASM
2025-06-16 10:07:50,823 INFO  CommonSwOperations.cs: 245 - Loading component with PID hB     ???M P U 6 0 5 0 - 1 @ r o b o V 2             ?  
2025-06-16 10:07:50,823 INFO  CommonSwOperations.cs: 254 - Successfully loaded component D:\DA_Robot\hoc_solid\model_v5_packgo1\MPU6050.SLDPRT
2025-06-16 10:07:50,823 INFO  CommonSwOperations.cs: 230 - Loaded 1 components for link imu_link
2025-06-16 10:07:50,824 INFO  CommonSwOperations.cs: 221 - Loading SolidWorks components for right_wheel_link from D:\DA_Robot\hoc_solid\model_v5_packgo1\robotv2\roboV2.SLDASM
2025-06-16 10:07:50,824 INFO  CommonSwOperations.cs: 245 - Loading component with PID hB     ???m o t o r e d i t - 4 @ r o b o V 2             ?  
2025-06-16 10:07:50,824 INFO  CommonSwOperations.cs: 254 - Successfully loaded component D:\DA_Robot\hoc_solid\model_v5_packgo1\motoredit.SLDPRT
2025-06-16 10:07:50,824 INFO  CommonSwOperations.cs: 230 - Loaded 1 components for link right_wheel_link
2025-06-16 10:07:50,825 INFO  CommonSwOperations.cs: 221 - Loading SolidWorks components for left_wheel_link from D:\DA_Robot\hoc_solid\model_v5_packgo1\robotv2\roboV2.SLDASM
2025-06-16 10:07:50,825 INFO  CommonSwOperations.cs: 245 - Loading component with PID hB     ???m o t o r e d i t - 3 @ r o b o V 2             ?  
2025-06-16 10:07:50,825 INFO  CommonSwOperations.cs: 254 - Successfully loaded component D:\DA_Robot\hoc_solid\model_v5_packgo1\motoredit.SLDPRT
2025-06-16 10:07:50,825 INFO  CommonSwOperations.cs: 230 - Loaded 1 components for link left_wheel_link
2025-06-16 10:07:50,826 INFO  CommonSwOperations.cs: 221 - Loading SolidWorks components for camera_link from D:\DA_Robot\hoc_solid\model_v5_packgo1\robotv2\roboV2.SLDASM
2025-06-16 10:07:50,826 INFO  CommonSwOperations.cs: 245 - Loading component with PID hB     ???f i n a l   k i n e c t - 1 @ r o b o V 2             ?  
2025-06-16 10:07:50,826 INFO  CommonSwOperations.cs: 254 - Successfully loaded component D:\DA_Robot\hoc_solid\model_v5_packgo1\lib\final kinect.SLDASM
2025-06-16 10:07:50,827 INFO  CommonSwOperations.cs: 230 - Loaded 1 components for link camera_link
2025-06-16 10:07:50,827 INFO  CommonSwOperations.cs: 221 - Loading SolidWorks components for caster_frle_Link from D:\DA_Robot\hoc_solid\model_v5_packgo1\robotv2\roboV2.SLDASM
2025-06-16 10:07:50,827 INFO  CommonSwOperations.cs: 245 - Loading component with PID hB     ???xc u m _ d a h u o n g _ t r u o c _ s a u - 5 @ r o b o V 2 / s u s p e n s i o n _ v 2 - 1 @ c u m _ d a h u o n g _ t r u o c _ s a u / b a n h d a h u o n g - 1 @ s u s p e n s i o n _ v 2 / b a n h _ e a s y - 1 @ b a n h d a h u o n g               +   t   A   
2025-06-16 10:07:50,828 INFO  CommonSwOperations.cs: 254 - Successfully loaded component D:\DA_Robot\hoc_solid\model_v5_packgo1\banh_easy.SLDPRT
2025-06-16 10:07:50,828 INFO  CommonSwOperations.cs: 230 - Loaded 1 components for link caster_frle_Link
2025-06-16 10:07:50,828 INFO  CommonSwOperations.cs: 221 - Loading SolidWorks components for caster_frrig_Link from D:\DA_Robot\hoc_solid\model_v5_packgo1\robotv2\roboV2.SLDASM
2025-06-16 10:07:50,828 INFO  CommonSwOperations.cs: 245 - Loading component with PID hB     ???xc u m _ d a h u o n g _ t r u o c _ s a u - 5 @ r o b o V 2 / s u s p e n s i o n _ v 2 - 2 @ c u m _ d a h u o n g _ t r u o c _ s a u / b a n h d a h u o n g - 1 @ s u s p e n s i o n _ v 2 / b a n h _ e a s y - 1 @ b a n h d a h u o n g               0   t   A   
2025-06-16 10:07:50,829 INFO  CommonSwOperations.cs: 254 - Successfully loaded component D:\DA_Robot\hoc_solid\model_v5_packgo1\banh_easy.SLDPRT
2025-06-16 10:07:50,829 INFO  CommonSwOperations.cs: 230 - Loaded 1 components for link caster_frrig_Link
2025-06-16 10:07:50,829 INFO  CommonSwOperations.cs: 221 - Loading SolidWorks components for caster_bale_Link from D:\DA_Robot\hoc_solid\model_v5_packgo1\robotv2\roboV2.SLDASM
2025-06-16 10:07:50,830 INFO  CommonSwOperations.cs: 245 - Loading component with PID hB     ???xc u m _ d a h u o n g _ t r u o c _ s a u - 6 @ r o b o V 2 / s u s p e n s i o n _ v 2 - 2 @ c u m _ d a h u o n g _ t r u o c _ s a u / b a n h d a h u o n g - 1 @ s u s p e n s i o n _ v 2 / b a n h _ e a s y - 1 @ b a n h d a h u o n g                0   t   A   
2025-06-16 10:07:50,830 INFO  CommonSwOperations.cs: 254 - Successfully loaded component D:\DA_Robot\hoc_solid\model_v5_packgo1\banh_easy.SLDPRT
2025-06-16 10:07:50,830 INFO  CommonSwOperations.cs: 230 - Loaded 1 components for link caster_bale_Link
2025-06-16 10:07:50,831 INFO  CommonSwOperations.cs: 221 - Loading SolidWorks components for caster_barig_Link from D:\DA_Robot\hoc_solid\model_v5_packgo1\robotv2\roboV2.SLDASM
2025-06-16 10:07:50,831 INFO  CommonSwOperations.cs: 245 - Loading component with PID hB     ???xc u m _ d a h u o n g _ t r u o c _ s a u - 6 @ r o b o V 2 / s u s p e n s i o n _ v 2 - 1 @ c u m _ d a h u o n g _ t r u o c _ s a u / b a n h d a h u o n g - 1 @ s u s p e n s i o n _ v 2 / b a n h _ e a s y - 1 @ b a n h d a h u o n g                +   t   A   
2025-06-16 10:07:50,831 INFO  CommonSwOperations.cs: 254 - Successfully loaded component D:\DA_Robot\hoc_solid\model_v5_packgo1\banh_easy.SLDPRT
2025-06-16 10:07:50,832 INFO  CommonSwOperations.cs: 230 - Loaded 1 components for link caster_barig_Link
2025-06-16 10:07:50,832 INFO  CommonSwOperations.cs: 221 - Loading SolidWorks components for frle_Link from D:\DA_Robot\hoc_solid\model_v5_packgo1\robotv2\roboV2.SLDASM
2025-06-16 10:07:50,832 INFO  CommonSwOperations.cs: 245 - Loading component with PID hB     ???vc u m _ d a h u o n g _ t r u o c _ s a u - 5 @ r o b o V 2 / s u s p e n s i o n _ v 2 - 1 @ c u m _ d a h u o n g _ t r u o c _ s a u / b a n h d a h u o n g - 1 @ s u s p e n s i o n _ v 2 / N E P _ S A T - 1 @ b a n h d a h u o n g               +   t      
2025-06-16 10:07:50,832 INFO  CommonSwOperations.cs: 254 - Successfully loaded component D:\DA_Robot\hoc_solid\model_v5_packgo1\NEP_SAT.SLDPRT
2025-06-16 10:07:50,833 INFO  CommonSwOperations.cs: 230 - Loaded 1 components for link frle_Link
2025-06-16 10:07:50,833 INFO  CommonSwOperations.cs: 221 - Loading SolidWorks components for frrig_Link from D:\DA_Robot\hoc_solid\model_v5_packgo1\robotv2\roboV2.SLDASM
2025-06-16 10:07:50,833 INFO  CommonSwOperations.cs: 245 - Loading component with PID hB     ???vc u m _ d a h u o n g _ t r u o c _ s a u - 5 @ r o b o V 2 / s u s p e n s i o n _ v 2 - 2 @ c u m _ d a h u o n g _ t r u o c _ s a u / b a n h d a h u o n g - 1 @ s u s p e n s i o n _ v 2 / N E P _ S A T - 1 @ b a n h d a h u o n g               0   t      
2025-06-16 10:07:50,834 INFO  CommonSwOperations.cs: 254 - Successfully loaded component D:\DA_Robot\hoc_solid\model_v5_packgo1\NEP_SAT.SLDPRT
2025-06-16 10:07:50,834 INFO  CommonSwOperations.cs: 230 - Loaded 1 components for link frrig_Link
2025-06-16 10:07:50,834 INFO  CommonSwOperations.cs: 221 - Loading SolidWorks components for bale_Link from D:\DA_Robot\hoc_solid\model_v5_packgo1\robotv2\roboV2.SLDASM
2025-06-16 10:07:50,834 INFO  CommonSwOperations.cs: 245 - Loading component with PID hB     ???vc u m _ d a h u o n g _ t r u o c _ s a u - 6 @ r o b o V 2 / s u s p e n s i o n _ v 2 - 2 @ c u m _ d a h u o n g _ t r u o c _ s a u / b a n h d a h u o n g - 1 @ s u s p e n s i o n _ v 2 / N E P _ S A T - 1 @ b a n h d a h u o n g                0   t      
2025-06-16 10:07:50,835 INFO  CommonSwOperations.cs: 254 - Successfully loaded component D:\DA_Robot\hoc_solid\model_v5_packgo1\NEP_SAT.SLDPRT
2025-06-16 10:07:50,835 INFO  CommonSwOperations.cs: 230 - Loaded 1 components for link bale_Link
2025-06-16 10:07:50,835 INFO  CommonSwOperations.cs: 221 - Loading SolidWorks components for barig_Link from D:\DA_Robot\hoc_solid\model_v5_packgo1\robotv2\roboV2.SLDASM
2025-06-16 10:07:50,836 INFO  CommonSwOperations.cs: 245 - Loading component with PID hB     ???vc u m _ d a h u o n g _ t r u o c _ s a u - 6 @ r o b o V 2 / s u s p e n s i o n _ v 2 - 1 @ c u m _ d a h u o n g _ t r u o c _ s a u / b a n h d a h u o n g - 1 @ s u s p e n s i o n _ v 2 / N E P _ S A T - 1 @ b a n h d a h u o n g                +   t      
2025-06-16 10:07:50,836 INFO  CommonSwOperations.cs: 254 - Successfully loaded component D:\DA_Robot\hoc_solid\model_v5_packgo1\NEP_SAT.SLDPRT
2025-06-16 10:07:50,836 INFO  CommonSwOperations.cs: 230 - Loaded 1 components for link barig_Link
2025-06-16 10:07:51,698 INFO  SwAddin.cs: 344 - Showing property manager
2025-06-16 10:08:03,513 INFO  ExportPropertyManager.cs: 1018 - OnComboboxSelectionChanged called. This method no longer throws an Exception. It just silently does nothing. Ok, except for this logging message
2025-06-16 10:08:08,348 INFO  ExportPropertyManager.cs: 1018 - OnComboboxSelectionChanged called. This method no longer throws an Exception. It just silently does nothing. Ok, except for this logging message
2025-06-16 10:08:10,558 INFO  ExportPropertyManager.cs: 1018 - OnComboboxSelectionChanged called. This method no longer throws an Exception. It just silently does nothing. Ok, except for this logging message
2025-06-16 10:08:13,184 INFO  ExportPropertyManager.cs: 1018 - OnComboboxSelectionChanged called. This method no longer throws an Exception. It just silently does nothing. Ok, except for this logging message
2025-06-16 10:08:15,858 INFO  ExportPropertyManager.cs: 1018 - OnComboboxSelectionChanged called. This method no longer throws an Exception. It just silently does nothing. Ok, except for this logging message
2025-06-16 10:08:18,522 INFO  ExportPropertyManager.cs: 1018 - OnComboboxSelectionChanged called. This method no longer throws an Exception. It just silently does nothing. Ok, except for this logging message
2025-06-16 10:08:20,022 INFO  ExportPropertyManager.cs: 1018 - OnComboboxSelectionChanged called. This method no longer throws an Exception. It just silently does nothing. Ok, except for this logging message
2025-06-16 10:08:23,028 INFO  ExportPropertyManager.cs: 1018 - OnComboboxSelectionChanged called. This method no longer throws an Exception. It just silently does nothing. Ok, except for this logging message
2025-06-16 10:08:27,183 INFO  ExportPropertyManager.cs: 1018 - OnComboboxSelectionChanged called. This method no longer throws an Exception. It just silently does nothing. Ok, except for this logging message
2025-06-16 10:08:32,016 INFO  ExportPropertyManager.cs: 422 - Configuration saved
2025-06-16 10:08:32,025 INFO  ConfigurationSerialization.cs: 276 - URDF Configuration found
<Link z:Id="i1" xmlns="http://schemas.datacontract.org/2004/07/SW2URDF" xmlns:i="http://www.w3.org/2001/XMLSchema-instance" xmlns:z="http://schemas.microsoft.com/2003/10/Serialization/"><Attributes><Attribute z:Id="i2"><AttributeType>name</AttributeType><IsRequired>true</IsRequired><Value i:type="a:string" xmlns:a="http://www.w3.org/2001/XMLSchema">base_link</Value></Attribute></Attributes><ChildElements><URDFElement z:Id="i3" i:type="Inertial"><Attributes/><ChildElements><URDFElement z:Id="i4" i:type="Origin"><Attributes><Attribute z:Id="i5"><AttributeType>xyz</AttributeType><IsRequired>true</IsRequired><Value i:type="a:ArrayOfdouble" xmlns:a="http://schemas.microsoft.com/2003/10/Serialization/Arrays"><a:double>0.0504690235621813</a:double><a:double>-0.0043772163782763718</a:double><a:double>0.17649256591424362</a:double></Value></Attribute><Attribute z:Id="i6"><AttributeType>rpy</AttributeType><IsRequired>true</IsRequired><Value i:type="a:ArrayOfdouble" xmlns:a="http://schemas.microsoft.com/2003/10/Serialization/Arrays"><a:double>0</a:double><a:double>0</a:double><a:double>0</a:double></Value></Attribute></Attributes><ChildElements/><ElementName>origin</ElementName><required>false</required><RPYAttribute z:Ref="i6"/><XYZAttribute z:Ref="i5"/><isCustomized>false</isCustomized></URDFElement><URDFElement z:Id="i7" i:type="Mass"><Attributes><Attribute z:Id="i8"><AttributeType>value</AttributeType><IsRequired>true</IsRequired><Value i:type="a:double" xmlns:a="http://www.w3.org/2001/XMLSchema">10.721969589350874</Value></Attribute></Attributes><ChildElements/><ElementName>mass</ElementName><required>false</required><ValueAttribute z:Ref="i8"/></URDFElement><URDFElement z:Id="i9" i:type="Inertia"><Attributes><Attribute z:Id="i10"><AttributeType>ixx</AttributeType><IsRequired>true</IsRequired><Value i:type="a:double" xmlns:a="http://www.w3.org/2001/XMLSchema">0.0656660490550788</Value></Attribute><Attribute z:Id="i11"><AttributeType>ixy</AttributeType><IsRequired>true</IsRequired><Value i:type="a:double" xmlns:a="http://www.w3.org/2001/XMLSchema">-0.00023342373523304989</Value></Attribute><Attribute z:Id="i12"><AttributeType>ixz</AttributeType><IsRequired>true</IsRequired><Value i:type="a:double" xmlns:a="http://www.w3.org/2001/XMLSchema">0.0013271722053675356</Value></Attribute><Attribute z:Id="i13"><AttributeType>iyy</AttributeType><IsRequired>true</IsRequired><Value i:type="a:double" xmlns:a="http://www.w3.org/2001/XMLSchema">0.085258985729355544</Value></Attribute><Attribute z:Id="i14"><AttributeType>iyz</AttributeType><IsRequired>true</IsRequired><Value i:type="a:double" xmlns:a="http://www.w3.org/2001/XMLSchema">6.3893340110865462E-06</Value></Attribute><Attribute z:Id="i15"><AttributeType>izz</AttributeType><IsRequired>true</IsRequired><Value i:type="a:double" xmlns:a="http://www.w3.org/2001/XMLSchema">0.078973191908870255</Value></Attribute></Attributes><ChildElements/><ElementName>inertia</ElementName><required>false</required><IxxAttribute z:Ref="i10"/><IxyAttribute z:Ref="i11"/><IxzAttribute z:Ref="i12"/><IyyAttribute z:Ref="i13"/><IyzAttribute z:Ref="i14"/><IzzAttribute z:Ref="i15"/></URDFElement></ChildElements><ElementName>inertial</ElementName><required>false</required><Inertia z:Ref="i9"/><Mass z:Ref="i7"/><Origin z:Ref="i4"/></URDFElement><URDFElement z:Id="i16" i:type="Visual"><Attributes/><ChildElements><URDFElement z:Id="i17" i:type="Origin"><Attributes><Attribute z:Id="i18"><AttributeType>xyz</AttributeType><IsRequired>true</IsRequired><Value i:type="a:ArrayOfdouble" xmlns:a="http://schemas.microsoft.com/2003/10/Serialization/Arrays"><a:double>0</a:double><a:double>0</a:double><a:double>0</a:double></Value></Attribute><Attribute z:Id="i19"><AttributeType>rpy</AttributeType><IsRequired>true</IsRequired><Value i:type="a:ArrayOfdouble" xmlns:a="http://schemas.microsoft.com/2003/10/Serialization/Arrays"><a:double>0</a:double><a:double>0</a:double><a:double>0</a:double></Value></Attribute></Attributes><ChildElements/><ElementName>origin</ElementName><required>false</required><RPYAttribute z:Ref="i19"/><XYZAttribute z:Ref="i18"/><isCustomized>false</isCustomized></URDFElement><URDFElement z:Id="i20" i:type="Geometry"><Attributes/><ChildElements><URDFElement z:Id="i21" i:type="Mesh"><Attributes><Attribute z:Id="i22"><AttributeType>filename</AttributeType><IsRequired>true</IsRequired><Value i:nil="true"/></Attribute></Attributes><ChildElements/><ElementName>mesh</ElementName><required>false</required><FilenameAttribute z:Ref="i22"/></URDFElement></ChildElements><ElementName>geometry</ElementName><required>true</required><Mesh z:Ref="i21"/></URDFElement><URDFElement z:Id="i23" i:type="Material"><Attributes><Attribute z:Id="i24"><AttributeType>name</AttributeType><IsRequired>true</IsRequired><Value i:type="a:string" xmlns:a="http://www.w3.org/2001/XMLSchema"/></Attribute></Attributes><ChildElements><URDFElement z:Id="i25" i:type="Color"><Attributes><Attribute z:Id="i26"><AttributeType>rgba</AttributeType><IsRequired>true</IsRequired><Value i:type="a:ArrayOfdouble" xmlns:a="http://schemas.microsoft.com/2003/10/Serialization/Arrays"><a:double>0.75294117647058822</a:double><a:double>0.75294117647058822</a:double><a:double>0.75294117647058822</a:double><a:double>1</a:double></Value></Attribute></Attributes><ChildElements/><ElementName>color</ElementName><required>false</required><RGBAAttribute z:Ref="i26"/></URDFElement><URDFElement z:Id="i27" i:type="Texture"><Attributes><Attribute z:Id="i28"><AttributeType>filename</AttributeType><IsRequired>true</IsRequired><Value i:nil="true"/></Attribute></Attributes><ChildElements/><ElementName>texture</ElementName><required>false</required><FilenameAttribute z:Ref="i28"/><wFilename/></URDFElement></ChildElements><ElementName>material</ElementName><required>false</required><Color z:Ref="i25"/><NameAttribute z:Ref="i24"/><Texture z:Ref="i27"/></URDFElement></ChildElements><ElementName>visual</ElementName><required>false</required><Geometry z:Ref="i20"/><Material z:Ref="i23"/><Origin z:Ref="i17"/></URDFElement><URDFElement z:Id="i29" i:type="Collision"><Attributes/><ChildElements><URDFElement z:Id="i30" i:type="Origin"><Attributes><Attribute z:Id="i31"><AttributeType>xyz</AttributeType><IsRequired>true</IsRequired><Value i:type="a:ArrayOfdouble" xmlns:a="http://schemas.microsoft.com/2003/10/Serialization/Arrays"><a:double>0</a:double><a:double>0</a:double><a:double>0</a:double></Value></Attribute><Attribute z:Id="i32"><AttributeType>rpy</AttributeType><IsRequired>true</IsRequired><Value i:type="a:ArrayOfdouble" xmlns:a="http://schemas.microsoft.com/2003/10/Serialization/Arrays"><a:double>0</a:double><a:double>0</a:double><a:double>0</a:double></Value></Attribute></Attributes><ChildElements/><ElementName>origin</ElementName><required>false</required><RPYAttribute z:Ref="i32"/><XYZAttribute z:Ref="i31"/><isCustomized>false</isCustomized></URDFElement><URDFElement z:Id="i33" i:type="Geometry"><Attributes/><ChildElements><URDFElement z:Id="i34" i:type="Mesh"><Attributes><Attribute z:Id="i35"><AttributeType>filename</AttributeType><IsRequired>true</IsRequired><Value i:nil="true"/></Attribute></Attributes><ChildElements/><ElementName>mesh</ElementName><required>false</required><FilenameAttribute z:Ref="i35"/></URDFElement></ChildElements><ElementName>geometry</ElementName><required>true</required><Mesh z:Ref="i34"/></URDFElement></ChildElements><ElementName>collision</ElementName><required>false</required><Geometry z:Ref="i33"/><Origin z:Ref="i30"/></URDFElement><URDFElement z:Id="i36" i:type="Joint"><Attributes><Attribute z:Id="i37"><AttributeType>name</AttributeType><IsRequired>true</IsRequired><Value i:type="a:string" xmlns:a="http://www.w3.org/2001/XMLSchema"/></Attribute><Attribute z:Id="i38"><AttributeType>type</AttributeType><IsRequired>true</IsRequired><Value i:type="a:string" xmlns:a="http://www.w3.org/2001/XMLSchema"/></Attribute></Attributes><ChildElements><URDFElement z:Id="i39" i:type="Origin"><Attributes><Attribute z:Id="i40"><AttributeType>xyz</AttributeType><IsRequired>true</IsRequired><Value i:type="a:ArrayOfdouble" xmlns:a="http://schemas.microsoft.com/2003/10/Serialization/Arrays"><a:double>0</a:double><a:double>0</a:double><a:double>0</a:double></Value></Attribute><Attribute z:Id="i41"><AttributeType>rpy</AttributeType><IsRequired>true</IsRequired><Value i:type="a:ArrayOfdouble" xmlns:a="http://schemas.microsoft.com/2003/10/Serialization/Arrays"><a:double>0</a:double><a:double>0</a:double><a:double>0</a:double></Value></Attribute></Attributes><ChildElements/><ElementName>origin</ElementName><required>false</required><RPYAttribute z:Ref="i41"/><XYZAttribute z:Ref="i40"/><isCustomized>false</isCustomized></URDFElement><URDFElement z:Id="i42" i:type="ParentLink"><Attributes><Attribute z:Id="i43"><AttributeType>link</AttributeType><IsRequired>true</IsRequired><Value i:type="a:string" xmlns:a="http://www.w3.org/2001/XMLSchema"/></Attribute></Attributes><ChildElements/><ElementName>parent</ElementName><required>true</required><NameAttribute z:Ref="i43"/></URDFElement><URDFElement z:Id="i44" i:type="ChildLink"><Attributes><Attribute z:Id="i45"><AttributeType>link</AttributeType><IsRequired>true</IsRequired><Value i:type="a:string" xmlns:a="http://www.w3.org/2001/XMLSchema"/></Attribute></Attributes><ChildElements/><ElementName>child</ElementName><required>true</required><NameAttribute z:Ref="i45"/></URDFElement><URDFElement z:Id="i46" i:type="Axis"><Attributes><Attribute z:Id="i47"><AttributeType>xyz</AttributeType><IsRequired>true</IsRequired><Value i:type="a:ArrayOfdouble" xmlns:a="http://schemas.microsoft.com/2003/10/Serialization/Arrays"><a:double>0</a:double><a:double>0</a:double><a:double>0</a:double></Value></Attribute></Attributes><ChildElements/><ElementName>axis</ElementName><required>false</required><XYZAttribute z:Ref="i47"/></URDFElement><URDFElement z:Id="i48" i:type="Limit"><Attributes><Attribute z:Id="i49"><AttributeType>lower</AttributeType><IsRequired>false</IsRequired><Value i:nil="true"/></Attribute><Attribute z:Id="i50"><AttributeType>upper</AttributeType><IsRequired>false</IsRequired><Value i:nil="true"/></Attribute><Attribute z:Id="i51"><AttributeType>effort</AttributeType><IsRequired>true</IsRequired><Value i:nil="true"/></Attribute><Attribute z:Id="i52"><AttributeType>velocity</AttributeType><IsRequired>true</IsRequired><Value i:nil="true"/></Attribute></Attributes><ChildElements/><ElementName>limit</ElementName><required>false</required><EffortAttribute z:Ref="i51"/><LowerAttribute z:Ref="i49"/><UpperAttribute z:Ref="i50"/><VelocityAttribute z:Ref="i52"/></URDFElement><URDFElement z:Id="i53" i:type="Calibration"><Attributes><Attribute z:Id="i54"><AttributeType>rising</AttributeType><IsRequired>false</IsRequired><Value i:nil="true"/></Attribute><Attribute z:Id="i55"><AttributeType>falling</AttributeType><IsRequired>false</IsRequired><Value i:nil="true"/></Attribute></Attributes><ChildElements/><ElementName>calibration</ElementName><required>false</required><FallingAttribute z:Ref="i55"/><RisingAttribute z:Ref="i54"/></URDFElement><URDFElement z:Id="i56" i:type="Dynamics"><Attributes><Attribute z:Id="i57"><AttributeType>damping</AttributeType><IsRequired>false</IsRequired><Value i:nil="true"/></Attribute><Attribute z:Id="i58"><AttributeType>friction</AttributeType><IsRequired>false</IsRequired><Value i:nil="true"/></Attribute></Attributes><ChildElements/><ElementName>dynamics</ElementName><required>false</required><DampingAttribute z:Ref="i57"/><FrictionAttribute z:Ref="i58"/></URDFElement><URDFElement z:Id="i59" i:type="SafetyController"><Attributes><Attribute z:Id="i60"><AttributeType>soft_upper_limit</AttributeType><IsRequired>false</IsRequired><Value i:nil="true"/></Attribute><Attribute z:Id="i61"><AttributeType>soft_lower_limit</AttributeType><IsRequired>false</IsRequired><Value i:nil="true"/></Attribute><Attribute z:Id="i62"><AttributeType>k_position</AttributeType><IsRequired>false</IsRequired><Value i:nil="true"/></Attribute><Attribute z:Id="i63"><AttributeType>k_velocity</AttributeType><IsRequired>true</IsRequired><Value i:nil="true"/></Attribute></Attributes><ChildElements/><ElementName>safety_controller</ElementName><required>false</required><KPositionAttribute z:Ref="i62"/><KVelocityAttribute z:Ref="i63"/><SoftLowerAttribute z:Ref="i61"/><SoftUpperAttribute z:Ref="i60"/></URDFElement><URDFElement z:Id="i64" i:type="Mimic"><Attributes><Attribute z:Id="i65"><AttributeType>joint</AttributeType><IsRequired>true</IsRequired><Value i:nil="true"/></Attribute><Attribute z:Id="i66"><AttributeType>multiplier</AttributeType><IsRequired>false</IsRequired><Value i:nil="true"/></Attribute><Attribute z:Id="i67"><AttributeType>offset</AttributeType><IsRequired>false</IsRequired><Value i:nil="true"/></Attribute></Attributes><ChildElements/><ElementName>mimic</ElementName><required>false</required><JointNameAttribute z:Ref="i65"/><MultiplierAttribute z:Ref="i66"/><OffsetAttribute z:Ref="i67"/></URDFElement></ChildElements><ElementName>joint</ElementName><required>false</required><Axis z:Ref="i46"/><AxisName/><Calibration z:Ref="i53"/><Child z:Ref="i44"/><CoordinateSystemName>Coordinate System1</CoordinateSystemName><Dynamics z:Ref="i56"/><Limit z:Ref="i48"/><Mimic z:Ref="i64"/><NameAttribute z:Ref="i37"/><Origin z:Ref="i39"/><Parent z:Ref="i42"/><Safety z:Ref="i59"/><TypeAttribute z:Ref="i38"/></URDFElement></ChildElements><ElementName>link</ElementName><required>true</required><Children><Link z:Id="i68"><Attributes><Attribute z:Id="i69"><AttributeType>name</AttributeType><IsRequired>true</IsRequired><Value i:type="a:string" xmlns:a="http://www.w3.org/2001/XMLSchema">lidar_link</Value></Attribute></Attributes><ChildElements><URDFElement z:Id="i70" i:type="Inertial"><Attributes/><ChildElements><URDFElement z:Id="i71" i:type="Origin"><Attributes><Attribute z:Id="i72"><AttributeType>xyz</AttributeType><IsRequired>true</IsRequired><Value i:type="a:ArrayOfdouble" xmlns:a="http://schemas.microsoft.com/2003/10/Serialization/Arrays"><a:double>0.01483831713663708</a:double><a:double>0.00044768343093781748</a:double><a:double>-0.021153620829787778</a:double></Value></Attribute><Attribute z:Id="i73"><AttributeType>rpy</AttributeType><IsRequired>true</IsRequired><Value i:type="a:ArrayOfdouble" xmlns:a="http://schemas.microsoft.com/2003/10/Serialization/Arrays"><a:double>0</a:double><a:double>0</a:double><a:double>0</a:double></Value></Attribute></Attributes><ChildElements/><ElementName>origin</ElementName><required>false</required><RPYAttribute z:Ref="i73"/><XYZAttribute z:Ref="i72"/><isCustomized>false</isCustomized></URDFElement><URDFElement z:Id="i74" i:type="Mass"><Attributes><Attribute z:Id="i75"><AttributeType>value</AttributeType><IsRequired>true</IsRequired><Value i:type="a:double" xmlns:a="http://www.w3.org/2001/XMLSchema">0.03124091274064825</Value></Attribute></Attributes><ChildElements/><ElementName>mass</ElementName><required>false</required><ValueAttribute z:Ref="i75"/></URDFElement><URDFElement z:Id="i76" i:type="Inertia"><Attributes><Attribute z:Id="i77"><AttributeType>ixx</AttributeType><IsRequired>true</IsRequired><Value i:type="a:double" xmlns:a="http://www.w3.org/2001/XMLSchema">8.8802637081100291E-06</Value></Attribute><Attribute z:Id="i78"><AttributeType>ixy</AttributeType><IsRequired>true</IsRequired><Value i:type="a:double" xmlns:a="http://www.w3.org/2001/XMLSchema">-1.776644943302431E-07</Value></Attribute><Attribute z:Id="i79"><AttributeType>ixz</AttributeType><IsRequired>true</IsRequired><Value i:type="a:double" xmlns:a="http://www.w3.org/2001/XMLSchema">1.1302767991708138E-07</Value></Attribute><Attribute z:Id="i80"><AttributeType>iyy</AttributeType><IsRequired>true</IsRequired><Value i:type="a:double" xmlns:a="http://www.w3.org/2001/XMLSchema">1.4491001820543249E-05</Value></Attribute><Attribute z:Id="i81"><AttributeType>iyz</AttributeType><IsRequired>true</IsRequired><Value i:type="a:double" xmlns:a="http://www.w3.org/2001/XMLSchema">3.4607611499608196E-08</Value></Attribute><Attribute z:Id="i82"><AttributeType>izz</AttributeType><IsRequired>true</IsRequired><Value i:type="a:double" xmlns:a="http://www.w3.org/2001/XMLSchema">2.2528909952026894E-05</Value></Attribute></Attributes><ChildElements/><ElementName>inertia</ElementName><required>false</required><IxxAttribute z:Ref="i77"/><IxyAttribute z:Ref="i78"/><IxzAttribute z:Ref="i79"/><IyyAttribute z:Ref="i80"/><IyzAttribute z:Ref="i81"/><IzzAttribute z:Ref="i82"/></URDFElement></ChildElements><ElementName>inertial</ElementName><required>false</required><Inertia z:Ref="i76"/><Mass z:Ref="i74"/><Origin z:Ref="i71"/></URDFElement><URDFElement z:Id="i83" i:type="Visual"><Attributes/><ChildElements><URDFElement z:Id="i84" i:type="Origin"><Attributes><Attribute z:Id="i85"><AttributeType>xyz</AttributeType><IsRequired>true</IsRequired><Value i:type="a:ArrayOfdouble" xmlns:a="http://schemas.microsoft.com/2003/10/Serialization/Arrays"><a:double>0</a:double><a:double>0</a:double><a:double>0</a:double></Value></Attribute><Attribute z:Id="i86"><AttributeType>rpy</AttributeType><IsRequired>true</IsRequired><Value i:type="a:ArrayOfdouble" xmlns:a="http://schemas.microsoft.com/2003/10/Serialization/Arrays"><a:double>0</a:double><a:double>0</a:double><a:double>0</a:double></Value></Attribute></Attributes><ChildElements/><ElementName>origin</ElementName><required>false</required><RPYAttribute z:Ref="i86"/><XYZAttribute z:Ref="i85"/><isCustomized>false</isCustomized></URDFElement><URDFElement z:Id="i87" i:type="Geometry"><Attributes/><ChildElements><URDFElement z:Id="i88" i:type="Mesh"><Attributes><Attribute z:Id="i89"><AttributeType>filename</AttributeType><IsRequired>true</IsRequired><Value i:nil="true"/></Attribute></Attributes><ChildElements/><ElementName>mesh</ElementName><required>false</required><FilenameAttribute z:Ref="i89"/></URDFElement></ChildElements><ElementName>geometry</ElementName><required>true</required><Mesh z:Ref="i88"/></URDFElement><URDFElement z:Id="i90" i:type="Material"><Attributes><Attribute z:Id="i91"><AttributeType>name</AttributeType><IsRequired>true</IsRequired><Value i:type="a:string" xmlns:a="http://www.w3.org/2001/XMLSchema"/></Attribute></Attributes><ChildElements><URDFElement z:Id="i92" i:type="Color"><Attributes><Attribute z:Id="i93"><AttributeType>rgba</AttributeType><IsRequired>true</IsRequired><Value i:type="a:ArrayOfdouble" xmlns:a="http://schemas.microsoft.com/2003/10/Serialization/Arrays"><a:double>0.792156862745098</a:double><a:double>0.81960784313725488</a:double><a:double>0.93333333333333335</a:double><a:double>1</a:double></Value></Attribute></Attributes><ChildElements/><ElementName>color</ElementName><required>false</required><RGBAAttribute z:Ref="i93"/></URDFElement><URDFElement z:Id="i94" i:type="Texture"><Attributes><Attribute z:Id="i95"><AttributeType>filename</AttributeType><IsRequired>true</IsRequired><Value i:nil="true"/></Attribute></Attributes><ChildElements/><ElementName>texture</ElementName><required>false</required><FilenameAttribute z:Ref="i95"/><wFilename/></URDFElement></ChildElements><ElementName>material</ElementName><required>false</required><Color z:Ref="i92"/><NameAttribute z:Ref="i91"/><Texture z:Ref="i94"/></URDFElement></ChildElements><ElementName>visual</ElementName><required>false</required><Geometry z:Ref="i87"/><Material z:Ref="i90"/><Origin z:Ref="i84"/></URDFElement><URDFElement z:Id="i96" i:type="Collision"><Attributes/><ChildElements><URDFElement z:Id="i97" i:type="Origin"><Attributes><Attribute z:Id="i98"><AttributeType>xyz</AttributeType><IsRequired>true</IsRequired><Value i:type="a:ArrayOfdouble" xmlns:a="http://schemas.microsoft.com/2003/10/Serialization/Arrays"><a:double>0</a:double><a:double>0</a:double><a:double>0</a:double></Value></Attribute><Attribute z:Id="i99"><AttributeType>rpy</AttributeType><IsRequired>true</IsRequired><Value i:type="a:ArrayOfdouble" xmlns:a="http://schemas.microsoft.com/2003/10/Serialization/Arrays"><a:double>0</a:double><a:double>0</a:double><a:double>0</a:double></Value></Attribute></Attributes><ChildElements/><ElementName>origin</ElementName><required>false</required><RPYAttribute z:Ref="i99"/><XYZAttribute z:Ref="i98"/><isCustomized>false</isCustomized></URDFElement><URDFElement z:Id="i100" i:type="Geometry"><Attributes/><ChildElements><URDFElement z:Id="i101" i:type="Mesh"><Attributes><Attribute z:Id="i102"><AttributeType>filename</AttributeType><IsRequired>true</IsRequired><Value i:nil="true"/></Attribute></Attributes><ChildElements/><ElementName>mesh</ElementName><required>false</required><FilenameAttribute z:Ref="i102"/></URDFElement></ChildElements><ElementName>geometry</ElementName><required>true</required><Mesh z:Ref="i101"/></URDFElement></ChildElements><ElementName>collision</ElementName><required>false</required><Geometry z:Ref="i100"/><Origin z:Ref="i97"/></URDFElement><URDFElement z:Id="i103" i:type="Joint"><Attributes><Attribute z:Id="i104"><AttributeType>name</AttributeType><IsRequired>true</IsRequired><Value i:type="a:string" xmlns:a="http://www.w3.org/2001/XMLSchema">lidar</Value></Attribute><Attribute z:Id="i105"><AttributeType>type</AttributeType><IsRequired>true</IsRequired><Value i:type="a:string" xmlns:a="http://www.w3.org/2001/XMLSchema">fixed</Value></Attribute></Attributes><ChildElements><URDFElement z:Id="i106" i:type="Origin"><Attributes><Attribute z:Id="i107"><AttributeType>xyz</AttributeType><IsRequired>true</IsRequired><Value i:type="a:ArrayOfdouble" xmlns:a="http://schemas.microsoft.com/2003/10/Serialization/Arrays"><a:double>0.15566672564358219</a:double><a:double>0.0011277706563345147</a:double><a:double>0.14609999999809897</a:double></Value></Attribute><Attribute z:Id="i108"><AttributeType>rpy</AttributeType><IsRequired>true</IsRequired><Value i:type="a:ArrayOfdouble" xmlns:a="http://schemas.microsoft.com/2003/10/Serialization/Arrays"><a:double>0</a:double><a:double>0</a:double><a:double>0</a:double></Value></Attribute></Attributes><ChildElements/><ElementName>origin</ElementName><required>false</required><RPYAttribute z:Ref="i108"/><XYZAttribute z:Ref="i107"/><isCustomized>false</isCustomized></URDFElement><URDFElement z:Id="i109" i:type="ParentLink"><Attributes><Attribute z:Id="i110"><AttributeType>link</AttributeType><IsRequired>true</IsRequired><Value i:type="a:string" xmlns:a="http://www.w3.org/2001/XMLSchema">base_link</Value></Attribute></Attributes><ChildElements/><ElementName>parent</ElementName><required>true</required><NameAttribute z:Ref="i110"/></URDFElement><URDFElement z:Id="i111" i:type="ChildLink"><Attributes><Attribute z:Id="i112"><AttributeType>link</AttributeType><IsRequired>true</IsRequired><Value i:type="a:string" xmlns:a="http://www.w3.org/2001/XMLSchema">lidar_link</Value></Attribute></Attributes><ChildElements/><ElementName>child</ElementName><required>true</required><NameAttribute z:Ref="i112"/></URDFElement><URDFElement z:Id="i113" i:type="Axis"><Attributes><Attribute z:Id="i114"><AttributeType>xyz</AttributeType><IsRequired>true</IsRequired><Value i:type="a:ArrayOfdouble" xmlns:a="http://schemas.microsoft.com/2003/10/Serialization/Arrays"><a:double>0</a:double><a:double>0</a:double><a:double>0</a:double></Value></Attribute></Attributes><ChildElements/><ElementName>axis</ElementName><required>false</required><XYZAttribute z:Ref="i114"/></URDFElement><URDFElement z:Id="i115" i:type="Limit"><Attributes><Attribute z:Id="i116"><AttributeType>lower</AttributeType><IsRequired>false</IsRequired><Value i:nil="true"/></Attribute><Attribute z:Id="i117"><AttributeType>upper</AttributeType><IsRequired>false</IsRequired><Value i:nil="true"/></Attribute><Attribute z:Id="i118"><AttributeType>effort</AttributeType><IsRequired>true</IsRequired><Value i:nil="true"/></Attribute><Attribute z:Id="i119"><AttributeType>velocity</AttributeType><IsRequired>true</IsRequired><Value i:nil="true"/></Attribute></Attributes><ChildElements/><ElementName>limit</ElementName><required>false</required><EffortAttribute z:Ref="i118"/><LowerAttribute z:Ref="i116"/><UpperAttribute z:Ref="i117"/><VelocityAttribute z:Ref="i119"/></URDFElement><URDFElement z:Id="i120" i:type="Calibration"><Attributes><Attribute z:Id="i121"><AttributeType>rising</AttributeType><IsRequired>false</IsRequired><Value i:nil="true"/></Attribute><Attribute z:Id="i122"><AttributeType>falling</AttributeType><IsRequired>false</IsRequired><Value i:nil="true"/></Attribute></Attributes><ChildElements/><ElementName>calibration</ElementName><required>false</required><FallingAttribute z:Ref="i122"/><RisingAttribute z:Ref="i121"/></URDFElement><URDFElement z:Id="i123" i:type="Dynamics"><Attributes><Attribute z:Id="i124"><AttributeType>damping</AttributeType><IsRequired>false</IsRequired><Value i:nil="true"/></Attribute><Attribute z:Id="i125"><AttributeType>friction</AttributeType><IsRequired>false</IsRequired><Value i:nil="true"/></Attribute></Attributes><ChildElements/><ElementName>dynamics</ElementName><required>false</required><DampingAttribute z:Ref="i124"/><FrictionAttribute z:Ref="i125"/></URDFElement><URDFElement z:Id="i126" i:type="SafetyController"><Attributes><Attribute z:Id="i127"><AttributeType>soft_upper_limit</AttributeType><IsRequired>false</IsRequired><Value i:nil="true"/></Attribute><Attribute z:Id="i128"><AttributeType>soft_lower_limit</AttributeType><IsRequired>false</IsRequired><Value i:nil="true"/></Attribute><Attribute z:Id="i129"><AttributeType>k_position</AttributeType><IsRequired>false</IsRequired><Value i:nil="true"/></Attribute><Attribute z:Id="i130"><AttributeType>k_velocity</AttributeType><IsRequired>true</IsRequired><Value i:nil="true"/></Attribute></Attributes><ChildElements/><ElementName>safety_controller</ElementName><required>false</required><KPositionAttribute z:Ref="i129"/><KVelocityAttribute z:Ref="i130"/><SoftLowerAttribute z:Ref="i128"/><SoftUpperAttribute z:Ref="i127"/></URDFElement><URDFElement z:Id="i131" i:type="Mimic"><Attributes><Attribute z:Id="i132"><AttributeType>joint</AttributeType><IsRequired>true</IsRequired><Value i:nil="true"/></Attribute><Attribute z:Id="i133"><AttributeType>multiplier</AttributeType><IsRequired>false</IsRequired><Value i:nil="true"/></Attribute><Attribute z:Id="i134"><AttributeType>offset</AttributeType><IsRequired>false</IsRequired><Value i:nil="true"/></Attribute></Attributes><ChildElements/><ElementName>mimic</ElementName><required>false</required><JointNameAttribute z:Ref="i132"/><MultiplierAttribute z:Ref="i133"/><OffsetAttribute z:Ref="i134"/></URDFElement></ChildElements><ElementName>joint</ElementName><required>false</required><Axis z:Ref="i113"/><AxisName>Axis_lidar</AxisName><Calibration z:Ref="i120"/><Child z:Ref="i111"/><CoordinateSystemName>Coordinate System2</CoordinateSystemName><Dynamics z:Ref="i123"/><Limit z:Ref="i115"/><Mimic z:Ref="i131"/><NameAttribute z:Ref="i104"/><Origin z:Ref="i106"/><Parent z:Ref="i109"/><Safety z:Ref="i126"/><TypeAttribute z:Ref="i105"/></URDFElement></ChildElements><ElementName>link</ElementName><required>true</required><Children/><Collision z:Ref="i96"/><Inertial z:Ref="i70"/><Joint z:Ref="i103"/><NameAttribute z:Ref="i69"/><Parent z:Ref="i1"/><STLQualityFine>false</STLQualityFine><SWComponentPIDs xmlns:a="http://schemas.microsoft.com/2003/10/Serialization/Arrays"><a:base64Binary>aEIAAAUAAAD//v8RWAAzAF8ATABpAGQAYQByAC0AMQBAAHIAbwBiAG8AVgAyAAQAAAAQAAAAAQAAAAEAAACLBAAA</a:base64Binary></SWComponentPIDs><SWMainComponentPID i:nil="true"/><Visual z:Ref="i83"/><isFixedFrame>false</isFixedFrame><isIncomplete>false</isIncomplete></Link><Link z:Id="i135"><Attributes><Attribute z:Id="i136"><AttributeType>name</AttributeType><IsRequired>true</IsRequired><Value i:type="a:string" xmlns:a="http://www.w3.org/2001/XMLSchema">imu_link</Value></Attribute></Attributes><ChildElements><URDFElement z:Id="i137" i:type="Inertial"><Attributes/><ChildElements><URDFElement z:Id="i138" i:type="Origin"><Attributes><Attribute z:Id="i139"><AttributeType>xyz</AttributeType><IsRequired>true</IsRequired><Value i:type="a:ArrayOfdouble" xmlns:a="http://schemas.microsoft.com/2003/10/Serialization/Arrays"><a:double>-0.00012898011774786777</a:double><a:double>-0.00019149559799316873</a:double><a:double>-0.0038407050934866627</a:double></Value></Attribute><Attribute z:Id="i140"><AttributeType>rpy</AttributeType><IsRequired>true</IsRequired><Value i:type="a:ArrayOfdouble" xmlns:a="http://schemas.microsoft.com/2003/10/Serialization/Arrays"><a:double>0</a:double><a:double>0</a:double><a:double>0</a:double></Value></Attribute></Attributes><ChildElements/><ElementName>origin</ElementName><required>false</required><RPYAttribute z:Ref="i140"/><XYZAttribute z:Ref="i139"/><isCustomized>false</isCustomized></URDFElement><URDFElement z:Id="i141" i:type="Mass"><Attributes><Attribute z:Id="i142"><AttributeType>value</AttributeType><IsRequired>true</IsRequired><Value i:type="a:double" xmlns:a="http://www.w3.org/2001/XMLSchema">0.000999898118986841</Value></Attribute></Attributes><ChildElements/><ElementName>mass</ElementName><required>false</required><ValueAttribute z:Ref="i142"/></URDFElement><URDFElement z:Id="i143" i:type="Inertia"><Attributes><Attribute z:Id="i144"><AttributeType>ixx</AttributeType><IsRequired>true</IsRequired><Value i:type="a:double" xmlns:a="http://www.w3.org/2001/XMLSchema">2.5044771693541564E-08</Value></Attribute><Attribute z:Id="i145"><AttributeType>ixy</AttributeType><IsRequired>true</IsRequired><Value i:type="a:double" xmlns:a="http://www.w3.org/2001/XMLSchema">1.0396505624691962E-10</Value></Attribute><Attribute z:Id="i146"><AttributeType>ixz</AttributeType><IsRequired>true</IsRequired><Value i:type="a:double" xmlns:a="http://www.w3.org/2001/XMLSchema">-2.685604816346462E-14</Value></Attribute><Attribute z:Id="i147"><AttributeType>iyy</AttributeType><IsRequired>true</IsRequired><Value i:type="a:double" xmlns:a="http://www.w3.org/2001/XMLSchema">1.2451353550853071E-08</Value></Attribute><Attribute z:Id="i148"><AttributeType>iyz</AttributeType><IsRequired>true</IsRequired><Value i:type="a:double" xmlns:a="http://www.w3.org/2001/XMLSchema">-1.1856542349006593E-14</Value></Attribute><Attribute z:Id="i149"><AttributeType>izz</AttributeType><IsRequired>true</IsRequired><Value i:type="a:double" xmlns:a="http://www.w3.org/2001/XMLSchema">3.063763531158985E-08</Value></Attribute></Attributes><ChildElements/><ElementName>inertia</ElementName><required>false</required><IxxAttribute z:Ref="i144"/><IxyAttribute z:Ref="i145"/><IxzAttribute z:Ref="i146"/><IyyAttribute z:Ref="i147"/><IyzAttribute z:Ref="i148"/><IzzAttribute z:Ref="i149"/></URDFElement></ChildElements><ElementName>inertial</ElementName><required>false</required><Inertia z:Ref="i143"/><Mass z:Ref="i141"/><Origin z:Ref="i138"/></URDFElement><URDFElement z:Id="i150" i:type="Visual"><Attributes/><ChildElements><URDFElement z:Id="i151" i:type="Origin"><Attributes><Attribute z:Id="i152"><AttributeType>xyz</AttributeType><IsRequired>true</IsRequired><Value i:type="a:ArrayOfdouble" xmlns:a="http://schemas.microsoft.com/2003/10/Serialization/Arrays"><a:double>0</a:double><a:double>0</a:double><a:double>0</a:double></Value></Attribute><Attribute z:Id="i153"><AttributeType>rpy</AttributeType><IsRequired>true</IsRequired><Value i:type="a:ArrayOfdouble" xmlns:a="http://schemas.microsoft.com/2003/10/Serialization/Arrays"><a:double>0</a:double><a:double>0</a:double><a:double>0</a:double></Value></Attribute></Attributes><ChildElements/><ElementName>origin</ElementName><required>false</required><RPYAttribute z:Ref="i153"/><XYZAttribute z:Ref="i152"/><isCustomized>false</isCustomized></URDFElement><URDFElement z:Id="i154" i:type="Geometry"><Attributes/><ChildElements><URDFElement z:Id="i155" i:type="Mesh"><Attributes><Attribute z:Id="i156"><AttributeType>filename</AttributeType><IsRequired>true</IsRequired><Value i:nil="true"/></Attribute></Attributes><ChildElements/><ElementName>mesh</ElementName><required>false</required><FilenameAttribute z:Ref="i156"/></URDFElement></ChildElements><ElementName>geometry</ElementName><required>true</required><Mesh z:Ref="i155"/></URDFElement><URDFElement z:Id="i157" i:type="Material"><Attributes><Attribute z:Id="i158"><AttributeType>name</AttributeType><IsRequired>true</IsRequired><Value i:type="a:string" xmlns:a="http://www.w3.org/2001/XMLSchema"/></Attribute></Attributes><ChildElements><URDFElement z:Id="i159" i:type="Color"><Attributes><Attribute z:Id="i160"><AttributeType>rgba</AttributeType><IsRequired>true</IsRequired><Value i:type="a:ArrayOfdouble" xmlns:a="http://schemas.microsoft.com/2003/10/Serialization/Arrays"><a:double>0.792156862745098</a:double><a:double>0.81960784313725488</a:double><a:double>0.93333333333333335</a:double><a:double>1</a:double></Value></Attribute></Attributes><ChildElements/><ElementName>color</ElementName><required>false</required><RGBAAttribute z:Ref="i160"/></URDFElement><URDFElement z:Id="i161" i:type="Texture"><Attributes><Attribute z:Id="i162"><AttributeType>filename</AttributeType><IsRequired>true</IsRequired><Value i:nil="true"/></Attribute></Attributes><ChildElements/><ElementName>texture</ElementName><required>false</required><FilenameAttribute z:Ref="i162"/><wFilename/></URDFElement></ChildElements><ElementName>material</ElementName><required>false</required><Color z:Ref="i159"/><NameAttribute z:Ref="i158"/><Texture z:Ref="i161"/></URDFElement></ChildElements><ElementName>visual</ElementName><required>false</required><Geometry z:Ref="i154"/><Material z:Ref="i157"/><Origin z:Ref="i151"/></URDFElement><URDFElement z:Id="i163" i:type="Collision"><Attributes/><ChildElements><URDFElement z:Id="i164" i:type="Origin"><Attributes><Attribute z:Id="i165"><AttributeType>xyz</AttributeType><IsRequired>true</IsRequired><Value i:type="a:ArrayOfdouble" xmlns:a="http://schemas.microsoft.com/2003/10/Serialization/Arrays"><a:double>0</a:double><a:double>0</a:double><a:double>0</a:double></Value></Attribute><Attribute z:Id="i166"><AttributeType>rpy</AttributeType><IsRequired>true</IsRequired><Value i:type="a:ArrayOfdouble" xmlns:a="http://schemas.microsoft.com/2003/10/Serialization/Arrays"><a:double>0</a:double><a:double>0</a:double><a:double>0</a:double></Value></Attribute></Attributes><ChildElements/><ElementName>origin</ElementName><required>false</required><RPYAttribute z:Ref="i166"/><XYZAttribute z:Ref="i165"/><isCustomized>false</isCustomized></URDFElement><URDFElement z:Id="i167" i:type="Geometry"><Attributes/><ChildElements><URDFElement z:Id="i168" i:type="Mesh"><Attributes><Attribute z:Id="i169"><AttributeType>filename</AttributeType><IsRequired>true</IsRequired><Value i:nil="true"/></Attribute></Attributes><ChildElements/><ElementName>mesh</ElementName><required>false</required><FilenameAttribute z:Ref="i169"/></URDFElement></ChildElements><ElementName>geometry</ElementName><required>true</required><Mesh z:Ref="i168"/></URDFElement></ChildElements><ElementName>collision</ElementName><required>false</required><Geometry z:Ref="i167"/><Origin z:Ref="i164"/></URDFElement><URDFElement z:Id="i170" i:type="Joint"><Attributes><Attribute z:Id="i171"><AttributeType>name</AttributeType><IsRequired>true</IsRequired><Value i:type="a:string" xmlns:a="http://www.w3.org/2001/XMLSchema">imu</Value></Attribute><Attribute z:Id="i172"><AttributeType>type</AttributeType><IsRequired>true</IsRequired><Value i:type="a:string" xmlns:a="http://www.w3.org/2001/XMLSchema">fixed</Value></Attribute></Attributes><ChildElements><URDFElement z:Id="i173" i:type="Origin"><Attributes><Attribute z:Id="i174"><AttributeType>xyz</AttributeType><IsRequired>true</IsRequired><Value i:type="a:ArrayOfdouble" xmlns:a="http://schemas.microsoft.com/2003/10/Serialization/Arrays"><a:double>0.12642893305504876</a:double><a:double>-0.10052307723426915</a:double><a:double>0.0330200000034927</a:double></Value></Attribute><Attribute z:Id="i175"><AttributeType>rpy</AttributeType><IsRequired>true</IsRequired><Value i:type="a:ArrayOfdouble" xmlns:a="http://schemas.microsoft.com/2003/10/Serialization/Arrays"><a:double>0</a:double><a:double>0</a:double><a:double>0</a:double></Value></Attribute></Attributes><ChildElements/><ElementName>origin</ElementName><required>false</required><RPYAttribute z:Ref="i175"/><XYZAttribute z:Ref="i174"/><isCustomized>false</isCustomized></URDFElement><URDFElement z:Id="i176" i:type="ParentLink"><Attributes><Attribute z:Id="i177"><AttributeType>link</AttributeType><IsRequired>true</IsRequired><Value i:type="a:string" xmlns:a="http://www.w3.org/2001/XMLSchema">base_link</Value></Attribute></Attributes><ChildElements/><ElementName>parent</ElementName><required>true</required><NameAttribute z:Ref="i177"/></URDFElement><URDFElement z:Id="i178" i:type="ChildLink"><Attributes><Attribute z:Id="i179"><AttributeType>link</AttributeType><IsRequired>true</IsRequired><Value i:type="a:string" xmlns:a="http://www.w3.org/2001/XMLSchema">imu_link</Value></Attribute></Attributes><ChildElements/><ElementName>child</ElementName><required>true</required><NameAttribute z:Ref="i179"/></URDFElement><URDFElement z:Id="i180" i:type="Axis"><Attributes><Attribute z:Id="i181"><AttributeType>xyz</AttributeType><IsRequired>true</IsRequired><Value i:type="a:ArrayOfdouble" xmlns:a="http://schemas.microsoft.com/2003/10/Serialization/Arrays"><a:double>0</a:double><a:double>0</a:double><a:double>0</a:double></Value></Attribute></Attributes><ChildElements/><ElementName>axis</ElementName><required>false</required><XYZAttribute z:Ref="i181"/></URDFElement><URDFElement z:Id="i182" i:type="Limit"><Attributes><Attribute z:Id="i183"><AttributeType>lower</AttributeType><IsRequired>false</IsRequired><Value i:nil="true"/></Attribute><Attribute z:Id="i184"><AttributeType>upper</AttributeType><IsRequired>false</IsRequired><Value i:nil="true"/></Attribute><Attribute z:Id="i185"><AttributeType>effort</AttributeType><IsRequired>true</IsRequired><Value i:nil="true"/></Attribute><Attribute z:Id="i186"><AttributeType>velocity</AttributeType><IsRequired>true</IsRequired><Value i:nil="true"/></Attribute></Attributes><ChildElements/><ElementName>limit</ElementName><required>false</required><EffortAttribute z:Ref="i185"/><LowerAttribute z:Ref="i183"/><UpperAttribute z:Ref="i184"/><VelocityAttribute z:Ref="i186"/></URDFElement><URDFElement z:Id="i187" i:type="Calibration"><Attributes><Attribute z:Id="i188"><AttributeType>rising</AttributeType><IsRequired>false</IsRequired><Value i:nil="true"/></Attribute><Attribute z:Id="i189"><AttributeType>falling</AttributeType><IsRequired>false</IsRequired><Value i:nil="true"/></Attribute></Attributes><ChildElements/><ElementName>calibration</ElementName><required>false</required><FallingAttribute z:Ref="i189"/><RisingAttribute z:Ref="i188"/></URDFElement><URDFElement z:Id="i190" i:type="Dynamics"><Attributes><Attribute z:Id="i191"><AttributeType>damping</AttributeType><IsRequired>false</IsRequired><Value i:nil="true"/></Attribute><Attribute z:Id="i192"><AttributeType>friction</AttributeType><IsRequired>false</IsRequired><Value i:nil="true"/></Attribute></Attributes><ChildElements/><ElementName>dynamics</ElementName><required>false</required><DampingAttribute z:Ref="i191"/><FrictionAttribute z:Ref="i192"/></URDFElement><URDFElement z:Id="i193" i:type="SafetyController"><Attributes><Attribute z:Id="i194"><AttributeType>soft_upper_limit</AttributeType><IsRequired>false</IsRequired><Value i:nil="true"/></Attribute><Attribute z:Id="i195"><AttributeType>soft_lower_limit</AttributeType><IsRequired>false</IsRequired><Value i:nil="true"/></Attribute><Attribute z:Id="i196"><AttributeType>k_position</AttributeType><IsRequired>false</IsRequired><Value i:nil="true"/></Attribute><Attribute z:Id="i197"><AttributeType>k_velocity</AttributeType><IsRequired>true</IsRequired><Value i:nil="true"/></Attribute></Attributes><ChildElements/><ElementName>safety_controller</ElementName><required>false</required><KPositionAttribute z:Ref="i196"/><KVelocityAttribute z:Ref="i197"/><SoftLowerAttribute z:Ref="i195"/><SoftUpperAttribute z:Ref="i194"/></URDFElement><URDFElement z:Id="i198" i:type="Mimic"><Attributes><Attribute z:Id="i199"><AttributeType>joint</AttributeType><IsRequired>true</IsRequired><Value i:nil="true"/></Attribute><Attribute z:Id="i200"><AttributeType>multiplier</AttributeType><IsRequired>false</IsRequired><Value i:nil="true"/></Attribute><Attribute z:Id="i201"><AttributeType>offset</AttributeType><IsRequired>false</IsRequired><Value i:nil="true"/></Attribute></Attributes><ChildElements/><ElementName>mimic</ElementName><required>false</required><JointNameAttribute z:Ref="i199"/><MultiplierAttribute z:Ref="i200"/><OffsetAttribute z:Ref="i201"/></URDFElement></ChildElements><ElementName>joint</ElementName><required>false</required><Axis z:Ref="i180"/><AxisName>Axis_imu</AxisName><Calibration z:Ref="i187"/><Child z:Ref="i178"/><CoordinateSystemName>Coordinate System3</CoordinateSystemName><Dynamics z:Ref="i190"/><Limit z:Ref="i182"/><Mimic z:Ref="i198"/><NameAttribute z:Ref="i171"/><Origin z:Ref="i173"/><Parent z:Ref="i176"/><Safety z:Ref="i193"/><TypeAttribute z:Ref="i172"/></URDFElement></ChildElements><ElementName>link</ElementName><required>true</required><Children/><Collision z:Ref="i163"/><Inertial z:Ref="i137"/><Joint z:Ref="i170"/><NameAttribute z:Ref="i136"/><Parent z:Ref="i1"/><STLQualityFine>false</STLQualityFine><SWComponentPIDs xmlns:a="http://schemas.microsoft.com/2003/10/Serialization/Arrays"><a:base64Binary>aEIAAAUAAAD//v8QTQBQAFUANgAwADUAMAAtADEAQAByAG8AYgBvAFYAMgAEAAAAEAAAAAEAAAABAAAA9gQAAA==</a:base64Binary></SWComponentPIDs><SWMainComponentPID i:nil="true"/><Visual z:Ref="i150"/><isFixedFrame>false</isFixedFrame><isIncomplete>false</isIncomplete></Link><Link z:Id="i202"><Attributes><Attribute z:Id="i203"><AttributeType>name</AttributeType><IsRequired>true</IsRequired><Value i:type="a:string" xmlns:a="http://www.w3.org/2001/XMLSchema">right_wheel_link</Value></Attribute></Attributes><ChildElements><URDFElement z:Id="i204" i:type="Inertial"><Attributes/><ChildElements><URDFElement z:Id="i205" i:type="Origin"><Attributes><Attribute z:Id="i206"><AttributeType>xyz</AttributeType><IsRequired>true</IsRequired><Value i:type="a:ArrayOfdouble" xmlns:a="http://schemas.microsoft.com/2003/10/Serialization/Arrays"><a:double>0.00024358782977840221</a:double><a:double>-0.02950009904556436</a:double><a:double>8.011563634724439E-11</a:double></Value></Attribute><Attribute z:Id="i207"><AttributeType>rpy</AttributeType><IsRequired>true</IsRequired><Value i:type="a:ArrayOfdouble" xmlns:a="http://schemas.microsoft.com/2003/10/Serialization/Arrays"><a:double>0</a:double><a:double>0</a:double><a:double>0</a:double></Value></Attribute></Attributes><ChildElements/><ElementName>origin</ElementName><required>false</required><RPYAttribute z:Ref="i207"/><XYZAttribute z:Ref="i206"/><isCustomized>false</isCustomized></URDFElement><URDFElement z:Id="i208" i:type="Mass"><Attributes><Attribute z:Id="i209"><AttributeType>value</AttributeType><IsRequired>true</IsRequired><Value i:type="a:double" xmlns:a="http://www.w3.org/2001/XMLSchema">0.98170665090244347</Value></Attribute></Attributes><ChildElements/><ElementName>mass</ElementName><required>false</required><ValueAttribute z:Ref="i209"/></URDFElement><URDFElement z:Id="i210" i:type="Inertia"><Attributes><Attribute z:Id="i211"><AttributeType>ixx</AttributeType><IsRequired>true</IsRequired><Value i:type="a:double" xmlns:a="http://www.w3.org/2001/XMLSchema">0.0016529887582960915</Value></Attribute><Attribute z:Id="i212"><AttributeType>ixy</AttributeType><IsRequired>true</IsRequired><Value i:type="a:double" xmlns:a="http://www.w3.org/2001/XMLSchema">-1.0120899306445503E-05</Value></Attribute><Attribute z:Id="i213"><AttributeType>ixz</AttributeType><IsRequired>true</IsRequired><Value i:type="a:double" xmlns:a="http://www.w3.org/2001/XMLSchema">-1.8168620653085957E-09</Value></Attribute><Attribute z:Id="i214"><AttributeType>iyy</AttributeType><IsRequired>true</IsRequired><Value i:type="a:double" xmlns:a="http://www.w3.org/2001/XMLSchema">0.0028786106100582394</Value></Attribute><Attribute z:Id="i215"><AttributeType>iyz</AttributeType><IsRequired>true</IsRequired><Value i:type="a:double" xmlns:a="http://www.w3.org/2001/XMLSchema">-1.3567531199067529E-11</Value></Attribute><Attribute z:Id="i216"><AttributeType>izz</AttributeType><IsRequired>true</IsRequired><Value i:type="a:double" xmlns:a="http://www.w3.org/2001/XMLSchema">0.0016529123598083377</Value></Attribute></Attributes><ChildElements/><ElementName>inertia</ElementName><required>false</required><IxxAttribute z:Ref="i211"/><IxyAttribute z:Ref="i212"/><IxzAttribute z:Ref="i213"/><IyyAttribute z:Ref="i214"/><IyzAttribute z:Ref="i215"/><IzzAttribute z:Ref="i216"/></URDFElement></ChildElements><ElementName>inertial</ElementName><required>false</required><Inertia z:Ref="i210"/><Mass z:Ref="i208"/><Origin z:Ref="i205"/></URDFElement><URDFElement z:Id="i217" i:type="Visual"><Attributes/><ChildElements><URDFElement z:Id="i218" i:type="Origin"><Attributes><Attribute z:Id="i219"><AttributeType>xyz</AttributeType><IsRequired>true</IsRequired><Value i:type="a:ArrayOfdouble" xmlns:a="http://schemas.microsoft.com/2003/10/Serialization/Arrays"><a:double>0</a:double><a:double>0</a:double><a:double>0</a:double></Value></Attribute><Attribute z:Id="i220"><AttributeType>rpy</AttributeType><IsRequired>true</IsRequired><Value i:type="a:ArrayOfdouble" xmlns:a="http://schemas.microsoft.com/2003/10/Serialization/Arrays"><a:double>0</a:double><a:double>0</a:double><a:double>0</a:double></Value></Attribute></Attributes><ChildElements/><ElementName>origin</ElementName><required>false</required><RPYAttribute z:Ref="i220"/><XYZAttribute z:Ref="i219"/><isCustomized>false</isCustomized></URDFElement><URDFElement z:Id="i221" i:type="Geometry"><Attributes/><ChildElements><URDFElement z:Id="i222" i:type="Mesh"><Attributes><Attribute z:Id="i223"><AttributeType>filename</AttributeType><IsRequired>true</IsRequired><Value i:nil="true"/></Attribute></Attributes><ChildElements/><ElementName>mesh</ElementName><required>false</required><FilenameAttribute z:Ref="i223"/></URDFElement></ChildElements><ElementName>geometry</ElementName><required>true</required><Mesh z:Ref="i222"/></URDFElement><URDFElement z:Id="i224" i:type="Material"><Attributes><Attribute z:Id="i225"><AttributeType>name</AttributeType><IsRequired>true</IsRequired><Value i:type="a:string" xmlns:a="http://www.w3.org/2001/XMLSchema"/></Attribute></Attributes><ChildElements><URDFElement z:Id="i226" i:type="Color"><Attributes><Attribute z:Id="i227"><AttributeType>rgba</AttributeType><IsRequired>true</IsRequired><Value i:type="a:ArrayOfdouble" xmlns:a="http://schemas.microsoft.com/2003/10/Serialization/Arrays"><a:double>0.2</a:double><a:double>0.2</a:double><a:double>0.2</a:double><a:double>1</a:double></Value></Attribute></Attributes><ChildElements/><ElementName>color</ElementName><required>false</required><RGBAAttribute z:Ref="i227"/></URDFElement><URDFElement z:Id="i228" i:type="Texture"><Attributes><Attribute z:Id="i229"><AttributeType>filename</AttributeType><IsRequired>true</IsRequired><Value i:nil="true"/></Attribute></Attributes><ChildElements/><ElementName>texture</ElementName><required>false</required><FilenameAttribute z:Ref="i229"/><wFilename/></URDFElement></ChildElements><ElementName>material</ElementName><required>false</required><Color z:Ref="i226"/><NameAttribute z:Ref="i225"/><Texture z:Ref="i228"/></URDFElement></ChildElements><ElementName>visual</ElementName><required>false</required><Geometry z:Ref="i221"/><Material z:Ref="i224"/><Origin z:Ref="i218"/></URDFElement><URDFElement z:Id="i230" i:type="Collision"><Attributes/><ChildElements><URDFElement z:Id="i231" i:type="Origin"><Attributes><Attribute z:Id="i232"><AttributeType>xyz</AttributeType><IsRequired>true</IsRequired><Value i:type="a:ArrayOfdouble" xmlns:a="http://schemas.microsoft.com/2003/10/Serialization/Arrays"><a:double>0</a:double><a:double>0</a:double><a:double>0</a:double></Value></Attribute><Attribute z:Id="i233"><AttributeType>rpy</AttributeType><IsRequired>true</IsRequired><Value i:type="a:ArrayOfdouble" xmlns:a="http://schemas.microsoft.com/2003/10/Serialization/Arrays"><a:double>0</a:double><a:double>0</a:double><a:double>0</a:double></Value></Attribute></Attributes><ChildElements/><ElementName>origin</ElementName><required>false</required><RPYAttribute z:Ref="i233"/><XYZAttribute z:Ref="i232"/><isCustomized>false</isCustomized></URDFElement><URDFElement z:Id="i234" i:type="Geometry"><Attributes/><ChildElements><URDFElement z:Id="i235" i:type="Mesh"><Attributes><Attribute z:Id="i236"><AttributeType>filename</AttributeType><IsRequired>true</IsRequired><Value i:nil="true"/></Attribute></Attributes><ChildElements/><ElementName>mesh</ElementName><required>false</required><FilenameAttribute z:Ref="i236"/></URDFElement></ChildElements><ElementName>geometry</ElementName><required>true</required><Mesh z:Ref="i235"/></URDFElement></ChildElements><ElementName>collision</ElementName><required>false</required><Geometry z:Ref="i234"/><Origin z:Ref="i231"/></URDFElement><URDFElement z:Id="i237" i:type="Joint"><Attributes><Attribute z:Id="i238"><AttributeType>name</AttributeType><IsRequired>true</IsRequired><Value i:type="a:string" xmlns:a="http://www.w3.org/2001/XMLSchema">right_wheel</Value></Attribute><Attribute z:Id="i239"><AttributeType>type</AttributeType><IsRequired>true</IsRequired><Value i:type="a:string" xmlns:a="http://www.w3.org/2001/XMLSchema">continuous</Value></Attribute></Attributes><ChildElements><URDFElement z:Id="i240" i:type="Origin"><Attributes><Attribute z:Id="i241"><AttributeType>xyz</AttributeType><IsRequired>true</IsRequired><Value i:type="a:ArrayOfdouble" xmlns:a="http://schemas.microsoft.com/2003/10/Serialization/Arrays"><a:double>0.0015755697007704406</a:double><a:double>-0.17502025768769183</a:double><a:double>0.015000000004217473</a:double></Value></Attribute><Attribute z:Id="i242"><AttributeType>rpy</AttributeType><IsRequired>true</IsRequired><Value i:type="a:ArrayOfdouble" xmlns:a="http://schemas.microsoft.com/2003/10/Serialization/Arrays"><a:double>0</a:double><a:double>0</a:double><a:double>0</a:double></Value></Attribute></Attributes><ChildElements/><ElementName>origin</ElementName><required>false</required><RPYAttribute z:Ref="i242"/><XYZAttribute z:Ref="i241"/><isCustomized>false</isCustomized></URDFElement><URDFElement z:Id="i243" i:type="ParentLink"><Attributes><Attribute z:Id="i244"><AttributeType>link</AttributeType><IsRequired>true</IsRequired><Value i:type="a:string" xmlns:a="http://www.w3.org/2001/XMLSchema">base_link</Value></Attribute></Attributes><ChildElements/><ElementName>parent</ElementName><required>true</required><NameAttribute z:Ref="i244"/></URDFElement><URDFElement z:Id="i245" i:type="ChildLink"><Attributes><Attribute z:Id="i246"><AttributeType>link</AttributeType><IsRequired>true</IsRequired><Value i:type="a:string" xmlns:a="http://www.w3.org/2001/XMLSchema">right_wheel_link</Value></Attribute></Attributes><ChildElements/><ElementName>child</ElementName><required>true</required><NameAttribute z:Ref="i246"/></URDFElement><URDFElement z:Id="i247" i:type="Axis"><Attributes><Attribute z:Id="i248"><AttributeType>xyz</AttributeType><IsRequired>true</IsRequired><Value i:type="a:ArrayOfdouble" xmlns:a="http://schemas.microsoft.com/2003/10/Serialization/Arrays"><a:double>-0.00825691107326283</a:double><a:double>0.99996591112873856</a:double><a:double>0</a:double></Value></Attribute></Attributes><ChildElements/><ElementName>axis</ElementName><required>false</required><XYZAttribute z:Ref="i248"/></URDFElement><URDFElement z:Id="i249" i:type="Limit"><Attributes><Attribute z:Id="i250"><AttributeType>lower</AttributeType><IsRequired>false</IsRequired><Value i:nil="true"/></Attribute><Attribute z:Id="i251"><AttributeType>upper</AttributeType><IsRequired>false</IsRequired><Value i:nil="true"/></Attribute><Attribute z:Id="i252"><AttributeType>effort</AttributeType><IsRequired>true</IsRequired><Value i:nil="true"/></Attribute><Attribute z:Id="i253"><AttributeType>velocity</AttributeType><IsRequired>true</IsRequired><Value i:nil="true"/></Attribute></Attributes><ChildElements/><ElementName>limit</ElementName><required>false</required><EffortAttribute z:Ref="i252"/><LowerAttribute z:Ref="i250"/><UpperAttribute z:Ref="i251"/><VelocityAttribute z:Ref="i253"/></URDFElement><URDFElement z:Id="i254" i:type="Calibration"><Attributes><Attribute z:Id="i255"><AttributeType>rising</AttributeType><IsRequired>false</IsRequired><Value i:nil="true"/></Attribute><Attribute z:Id="i256"><AttributeType>falling</AttributeType><IsRequired>false</IsRequired><Value i:nil="true"/></Attribute></Attributes><ChildElements/><ElementName>calibration</ElementName><required>false</required><FallingAttribute z:Ref="i256"/><RisingAttribute z:Ref="i255"/></URDFElement><URDFElement z:Id="i257" i:type="Dynamics"><Attributes><Attribute z:Id="i258"><AttributeType>damping</AttributeType><IsRequired>false</IsRequired><Value i:nil="true"/></Attribute><Attribute z:Id="i259"><AttributeType>friction</AttributeType><IsRequired>false</IsRequired><Value i:nil="true"/></Attribute></Attributes><ChildElements/><ElementName>dynamics</ElementName><required>false</required><DampingAttribute z:Ref="i258"/><FrictionAttribute z:Ref="i259"/></URDFElement><URDFElement z:Id="i260" i:type="SafetyController"><Attributes><Attribute z:Id="i261"><AttributeType>soft_upper_limit</AttributeType><IsRequired>false</IsRequired><Value i:nil="true"/></Attribute><Attribute z:Id="i262"><AttributeType>soft_lower_limit</AttributeType><IsRequired>false</IsRequired><Value i:nil="true"/></Attribute><Attribute z:Id="i263"><AttributeType>k_position</AttributeType><IsRequired>false</IsRequired><Value i:nil="true"/></Attribute><Attribute z:Id="i264"><AttributeType>k_velocity</AttributeType><IsRequired>true</IsRequired><Value i:nil="true"/></Attribute></Attributes><ChildElements/><ElementName>safety_controller</ElementName><required>false</required><KPositionAttribute z:Ref="i263"/><KVelocityAttribute z:Ref="i264"/><SoftLowerAttribute z:Ref="i262"/><SoftUpperAttribute z:Ref="i261"/></URDFElement><URDFElement z:Id="i265" i:type="Mimic"><Attributes><Attribute z:Id="i266"><AttributeType>joint</AttributeType><IsRequired>true</IsRequired><Value i:nil="true"/></Attribute><Attribute z:Id="i267"><AttributeType>multiplier</AttributeType><IsRequired>false</IsRequired><Value i:nil="true"/></Attribute><Attribute z:Id="i268"><AttributeType>offset</AttributeType><IsRequired>false</IsRequired><Value i:nil="true"/></Attribute></Attributes><ChildElements/><ElementName>mimic</ElementName><required>false</required><JointNameAttribute z:Ref="i266"/><MultiplierAttribute z:Ref="i267"/><OffsetAttribute z:Ref="i268"/></URDFElement></ChildElements><ElementName>joint</ElementName><required>false</required><Axis z:Ref="i247"/><AxisName>Axis2</AxisName><Calibration z:Ref="i254"/><Child z:Ref="i245"/><CoordinateSystemName>Coordinate System6</CoordinateSystemName><Dynamics z:Ref="i257"/><Limit z:Ref="i249"/><Mimic z:Ref="i265"/><NameAttribute z:Ref="i238"/><Origin z:Ref="i240"/><Parent z:Ref="i243"/><Safety z:Ref="i260"/><TypeAttribute z:Ref="i239"/></URDFElement></ChildElements><ElementName>link</ElementName><required>true</required><Children/><Collision z:Ref="i230"/><Inertial z:Ref="i204"/><Joint z:Ref="i237"/><NameAttribute z:Ref="i203"/><Parent z:Ref="i1"/><STLQualityFine>false</STLQualityFine><SWComponentPIDs xmlns:a="http://schemas.microsoft.com/2003/10/Serialization/Arrays"><a:base64Binary>aEIAAAUAAAD//v8SbQBvAHQAbwByAGUAZABpAHQALQA0AEAAcgBvAGIAbwBWADIABAAAABAAAAABAAAAAQAAAM4FAAA=</a:base64Binary></SWComponentPIDs><SWMainComponentPID i:nil="true"/><Visual z:Ref="i217"/><isFixedFrame>false</isFixedFrame><isIncomplete>false</isIncomplete></Link><Link z:Id="i269"><Attributes><Attribute z:Id="i270"><AttributeType>name</AttributeType><IsRequired>true</IsRequired><Value i:type="a:string" xmlns:a="http://www.w3.org/2001/XMLSchema">left_wheel_link</Value></Attribute></Attributes><ChildElements><URDFElement z:Id="i271" i:type="Inertial"><Attributes/><ChildElements><URDFElement z:Id="i272" i:type="Origin"><Attributes><Attribute z:Id="i273"><AttributeType>xyz</AttributeType><IsRequired>true</IsRequired><Value i:type="a:ArrayOfdouble" xmlns:a="http://schemas.microsoft.com/2003/10/Serialization/Arrays"><a:double>-0.00024358782977862425</a:double><a:double>0.029500099045563943</a:double><a:double>8.0114970213429615E-11</a:double></Value></Attribute><Attribute z:Id="i274"><AttributeType>rpy</AttributeType><IsRequired>true</IsRequired><Value i:type="a:ArrayOfdouble" xmlns:a="http://schemas.microsoft.com/2003/10/Serialization/Arrays"><a:double>0</a:double><a:double>0</a:double><a:double>0</a:double></Value></Attribute></Attributes><ChildElements/><ElementName>origin</ElementName><required>false</required><RPYAttribute z:Ref="i274"/><XYZAttribute z:Ref="i273"/><isCustomized>false</isCustomized></URDFElement><URDFElement z:Id="i275" i:type="Mass"><Attributes><Attribute z:Id="i276"><AttributeType>value</AttributeType><IsRequired>true</IsRequired><Value i:type="a:double" xmlns:a="http://www.w3.org/2001/XMLSchema">0.981706650902443</Value></Attribute></Attributes><ChildElements/><ElementName>mass</ElementName><required>false</required><ValueAttribute z:Ref="i276"/></URDFElement><URDFElement z:Id="i277" i:type="Inertia"><Attributes><Attribute z:Id="i278"><AttributeType>ixx</AttributeType><IsRequired>true</IsRequired><Value i:type="a:double" xmlns:a="http://www.w3.org/2001/XMLSchema">0.0016529912083484675</Value></Attribute><Attribute z:Id="i279"><AttributeType>ixy</AttributeType><IsRequired>true</IsRequired><Value i:type="a:double" xmlns:a="http://www.w3.org/2001/XMLSchema">-1.01249109871006E-05</Value></Attribute><Attribute z:Id="i280"><AttributeType>ixz</AttributeType><IsRequired>true</IsRequired><Value i:type="a:double" xmlns:a="http://www.w3.org/2001/XMLSchema">-1.4498411509295279E-08</Value></Attribute><Attribute z:Id="i281"><AttributeType>iyy</AttributeType><IsRequired>true</IsRequired><Value i:type="a:double" xmlns:a="http://www.w3.org/2001/XMLSchema">0.0028786195090139259</Value></Attribute><Attribute z:Id="i282"><AttributeType>iyz</AttributeType><IsRequired>true</IsRequired><Value i:type="a:double" xmlns:a="http://www.w3.org/2001/XMLSchema">7.25004217163637E-11</Value></Attribute><Attribute z:Id="i283"><AttributeType>izz</AttributeType><IsRequired>true</IsRequired><Value i:type="a:double" xmlns:a="http://www.w3.org/2001/XMLSchema">0.001652919882344762</Value></Attribute></Attributes><ChildElements/><ElementName>inertia</ElementName><required>false</required><IxxAttribute z:Ref="i278"/><IxyAttribute z:Ref="i279"/><IxzAttribute z:Ref="i280"/><IyyAttribute z:Ref="i281"/><IyzAttribute z:Ref="i282"/><IzzAttribute z:Ref="i283"/></URDFElement></ChildElements><ElementName>inertial</ElementName><required>false</required><Inertia z:Ref="i277"/><Mass z:Ref="i275"/><Origin z:Ref="i272"/></URDFElement><URDFElement z:Id="i284" i:type="Visual"><Attributes/><ChildElements><URDFElement z:Id="i285" i:type="Origin"><Attributes><Attribute z:Id="i286"><AttributeType>xyz</AttributeType><IsRequired>true</IsRequired><Value i:type="a:ArrayOfdouble" xmlns:a="http://schemas.microsoft.com/2003/10/Serialization/Arrays"><a:double>0</a:double><a:double>0</a:double><a:double>0</a:double></Value></Attribute><Attribute z:Id="i287"><AttributeType>rpy</AttributeType><IsRequired>true</IsRequired><Value i:type="a:ArrayOfdouble" xmlns:a="http://schemas.microsoft.com/2003/10/Serialization/Arrays"><a:double>0</a:double><a:double>0</a:double><a:double>0</a:double></Value></Attribute></Attributes><ChildElements/><ElementName>origin</ElementName><required>false</required><RPYAttribute z:Ref="i287"/><XYZAttribute z:Ref="i286"/><isCustomized>false</isCustomized></URDFElement><URDFElement z:Id="i288" i:type="Geometry"><Attributes/><ChildElements><URDFElement z:Id="i289" i:type="Mesh"><Attributes><Attribute z:Id="i290"><AttributeType>filename</AttributeType><IsRequired>true</IsRequired><Value i:nil="true"/></Attribute></Attributes><ChildElements/><ElementName>mesh</ElementName><required>false</required><FilenameAttribute z:Ref="i290"/></URDFElement></ChildElements><ElementName>geometry</ElementName><required>true</required><Mesh z:Ref="i289"/></URDFElement><URDFElement z:Id="i291" i:type="Material"><Attributes><Attribute z:Id="i292"><AttributeType>name</AttributeType><IsRequired>true</IsRequired><Value i:type="a:string" xmlns:a="http://www.w3.org/2001/XMLSchema"/></Attribute></Attributes><ChildElements><URDFElement z:Id="i293" i:type="Color"><Attributes><Attribute z:Id="i294"><AttributeType>rgba</AttributeType><IsRequired>true</IsRequired><Value i:type="a:ArrayOfdouble" xmlns:a="http://schemas.microsoft.com/2003/10/Serialization/Arrays"><a:double>0.2</a:double><a:double>0.2</a:double><a:double>0.2</a:double><a:double>1</a:double></Value></Attribute></Attributes><ChildElements/><ElementName>color</ElementName><required>false</required><RGBAAttribute z:Ref="i294"/></URDFElement><URDFElement z:Id="i295" i:type="Texture"><Attributes><Attribute z:Id="i296"><AttributeType>filename</AttributeType><IsRequired>true</IsRequired><Value i:nil="true"/></Attribute></Attributes><ChildElements/><ElementName>texture</ElementName><required>false</required><FilenameAttribute z:Ref="i296"/><wFilename/></URDFElement></ChildElements><ElementName>material</ElementName><required>false</required><Color z:Ref="i293"/><NameAttribute z:Ref="i292"/><Texture z:Ref="i295"/></URDFElement></ChildElements><ElementName>visual</ElementName><required>false</required><Geometry z:Ref="i288"/><Material z:Ref="i291"/><Origin z:Ref="i285"/></URDFElement><URDFElement z:Id="i297" i:type="Collision"><Attributes/><ChildElements><URDFElement z:Id="i298" i:type="Origin"><Attributes><Attribute z:Id="i299"><AttributeType>xyz</AttributeType><IsRequired>true</IsRequired><Value i:type="a:ArrayOfdouble" xmlns:a="http://schemas.microsoft.com/2003/10/Serialization/Arrays"><a:double>0</a:double><a:double>0</a:double><a:double>0</a:double></Value></Attribute><Attribute z:Id="i300"><AttributeType>rpy</AttributeType><IsRequired>true</IsRequired><Value i:type="a:ArrayOfdouble" xmlns:a="http://schemas.microsoft.com/2003/10/Serialization/Arrays"><a:double>0</a:double><a:double>0</a:double><a:double>0</a:double></Value></Attribute></Attributes><ChildElements/><ElementName>origin</ElementName><required>false</required><RPYAttribute z:Ref="i300"/><XYZAttribute z:Ref="i299"/><isCustomized>false</isCustomized></URDFElement><URDFElement z:Id="i301" i:type="Geometry"><Attributes/><ChildElements><URDFElement z:Id="i302" i:type="Mesh"><Attributes><Attribute z:Id="i303"><AttributeType>filename</AttributeType><IsRequired>true</IsRequired><Value i:nil="true"/></Attribute></Attributes><ChildElements/><ElementName>mesh</ElementName><required>false</required><FilenameAttribute z:Ref="i303"/></URDFElement></ChildElements><ElementName>geometry</ElementName><required>true</required><Mesh z:Ref="i302"/></URDFElement></ChildElements><ElementName>collision</ElementName><required>false</required><Geometry z:Ref="i301"/><Origin z:Ref="i298"/></URDFElement><URDFElement z:Id="i304" i:type="Joint"><Attributes><Attribute z:Id="i305"><AttributeType>name</AttributeType><IsRequired>true</IsRequired><Value i:type="a:string" xmlns:a="http://www.w3.org/2001/XMLSchema">left_wheel</Value></Attribute><Attribute z:Id="i306"><AttributeType>type</AttributeType><IsRequired>true</IsRequired><Value i:type="a:string" xmlns:a="http://www.w3.org/2001/XMLSchema">continuous</Value></Attribute></Attributes><ChildElements><URDFElement z:Id="i307" i:type="Origin"><Attributes><Attribute z:Id="i308"><AttributeType>xyz</AttributeType><IsRequired>true</IsRequired><Value i:type="a:ArrayOfdouble" xmlns:a="http://schemas.microsoft.com/2003/10/Serialization/Arrays"><a:double>-0.001314349174873275</a:double><a:double>0.17496781120736421</a:double><a:double>0.015000000004217529</a:double></Value></Attribute><Attribute z:Id="i309"><AttributeType>rpy</AttributeType><IsRequired>true</IsRequired><Value i:type="a:ArrayOfdouble" xmlns:a="http://schemas.microsoft.com/2003/10/Serialization/Arrays"><a:double>0</a:double><a:double>0</a:double><a:double>0</a:double></Value></Attribute></Attributes><ChildElements/><ElementName>origin</ElementName><required>false</required><RPYAttribute z:Ref="i309"/><XYZAttribute z:Ref="i308"/><isCustomized>false</isCustomized></URDFElement><URDFElement z:Id="i310" i:type="ParentLink"><Attributes><Attribute z:Id="i311"><AttributeType>link</AttributeType><IsRequired>true</IsRequired><Value i:type="a:string" xmlns:a="http://www.w3.org/2001/XMLSchema">base_link</Value></Attribute></Attributes><ChildElements/><ElementName>parent</ElementName><required>true</required><NameAttribute z:Ref="i311"/></URDFElement><URDFElement z:Id="i312" i:type="ChildLink"><Attributes><Attribute z:Id="i313"><AttributeType>link</AttributeType><IsRequired>true</IsRequired><Value i:type="a:string" xmlns:a="http://www.w3.org/2001/XMLSchema">left_wheel_link</Value></Attribute></Attributes><ChildElements/><ElementName>child</ElementName><required>true</required><NameAttribute z:Ref="i313"/></URDFElement><URDFElement z:Id="i314" i:type="Axis"><Attributes><Attribute z:Id="i315"><AttributeType>xyz</AttributeType><IsRequired>true</IsRequired><Value i:type="a:ArrayOfdouble" xmlns:a="http://schemas.microsoft.com/2003/10/Serialization/Arrays"><a:double>0.0082569110732628129</a:double><a:double>-0.99996591112873856</a:double><a:double>0</a:double></Value></Attribute></Attributes><ChildElements/><ElementName>axis</ElementName><required>false</required><XYZAttribute z:Ref="i315"/></URDFElement><URDFElement z:Id="i316" i:type="Limit"><Attributes><Attribute z:Id="i317"><AttributeType>lower</AttributeType><IsRequired>false</IsRequired><Value i:nil="true"/></Attribute><Attribute z:Id="i318"><AttributeType>upper</AttributeType><IsRequired>false</IsRequired><Value i:nil="true"/></Attribute><Attribute z:Id="i319"><AttributeType>effort</AttributeType><IsRequired>true</IsRequired><Value i:nil="true"/></Attribute><Attribute z:Id="i320"><AttributeType>velocity</AttributeType><IsRequired>true</IsRequired><Value i:nil="true"/></Attribute></Attributes><ChildElements/><ElementName>limit</ElementName><required>false</required><EffortAttribute z:Ref="i319"/><LowerAttribute z:Ref="i317"/><UpperAttribute z:Ref="i318"/><VelocityAttribute z:Ref="i320"/></URDFElement><URDFElement z:Id="i321" i:type="Calibration"><Attributes><Attribute z:Id="i322"><AttributeType>rising</AttributeType><IsRequired>false</IsRequired><Value i:nil="true"/></Attribute><Attribute z:Id="i323"><AttributeType>falling</AttributeType><IsRequired>false</IsRequired><Value i:nil="true"/></Attribute></Attributes><ChildElements/><ElementName>calibration</ElementName><required>false</required><FallingAttribute z:Ref="i323"/><RisingAttribute z:Ref="i322"/></URDFElement><URDFElement z:Id="i324" i:type="Dynamics"><Attributes><Attribute z:Id="i325"><AttributeType>damping</AttributeType><IsRequired>false</IsRequired><Value i:nil="true"/></Attribute><Attribute z:Id="i326"><AttributeType>friction</AttributeType><IsRequired>false</IsRequired><Value i:nil="true"/></Attribute></Attributes><ChildElements/><ElementName>dynamics</ElementName><required>false</required><DampingAttribute z:Ref="i325"/><FrictionAttribute z:Ref="i326"/></URDFElement><URDFElement z:Id="i327" i:type="SafetyController"><Attributes><Attribute z:Id="i328"><AttributeType>soft_upper_limit</AttributeType><IsRequired>false</IsRequired><Value i:nil="true"/></Attribute><Attribute z:Id="i329"><AttributeType>soft_lower_limit</AttributeType><IsRequired>false</IsRequired><Value i:nil="true"/></Attribute><Attribute z:Id="i330"><AttributeType>k_position</AttributeType><IsRequired>false</IsRequired><Value i:nil="true"/></Attribute><Attribute z:Id="i331"><AttributeType>k_velocity</AttributeType><IsRequired>true</IsRequired><Value i:nil="true"/></Attribute></Attributes><ChildElements/><ElementName>safety_controller</ElementName><required>false</required><KPositionAttribute z:Ref="i330"/><KVelocityAttribute z:Ref="i331"/><SoftLowerAttribute z:Ref="i329"/><SoftUpperAttribute z:Ref="i328"/></URDFElement><URDFElement z:Id="i332" i:type="Mimic"><Attributes><Attribute z:Id="i333"><AttributeType>joint</AttributeType><IsRequired>true</IsRequired><Value i:nil="true"/></Attribute><Attribute z:Id="i334"><AttributeType>multiplier</AttributeType><IsRequired>false</IsRequired><Value i:nil="true"/></Attribute><Attribute z:Id="i335"><AttributeType>offset</AttributeType><IsRequired>false</IsRequired><Value i:nil="true"/></Attribute></Attributes><ChildElements/><ElementName>mimic</ElementName><required>false</required><JointNameAttribute z:Ref="i333"/><MultiplierAttribute z:Ref="i334"/><OffsetAttribute z:Ref="i335"/></URDFElement></ChildElements><ElementName>joint</ElementName><required>false</required><Axis z:Ref="i314"/><AxisName>Axis3</AxisName><Calibration z:Ref="i321"/><Child z:Ref="i312"/><CoordinateSystemName>Coordinate System7</CoordinateSystemName><Dynamics z:Ref="i324"/><Limit z:Ref="i316"/><Mimic z:Ref="i332"/><NameAttribute z:Ref="i305"/><Origin z:Ref="i307"/><Parent z:Ref="i310"/><Safety z:Ref="i327"/><TypeAttribute z:Ref="i306"/></URDFElement></ChildElements><ElementName>link</ElementName><required>true</required><Children/><Collision z:Ref="i297"/><Inertial z:Ref="i271"/><Joint z:Ref="i304"/><NameAttribute z:Ref="i270"/><Parent z:Ref="i1"/><STLQualityFine>false</STLQualityFine><SWComponentPIDs xmlns:a="http://schemas.microsoft.com/2003/10/Serialization/Arrays"><a:base64Binary>aEIAAAUAAAD//v8SbQBvAHQAbwByAGUAZABpAHQALQAzAEAAcgBvAGIAbwBWADIABAAAABAAAAABAAAAAQAAAMoCAAA=</a:base64Binary></SWComponentPIDs><SWMainComponentPID i:nil="true"/><Visual z:Ref="i284"/><isFixedFrame>false</isFixedFrame><isIncomplete>false</isIncomplete></Link><Link z:Id="i336"><Attributes><Attribute z:Id="i337"><AttributeType>name</AttributeType><IsRequired>true</IsRequired><Value i:type="a:string" xmlns:a="http://www.w3.org/2001/XMLSchema">camera_link</Value></Attribute></Attributes><ChildElements><URDFElement z:Id="i338" i:type="Inertial"><Attributes/><ChildElements><URDFElement z:Id="i339" i:type="Origin"><Attributes><Attribute z:Id="i340"><AttributeType>xyz</AttributeType><IsRequired>true</IsRequired><Value i:type="a:ArrayOfdouble" xmlns:a="http://schemas.microsoft.com/2003/10/Serialization/Arrays"><a:double>-0.028697404385694236</a:double><a:double>-0.0031532314154304464</a:double><a:double>-0.00696427170361813</a:double></Value></Attribute><Attribute z:Id="i341"><AttributeType>rpy</AttributeType><IsRequired>true</IsRequired><Value i:type="a:ArrayOfdouble" xmlns:a="http://schemas.microsoft.com/2003/10/Serialization/Arrays"><a:double>0</a:double><a:double>0</a:double><a:double>0</a:double></Value></Attribute></Attributes><ChildElements/><ElementName>origin</ElementName><required>false</required><RPYAttribute z:Ref="i341"/><XYZAttribute z:Ref="i340"/><isCustomized>false</isCustomized></URDFElement><URDFElement z:Id="i342" i:type="Mass"><Attributes><Attribute z:Id="i343"><AttributeType>value</AttributeType><IsRequired>true</IsRequired><Value i:type="a:double" xmlns:a="http://www.w3.org/2001/XMLSchema">0.64645488472217072</Value></Attribute></Attributes><ChildElements/><ElementName>mass</ElementName><required>false</required><ValueAttribute z:Ref="i343"/></URDFElement><URDFElement z:Id="i344" i:type="Inertia"><Attributes><Attribute z:Id="i345"><AttributeType>ixx</AttributeType><IsRequired>true</IsRequired><Value i:type="a:double" xmlns:a="http://www.w3.org/2001/XMLSchema">0.0028423827313704014</Value></Attribute><Attribute z:Id="i346"><AttributeType>ixy</AttributeType><IsRequired>true</IsRequired><Value i:type="a:double" xmlns:a="http://www.w3.org/2001/XMLSchema">1.8727304572263632E-05</Value></Attribute><Attribute z:Id="i347"><AttributeType>ixz</AttributeType><IsRequired>true</IsRequired><Value i:type="a:double" xmlns:a="http://www.w3.org/2001/XMLSchema">1.4807509093608278E-07</Value></Attribute><Attribute z:Id="i348"><AttributeType>iyy</AttributeType><IsRequired>true</IsRequired><Value i:type="a:double" xmlns:a="http://www.w3.org/2001/XMLSchema">0.00026375863424418566</Value></Attribute><Attribute z:Id="i349"><AttributeType>iyz</AttributeType><IsRequired>true</IsRequired><Value i:type="a:double" xmlns:a="http://www.w3.org/2001/XMLSchema">-3.3373612821434487E-08</Value></Attribute><Attribute z:Id="i350"><AttributeType>izz</AttributeType><IsRequired>true</IsRequired><Value i:type="a:double" xmlns:a="http://www.w3.org/2001/XMLSchema">0.0029627405896730762</Value></Attribute></Attributes><ChildElements/><ElementName>inertia</ElementName><required>false</required><IxxAttribute z:Ref="i345"/><IxyAttribute z:Ref="i346"/><IxzAttribute z:Ref="i347"/><IyyAttribute z:Ref="i348"/><IyzAttribute z:Ref="i349"/><IzzAttribute z:Ref="i350"/></URDFElement></ChildElements><ElementName>inertial</ElementName><required>false</required><Inertia z:Ref="i344"/><Mass z:Ref="i342"/><Origin z:Ref="i339"/></URDFElement><URDFElement z:Id="i351" i:type="Visual"><Attributes/><ChildElements><URDFElement z:Id="i352" i:type="Origin"><Attributes><Attribute z:Id="i353"><AttributeType>xyz</AttributeType><IsRequired>true</IsRequired><Value i:type="a:ArrayOfdouble" xmlns:a="http://schemas.microsoft.com/2003/10/Serialization/Arrays"><a:double>0</a:double><a:double>0</a:double><a:double>0</a:double></Value></Attribute><Attribute z:Id="i354"><AttributeType>rpy</AttributeType><IsRequired>true</IsRequired><Value i:type="a:ArrayOfdouble" xmlns:a="http://schemas.microsoft.com/2003/10/Serialization/Arrays"><a:double>0</a:double><a:double>0</a:double><a:double>0</a:double></Value></Attribute></Attributes><ChildElements/><ElementName>origin</ElementName><required>false</required><RPYAttribute z:Ref="i354"/><XYZAttribute z:Ref="i353"/><isCustomized>false</isCustomized></URDFElement><URDFElement z:Id="i355" i:type="Geometry"><Attributes/><ChildElements><URDFElement z:Id="i356" i:type="Mesh"><Attributes><Attribute z:Id="i357"><AttributeType>filename</AttributeType><IsRequired>true</IsRequired><Value i:nil="true"/></Attribute></Attributes><ChildElements/><ElementName>mesh</ElementName><required>false</required><FilenameAttribute z:Ref="i357"/></URDFElement></ChildElements><ElementName>geometry</ElementName><required>true</required><Mesh z:Ref="i356"/></URDFElement><URDFElement z:Id="i358" i:type="Material"><Attributes><Attribute z:Id="i359"><AttributeType>name</AttributeType><IsRequired>true</IsRequired><Value i:type="a:string" xmlns:a="http://www.w3.org/2001/XMLSchema"/></Attribute></Attributes><ChildElements><URDFElement z:Id="i360" i:type="Color"><Attributes><Attribute z:Id="i361"><AttributeType>rgba</AttributeType><IsRequired>true</IsRequired><Value i:type="a:ArrayOfdouble" xmlns:a="http://schemas.microsoft.com/2003/10/Serialization/Arrays"><a:double>0.75294117647058822</a:double><a:double>0.75294117647058822</a:double><a:double>0.75294117647058822</a:double><a:double>1</a:double></Value></Attribute></Attributes><ChildElements/><ElementName>color</ElementName><required>false</required><RGBAAttribute z:Ref="i361"/></URDFElement><URDFElement z:Id="i362" i:type="Texture"><Attributes><Attribute z:Id="i363"><AttributeType>filename</AttributeType><IsRequired>true</IsRequired><Value i:nil="true"/></Attribute></Attributes><ChildElements/><ElementName>texture</ElementName><required>false</required><FilenameAttribute z:Ref="i363"/><wFilename/></URDFElement></ChildElements><ElementName>material</ElementName><required>false</required><Color z:Ref="i360"/><NameAttribute z:Ref="i359"/><Texture z:Ref="i362"/></URDFElement></ChildElements><ElementName>visual</ElementName><required>false</required><Geometry z:Ref="i355"/><Material z:Ref="i358"/><Origin z:Ref="i352"/></URDFElement><URDFElement z:Id="i364" i:type="Collision"><Attributes/><ChildElements><URDFElement z:Id="i365" i:type="Origin"><Attributes><Attribute z:Id="i366"><AttributeType>xyz</AttributeType><IsRequired>true</IsRequired><Value i:type="a:ArrayOfdouble" xmlns:a="http://schemas.microsoft.com/2003/10/Serialization/Arrays"><a:double>0</a:double><a:double>0</a:double><a:double>0</a:double></Value></Attribute><Attribute z:Id="i367"><AttributeType>rpy</AttributeType><IsRequired>true</IsRequired><Value i:type="a:ArrayOfdouble" xmlns:a="http://schemas.microsoft.com/2003/10/Serialization/Arrays"><a:double>0</a:double><a:double>0</a:double><a:double>0</a:double></Value></Attribute></Attributes><ChildElements/><ElementName>origin</ElementName><required>false</required><RPYAttribute z:Ref="i367"/><XYZAttribute z:Ref="i366"/><isCustomized>false</isCustomized></URDFElement><URDFElement z:Id="i368" i:type="Geometry"><Attributes/><ChildElements><URDFElement z:Id="i369" i:type="Mesh"><Attributes><Attribute z:Id="i370"><AttributeType>filename</AttributeType><IsRequired>true</IsRequired><Value i:nil="true"/></Attribute></Attributes><ChildElements/><ElementName>mesh</ElementName><required>false</required><FilenameAttribute z:Ref="i370"/></URDFElement></ChildElements><ElementName>geometry</ElementName><required>true</required><Mesh z:Ref="i369"/></URDFElement></ChildElements><ElementName>collision</ElementName><required>false</required><Geometry z:Ref="i368"/><Origin z:Ref="i365"/></URDFElement><URDFElement z:Id="i371" i:type="Joint"><Attributes><Attribute z:Id="i372"><AttributeType>name</AttributeType><IsRequired>true</IsRequired><Value i:type="a:string" xmlns:a="http://www.w3.org/2001/XMLSchema">cam</Value></Attribute><Attribute z:Id="i373"><AttributeType>type</AttributeType><IsRequired>true</IsRequired><Value i:type="a:string" xmlns:a="http://www.w3.org/2001/XMLSchema">fixed</Value></Attribute></Attributes><ChildElements><URDFElement z:Id="i374" i:type="Origin"><Attributes><Attribute z:Id="i375"><AttributeType>xyz</AttributeType><IsRequired>true</IsRequired><Value i:type="a:ArrayOfdouble" xmlns:a="http://schemas.microsoft.com/2003/10/Serialization/Arrays"><a:double>0.26495227055491077</a:double><a:double>0.0053582123173611662</a:double><a:double>0.28442516461510226</a:double></Value></Attribute><Attribute z:Id="i376"><AttributeType>rpy</AttributeType><IsRequired>true</IsRequired><Value i:type="a:ArrayOfdouble" xmlns:a="http://schemas.microsoft.com/2003/10/Serialization/Arrays"><a:double>0</a:double><a:double>0</a:double><a:double>0</a:double></Value></Attribute></Attributes><ChildElements/><ElementName>origin</ElementName><required>false</required><RPYAttribute z:Ref="i376"/><XYZAttribute z:Ref="i375"/><isCustomized>false</isCustomized></URDFElement><URDFElement z:Id="i377" i:type="ParentLink"><Attributes><Attribute z:Id="i378"><AttributeType>link</AttributeType><IsRequired>true</IsRequired><Value i:type="a:string" xmlns:a="http://www.w3.org/2001/XMLSchema">base_link</Value></Attribute></Attributes><ChildElements/><ElementName>parent</ElementName><required>true</required><NameAttribute z:Ref="i378"/></URDFElement><URDFElement z:Id="i379" i:type="ChildLink"><Attributes><Attribute z:Id="i380"><AttributeType>link</AttributeType><IsRequired>true</IsRequired><Value i:type="a:string" xmlns:a="http://www.w3.org/2001/XMLSchema">camera_link</Value></Attribute></Attributes><ChildElements/><ElementName>child</ElementName><required>true</required><NameAttribute z:Ref="i380"/></URDFElement><URDFElement z:Id="i381" i:type="Axis"><Attributes><Attribute z:Id="i382"><AttributeType>xyz</AttributeType><IsRequired>true</IsRequired><Value i:type="a:ArrayOfdouble" xmlns:a="http://schemas.microsoft.com/2003/10/Serialization/Arrays"><a:double>0</a:double><a:double>0</a:double><a:double>0</a:double></Value></Attribute></Attributes><ChildElements/><ElementName>axis</ElementName><required>false</required><XYZAttribute z:Ref="i382"/></URDFElement><URDFElement z:Id="i383" i:type="Limit"><Attributes><Attribute z:Id="i384"><AttributeType>lower</AttributeType><IsRequired>false</IsRequired><Value i:nil="true"/></Attribute><Attribute z:Id="i385"><AttributeType>upper</AttributeType><IsRequired>false</IsRequired><Value i:nil="true"/></Attribute><Attribute z:Id="i386"><AttributeType>effort</AttributeType><IsRequired>true</IsRequired><Value i:nil="true"/></Attribute><Attribute z:Id="i387"><AttributeType>velocity</AttributeType><IsRequired>true</IsRequired><Value i:nil="true"/></Attribute></Attributes><ChildElements/><ElementName>limit</ElementName><required>false</required><EffortAttribute z:Ref="i386"/><LowerAttribute z:Ref="i384"/><UpperAttribute z:Ref="i385"/><VelocityAttribute z:Ref="i387"/></URDFElement><URDFElement z:Id="i388" i:type="Calibration"><Attributes><Attribute z:Id="i389"><AttributeType>rising</AttributeType><IsRequired>false</IsRequired><Value i:nil="true"/></Attribute><Attribute z:Id="i390"><AttributeType>falling</AttributeType><IsRequired>false</IsRequired><Value i:nil="true"/></Attribute></Attributes><ChildElements/><ElementName>calibration</ElementName><required>false</required><FallingAttribute z:Ref="i390"/><RisingAttribute z:Ref="i389"/></URDFElement><URDFElement z:Id="i391" i:type="Dynamics"><Attributes><Attribute z:Id="i392"><AttributeType>damping</AttributeType><IsRequired>false</IsRequired><Value i:nil="true"/></Attribute><Attribute z:Id="i393"><AttributeType>friction</AttributeType><IsRequired>false</IsRequired><Value i:nil="true"/></Attribute></Attributes><ChildElements/><ElementName>dynamics</ElementName><required>false</required><DampingAttribute z:Ref="i392"/><FrictionAttribute z:Ref="i393"/></URDFElement><URDFElement z:Id="i394" i:type="SafetyController"><Attributes><Attribute z:Id="i395"><AttributeType>soft_upper_limit</AttributeType><IsRequired>false</IsRequired><Value i:nil="true"/></Attribute><Attribute z:Id="i396"><AttributeType>soft_lower_limit</AttributeType><IsRequired>false</IsRequired><Value i:nil="true"/></Attribute><Attribute z:Id="i397"><AttributeType>k_position</AttributeType><IsRequired>false</IsRequired><Value i:nil="true"/></Attribute><Attribute z:Id="i398"><AttributeType>k_velocity</AttributeType><IsRequired>true</IsRequired><Value i:nil="true"/></Attribute></Attributes><ChildElements/><ElementName>safety_controller</ElementName><required>false</required><KPositionAttribute z:Ref="i397"/><KVelocityAttribute z:Ref="i398"/><SoftLowerAttribute z:Ref="i396"/><SoftUpperAttribute z:Ref="i395"/></URDFElement><URDFElement z:Id="i399" i:type="Mimic"><Attributes><Attribute z:Id="i400"><AttributeType>joint</AttributeType><IsRequired>true</IsRequired><Value i:nil="true"/></Attribute><Attribute z:Id="i401"><AttributeType>multiplier</AttributeType><IsRequired>false</IsRequired><Value i:nil="true"/></Attribute><Attribute z:Id="i402"><AttributeType>offset</AttributeType><IsRequired>false</IsRequired><Value i:nil="true"/></Attribute></Attributes><ChildElements/><ElementName>mimic</ElementName><required>false</required><JointNameAttribute z:Ref="i400"/><MultiplierAttribute z:Ref="i401"/><OffsetAttribute z:Ref="i402"/></URDFElement></ChildElements><ElementName>joint</ElementName><required>false</required><Axis z:Ref="i381"/><AxisName>Axis_cam</AxisName><Calibration z:Ref="i388"/><Child z:Ref="i379"/><CoordinateSystemName>Coordinate System8</CoordinateSystemName><Dynamics z:Ref="i391"/><Limit z:Ref="i383"/><Mimic z:Ref="i399"/><NameAttribute z:Ref="i372"/><Origin z:Ref="i374"/><Parent z:Ref="i377"/><Safety z:Ref="i394"/><TypeAttribute z:Ref="i373"/></URDFElement></ChildElements><ElementName>link</ElementName><required>true</required><Children/><Collision z:Ref="i364"/><Inertial z:Ref="i338"/><Joint z:Ref="i371"/><NameAttribute z:Ref="i337"/><Parent z:Ref="i1"/><STLQualityFine>false</STLQualityFine><SWComponentPIDs xmlns:a="http://schemas.microsoft.com/2003/10/Serialization/Arrays"><a:base64Binary>aEIAAAUAAAD//v8VZgBpAG4AYQBsACAAawBpAG4AZQBjAHQALQAxAEAAcgBvAGIAbwBWADIABAAAABAAAAABAAAAAQAAAN4HAAA=</a:base64Binary></SWComponentPIDs><SWMainComponentPID i:nil="true"/><Visual z:Ref="i351"/><isFixedFrame>false</isFixedFrame><isIncomplete>false</isIncomplete></Link><Link z:Id="i403"><Attributes><Attribute z:Id="i404"><AttributeType>name</AttributeType><IsRequired>true</IsRequired><Value i:type="a:string" xmlns:a="http://www.w3.org/2001/XMLSchema">caster_frle_Link</Value></Attribute></Attributes><ChildElements><URDFElement z:Id="i405" i:type="Inertial"><Attributes/><ChildElements><URDFElement z:Id="i406" i:type="Origin"><Attributes><Attribute z:Id="i407"><AttributeType>xyz</AttributeType><IsRequired>true</IsRequired><Value i:type="a:ArrayOfdouble" xmlns:a="http://schemas.microsoft.com/2003/10/Serialization/Arrays"><a:double>1.6513822147401491E-05</a:double><a:double>-0.0019999318222541085</a:double><a:double>1.27675647831893E-15</a:double></Value></Attribute><Attribute z:Id="i408"><AttributeType>rpy</AttributeType><IsRequired>true</IsRequired><Value i:type="a:ArrayOfdouble" xmlns:a="http://schemas.microsoft.com/2003/10/Serialization/Arrays"><a:double>0</a:double><a:double>0</a:double><a:double>0</a:double></Value></Attribute></Attributes><ChildElements/><ElementName>origin</ElementName><required>false</required><RPYAttribute z:Ref="i408"/><XYZAttribute z:Ref="i407"/><isCustomized>false</isCustomized></URDFElement><URDFElement z:Id="i409" i:type="Mass"><Attributes><Attribute z:Id="i410"><AttributeType>value</AttributeType><IsRequired>true</IsRequired><Value i:type="a:double" xmlns:a="http://www.w3.org/2001/XMLSchema">0.014877012011074475</Value></Attribute></Attributes><ChildElements/><ElementName>mass</ElementName><required>false</required><ValueAttribute z:Ref="i410"/></URDFElement><URDFElement z:Id="i411" i:type="Inertia"><Attributes><Attribute z:Id="i412"><AttributeType>ixx</AttributeType><IsRequired>true</IsRequired><Value i:type="a:double" xmlns:a="http://www.w3.org/2001/XMLSchema">1.5308537792914318E-06</Value></Attribute><Attribute z:Id="i413"><AttributeType>ixy</AttributeType><IsRequired>true</IsRequired><Value i:type="a:double" xmlns:a="http://www.w3.org/2001/XMLSchema">-8.6265278990257E-09</Value></Attribute><Attribute z:Id="i414"><AttributeType>ixz</AttributeType><IsRequired>true</IsRequired><Value i:type="a:double" xmlns:a="http://www.w3.org/2001/XMLSchema">4.0603049123285155E-22</Value></Attribute><Attribute z:Id="i415"><AttributeType>iyy</AttributeType><IsRequired>true</IsRequired><Value i:type="a:double" xmlns:a="http://www.w3.org/2001/XMLSchema">2.5755114735153528E-06</Value></Attribute><Attribute z:Id="i416"><AttributeType>iyz</AttributeType><IsRequired>true</IsRequired><Value i:type="a:double" xmlns:a="http://www.w3.org/2001/XMLSchema">-3.5675278598144863E-21</Value></Attribute><Attribute z:Id="i417"><AttributeType>izz</AttributeType><IsRequired>true</IsRequired><Value i:type="a:double" xmlns:a="http://www.w3.org/2001/XMLSchema">1.5307825483895168E-06</Value></Attribute></Attributes><ChildElements/><ElementName>inertia</ElementName><required>false</required><IxxAttribute z:Ref="i412"/><IxyAttribute z:Ref="i413"/><IxzAttribute z:Ref="i414"/><IyyAttribute z:Ref="i415"/><IyzAttribute z:Ref="i416"/><IzzAttribute z:Ref="i417"/></URDFElement></ChildElements><ElementName>inertial</ElementName><required>false</required><Inertia z:Ref="i411"/><Mass z:Ref="i409"/><Origin z:Ref="i406"/></URDFElement><URDFElement z:Id="i418" i:type="Visual"><Attributes/><ChildElements><URDFElement z:Id="i419" i:type="Origin"><Attributes><Attribute z:Id="i420"><AttributeType>xyz</AttributeType><IsRequired>true</IsRequired><Value i:type="a:ArrayOfdouble" xmlns:a="http://schemas.microsoft.com/2003/10/Serialization/Arrays"><a:double>0</a:double><a:double>0</a:double><a:double>0</a:double></Value></Attribute><Attribute z:Id="i421"><AttributeType>rpy</AttributeType><IsRequired>true</IsRequired><Value i:type="a:ArrayOfdouble" xmlns:a="http://schemas.microsoft.com/2003/10/Serialization/Arrays"><a:double>0</a:double><a:double>0</a:double><a:double>0</a:double></Value></Attribute></Attributes><ChildElements/><ElementName>origin</ElementName><required>false</required><RPYAttribute z:Ref="i421"/><XYZAttribute z:Ref="i420"/><isCustomized>false</isCustomized></URDFElement><URDFElement z:Id="i422" i:type="Geometry"><Attributes/><ChildElements><URDFElement z:Id="i423" i:type="Mesh"><Attributes><Attribute z:Id="i424"><AttributeType>filename</AttributeType><IsRequired>true</IsRequired><Value i:nil="true"/></Attribute></Attributes><ChildElements/><ElementName>mesh</ElementName><required>false</required><FilenameAttribute z:Ref="i424"/></URDFElement></ChildElements><ElementName>geometry</ElementName><required>true</required><Mesh z:Ref="i423"/></URDFElement><URDFElement z:Id="i425" i:type="Material"><Attributes><Attribute z:Id="i426"><AttributeType>name</AttributeType><IsRequired>true</IsRequired><Value i:type="a:string" xmlns:a="http://www.w3.org/2001/XMLSchema"/></Attribute></Attributes><ChildElements><URDFElement z:Id="i427" i:type="Color"><Attributes><Attribute z:Id="i428"><AttributeType>rgba</AttributeType><IsRequired>true</IsRequired><Value i:type="a:ArrayOfdouble" xmlns:a="http://schemas.microsoft.com/2003/10/Serialization/Arrays"><a:double>0.792156862745098</a:double><a:double>0.81960784313725488</a:double><a:double>0.93333333333333335</a:double><a:double>1</a:double></Value></Attribute></Attributes><ChildElements/><ElementName>color</ElementName><required>false</required><RGBAAttribute z:Ref="i428"/></URDFElement><URDFElement z:Id="i429" i:type="Texture"><Attributes><Attribute z:Id="i430"><AttributeType>filename</AttributeType><IsRequired>true</IsRequired><Value i:nil="true"/></Attribute></Attributes><ChildElements/><ElementName>texture</ElementName><required>false</required><FilenameAttribute z:Ref="i430"/><wFilename/></URDFElement></ChildElements><ElementName>material</ElementName><required>false</required><Color z:Ref="i427"/><NameAttribute z:Ref="i426"/><Texture z:Ref="i429"/></URDFElement></ChildElements><ElementName>visual</ElementName><required>false</required><Geometry z:Ref="i422"/><Material z:Ref="i425"/><Origin z:Ref="i419"/></URDFElement><URDFElement z:Id="i431" i:type="Collision"><Attributes/><ChildElements><URDFElement z:Id="i432" i:type="Origin"><Attributes><Attribute z:Id="i433"><AttributeType>xyz</AttributeType><IsRequired>true</IsRequired><Value i:type="a:ArrayOfdouble" xmlns:a="http://schemas.microsoft.com/2003/10/Serialization/Arrays"><a:double>0</a:double><a:double>0</a:double><a:double>0</a:double></Value></Attribute><Attribute z:Id="i434"><AttributeType>rpy</AttributeType><IsRequired>true</IsRequired><Value i:type="a:ArrayOfdouble" xmlns:a="http://schemas.microsoft.com/2003/10/Serialization/Arrays"><a:double>0</a:double><a:double>0</a:double><a:double>0</a:double></Value></Attribute></Attributes><ChildElements/><ElementName>origin</ElementName><required>false</required><RPYAttribute z:Ref="i434"/><XYZAttribute z:Ref="i433"/><isCustomized>false</isCustomized></URDFElement><URDFElement z:Id="i435" i:type="Geometry"><Attributes/><ChildElements><URDFElement z:Id="i436" i:type="Mesh"><Attributes><Attribute z:Id="i437"><AttributeType>filename</AttributeType><IsRequired>true</IsRequired><Value i:nil="true"/></Attribute></Attributes><ChildElements/><ElementName>mesh</ElementName><required>false</required><FilenameAttribute z:Ref="i437"/></URDFElement></ChildElements><ElementName>geometry</ElementName><required>true</required><Mesh z:Ref="i436"/></URDFElement></ChildElements><ElementName>collision</ElementName><required>false</required><Geometry z:Ref="i435"/><Origin z:Ref="i432"/></URDFElement><URDFElement z:Id="i438" i:type="Joint"><Attributes><Attribute z:Id="i439"><AttributeType>name</AttributeType><IsRequired>true</IsRequired><Value i:type="a:string" xmlns:a="http://www.w3.org/2001/XMLSchema">frle_caster</Value></Attribute><Attribute z:Id="i440"><AttributeType>type</AttributeType><IsRequired>true</IsRequired><Value i:type="a:string" xmlns:a="http://www.w3.org/2001/XMLSchema">continuous</Value></Attribute></Attributes><ChildElements><URDFElement z:Id="i441" i:type="Origin"><Attributes><Attribute z:Id="i442"><AttributeType>xyz</AttributeType><IsRequired>true</IsRequired><Value i:type="a:ArrayOfdouble" xmlns:a="http://schemas.microsoft.com/2003/10/Serialization/Arrays"><a:double>0.23038321867214695</a:double><a:double>-0.084998630059868019</a:double><a:double>-0.047949999995792636</a:double></Value></Attribute><Attribute z:Id="i443"><AttributeType>rpy</AttributeType><IsRequired>true</IsRequired><Value i:type="a:ArrayOfdouble" xmlns:a="http://schemas.microsoft.com/2003/10/Serialization/Arrays"><a:double>0</a:double><a:double>0</a:double><a:double>0</a:double></Value></Attribute></Attributes><ChildElements/><ElementName>origin</ElementName><required>false</required><RPYAttribute z:Ref="i443"/><XYZAttribute z:Ref="i442"/><isCustomized>false</isCustomized></URDFElement><URDFElement z:Id="i444" i:type="ParentLink"><Attributes><Attribute z:Id="i445"><AttributeType>link</AttributeType><IsRequired>true</IsRequired><Value i:type="a:string" xmlns:a="http://www.w3.org/2001/XMLSchema">base_link</Value></Attribute></Attributes><ChildElements/><ElementName>parent</ElementName><required>true</required><NameAttribute z:Ref="i445"/></URDFElement><URDFElement z:Id="i446" i:type="ChildLink"><Attributes><Attribute z:Id="i447"><AttributeType>link</AttributeType><IsRequired>true</IsRequired><Value i:type="a:string" xmlns:a="http://www.w3.org/2001/XMLSchema">caster_frle_Link</Value></Attribute></Attributes><ChildElements/><ElementName>child</ElementName><required>true</required><NameAttribute z:Ref="i447"/></URDFElement><URDFElement z:Id="i448" i:type="Axis"><Attributes><Attribute z:Id="i449"><AttributeType>xyz</AttributeType><IsRequired>true</IsRequired><Value i:type="a:ArrayOfdouble" xmlns:a="http://schemas.microsoft.com/2003/10/Serialization/Arrays"><a:double>-0.0082569110732591683</a:double><a:double>0.99996591112873856</a:double><a:double>0</a:double></Value></Attribute></Attributes><ChildElements/><ElementName>axis</ElementName><required>false</required><XYZAttribute z:Ref="i449"/></URDFElement><URDFElement z:Id="i450" i:type="Limit"><Attributes><Attribute z:Id="i451"><AttributeType>lower</AttributeType><IsRequired>false</IsRequired><Value i:nil="true"/></Attribute><Attribute z:Id="i452"><AttributeType>upper</AttributeType><IsRequired>false</IsRequired><Value i:nil="true"/></Attribute><Attribute z:Id="i453"><AttributeType>effort</AttributeType><IsRequired>true</IsRequired><Value i:nil="true"/></Attribute><Attribute z:Id="i454"><AttributeType>velocity</AttributeType><IsRequired>true</IsRequired><Value i:nil="true"/></Attribute></Attributes><ChildElements/><ElementName>limit</ElementName><required>false</required><EffortAttribute z:Ref="i453"/><LowerAttribute z:Ref="i451"/><UpperAttribute z:Ref="i452"/><VelocityAttribute z:Ref="i454"/></URDFElement><URDFElement z:Id="i455" i:type="Calibration"><Attributes><Attribute z:Id="i456"><AttributeType>rising</AttributeType><IsRequired>false</IsRequired><Value i:nil="true"/></Attribute><Attribute z:Id="i457"><AttributeType>falling</AttributeType><IsRequired>false</IsRequired><Value i:nil="true"/></Attribute></Attributes><ChildElements/><ElementName>calibration</ElementName><required>false</required><FallingAttribute z:Ref="i457"/><RisingAttribute z:Ref="i456"/></URDFElement><URDFElement z:Id="i458" i:type="Dynamics"><Attributes><Attribute z:Id="i459"><AttributeType>damping</AttributeType><IsRequired>false</IsRequired><Value i:nil="true"/></Attribute><Attribute z:Id="i460"><AttributeType>friction</AttributeType><IsRequired>false</IsRequired><Value i:nil="true"/></Attribute></Attributes><ChildElements/><ElementName>dynamics</ElementName><required>false</required><DampingAttribute z:Ref="i459"/><FrictionAttribute z:Ref="i460"/></URDFElement><URDFElement z:Id="i461" i:type="SafetyController"><Attributes><Attribute z:Id="i462"><AttributeType>soft_upper_limit</AttributeType><IsRequired>false</IsRequired><Value i:nil="true"/></Attribute><Attribute z:Id="i463"><AttributeType>soft_lower_limit</AttributeType><IsRequired>false</IsRequired><Value i:nil="true"/></Attribute><Attribute z:Id="i464"><AttributeType>k_position</AttributeType><IsRequired>false</IsRequired><Value i:nil="true"/></Attribute><Attribute z:Id="i465"><AttributeType>k_velocity</AttributeType><IsRequired>true</IsRequired><Value i:nil="true"/></Attribute></Attributes><ChildElements/><ElementName>safety_controller</ElementName><required>false</required><KPositionAttribute z:Ref="i464"/><KVelocityAttribute z:Ref="i465"/><SoftLowerAttribute z:Ref="i463"/><SoftUpperAttribute z:Ref="i462"/></URDFElement><URDFElement z:Id="i466" i:type="Mimic"><Attributes><Attribute z:Id="i467"><AttributeType>joint</AttributeType><IsRequired>true</IsRequired><Value i:nil="true"/></Attribute><Attribute z:Id="i468"><AttributeType>multiplier</AttributeType><IsRequired>false</IsRequired><Value i:nil="true"/></Attribute><Attribute z:Id="i469"><AttributeType>offset</AttributeType><IsRequired>false</IsRequired><Value i:nil="true"/></Attribute></Attributes><ChildElements/><ElementName>mimic</ElementName><required>false</required><JointNameAttribute z:Ref="i467"/><MultiplierAttribute z:Ref="i468"/><OffsetAttribute z:Ref="i469"/></URDFElement></ChildElements><ElementName>joint</ElementName><required>false</required><Axis z:Ref="i448"/><AxisName>Axis4_fr_le</AxisName><Calibration z:Ref="i455"/><Child z:Ref="i446"/><CoordinateSystemName>Coordinate System17</CoordinateSystemName><Dynamics z:Ref="i458"/><Limit z:Ref="i450"/><Mimic z:Ref="i466"/><NameAttribute z:Ref="i439"/><Origin z:Ref="i441"/><Parent z:Ref="i444"/><Safety z:Ref="i461"/><TypeAttribute z:Ref="i440"/></URDFElement></ChildElements><ElementName>link</ElementName><required>true</required><Children/><Collision z:Ref="i431"/><Inertial z:Ref="i405"/><Joint z:Ref="i438"/><NameAttribute z:Ref="i404"/><Parent z:Ref="i1"/><STLQualityFine>false</STLQualityFine><SWComponentPIDs xmlns:a="http://schemas.microsoft.com/2003/10/Serialization/Arrays"><a:base64Binary>aEIAAAUAAAD//v94YwB1AG0AXwBkAGEAaAB1AG8AbgBnAF8AdAByAHUAbwBjAF8AcwBhAHUALQA1AEAAcgBvAGIAbwBWADIALwBzAHUAcwBwAGUAbgBzAGkAbwBuAF8AdgAyAC0AMQBAAGMAdQBtAF8AZABhAGgAdQBvAG4AZwBfAHQAcgB1AG8AYwBfAHMAYQB1AC8AYgBhAG4AaABkAGEAaAB1AG8AbgBnAC0AMQBAAHMAdQBzAHAAZQBuAHMAaQBvAG4AXwB2ADIALwBiAGEAbgBoAF8AZQBhAHMAeQAtADEAQABiAGEAbgBoAGQAYQBoAHUAbwBuAGcABAAAABAAAAABAAAABAAAABkGAAArAAAAdAAAAEEAAAA=</a:base64Binary></SWComponentPIDs><SWMainComponentPID i:nil="true"/><Visual z:Ref="i418"/><isFixedFrame>false</isFixedFrame><isIncomplete>false</isIncomplete></Link><Link z:Id="i470"><Attributes><Attribute z:Id="i471"><AttributeType>name</AttributeType><IsRequired>true</IsRequired><Value i:type="a:string" xmlns:a="http://www.w3.org/2001/XMLSchema">caster_frrig_Link</Value></Attribute></Attributes><ChildElements><URDFElement z:Id="i472" i:type="Inertial"><Attributes/><ChildElements><URDFElement z:Id="i473" i:type="Origin"><Attributes><Attribute z:Id="i474"><AttributeType>xyz</AttributeType><IsRequired>true</IsRequired><Value i:type="a:ArrayOfdouble" xmlns:a="http://schemas.microsoft.com/2003/10/Serialization/Arrays"><a:double>1.6513822147290469E-05</a:double><a:double>-0.0019999318222541085</a:double><a:double>1.3322676295501878E-15</a:double></Value></Attribute><Attribute z:Id="i475"><AttributeType>rpy</AttributeType><IsRequired>true</IsRequired><Value i:type="a:ArrayOfdouble" xmlns:a="http://schemas.microsoft.com/2003/10/Serialization/Arrays"><a:double>0</a:double><a:double>0</a:double><a:double>0</a:double></Value></Attribute></Attributes><ChildElements/><ElementName>origin</ElementName><required>false</required><RPYAttribute z:Ref="i475"/><XYZAttribute z:Ref="i474"/><isCustomized>false</isCustomized></URDFElement><URDFElement z:Id="i476" i:type="Mass"><Attributes><Attribute z:Id="i477"><AttributeType>value</AttributeType><IsRequired>true</IsRequired><Value i:type="a:double" xmlns:a="http://www.w3.org/2001/XMLSchema">0.014877012011074477</Value></Attribute></Attributes><ChildElements/><ElementName>mass</ElementName><required>false</required><ValueAttribute z:Ref="i477"/></URDFElement><URDFElement z:Id="i478" i:type="Inertia"><Attributes><Attribute z:Id="i479"><AttributeType>ixx</AttributeType><IsRequired>true</IsRequired><Value i:type="a:double" xmlns:a="http://www.w3.org/2001/XMLSchema">1.5308537792914316E-06</Value></Attribute><Attribute z:Id="i480"><AttributeType>ixy</AttributeType><IsRequired>true</IsRequired><Value i:type="a:double" xmlns:a="http://www.w3.org/2001/XMLSchema">-8.6265278990256476E-09</Value></Attribute><Attribute z:Id="i481"><AttributeType>ixz</AttributeType><IsRequired>true</IsRequired><Value i:type="a:double" xmlns:a="http://www.w3.org/2001/XMLSchema">3.9703557796278323E-22</Value></Attribute><Attribute z:Id="i482"><AttributeType>iyy</AttributeType><IsRequired>true</IsRequired><Value i:type="a:double" xmlns:a="http://www.w3.org/2001/XMLSchema">2.5755114735153528E-06</Value></Attribute><Attribute z:Id="i483"><AttributeType>iyz</AttributeType><IsRequired>true</IsRequired><Value i:type="a:double" xmlns:a="http://www.w3.org/2001/XMLSchema">-2.4975198178150664E-21</Value></Attribute><Attribute z:Id="i484"><AttributeType>izz</AttributeType><IsRequired>true</IsRequired><Value i:type="a:double" xmlns:a="http://www.w3.org/2001/XMLSchema">1.5307825483895166E-06</Value></Attribute></Attributes><ChildElements/><ElementName>inertia</ElementName><required>false</required><IxxAttribute z:Ref="i479"/><IxyAttribute z:Ref="i480"/><IxzAttribute z:Ref="i481"/><IyyAttribute z:Ref="i482"/><IyzAttribute z:Ref="i483"/><IzzAttribute z:Ref="i484"/></URDFElement></ChildElements><ElementName>inertial</ElementName><required>false</required><Inertia z:Ref="i478"/><Mass z:Ref="i476"/><Origin z:Ref="i473"/></URDFElement><URDFElement z:Id="i485" i:type="Visual"><Attributes/><ChildElements><URDFElement z:Id="i486" i:type="Origin"><Attributes><Attribute z:Id="i487"><AttributeType>xyz</AttributeType><IsRequired>true</IsRequired><Value i:type="a:ArrayOfdouble" xmlns:a="http://schemas.microsoft.com/2003/10/Serialization/Arrays"><a:double>0</a:double><a:double>0</a:double><a:double>0</a:double></Value></Attribute><Attribute z:Id="i488"><AttributeType>rpy</AttributeType><IsRequired>true</IsRequired><Value i:type="a:ArrayOfdouble" xmlns:a="http://schemas.microsoft.com/2003/10/Serialization/Arrays"><a:double>0</a:double><a:double>0</a:double><a:double>0</a:double></Value></Attribute></Attributes><ChildElements/><ElementName>origin</ElementName><required>false</required><RPYAttribute z:Ref="i488"/><XYZAttribute z:Ref="i487"/><isCustomized>false</isCustomized></URDFElement><URDFElement z:Id="i489" i:type="Geometry"><Attributes/><ChildElements><URDFElement z:Id="i490" i:type="Mesh"><Attributes><Attribute z:Id="i491"><AttributeType>filename</AttributeType><IsRequired>true</IsRequired><Value i:nil="true"/></Attribute></Attributes><ChildElements/><ElementName>mesh</ElementName><required>false</required><FilenameAttribute z:Ref="i491"/></URDFElement></ChildElements><ElementName>geometry</ElementName><required>true</required><Mesh z:Ref="i490"/></URDFElement><URDFElement z:Id="i492" i:type="Material"><Attributes><Attribute z:Id="i493"><AttributeType>name</AttributeType><IsRequired>true</IsRequired><Value i:type="a:string" xmlns:a="http://www.w3.org/2001/XMLSchema"/></Attribute></Attributes><ChildElements><URDFElement z:Id="i494" i:type="Color"><Attributes><Attribute z:Id="i495"><AttributeType>rgba</AttributeType><IsRequired>true</IsRequired><Value i:type="a:ArrayOfdouble" xmlns:a="http://schemas.microsoft.com/2003/10/Serialization/Arrays"><a:double>0.792156862745098</a:double><a:double>0.81960784313725488</a:double><a:double>0.93333333333333335</a:double><a:double>1</a:double></Value></Attribute></Attributes><ChildElements/><ElementName>color</ElementName><required>false</required><RGBAAttribute z:Ref="i495"/></URDFElement><URDFElement z:Id="i496" i:type="Texture"><Attributes><Attribute z:Id="i497"><AttributeType>filename</AttributeType><IsRequired>true</IsRequired><Value i:nil="true"/></Attribute></Attributes><ChildElements/><ElementName>texture</ElementName><required>false</required><FilenameAttribute z:Ref="i497"/><wFilename/></URDFElement></ChildElements><ElementName>material</ElementName><required>false</required><Color z:Ref="i494"/><NameAttribute z:Ref="i493"/><Texture z:Ref="i496"/></URDFElement></ChildElements><ElementName>visual</ElementName><required>false</required><Geometry z:Ref="i489"/><Material z:Ref="i492"/><Origin z:Ref="i486"/></URDFElement><URDFElement z:Id="i498" i:type="Collision"><Attributes/><ChildElements><URDFElement z:Id="i499" i:type="Origin"><Attributes><Attribute z:Id="i500"><AttributeType>xyz</AttributeType><IsRequired>true</IsRequired><Value i:type="a:ArrayOfdouble" xmlns:a="http://schemas.microsoft.com/2003/10/Serialization/Arrays"><a:double>0</a:double><a:double>0</a:double><a:double>0</a:double></Value></Attribute><Attribute z:Id="i501"><AttributeType>rpy</AttributeType><IsRequired>true</IsRequired><Value i:type="a:ArrayOfdouble" xmlns:a="http://schemas.microsoft.com/2003/10/Serialization/Arrays"><a:double>0</a:double><a:double>0</a:double><a:double>0</a:double></Value></Attribute></Attributes><ChildElements/><ElementName>origin</ElementName><required>false</required><RPYAttribute z:Ref="i501"/><XYZAttribute z:Ref="i500"/><isCustomized>false</isCustomized></URDFElement><URDFElement z:Id="i502" i:type="Geometry"><Attributes/><ChildElements><URDFElement z:Id="i503" i:type="Mesh"><Attributes><Attribute z:Id="i504"><AttributeType>filename</AttributeType><IsRequired>true</IsRequired><Value i:nil="true"/></Attribute></Attributes><ChildElements/><ElementName>mesh</ElementName><required>false</required><FilenameAttribute z:Ref="i504"/></URDFElement></ChildElements><ElementName>geometry</ElementName><required>true</required><Mesh z:Ref="i503"/></URDFElement></ChildElements><ElementName>collision</ElementName><required>false</required><Geometry z:Ref="i502"/><Origin z:Ref="i499"/></URDFElement><URDFElement z:Id="i505" i:type="Joint"><Attributes><Attribute z:Id="i506"><AttributeType>name</AttributeType><IsRequired>true</IsRequired><Value i:type="a:string" xmlns:a="http://www.w3.org/2001/XMLSchema">frrig_caster</Value></Attribute><Attribute z:Id="i507"><AttributeType>type</AttributeType><IsRequired>true</IsRequired><Value i:type="a:string" xmlns:a="http://www.w3.org/2001/XMLSchema">continuous</Value></Attribute></Attributes><ChildElements><URDFElement z:Id="i508" i:type="Origin"><Attributes><Attribute z:Id="i509"><AttributeType>xyz</AttributeType><IsRequired>true</IsRequired><Value i:type="a:ArrayOfdouble" xmlns:a="http://schemas.microsoft.com/2003/10/Serialization/Arrays"><a:double>0.2289465161454004</a:double><a:double>0.088995438476532629</a:double><a:double>-0.047949999995792691</a:double></Value></Attribute><Attribute z:Id="i510"><AttributeType>rpy</AttributeType><IsRequired>true</IsRequired><Value i:type="a:ArrayOfdouble" xmlns:a="http://schemas.microsoft.com/2003/10/Serialization/Arrays"><a:double>0</a:double><a:double>0</a:double><a:double>0</a:double></Value></Attribute></Attributes><ChildElements/><ElementName>origin</ElementName><required>false</required><RPYAttribute z:Ref="i510"/><XYZAttribute z:Ref="i509"/><isCustomized>false</isCustomized></URDFElement><URDFElement z:Id="i511" i:type="ParentLink"><Attributes><Attribute z:Id="i512"><AttributeType>link</AttributeType><IsRequired>true</IsRequired><Value i:type="a:string" xmlns:a="http://www.w3.org/2001/XMLSchema">base_link</Value></Attribute></Attributes><ChildElements/><ElementName>parent</ElementName><required>true</required><NameAttribute z:Ref="i512"/></URDFElement><URDFElement z:Id="i513" i:type="ChildLink"><Attributes><Attribute z:Id="i514"><AttributeType>link</AttributeType><IsRequired>true</IsRequired><Value i:type="a:string" xmlns:a="http://www.w3.org/2001/XMLSchema">caster_frrig_Link</Value></Attribute></Attributes><ChildElements/><ElementName>child</ElementName><required>true</required><NameAttribute z:Ref="i514"/></URDFElement><URDFElement z:Id="i515" i:type="Axis"><Attributes><Attribute z:Id="i516"><AttributeType>xyz</AttributeType><IsRequired>true</IsRequired><Value i:type="a:ArrayOfdouble" xmlns:a="http://schemas.microsoft.com/2003/10/Serialization/Arrays"><a:double>-0.0082569110732591683</a:double><a:double>0.99996591112873856</a:double><a:double>0</a:double></Value></Attribute></Attributes><ChildElements/><ElementName>axis</ElementName><required>false</required><XYZAttribute z:Ref="i516"/></URDFElement><URDFElement z:Id="i517" i:type="Limit"><Attributes><Attribute z:Id="i518"><AttributeType>lower</AttributeType><IsRequired>false</IsRequired><Value i:nil="true"/></Attribute><Attribute z:Id="i519"><AttributeType>upper</AttributeType><IsRequired>false</IsRequired><Value i:nil="true"/></Attribute><Attribute z:Id="i520"><AttributeType>effort</AttributeType><IsRequired>true</IsRequired><Value i:nil="true"/></Attribute><Attribute z:Id="i521"><AttributeType>velocity</AttributeType><IsRequired>true</IsRequired><Value i:nil="true"/></Attribute></Attributes><ChildElements/><ElementName>limit</ElementName><required>false</required><EffortAttribute z:Ref="i520"/><LowerAttribute z:Ref="i518"/><UpperAttribute z:Ref="i519"/><VelocityAttribute z:Ref="i521"/></URDFElement><URDFElement z:Id="i522" i:type="Calibration"><Attributes><Attribute z:Id="i523"><AttributeType>rising</AttributeType><IsRequired>false</IsRequired><Value i:nil="true"/></Attribute><Attribute z:Id="i524"><AttributeType>falling</AttributeType><IsRequired>false</IsRequired><Value i:nil="true"/></Attribute></Attributes><ChildElements/><ElementName>calibration</ElementName><required>false</required><FallingAttribute z:Ref="i524"/><RisingAttribute z:Ref="i523"/></URDFElement><URDFElement z:Id="i525" i:type="Dynamics"><Attributes><Attribute z:Id="i526"><AttributeType>damping</AttributeType><IsRequired>false</IsRequired><Value i:nil="true"/></Attribute><Attribute z:Id="i527"><AttributeType>friction</AttributeType><IsRequired>false</IsRequired><Value i:nil="true"/></Attribute></Attributes><ChildElements/><ElementName>dynamics</ElementName><required>false</required><DampingAttribute z:Ref="i526"/><FrictionAttribute z:Ref="i527"/></URDFElement><URDFElement z:Id="i528" i:type="SafetyController"><Attributes><Attribute z:Id="i529"><AttributeType>soft_upper_limit</AttributeType><IsRequired>false</IsRequired><Value i:nil="true"/></Attribute><Attribute z:Id="i530"><AttributeType>soft_lower_limit</AttributeType><IsRequired>false</IsRequired><Value i:nil="true"/></Attribute><Attribute z:Id="i531"><AttributeType>k_position</AttributeType><IsRequired>false</IsRequired><Value i:nil="true"/></Attribute><Attribute z:Id="i532"><AttributeType>k_velocity</AttributeType><IsRequired>true</IsRequired><Value i:nil="true"/></Attribute></Attributes><ChildElements/><ElementName>safety_controller</ElementName><required>false</required><KPositionAttribute z:Ref="i531"/><KVelocityAttribute z:Ref="i532"/><SoftLowerAttribute z:Ref="i530"/><SoftUpperAttribute z:Ref="i529"/></URDFElement><URDFElement z:Id="i533" i:type="Mimic"><Attributes><Attribute z:Id="i534"><AttributeType>joint</AttributeType><IsRequired>true</IsRequired><Value i:nil="true"/></Attribute><Attribute z:Id="i535"><AttributeType>multiplier</AttributeType><IsRequired>false</IsRequired><Value i:nil="true"/></Attribute><Attribute z:Id="i536"><AttributeType>offset</AttributeType><IsRequired>false</IsRequired><Value i:nil="true"/></Attribute></Attributes><ChildElements/><ElementName>mimic</ElementName><required>false</required><JointNameAttribute z:Ref="i534"/><MultiplierAttribute z:Ref="i535"/><OffsetAttribute z:Ref="i536"/></URDFElement></ChildElements><ElementName>joint</ElementName><required>false</required><Axis z:Ref="i515"/><AxisName>Axis6_fr_rig</AxisName><Calibration z:Ref="i522"/><Child z:Ref="i513"/><CoordinateSystemName>Coordinate System18</CoordinateSystemName><Dynamics z:Ref="i525"/><Limit z:Ref="i517"/><Mimic z:Ref="i533"/><NameAttribute z:Ref="i506"/><Origin z:Ref="i508"/><Parent z:Ref="i511"/><Safety z:Ref="i528"/><TypeAttribute z:Ref="i507"/></URDFElement></ChildElements><ElementName>link</ElementName><required>true</required><Children/><Collision z:Ref="i498"/><Inertial z:Ref="i472"/><Joint z:Ref="i505"/><NameAttribute z:Ref="i471"/><Parent z:Ref="i1"/><STLQualityFine>false</STLQualityFine><SWComponentPIDs xmlns:a="http://schemas.microsoft.com/2003/10/Serialization/Arrays"><a:base64Binary>aEIAAAUAAAD//v94YwB1AG0AXwBkAGEAaAB1AG8AbgBnAF8AdAByAHUAbwBjAF8AcwBhAHUALQA1AEAAcgBvAGIAbwBWADIALwBzAHUAcwBwAGUAbgBzAGkAbwBuAF8AdgAyAC0AMgBAAGMAdQBtAF8AZABhAGgAdQBvAG4AZwBfAHQAcgB1AG8AYwBfAHMAYQB1AC8AYgBhAG4AaABkAGEAaAB1AG8AbgBnAC0AMQBAAHMAdQBzAHAAZQBuAHMAaQBvAG4AXwB2ADIALwBiAGEAbgBoAF8AZQBhAHMAeQAtADEAQABiAGEAbgBoAGQAYQBoAHUAbwBuAGcABAAAABAAAAABAAAABAAAABkGAAAwAAAAdAAAAEEAAAA=</a:base64Binary></SWComponentPIDs><SWMainComponentPID i:nil="true"/><Visual z:Ref="i485"/><isFixedFrame>false</isFixedFrame><isIncomplete>false</isIncomplete></Link><Link z:Id="i537"><Attributes><Attribute z:Id="i538"><AttributeType>name</AttributeType><IsRequired>true</IsRequired><Value i:type="a:string" xmlns:a="http://www.w3.org/2001/XMLSchema">caster_bale_Link</Value></Attribute></Attributes><ChildElements><URDFElement z:Id="i539" i:type="Inertial"><Attributes/><ChildElements><URDFElement z:Id="i540" i:type="Origin"><Attributes><Attribute z:Id="i541"><AttributeType>xyz</AttributeType><IsRequired>true</IsRequired><Value i:type="a:ArrayOfdouble" xmlns:a="http://schemas.microsoft.com/2003/10/Serialization/Arrays"><a:double>-1.6513822147068424E-05</a:double><a:double>0.0019999318222539975</a:double><a:double>1.3877787807814457E-15</a:double></Value></Attribute><Attribute z:Id="i542"><AttributeType>rpy</AttributeType><IsRequired>true</IsRequired><Value i:type="a:ArrayOfdouble" xmlns:a="http://schemas.microsoft.com/2003/10/Serialization/Arrays"><a:double>0</a:double><a:double>0</a:double><a:double>0</a:double></Value></Attribute></Attributes><ChildElements/><ElementName>origin</ElementName><required>false</required><RPYAttribute z:Ref="i542"/><XYZAttribute z:Ref="i541"/><isCustomized>false</isCustomized></URDFElement><URDFElement z:Id="i543" i:type="Mass"><Attributes><Attribute z:Id="i544"><AttributeType>value</AttributeType><IsRequired>true</IsRequired><Value i:type="a:double" xmlns:a="http://www.w3.org/2001/XMLSchema">0.014877012011074478</Value></Attribute></Attributes><ChildElements/><ElementName>mass</ElementName><required>false</required><ValueAttribute z:Ref="i544"/></URDFElement><URDFElement z:Id="i545" i:type="Inertia"><Attributes><Attribute z:Id="i546"><AttributeType>ixx</AttributeType><IsRequired>true</IsRequired><Value i:type="a:double" xmlns:a="http://www.w3.org/2001/XMLSchema">1.5308537792914316E-06</Value></Attribute><Attribute z:Id="i547"><AttributeType>ixy</AttributeType><IsRequired>true</IsRequired><Value i:type="a:double" xmlns:a="http://www.w3.org/2001/XMLSchema">-8.6265278990238774E-09</Value></Attribute><Attribute z:Id="i548"><AttributeType>ixz</AttributeType><IsRequired>true</IsRequired><Value i:type="a:double" xmlns:a="http://www.w3.org/2001/XMLSchema">-3.8593597362615196E-22</Value></Attribute><Attribute z:Id="i549"><AttributeType>iyy</AttributeType><IsRequired>true</IsRequired><Value i:type="a:double" xmlns:a="http://www.w3.org/2001/XMLSchema">2.5755114735153528E-06</Value></Attribute><Attribute z:Id="i550"><AttributeType>iyz</AttributeType><IsRequired>true</IsRequired><Value i:type="a:double" xmlns:a="http://www.w3.org/2001/XMLSchema">3.5056540384220131E-21</Value></Attribute><Attribute z:Id="i551"><AttributeType>izz</AttributeType><IsRequired>true</IsRequired><Value i:type="a:double" xmlns:a="http://www.w3.org/2001/XMLSchema">1.5307825483895166E-06</Value></Attribute></Attributes><ChildElements/><ElementName>inertia</ElementName><required>false</required><IxxAttribute z:Ref="i546"/><IxyAttribute z:Ref="i547"/><IxzAttribute z:Ref="i548"/><IyyAttribute z:Ref="i549"/><IyzAttribute z:Ref="i550"/><IzzAttribute z:Ref="i551"/></URDFElement></ChildElements><ElementName>inertial</ElementName><required>false</required><Inertia z:Ref="i545"/><Mass z:Ref="i543"/><Origin z:Ref="i540"/></URDFElement><URDFElement z:Id="i552" i:type="Visual"><Attributes/><ChildElements><URDFElement z:Id="i553" i:type="Origin"><Attributes><Attribute z:Id="i554"><AttributeType>xyz</AttributeType><IsRequired>true</IsRequired><Value i:type="a:ArrayOfdouble" xmlns:a="http://schemas.microsoft.com/2003/10/Serialization/Arrays"><a:double>0</a:double><a:double>0</a:double><a:double>0</a:double></Value></Attribute><Attribute z:Id="i555"><AttributeType>rpy</AttributeType><IsRequired>true</IsRequired><Value i:type="a:ArrayOfdouble" xmlns:a="http://schemas.microsoft.com/2003/10/Serialization/Arrays"><a:double>0</a:double><a:double>0</a:double><a:double>0</a:double></Value></Attribute></Attributes><ChildElements/><ElementName>origin</ElementName><required>false</required><RPYAttribute z:Ref="i555"/><XYZAttribute z:Ref="i554"/><isCustomized>false</isCustomized></URDFElement><URDFElement z:Id="i556" i:type="Geometry"><Attributes/><ChildElements><URDFElement z:Id="i557" i:type="Mesh"><Attributes><Attribute z:Id="i558"><AttributeType>filename</AttributeType><IsRequired>true</IsRequired><Value i:nil="true"/></Attribute></Attributes><ChildElements/><ElementName>mesh</ElementName><required>false</required><FilenameAttribute z:Ref="i558"/></URDFElement></ChildElements><ElementName>geometry</ElementName><required>true</required><Mesh z:Ref="i557"/></URDFElement><URDFElement z:Id="i559" i:type="Material"><Attributes><Attribute z:Id="i560"><AttributeType>name</AttributeType><IsRequired>true</IsRequired><Value i:type="a:string" xmlns:a="http://www.w3.org/2001/XMLSchema"/></Attribute></Attributes><ChildElements><URDFElement z:Id="i561" i:type="Color"><Attributes><Attribute z:Id="i562"><AttributeType>rgba</AttributeType><IsRequired>true</IsRequired><Value i:type="a:ArrayOfdouble" xmlns:a="http://schemas.microsoft.com/2003/10/Serialization/Arrays"><a:double>0.792156862745098</a:double><a:double>0.81960784313725488</a:double><a:double>0.93333333333333335</a:double><a:double>1</a:double></Value></Attribute></Attributes><ChildElements/><ElementName>color</ElementName><required>false</required><RGBAAttribute z:Ref="i562"/></URDFElement><URDFElement z:Id="i563" i:type="Texture"><Attributes><Attribute z:Id="i564"><AttributeType>filename</AttributeType><IsRequired>true</IsRequired><Value i:nil="true"/></Attribute></Attributes><ChildElements/><ElementName>texture</ElementName><required>false</required><FilenameAttribute z:Ref="i564"/><wFilename/></URDFElement></ChildElements><ElementName>material</ElementName><required>false</required><Color z:Ref="i561"/><NameAttribute z:Ref="i560"/><Texture z:Ref="i563"/></URDFElement></ChildElements><ElementName>visual</ElementName><required>false</required><Geometry z:Ref="i556"/><Material z:Ref="i559"/><Origin z:Ref="i553"/></URDFElement><URDFElement z:Id="i565" i:type="Collision"><Attributes/><ChildElements><URDFElement z:Id="i566" i:type="Origin"><Attributes><Attribute z:Id="i567"><AttributeType>xyz</AttributeType><IsRequired>true</IsRequired><Value i:type="a:ArrayOfdouble" xmlns:a="http://schemas.microsoft.com/2003/10/Serialization/Arrays"><a:double>0</a:double><a:double>0</a:double><a:double>0</a:double></Value></Attribute><Attribute z:Id="i568"><AttributeType>rpy</AttributeType><IsRequired>true</IsRequired><Value i:type="a:ArrayOfdouble" xmlns:a="http://schemas.microsoft.com/2003/10/Serialization/Arrays"><a:double>0</a:double><a:double>0</a:double><a:double>0</a:double></Value></Attribute></Attributes><ChildElements/><ElementName>origin</ElementName><required>false</required><RPYAttribute z:Ref="i568"/><XYZAttribute z:Ref="i567"/><isCustomized>false</isCustomized></URDFElement><URDFElement z:Id="i569" i:type="Geometry"><Attributes/><ChildElements><URDFElement z:Id="i570" i:type="Mesh"><Attributes><Attribute z:Id="i571"><AttributeType>filename</AttributeType><IsRequired>true</IsRequired><Value i:nil="true"/></Attribute></Attributes><ChildElements/><ElementName>mesh</ElementName><required>false</required><FilenameAttribute z:Ref="i571"/></URDFElement></ChildElements><ElementName>geometry</ElementName><required>true</required><Mesh z:Ref="i570"/></URDFElement></ChildElements><ElementName>collision</ElementName><required>false</required><Geometry z:Ref="i569"/><Origin z:Ref="i566"/></URDFElement><URDFElement z:Id="i572" i:type="Joint"><Attributes><Attribute z:Id="i573"><AttributeType>name</AttributeType><IsRequired>true</IsRequired><Value i:type="a:string" xmlns:a="http://www.w3.org/2001/XMLSchema">bale_caster</Value></Attribute><Attribute z:Id="i574"><AttributeType>type</AttributeType><IsRequired>true</IsRequired><Value i:type="a:string" xmlns:a="http://www.w3.org/2001/XMLSchema">continuous</Value></Attribute></Attributes><ChildElements><URDFElement z:Id="i575" i:type="Origin"><Attributes><Attribute z:Id="i576"><AttributeType>xyz</AttributeType><IsRequired>true</IsRequired><Value i:type="a:ArrayOfdouble" xmlns:a="http://schemas.microsoft.com/2003/10/Serialization/Arrays"><a:double>-0.2286852956168639</a:double><a:double>-0.089047884956823975</a:double><a:double>-0.047949999995789083</a:double></Value></Attribute><Attribute z:Id="i577"><AttributeType>rpy</AttributeType><IsRequired>true</IsRequired><Value i:type="a:ArrayOfdouble" xmlns:a="http://schemas.microsoft.com/2003/10/Serialization/Arrays"><a:double>0</a:double><a:double>0</a:double><a:double>0</a:double></Value></Attribute></Attributes><ChildElements/><ElementName>origin</ElementName><required>false</required><RPYAttribute z:Ref="i577"/><XYZAttribute z:Ref="i576"/><isCustomized>false</isCustomized></URDFElement><URDFElement z:Id="i578" i:type="ParentLink"><Attributes><Attribute z:Id="i579"><AttributeType>link</AttributeType><IsRequired>true</IsRequired><Value i:type="a:string" xmlns:a="http://www.w3.org/2001/XMLSchema">base_link</Value></Attribute></Attributes><ChildElements/><ElementName>parent</ElementName><required>true</required><NameAttribute z:Ref="i579"/></URDFElement><URDFElement z:Id="i580" i:type="ChildLink"><Attributes><Attribute z:Id="i581"><AttributeType>link</AttributeType><IsRequired>true</IsRequired><Value i:type="a:string" xmlns:a="http://www.w3.org/2001/XMLSchema">caster_bale_Link</Value></Attribute></Attributes><ChildElements/><ElementName>child</ElementName><required>true</required><NameAttribute z:Ref="i581"/></URDFElement><URDFElement z:Id="i582" i:type="Axis"><Attributes><Attribute z:Id="i583"><AttributeType>xyz</AttributeType><IsRequired>true</IsRequired><Value i:type="a:ArrayOfdouble" xmlns:a="http://schemas.microsoft.com/2003/10/Serialization/Arrays"><a:double>0.0082569110732536415</a:double><a:double>-0.99996591112873856</a:double><a:double>0</a:double></Value></Attribute></Attributes><ChildElements/><ElementName>axis</ElementName><required>false</required><XYZAttribute z:Ref="i583"/></URDFElement><URDFElement z:Id="i584" i:type="Limit"><Attributes><Attribute z:Id="i585"><AttributeType>lower</AttributeType><IsRequired>false</IsRequired><Value i:nil="true"/></Attribute><Attribute z:Id="i586"><AttributeType>upper</AttributeType><IsRequired>false</IsRequired><Value i:nil="true"/></Attribute><Attribute z:Id="i587"><AttributeType>effort</AttributeType><IsRequired>true</IsRequired><Value i:nil="true"/></Attribute><Attribute z:Id="i588"><AttributeType>velocity</AttributeType><IsRequired>true</IsRequired><Value i:nil="true"/></Attribute></Attributes><ChildElements/><ElementName>limit</ElementName><required>false</required><EffortAttribute z:Ref="i587"/><LowerAttribute z:Ref="i585"/><UpperAttribute z:Ref="i586"/><VelocityAttribute z:Ref="i588"/></URDFElement><URDFElement z:Id="i589" i:type="Calibration"><Attributes><Attribute z:Id="i590"><AttributeType>rising</AttributeType><IsRequired>false</IsRequired><Value i:nil="true"/></Attribute><Attribute z:Id="i591"><AttributeType>falling</AttributeType><IsRequired>false</IsRequired><Value i:nil="true"/></Attribute></Attributes><ChildElements/><ElementName>calibration</ElementName><required>false</required><FallingAttribute z:Ref="i591"/><RisingAttribute z:Ref="i590"/></URDFElement><URDFElement z:Id="i592" i:type="Dynamics"><Attributes><Attribute z:Id="i593"><AttributeType>damping</AttributeType><IsRequired>false</IsRequired><Value i:nil="true"/></Attribute><Attribute z:Id="i594"><AttributeType>friction</AttributeType><IsRequired>false</IsRequired><Value i:nil="true"/></Attribute></Attributes><ChildElements/><ElementName>dynamics</ElementName><required>false</required><DampingAttribute z:Ref="i593"/><FrictionAttribute z:Ref="i594"/></URDFElement><URDFElement z:Id="i595" i:type="SafetyController"><Attributes><Attribute z:Id="i596"><AttributeType>soft_upper_limit</AttributeType><IsRequired>false</IsRequired><Value i:nil="true"/></Attribute><Attribute z:Id="i597"><AttributeType>soft_lower_limit</AttributeType><IsRequired>false</IsRequired><Value i:nil="true"/></Attribute><Attribute z:Id="i598"><AttributeType>k_position</AttributeType><IsRequired>false</IsRequired><Value i:nil="true"/></Attribute><Attribute z:Id="i599"><AttributeType>k_velocity</AttributeType><IsRequired>true</IsRequired><Value i:nil="true"/></Attribute></Attributes><ChildElements/><ElementName>safety_controller</ElementName><required>false</required><KPositionAttribute z:Ref="i598"/><KVelocityAttribute z:Ref="i599"/><SoftLowerAttribute z:Ref="i597"/><SoftUpperAttribute z:Ref="i596"/></URDFElement><URDFElement z:Id="i600" i:type="Mimic"><Attributes><Attribute z:Id="i601"><AttributeType>joint</AttributeType><IsRequired>true</IsRequired><Value i:nil="true"/></Attribute><Attribute z:Id="i602"><AttributeType>multiplier</AttributeType><IsRequired>false</IsRequired><Value i:nil="true"/></Attribute><Attribute z:Id="i603"><AttributeType>offset</AttributeType><IsRequired>false</IsRequired><Value i:nil="true"/></Attribute></Attributes><ChildElements/><ElementName>mimic</ElementName><required>false</required><JointNameAttribute z:Ref="i601"/><MultiplierAttribute z:Ref="i602"/><OffsetAttribute z:Ref="i603"/></URDFElement></ChildElements><ElementName>joint</ElementName><required>false</required><Axis z:Ref="i582"/><AxisName>Axis7_ba_le</AxisName><Calibration z:Ref="i589"/><Child z:Ref="i580"/><CoordinateSystemName>Coordinate System19</CoordinateSystemName><Dynamics z:Ref="i592"/><Limit z:Ref="i584"/><Mimic z:Ref="i600"/><NameAttribute z:Ref="i573"/><Origin z:Ref="i575"/><Parent z:Ref="i578"/><Safety z:Ref="i595"/><TypeAttribute z:Ref="i574"/></URDFElement></ChildElements><ElementName>link</ElementName><required>true</required><Children/><Collision z:Ref="i565"/><Inertial z:Ref="i539"/><Joint z:Ref="i572"/><NameAttribute z:Ref="i538"/><Parent z:Ref="i1"/><STLQualityFine>false</STLQualityFine><SWComponentPIDs xmlns:a="http://schemas.microsoft.com/2003/10/Serialization/Arrays"><a:base64Binary>aEIAAAUAAAD//v94YwB1AG0AXwBkAGEAaAB1AG8AbgBnAF8AdAByAHUAbwBjAF8AcwBhAHUALQA2AEAAcgBvAGIAbwBWADIALwBzAHUAcwBwAGUAbgBzAGkAbwBuAF8AdgAyAC0AMgBAAGMAdQBtAF8AZABhAGgAdQBvAG4AZwBfAHQAcgB1AG8AYwBfAHMAYQB1AC8AYgBhAG4AaABkAGEAaAB1AG8AbgBnAC0AMQBAAHMAdQBzAHAAZQBuAHMAaQBvAG4AXwB2ADIALwBiAGEAbgBoAF8AZQBhAHMAeQAtADEAQABiAGEAbgBoAGQAYQBoAHUAbwBuAGcABAAAABAAAAABAAAABAAAACAGAAAwAAAAdAAAAEEAAAA=</a:base64Binary></SWComponentPIDs><SWMainComponentPID i:nil="true"/><Visual z:Ref="i552"/><isFixedFrame>false</isFixedFrame><isIncomplete>false</isIncomplete></Link><Link z:Id="i604"><Attributes><Attribute z:Id="i605"><AttributeType>name</AttributeType><IsRequired>true</IsRequired><Value i:type="a:string" xmlns:a="http://www.w3.org/2001/XMLSchema">caster_barig_Link</Value></Attribute></Attributes><ChildElements><URDFElement z:Id="i606" i:type="Inertial"><Attributes/><ChildElements><URDFElement z:Id="i607" i:type="Origin"><Attributes><Attribute z:Id="i608"><AttributeType>xyz</AttributeType><IsRequired>true</IsRequired><Value i:type="a:ArrayOfdouble" xmlns:a="http://schemas.microsoft.com/2003/10/Serialization/Arrays"><a:double>-1.651382214684638E-05</a:double><a:double>0.0019999318222539419</a:double><a:double>1.3322676295501878E-15</a:double></Value></Attribute><Attribute z:Id="i609"><AttributeType>rpy</AttributeType><IsRequired>true</IsRequired><Value i:type="a:ArrayOfdouble" xmlns:a="http://schemas.microsoft.com/2003/10/Serialization/Arrays"><a:double>0</a:double><a:double>0</a:double><a:double>0</a:double></Value></Attribute></Attributes><ChildElements/><ElementName>origin</ElementName><required>false</required><RPYAttribute z:Ref="i609"/><XYZAttribute z:Ref="i608"/><isCustomized>false</isCustomized></URDFElement><URDFElement z:Id="i610" i:type="Mass"><Attributes><Attribute z:Id="i611"><AttributeType>value</AttributeType><IsRequired>true</IsRequired><Value i:type="a:double" xmlns:a="http://www.w3.org/2001/XMLSchema">0.014877012011074478</Value></Attribute></Attributes><ChildElements/><ElementName>mass</ElementName><required>false</required><ValueAttribute z:Ref="i611"/></URDFElement><URDFElement z:Id="i612" i:type="Inertia"><Attributes><Attribute z:Id="i613"><AttributeType>ixx</AttributeType><IsRequired>true</IsRequired><Value i:type="a:double" xmlns:a="http://www.w3.org/2001/XMLSchema">1.5308537792914316E-06</Value></Attribute><Attribute z:Id="i614"><AttributeType>ixy</AttributeType><IsRequired>true</IsRequired><Value i:type="a:double" xmlns:a="http://www.w3.org/2001/XMLSchema">-8.6265278990240147E-09</Value></Attribute><Attribute z:Id="i615"><AttributeType>ixz</AttributeType><IsRequired>true</IsRequired><Value i:type="a:double" xmlns:a="http://www.w3.org/2001/XMLSchema">-3.0322800979043715E-22</Value></Attribute><Attribute z:Id="i616"><AttributeType>iyy</AttributeType><IsRequired>true</IsRequired><Value i:type="a:double" xmlns:a="http://www.w3.org/2001/XMLSchema">2.5755114735153528E-06</Value></Attribute><Attribute z:Id="i617"><AttributeType>iyz</AttributeType><IsRequired>true</IsRequired><Value i:type="a:double" xmlns:a="http://www.w3.org/2001/XMLSchema">3.4983342567737169E-21</Value></Attribute><Attribute z:Id="i618"><AttributeType>izz</AttributeType><IsRequired>true</IsRequired><Value i:type="a:double" xmlns:a="http://www.w3.org/2001/XMLSchema">1.530782548389517E-06</Value></Attribute></Attributes><ChildElements/><ElementName>inertia</ElementName><required>false</required><IxxAttribute z:Ref="i613"/><IxyAttribute z:Ref="i614"/><IxzAttribute z:Ref="i615"/><IyyAttribute z:Ref="i616"/><IyzAttribute z:Ref="i617"/><IzzAttribute z:Ref="i618"/></URDFElement></ChildElements><ElementName>inertial</ElementName><required>false</required><Inertia z:Ref="i612"/><Mass z:Ref="i610"/><Origin z:Ref="i607"/></URDFElement><URDFElement z:Id="i619" i:type="Visual"><Attributes/><ChildElements><URDFElement z:Id="i620" i:type="Origin"><Attributes><Attribute z:Id="i621"><AttributeType>xyz</AttributeType><IsRequired>true</IsRequired><Value i:type="a:ArrayOfdouble" xmlns:a="http://schemas.microsoft.com/2003/10/Serialization/Arrays"><a:double>0</a:double><a:double>0</a:double><a:double>0</a:double></Value></Attribute><Attribute z:Id="i622"><AttributeType>rpy</AttributeType><IsRequired>true</IsRequired><Value i:type="a:ArrayOfdouble" xmlns:a="http://schemas.microsoft.com/2003/10/Serialization/Arrays"><a:double>0</a:double><a:double>0</a:double><a:double>0</a:double></Value></Attribute></Attributes><ChildElements/><ElementName>origin</ElementName><required>false</required><RPYAttribute z:Ref="i622"/><XYZAttribute z:Ref="i621"/><isCustomized>false</isCustomized></URDFElement><URDFElement z:Id="i623" i:type="Geometry"><Attributes/><ChildElements><URDFElement z:Id="i624" i:type="Mesh"><Attributes><Attribute z:Id="i625"><AttributeType>filename</AttributeType><IsRequired>true</IsRequired><Value i:nil="true"/></Attribute></Attributes><ChildElements/><ElementName>mesh</ElementName><required>false</required><FilenameAttribute z:Ref="i625"/></URDFElement></ChildElements><ElementName>geometry</ElementName><required>true</required><Mesh z:Ref="i624"/></URDFElement><URDFElement z:Id="i626" i:type="Material"><Attributes><Attribute z:Id="i627"><AttributeType>name</AttributeType><IsRequired>true</IsRequired><Value i:type="a:string" xmlns:a="http://www.w3.org/2001/XMLSchema"/></Attribute></Attributes><ChildElements><URDFElement z:Id="i628" i:type="Color"><Attributes><Attribute z:Id="i629"><AttributeType>rgba</AttributeType><IsRequired>true</IsRequired><Value i:type="a:ArrayOfdouble" xmlns:a="http://schemas.microsoft.com/2003/10/Serialization/Arrays"><a:double>0.792156862745098</a:double><a:double>0.81960784313725488</a:double><a:double>0.93333333333333335</a:double><a:double>1</a:double></Value></Attribute></Attributes><ChildElements/><ElementName>color</ElementName><required>false</required><RGBAAttribute z:Ref="i629"/></URDFElement><URDFElement z:Id="i630" i:type="Texture"><Attributes><Attribute z:Id="i631"><AttributeType>filename</AttributeType><IsRequired>true</IsRequired><Value i:nil="true"/></Attribute></Attributes><ChildElements/><ElementName>texture</ElementName><required>false</required><FilenameAttribute z:Ref="i631"/><wFilename/></URDFElement></ChildElements><ElementName>material</ElementName><required>false</required><Color z:Ref="i628"/><NameAttribute z:Ref="i627"/><Texture z:Ref="i630"/></URDFElement></ChildElements><ElementName>visual</ElementName><required>false</required><Geometry z:Ref="i623"/><Material z:Ref="i626"/><Origin z:Ref="i620"/></URDFElement><URDFElement z:Id="i632" i:type="Collision"><Attributes/><ChildElements><URDFElement z:Id="i633" i:type="Origin"><Attributes><Attribute z:Id="i634"><AttributeType>xyz</AttributeType><IsRequired>true</IsRequired><Value i:type="a:ArrayOfdouble" xmlns:a="http://schemas.microsoft.com/2003/10/Serialization/Arrays"><a:double>0</a:double><a:double>0</a:double><a:double>0</a:double></Value></Attribute><Attribute z:Id="i635"><AttributeType>rpy</AttributeType><IsRequired>true</IsRequired><Value i:type="a:ArrayOfdouble" xmlns:a="http://schemas.microsoft.com/2003/10/Serialization/Arrays"><a:double>0</a:double><a:double>0</a:double><a:double>0</a:double></Value></Attribute></Attributes><ChildElements/><ElementName>origin</ElementName><required>false</required><RPYAttribute z:Ref="i635"/><XYZAttribute z:Ref="i634"/><isCustomized>false</isCustomized></URDFElement><URDFElement z:Id="i636" i:type="Geometry"><Attributes/><ChildElements><URDFElement z:Id="i637" i:type="Mesh"><Attributes><Attribute z:Id="i638"><AttributeType>filename</AttributeType><IsRequired>true</IsRequired><Value i:nil="true"/></Attribute></Attributes><ChildElements/><ElementName>mesh</ElementName><required>false</required><FilenameAttribute z:Ref="i638"/></URDFElement></ChildElements><ElementName>geometry</ElementName><required>true</required><Mesh z:Ref="i637"/></URDFElement></ChildElements><ElementName>collision</ElementName><required>false</required><Geometry z:Ref="i636"/><Origin z:Ref="i633"/></URDFElement><URDFElement z:Id="i639" i:type="Joint"><Attributes><Attribute z:Id="i640"><AttributeType>name</AttributeType><IsRequired>true</IsRequired><Value i:type="a:string" xmlns:a="http://www.w3.org/2001/XMLSchema">barig_caster</Value></Attribute><Attribute z:Id="i641"><AttributeType>type</AttributeType><IsRequired>true</IsRequired><Value i:type="a:string" xmlns:a="http://www.w3.org/2001/XMLSchema">continuous</Value></Attribute></Attributes><ChildElements><URDFElement z:Id="i642" i:type="Origin"><Attributes><Attribute z:Id="i643"><AttributeType>xyz</AttributeType><IsRequired>true</IsRequired><Value i:type="a:ArrayOfdouble" xmlns:a="http://schemas.microsoft.com/2003/10/Serialization/Arrays"><a:double>-0.23012199814361045</a:double><a:double>0.084946183579576451</a:double><a:double>-0.047949999995789028</a:double></Value></Attribute><Attribute z:Id="i644"><AttributeType>rpy</AttributeType><IsRequired>true</IsRequired><Value i:type="a:ArrayOfdouble" xmlns:a="http://schemas.microsoft.com/2003/10/Serialization/Arrays"><a:double>0</a:double><a:double>0</a:double><a:double>0</a:double></Value></Attribute></Attributes><ChildElements/><ElementName>origin</ElementName><required>false</required><RPYAttribute z:Ref="i644"/><XYZAttribute z:Ref="i643"/><isCustomized>false</isCustomized></URDFElement><URDFElement z:Id="i645" i:type="ParentLink"><Attributes><Attribute z:Id="i646"><AttributeType>link</AttributeType><IsRequired>true</IsRequired><Value i:type="a:string" xmlns:a="http://www.w3.org/2001/XMLSchema">base_link</Value></Attribute></Attributes><ChildElements/><ElementName>parent</ElementName><required>true</required><NameAttribute z:Ref="i646"/></URDFElement><URDFElement z:Id="i647" i:type="ChildLink"><Attributes><Attribute z:Id="i648"><AttributeType>link</AttributeType><IsRequired>true</IsRequired><Value i:type="a:string" xmlns:a="http://www.w3.org/2001/XMLSchema">caster_barig_Link</Value></Attribute></Attributes><ChildElements/><ElementName>child</ElementName><required>true</required><NameAttribute z:Ref="i648"/></URDFElement><URDFElement z:Id="i649" i:type="Axis"><Attributes><Attribute z:Id="i650"><AttributeType>xyz</AttributeType><IsRequired>true</IsRequired><Value i:type="a:ArrayOfdouble" xmlns:a="http://schemas.microsoft.com/2003/10/Serialization/Arrays"><a:double>0</a:double><a:double>0</a:double><a:double>1</a:double></Value></Attribute></Attributes><ChildElements/><ElementName>axis</ElementName><required>false</required><XYZAttribute z:Ref="i650"/></URDFElement><URDFElement z:Id="i651" i:type="Limit"><Attributes><Attribute z:Id="i652"><AttributeType>lower</AttributeType><IsRequired>false</IsRequired><Value i:nil="true"/></Attribute><Attribute z:Id="i653"><AttributeType>upper</AttributeType><IsRequired>false</IsRequired><Value i:nil="true"/></Attribute><Attribute z:Id="i654"><AttributeType>effort</AttributeType><IsRequired>true</IsRequired><Value i:nil="true"/></Attribute><Attribute z:Id="i655"><AttributeType>velocity</AttributeType><IsRequired>true</IsRequired><Value i:nil="true"/></Attribute></Attributes><ChildElements/><ElementName>limit</ElementName><required>false</required><EffortAttribute z:Ref="i654"/><LowerAttribute z:Ref="i652"/><UpperAttribute z:Ref="i653"/><VelocityAttribute z:Ref="i655"/></URDFElement><URDFElement z:Id="i656" i:type="Calibration"><Attributes><Attribute z:Id="i657"><AttributeType>rising</AttributeType><IsRequired>false</IsRequired><Value i:nil="true"/></Attribute><Attribute z:Id="i658"><AttributeType>falling</AttributeType><IsRequired>false</IsRequired><Value i:nil="true"/></Attribute></Attributes><ChildElements/><ElementName>calibration</ElementName><required>false</required><FallingAttribute z:Ref="i658"/><RisingAttribute z:Ref="i657"/></URDFElement><URDFElement z:Id="i659" i:type="Dynamics"><Attributes><Attribute z:Id="i660"><AttributeType>damping</AttributeType><IsRequired>false</IsRequired><Value i:nil="true"/></Attribute><Attribute z:Id="i661"><AttributeType>friction</AttributeType><IsRequired>false</IsRequired><Value i:nil="true"/></Attribute></Attributes><ChildElements/><ElementName>dynamics</ElementName><required>false</required><DampingAttribute z:Ref="i660"/><FrictionAttribute z:Ref="i661"/></URDFElement><URDFElement z:Id="i662" i:type="SafetyController"><Attributes><Attribute z:Id="i663"><AttributeType>soft_upper_limit</AttributeType><IsRequired>false</IsRequired><Value i:nil="true"/></Attribute><Attribute z:Id="i664"><AttributeType>soft_lower_limit</AttributeType><IsRequired>false</IsRequired><Value i:nil="true"/></Attribute><Attribute z:Id="i665"><AttributeType>k_position</AttributeType><IsRequired>false</IsRequired><Value i:nil="true"/></Attribute><Attribute z:Id="i666"><AttributeType>k_velocity</AttributeType><IsRequired>true</IsRequired><Value i:nil="true"/></Attribute></Attributes><ChildElements/><ElementName>safety_controller</ElementName><required>false</required><KPositionAttribute z:Ref="i665"/><KVelocityAttribute z:Ref="i666"/><SoftLowerAttribute z:Ref="i664"/><SoftUpperAttribute z:Ref="i663"/></URDFElement><URDFElement z:Id="i667" i:type="Mimic"><Attributes><Attribute z:Id="i668"><AttributeType>joint</AttributeType><IsRequired>true</IsRequired><Value i:nil="true"/></Attribute><Attribute z:Id="i669"><AttributeType>multiplier</AttributeType><IsRequired>false</IsRequired><Value i:nil="true"/></Attribute><Attribute z:Id="i670"><AttributeType>offset</AttributeType><IsRequired>false</IsRequired><Value i:nil="true"/></Attribute></Attributes><ChildElements/><ElementName>mimic</ElementName><required>false</required><JointNameAttribute z:Ref="i668"/><MultiplierAttribute z:Ref="i669"/><OffsetAttribute z:Ref="i670"/></URDFElement></ChildElements><ElementName>joint</ElementName><required>false</required><Axis z:Ref="i649"/><AxisName>Axis11_barig</AxisName><Calibration z:Ref="i656"/><Child z:Ref="i647"/><CoordinateSystemName>Coordinate System20</CoordinateSystemName><Dynamics z:Ref="i659"/><Limit z:Ref="i651"/><Mimic z:Ref="i667"/><NameAttribute z:Ref="i640"/><Origin z:Ref="i642"/><Parent z:Ref="i645"/><Safety z:Ref="i662"/><TypeAttribute z:Ref="i641"/></URDFElement></ChildElements><ElementName>link</ElementName><required>true</required><Children/><Collision z:Ref="i632"/><Inertial z:Ref="i606"/><Joint z:Ref="i639"/><NameAttribute z:Ref="i605"/><Parent z:Ref="i1"/><STLQualityFine>false</STLQualityFine><SWComponentPIDs xmlns:a="http://schemas.microsoft.com/2003/10/Serialization/Arrays"><a:base64Binary>aEIAAAUAAAD//v94YwB1AG0AXwBkAGEAaAB1AG8AbgBnAF8AdAByAHUAbwBjAF8AcwBhAHUALQA2AEAAcgBvAGIAbwBWADIALwBzAHUAcwBwAGUAbgBzAGkAbwBuAF8AdgAyAC0AMQBAAGMAdQBtAF8AZABhAGgAdQBvAG4AZwBfAHQAcgB1AG8AYwBfAHMAYQB1AC8AYgBhAG4AaABkAGEAaAB1AG8AbgBnAC0AMQBAAHMAdQBzAHAAZQBuAHMAaQBvAG4AXwB2ADIALwBiAGEAbgBoAF8AZQBhAHMAeQAtADEAQABiAGEAbgBoAGQAYQBoAHUAbwBuAGcABAAAABAAAAABAAAABAAAACAGAAArAAAAdAAAAEEAAAA=</a:base64Binary></SWComponentPIDs><SWMainComponentPID i:nil="true"/><Visual z:Ref="i619"/><isFixedFrame>false</isFixedFrame><isIncomplete>false</isIncomplete></Link><Link z:Id="i671"><Attributes><Attribute z:Id="i672"><AttributeType>name</AttributeType><IsRequired>true</IsRequired><Value i:type="a:string" xmlns:a="http://www.w3.org/2001/XMLSchema">frle_Link</Value></Attribute></Attributes><ChildElements><URDFElement z:Id="i673" i:type="Inertial"><Attributes/><ChildElements><URDFElement z:Id="i674" i:type="Origin"><Attributes><Attribute z:Id="i675"><AttributeType>xyz</AttributeType><IsRequired>true</IsRequired><Value i:type="a:ArrayOfdouble" xmlns:a="http://schemas.microsoft.com/2003/10/Serialization/Arrays"><a:double>-0.0024392776019951379</a:double><a:double>0</a:double><a:double>-0.012241171349341606</a:double></Value></Attribute><Attribute z:Id="i676"><AttributeType>rpy</AttributeType><IsRequired>true</IsRequired><Value i:type="a:ArrayOfdouble" xmlns:a="http://schemas.microsoft.com/2003/10/Serialization/Arrays"><a:double>0</a:double><a:double>0</a:double><a:double>0</a:double></Value></Attribute></Attributes><ChildElements/><ElementName>origin</ElementName><required>false</required><RPYAttribute z:Ref="i676"/><XYZAttribute z:Ref="i675"/><isCustomized>false</isCustomized></URDFElement><URDFElement z:Id="i677" i:type="Mass"><Attributes><Attribute z:Id="i678"><AttributeType>value</AttributeType><IsRequired>true</IsRequired><Value i:type="a:double" xmlns:a="http://www.w3.org/2001/XMLSchema">0.0014624313249854911</Value></Attribute></Attributes><ChildElements/><ElementName>mass</ElementName><required>false</required><ValueAttribute z:Ref="i678"/></URDFElement><URDFElement z:Id="i679" i:type="Inertia"><Attributes><Attribute z:Id="i680"><AttributeType>ixx</AttributeType><IsRequired>true</IsRequired><Value i:type="a:double" xmlns:a="http://www.w3.org/2001/XMLSchema">2.7708833008213809E-07</Value></Attribute><Attribute z:Id="i681"><AttributeType>ixy</AttributeType><IsRequired>true</IsRequired><Value i:type="a:double" xmlns:a="http://www.w3.org/2001/XMLSchema">-1.8011857838342178E-22</Value></Attribute><Attribute z:Id="i682"><AttributeType>ixz</AttributeType><IsRequired>true</IsRequired><Value i:type="a:double" xmlns:a="http://www.w3.org/2001/XMLSchema">-4.8021909173395736E-08</Value></Attribute><Attribute z:Id="i683"><AttributeType>iyy</AttributeType><IsRequired>true</IsRequired><Value i:type="a:double" xmlns:a="http://www.w3.org/2001/XMLSchema">2.1761622582383926E-07</Value></Attribute><Attribute z:Id="i684"><AttributeType>iyz</AttributeType><IsRequired>true</IsRequired><Value i:type="a:double" xmlns:a="http://www.w3.org/2001/XMLSchema">-2.4411409082720604E-22</Value></Attribute><Attribute z:Id="i685"><AttributeType>izz</AttributeType><IsRequired>true</IsRequired><Value i:type="a:double" xmlns:a="http://www.w3.org/2001/XMLSchema">1.4212808243369166E-07</Value></Attribute></Attributes><ChildElements/><ElementName>inertia</ElementName><required>false</required><IxxAttribute z:Ref="i680"/><IxyAttribute z:Ref="i681"/><IxzAttribute z:Ref="i682"/><IyyAttribute z:Ref="i683"/><IyzAttribute z:Ref="i684"/><IzzAttribute z:Ref="i685"/></URDFElement></ChildElements><ElementName>inertial</ElementName><required>false</required><Inertia z:Ref="i679"/><Mass z:Ref="i677"/><Origin z:Ref="i674"/></URDFElement><URDFElement z:Id="i686" i:type="Visual"><Attributes/><ChildElements><URDFElement z:Id="i687" i:type="Origin"><Attributes><Attribute z:Id="i688"><AttributeType>xyz</AttributeType><IsRequired>true</IsRequired><Value i:type="a:ArrayOfdouble" xmlns:a="http://schemas.microsoft.com/2003/10/Serialization/Arrays"><a:double>0</a:double><a:double>0</a:double><a:double>0</a:double></Value></Attribute><Attribute z:Id="i689"><AttributeType>rpy</AttributeType><IsRequired>true</IsRequired><Value i:type="a:ArrayOfdouble" xmlns:a="http://schemas.microsoft.com/2003/10/Serialization/Arrays"><a:double>0</a:double><a:double>0</a:double><a:double>0</a:double></Value></Attribute></Attributes><ChildElements/><ElementName>origin</ElementName><required>false</required><RPYAttribute z:Ref="i689"/><XYZAttribute z:Ref="i688"/><isCustomized>false</isCustomized></URDFElement><URDFElement z:Id="i690" i:type="Geometry"><Attributes/><ChildElements><URDFElement z:Id="i691" i:type="Mesh"><Attributes><Attribute z:Id="i692"><AttributeType>filename</AttributeType><IsRequired>true</IsRequired><Value i:nil="true"/></Attribute></Attributes><ChildElements/><ElementName>mesh</ElementName><required>false</required><FilenameAttribute z:Ref="i692"/></URDFElement></ChildElements><ElementName>geometry</ElementName><required>true</required><Mesh z:Ref="i691"/></URDFElement><URDFElement z:Id="i693" i:type="Material"><Attributes><Attribute z:Id="i694"><AttributeType>name</AttributeType><IsRequired>true</IsRequired><Value i:type="a:string" xmlns:a="http://www.w3.org/2001/XMLSchema"/></Attribute></Attributes><ChildElements><URDFElement z:Id="i695" i:type="Color"><Attributes><Attribute z:Id="i696"><AttributeType>rgba</AttributeType><IsRequired>true</IsRequired><Value i:type="a:ArrayOfdouble" xmlns:a="http://schemas.microsoft.com/2003/10/Serialization/Arrays"><a:double>0.792156862745098</a:double><a:double>0.81960784313725488</a:double><a:double>0.93333333333333335</a:double><a:double>1</a:double></Value></Attribute></Attributes><ChildElements/><ElementName>color</ElementName><required>false</required><RGBAAttribute z:Ref="i696"/></URDFElement><URDFElement z:Id="i697" i:type="Texture"><Attributes><Attribute z:Id="i698"><AttributeType>filename</AttributeType><IsRequired>true</IsRequired><Value i:nil="true"/></Attribute></Attributes><ChildElements/><ElementName>texture</ElementName><required>false</required><FilenameAttribute z:Ref="i698"/><wFilename/></URDFElement></ChildElements><ElementName>material</ElementName><required>false</required><Color z:Ref="i695"/><NameAttribute z:Ref="i694"/><Texture z:Ref="i697"/></URDFElement></ChildElements><ElementName>visual</ElementName><required>false</required><Geometry z:Ref="i690"/><Material z:Ref="i693"/><Origin z:Ref="i687"/></URDFElement><URDFElement z:Id="i699" i:type="Collision"><Attributes/><ChildElements><URDFElement z:Id="i700" i:type="Origin"><Attributes><Attribute z:Id="i701"><AttributeType>xyz</AttributeType><IsRequired>true</IsRequired><Value i:type="a:ArrayOfdouble" xmlns:a="http://schemas.microsoft.com/2003/10/Serialization/Arrays"><a:double>0</a:double><a:double>0</a:double><a:double>0</a:double></Value></Attribute><Attribute z:Id="i702"><AttributeType>rpy</AttributeType><IsRequired>true</IsRequired><Value i:type="a:ArrayOfdouble" xmlns:a="http://schemas.microsoft.com/2003/10/Serialization/Arrays"><a:double>0</a:double><a:double>0</a:double><a:double>0</a:double></Value></Attribute></Attributes><ChildElements/><ElementName>origin</ElementName><required>false</required><RPYAttribute z:Ref="i702"/><XYZAttribute z:Ref="i701"/><isCustomized>false</isCustomized></URDFElement><URDFElement z:Id="i703" i:type="Geometry"><Attributes/><ChildElements><URDFElement z:Id="i704" i:type="Mesh"><Attributes><Attribute z:Id="i705"><AttributeType>filename</AttributeType><IsRequired>true</IsRequired><Value i:nil="true"/></Attribute></Attributes><ChildElements/><ElementName>mesh</ElementName><required>false</required><FilenameAttribute z:Ref="i705"/></URDFElement></ChildElements><ElementName>geometry</ElementName><required>true</required><Mesh z:Ref="i704"/></URDFElement></ChildElements><ElementName>collision</ElementName><required>false</required><Geometry z:Ref="i703"/><Origin z:Ref="i700"/></URDFElement><URDFElement z:Id="i706" i:type="Joint"><Attributes><Attribute z:Id="i707"><AttributeType>name</AttributeType><IsRequired>true</IsRequired><Value i:type="a:string" xmlns:a="http://www.w3.org/2001/XMLSchema">frle_joint</Value></Attribute><Attribute z:Id="i708"><AttributeType>type</AttributeType><IsRequired>true</IsRequired><Value i:type="a:string" xmlns:a="http://www.w3.org/2001/XMLSchema">continuous</Value></Attribute></Attributes><ChildElements><URDFElement z:Id="i709" i:type="Origin"><Attributes><Attribute z:Id="i710"><AttributeType>xyz</AttributeType><IsRequired>true</IsRequired><Value i:type="a:ArrayOfdouble" xmlns:a="http://schemas.microsoft.com/2003/10/Serialization/Arrays"><a:double>0.24033972950611415</a:double><a:double>-0.084916417232767</a:double><a:double>-0.012449999995784888</a:double></Value></Attribute><Attribute z:Id="i711"><AttributeType>rpy</AttributeType><IsRequired>true</IsRequired><Value i:type="a:ArrayOfdouble" xmlns:a="http://schemas.microsoft.com/2003/10/Serialization/Arrays"><a:double>0</a:double><a:double>0</a:double><a:double>0.0082570048974622643</a:double></Value></Attribute></Attributes><ChildElements/><ElementName>origin</ElementName><required>false</required><RPYAttribute z:Ref="i711"/><XYZAttribute z:Ref="i710"/><isCustomized>false</isCustomized></URDFElement><URDFElement z:Id="i712" i:type="ParentLink"><Attributes><Attribute z:Id="i713"><AttributeType>link</AttributeType><IsRequired>true</IsRequired><Value i:type="a:string" xmlns:a="http://www.w3.org/2001/XMLSchema">base_link</Value></Attribute></Attributes><ChildElements/><ElementName>parent</ElementName><required>true</required><NameAttribute z:Ref="i713"/></URDFElement><URDFElement z:Id="i714" i:type="ChildLink"><Attributes><Attribute z:Id="i715"><AttributeType>link</AttributeType><IsRequired>true</IsRequired><Value i:type="a:string" xmlns:a="http://www.w3.org/2001/XMLSchema">frle_Link</Value></Attribute></Attributes><ChildElements/><ElementName>child</ElementName><required>true</required><NameAttribute z:Ref="i715"/></URDFElement><URDFElement z:Id="i716" i:type="Axis"><Attributes><Attribute z:Id="i717"><AttributeType>xyz</AttributeType><IsRequired>true</IsRequired><Value i:type="a:ArrayOfdouble" xmlns:a="http://schemas.microsoft.com/2003/10/Serialization/Arrays"><a:double>0</a:double><a:double>0</a:double><a:double>1</a:double></Value></Attribute></Attributes><ChildElements/><ElementName>axis</ElementName><required>false</required><XYZAttribute z:Ref="i717"/></URDFElement><URDFElement z:Id="i718" i:type="Limit"><Attributes><Attribute z:Id="i719"><AttributeType>lower</AttributeType><IsRequired>false</IsRequired><Value i:nil="true"/></Attribute><Attribute z:Id="i720"><AttributeType>upper</AttributeType><IsRequired>false</IsRequired><Value i:nil="true"/></Attribute><Attribute z:Id="i721"><AttributeType>effort</AttributeType><IsRequired>true</IsRequired><Value i:nil="true"/></Attribute><Attribute z:Id="i722"><AttributeType>velocity</AttributeType><IsRequired>true</IsRequired><Value i:nil="true"/></Attribute></Attributes><ChildElements/><ElementName>limit</ElementName><required>false</required><EffortAttribute z:Ref="i721"/><LowerAttribute z:Ref="i719"/><UpperAttribute z:Ref="i720"/><VelocityAttribute z:Ref="i722"/></URDFElement><URDFElement z:Id="i723" i:type="Calibration"><Attributes><Attribute z:Id="i724"><AttributeType>rising</AttributeType><IsRequired>false</IsRequired><Value i:nil="true"/></Attribute><Attribute z:Id="i725"><AttributeType>falling</AttributeType><IsRequired>false</IsRequired><Value i:nil="true"/></Attribute></Attributes><ChildElements/><ElementName>calibration</ElementName><required>false</required><FallingAttribute z:Ref="i725"/><RisingAttribute z:Ref="i724"/></URDFElement><URDFElement z:Id="i726" i:type="Dynamics"><Attributes><Attribute z:Id="i727"><AttributeType>damping</AttributeType><IsRequired>false</IsRequired><Value i:nil="true"/></Attribute><Attribute z:Id="i728"><AttributeType>friction</AttributeType><IsRequired>false</IsRequired><Value i:nil="true"/></Attribute></Attributes><ChildElements/><ElementName>dynamics</ElementName><required>false</required><DampingAttribute z:Ref="i727"/><FrictionAttribute z:Ref="i728"/></URDFElement><URDFElement z:Id="i729" i:type="SafetyController"><Attributes><Attribute z:Id="i730"><AttributeType>soft_upper_limit</AttributeType><IsRequired>false</IsRequired><Value i:nil="true"/></Attribute><Attribute z:Id="i731"><AttributeType>soft_lower_limit</AttributeType><IsRequired>false</IsRequired><Value i:nil="true"/></Attribute><Attribute z:Id="i732"><AttributeType>k_position</AttributeType><IsRequired>false</IsRequired><Value i:nil="true"/></Attribute><Attribute z:Id="i733"><AttributeType>k_velocity</AttributeType><IsRequired>true</IsRequired><Value i:nil="true"/></Attribute></Attributes><ChildElements/><ElementName>safety_controller</ElementName><required>false</required><KPositionAttribute z:Ref="i732"/><KVelocityAttribute z:Ref="i733"/><SoftLowerAttribute z:Ref="i731"/><SoftUpperAttribute z:Ref="i730"/></URDFElement><URDFElement z:Id="i734" i:type="Mimic"><Attributes><Attribute z:Id="i735"><AttributeType>joint</AttributeType><IsRequired>true</IsRequired><Value i:nil="true"/></Attribute><Attribute z:Id="i736"><AttributeType>multiplier</AttributeType><IsRequired>false</IsRequired><Value i:nil="true"/></Attribute><Attribute z:Id="i737"><AttributeType>offset</AttributeType><IsRequired>false</IsRequired><Value i:nil="true"/></Attribute></Attributes><ChildElements/><ElementName>mimic</ElementName><required>false</required><JointNameAttribute z:Ref="i735"/><MultiplierAttribute z:Ref="i736"/><OffsetAttribute z:Ref="i737"/></URDFElement></ChildElements><ElementName>joint</ElementName><required>false</required><Axis z:Ref="i716"/><AxisName>Axis8_frle</AxisName><Calibration z:Ref="i723"/><Child z:Ref="i714"/><CoordinateSystemName>Coordinate System21</CoordinateSystemName><Dynamics z:Ref="i726"/><Limit z:Ref="i718"/><Mimic z:Ref="i734"/><NameAttribute z:Ref="i707"/><Origin z:Ref="i709"/><Parent z:Ref="i712"/><Safety z:Ref="i729"/><TypeAttribute z:Ref="i708"/></URDFElement></ChildElements><ElementName>link</ElementName><required>true</required><Children/><Collision z:Ref="i699"/><Inertial z:Ref="i673"/><Joint z:Ref="i706"/><NameAttribute z:Ref="i672"/><Parent z:Ref="i1"/><STLQualityFine>false</STLQualityFine><SWComponentPIDs xmlns:a="http://schemas.microsoft.com/2003/10/Serialization/Arrays"><a:base64Binary>aEIAAAUAAAD//v92YwB1AG0AXwBkAGEAaAB1AG8AbgBnAF8AdAByAHUAbwBjAF8AcwBhAHUALQA1AEAAcgBvAGIAbwBWADIALwBzAHUAcwBwAGUAbgBzAGkAbwBuAF8AdgAyAC0AMQBAAGMAdQBtAF8AZABhAGgAdQBvAG4AZwBfAHQAcgB1AG8AYwBfAHMAYQB1AC8AYgBhAG4AaABkAGEAaAB1AG8AbgBnAC0AMQBAAHMAdQBzAHAAZQBuAHMAaQBvAG4AXwB2ADIALwBOAEUAUABfAFMAQQBUAC0AMQBAAGIAYQBuAGgAZABhAGgAdQBvAG4AZwAEAAAAEAAAAAEAAAAEAAAAGQYAACsAAAB0AAAAGwAAAA==</a:base64Binary></SWComponentPIDs><SWMainComponentPID i:nil="true"/><Visual z:Ref="i686"/><isFixedFrame>false</isFixedFrame><isIncomplete>false</isIncomplete></Link><Link z:Id="i738"><Attributes><Attribute z:Id="i739"><AttributeType>name</AttributeType><IsRequired>true</IsRequired><Value i:type="a:string" xmlns:a="http://www.w3.org/2001/XMLSchema">frrig_Link</Value></Attribute></Attributes><ChildElements><URDFElement z:Id="i740" i:type="Inertial"><Attributes/><ChildElements><URDFElement z:Id="i741" i:type="Origin"><Attributes><Attribute z:Id="i742"><AttributeType>xyz</AttributeType><IsRequired>true</IsRequired><Value i:type="a:ArrayOfdouble" xmlns:a="http://schemas.microsoft.com/2003/10/Serialization/Arrays"><a:double>-0.0024391944497749174</a:double><a:double>-2.0140898242704264E-05</a:double><a:double>-0.012241171349341662</a:double></Value></Attribute><Attribute z:Id="i743"><AttributeType>rpy</AttributeType><IsRequired>true</IsRequired><Value i:type="a:ArrayOfdouble" xmlns:a="http://schemas.microsoft.com/2003/10/Serialization/Arrays"><a:double>0</a:double><a:double>0</a:double><a:double>0</a:double></Value></Attribute></Attributes><ChildElements/><ElementName>origin</ElementName><required>false</required><RPYAttribute z:Ref="i743"/><XYZAttribute z:Ref="i742"/><isCustomized>false</isCustomized></URDFElement><URDFElement z:Id="i744" i:type="Mass"><Attributes><Attribute z:Id="i745"><AttributeType>value</AttributeType><IsRequired>true</IsRequired><Value i:type="a:double" xmlns:a="http://www.w3.org/2001/XMLSchema">0.0014624313249854955</Value></Attribute></Attributes><ChildElements/><ElementName>mass</ElementName><required>false</required><ValueAttribute z:Ref="i745"/></URDFElement><URDFElement z:Id="i746" i:type="Inertia"><Attributes><Attribute z:Id="i747"><AttributeType>ixx</AttributeType><IsRequired>true</IsRequired><Value i:type="a:double" xmlns:a="http://www.w3.org/2001/XMLSchema">2.7708427547743657E-07</Value></Attribute><Attribute z:Id="i748"><AttributeType>ixy</AttributeType><IsRequired>true</IsRequired><Value i:type="a:double" xmlns:a="http://www.w3.org/2001/XMLSchema">4.9103913665956736E-10</Value></Attribute><Attribute z:Id="i749"><AttributeType>ixz</AttributeType><IsRequired>true</IsRequired><Value i:type="a:double" xmlns:a="http://www.w3.org/2001/XMLSchema">-4.8020272160716054E-08</Value></Attribute><Attribute z:Id="i750"><AttributeType>iyy</AttributeType><IsRequired>true</IsRequired><Value i:type="a:double" xmlns:a="http://www.w3.org/2001/XMLSchema">2.1762028042854115E-07</Value></Attribute><Attribute z:Id="i751"><AttributeType>iyz</AttributeType><IsRequired>true</IsRequired><Value i:type="a:double" xmlns:a="http://www.w3.org/2001/XMLSchema">-3.96512633613084E-10</Value></Attribute><Attribute z:Id="i752"><AttributeType>izz</AttributeType><IsRequired>true</IsRequired><Value i:type="a:double" xmlns:a="http://www.w3.org/2001/XMLSchema">1.4212808243369211E-07</Value></Attribute></Attributes><ChildElements/><ElementName>inertia</ElementName><required>false</required><IxxAttribute z:Ref="i747"/><IxyAttribute z:Ref="i748"/><IxzAttribute z:Ref="i749"/><IyyAttribute z:Ref="i750"/><IyzAttribute z:Ref="i751"/><IzzAttribute z:Ref="i752"/></URDFElement></ChildElements><ElementName>inertial</ElementName><required>false</required><Inertia z:Ref="i746"/><Mass z:Ref="i744"/><Origin z:Ref="i741"/></URDFElement><URDFElement z:Id="i753" i:type="Visual"><Attributes/><ChildElements><URDFElement z:Id="i754" i:type="Origin"><Attributes><Attribute z:Id="i755"><AttributeType>xyz</AttributeType><IsRequired>true</IsRequired><Value i:type="a:ArrayOfdouble" xmlns:a="http://schemas.microsoft.com/2003/10/Serialization/Arrays"><a:double>0</a:double><a:double>0</a:double><a:double>0</a:double></Value></Attribute><Attribute z:Id="i756"><AttributeType>rpy</AttributeType><IsRequired>true</IsRequired><Value i:type="a:ArrayOfdouble" xmlns:a="http://schemas.microsoft.com/2003/10/Serialization/Arrays"><a:double>0</a:double><a:double>0</a:double><a:double>0</a:double></Value></Attribute></Attributes><ChildElements/><ElementName>origin</ElementName><required>false</required><RPYAttribute z:Ref="i756"/><XYZAttribute z:Ref="i755"/><isCustomized>false</isCustomized></URDFElement><URDFElement z:Id="i757" i:type="Geometry"><Attributes/><ChildElements><URDFElement z:Id="i758" i:type="Mesh"><Attributes><Attribute z:Id="i759"><AttributeType>filename</AttributeType><IsRequired>true</IsRequired><Value i:nil="true"/></Attribute></Attributes><ChildElements/><ElementName>mesh</ElementName><required>false</required><FilenameAttribute z:Ref="i759"/></URDFElement></ChildElements><ElementName>geometry</ElementName><required>true</required><Mesh z:Ref="i758"/></URDFElement><URDFElement z:Id="i760" i:type="Material"><Attributes><Attribute z:Id="i761"><AttributeType>name</AttributeType><IsRequired>true</IsRequired><Value i:type="a:string" xmlns:a="http://www.w3.org/2001/XMLSchema"/></Attribute></Attributes><ChildElements><URDFElement z:Id="i762" i:type="Color"><Attributes><Attribute z:Id="i763"><AttributeType>rgba</AttributeType><IsRequired>true</IsRequired><Value i:type="a:ArrayOfdouble" xmlns:a="http://schemas.microsoft.com/2003/10/Serialization/Arrays"><a:double>0.792156862745098</a:double><a:double>0.81960784313725488</a:double><a:double>0.93333333333333335</a:double><a:double>1</a:double></Value></Attribute></Attributes><ChildElements/><ElementName>color</ElementName><required>false</required><RGBAAttribute z:Ref="i763"/></URDFElement><URDFElement z:Id="i764" i:type="Texture"><Attributes><Attribute z:Id="i765"><AttributeType>filename</AttributeType><IsRequired>true</IsRequired><Value i:nil="true"/></Attribute></Attributes><ChildElements/><ElementName>texture</ElementName><required>false</required><FilenameAttribute z:Ref="i765"/><wFilename/></URDFElement></ChildElements><ElementName>material</ElementName><required>false</required><Color z:Ref="i762"/><NameAttribute z:Ref="i761"/><Texture z:Ref="i764"/></URDFElement></ChildElements><ElementName>visual</ElementName><required>false</required><Geometry z:Ref="i757"/><Material z:Ref="i760"/><Origin z:Ref="i754"/></URDFElement><URDFElement z:Id="i766" i:type="Collision"><Attributes/><ChildElements><URDFElement z:Id="i767" i:type="Origin"><Attributes><Attribute z:Id="i768"><AttributeType>xyz</AttributeType><IsRequired>true</IsRequired><Value i:type="a:ArrayOfdouble" xmlns:a="http://schemas.microsoft.com/2003/10/Serialization/Arrays"><a:double>0</a:double><a:double>0</a:double><a:double>0</a:double></Value></Attribute><Attribute z:Id="i769"><AttributeType>rpy</AttributeType><IsRequired>true</IsRequired><Value i:type="a:ArrayOfdouble" xmlns:a="http://schemas.microsoft.com/2003/10/Serialization/Arrays"><a:double>0</a:double><a:double>0</a:double><a:double>0</a:double></Value></Attribute></Attributes><ChildElements/><ElementName>origin</ElementName><required>false</required><RPYAttribute z:Ref="i769"/><XYZAttribute z:Ref="i768"/><isCustomized>false</isCustomized></URDFElement><URDFElement z:Id="i770" i:type="Geometry"><Attributes/><ChildElements><URDFElement z:Id="i771" i:type="Mesh"><Attributes><Attribute z:Id="i772"><AttributeType>filename</AttributeType><IsRequired>true</IsRequired><Value i:nil="true"/></Attribute></Attributes><ChildElements/><ElementName>mesh</ElementName><required>false</required><FilenameAttribute z:Ref="i772"/></URDFElement></ChildElements><ElementName>geometry</ElementName><required>true</required><Mesh z:Ref="i771"/></URDFElement></ChildElements><ElementName>collision</ElementName><required>false</required><Geometry z:Ref="i770"/><Origin z:Ref="i767"/></URDFElement><URDFElement z:Id="i773" i:type="Joint"><Attributes><Attribute z:Id="i774"><AttributeType>name</AttributeType><IsRequired>true</IsRequired><Value i:type="a:string" xmlns:a="http://www.w3.org/2001/XMLSchema">frrig_joint</Value></Attribute><Attribute z:Id="i775"><AttributeType>type</AttributeType><IsRequired>true</IsRequired><Value i:type="a:string" xmlns:a="http://www.w3.org/2001/XMLSchema">continuous</Value></Attribute></Attributes><ChildElements><URDFElement z:Id="i776" i:type="Origin"><Attributes><Attribute z:Id="i777"><AttributeType>xyz</AttributeType><IsRequired>true</IsRequired><Value i:type="a:ArrayOfdouble" xmlns:a="http://schemas.microsoft.com/2003/10/Serialization/Arrays"><a:double>0.23890302697936738</a:double><a:double>0.089077651303633654</a:double><a:double>-0.012449999995784944</a:double></Value></Attribute><Attribute z:Id="i778"><AttributeType>rpy</AttributeType><IsRequired>true</IsRequired><Value i:type="a:ArrayOfdouble" xmlns:a="http://schemas.microsoft.com/2003/10/Serialization/Arrays"><a:double>0</a:double><a:double>0</a:double><a:double>0</a:double></Value></Attribute></Attributes><ChildElements/><ElementName>origin</ElementName><required>false</required><RPYAttribute z:Ref="i778"/><XYZAttribute z:Ref="i777"/><isCustomized>false</isCustomized></URDFElement><URDFElement z:Id="i779" i:type="ParentLink"><Attributes><Attribute z:Id="i780"><AttributeType>link</AttributeType><IsRequired>true</IsRequired><Value i:type="a:string" xmlns:a="http://www.w3.org/2001/XMLSchema">base_link</Value></Attribute></Attributes><ChildElements/><ElementName>parent</ElementName><required>true</required><NameAttribute z:Ref="i780"/></URDFElement><URDFElement z:Id="i781" i:type="ChildLink"><Attributes><Attribute z:Id="i782"><AttributeType>link</AttributeType><IsRequired>true</IsRequired><Value i:type="a:string" xmlns:a="http://www.w3.org/2001/XMLSchema">frrig_Link</Value></Attribute></Attributes><ChildElements/><ElementName>child</ElementName><required>true</required><NameAttribute z:Ref="i782"/></URDFElement><URDFElement z:Id="i783" i:type="Axis"><Attributes><Attribute z:Id="i784"><AttributeType>xyz</AttributeType><IsRequired>true</IsRequired><Value i:type="a:ArrayOfdouble" xmlns:a="http://schemas.microsoft.com/2003/10/Serialization/Arrays"><a:double>0</a:double><a:double>0</a:double><a:double>1</a:double></Value></Attribute></Attributes><ChildElements/><ElementName>axis</ElementName><required>false</required><XYZAttribute z:Ref="i784"/></URDFElement><URDFElement z:Id="i785" i:type="Limit"><Attributes><Attribute z:Id="i786"><AttributeType>lower</AttributeType><IsRequired>false</IsRequired><Value i:nil="true"/></Attribute><Attribute z:Id="i787"><AttributeType>upper</AttributeType><IsRequired>false</IsRequired><Value i:nil="true"/></Attribute><Attribute z:Id="i788"><AttributeType>effort</AttributeType><IsRequired>true</IsRequired><Value i:nil="true"/></Attribute><Attribute z:Id="i789"><AttributeType>velocity</AttributeType><IsRequired>true</IsRequired><Value i:nil="true"/></Attribute></Attributes><ChildElements/><ElementName>limit</ElementName><required>false</required><EffortAttribute z:Ref="i788"/><LowerAttribute z:Ref="i786"/><UpperAttribute z:Ref="i787"/><VelocityAttribute z:Ref="i789"/></URDFElement><URDFElement z:Id="i790" i:type="Calibration"><Attributes><Attribute z:Id="i791"><AttributeType>rising</AttributeType><IsRequired>false</IsRequired><Value i:nil="true"/></Attribute><Attribute z:Id="i792"><AttributeType>falling</AttributeType><IsRequired>false</IsRequired><Value i:nil="true"/></Attribute></Attributes><ChildElements/><ElementName>calibration</ElementName><required>false</required><FallingAttribute z:Ref="i792"/><RisingAttribute z:Ref="i791"/></URDFElement><URDFElement z:Id="i793" i:type="Dynamics"><Attributes><Attribute z:Id="i794"><AttributeType>damping</AttributeType><IsRequired>false</IsRequired><Value i:nil="true"/></Attribute><Attribute z:Id="i795"><AttributeType>friction</AttributeType><IsRequired>false</IsRequired><Value i:nil="true"/></Attribute></Attributes><ChildElements/><ElementName>dynamics</ElementName><required>false</required><DampingAttribute z:Ref="i794"/><FrictionAttribute z:Ref="i795"/></URDFElement><URDFElement z:Id="i796" i:type="SafetyController"><Attributes><Attribute z:Id="i797"><AttributeType>soft_upper_limit</AttributeType><IsRequired>false</IsRequired><Value i:nil="true"/></Attribute><Attribute z:Id="i798"><AttributeType>soft_lower_limit</AttributeType><IsRequired>false</IsRequired><Value i:nil="true"/></Attribute><Attribute z:Id="i799"><AttributeType>k_position</AttributeType><IsRequired>false</IsRequired><Value i:nil="true"/></Attribute><Attribute z:Id="i800"><AttributeType>k_velocity</AttributeType><IsRequired>true</IsRequired><Value i:nil="true"/></Attribute></Attributes><ChildElements/><ElementName>safety_controller</ElementName><required>false</required><KPositionAttribute z:Ref="i799"/><KVelocityAttribute z:Ref="i800"/><SoftLowerAttribute z:Ref="i798"/><SoftUpperAttribute z:Ref="i797"/></URDFElement><URDFElement z:Id="i801" i:type="Mimic"><Attributes><Attribute z:Id="i802"><AttributeType>joint</AttributeType><IsRequired>true</IsRequired><Value i:nil="true"/></Attribute><Attribute z:Id="i803"><AttributeType>multiplier</AttributeType><IsRequired>false</IsRequired><Value i:nil="true"/></Attribute><Attribute z:Id="i804"><AttributeType>offset</AttributeType><IsRequired>false</IsRequired><Value i:nil="true"/></Attribute></Attributes><ChildElements/><ElementName>mimic</ElementName><required>false</required><JointNameAttribute z:Ref="i802"/><MultiplierAttribute z:Ref="i803"/><OffsetAttribute z:Ref="i804"/></URDFElement></ChildElements><ElementName>joint</ElementName><required>false</required><Axis z:Ref="i783"/><AxisName> Axis9_frrig</AxisName><Calibration z:Ref="i790"/><Child z:Ref="i781"/><CoordinateSystemName>Coordinate System22</CoordinateSystemName><Dynamics z:Ref="i793"/><Limit z:Ref="i785"/><Mimic z:Ref="i801"/><NameAttribute z:Ref="i774"/><Origin z:Ref="i776"/><Parent z:Ref="i779"/><Safety z:Ref="i796"/><TypeAttribute z:Ref="i775"/></URDFElement></ChildElements><ElementName>link</ElementName><required>true</required><Children/><Collision z:Ref="i766"/><Inertial z:Ref="i740"/><Joint z:Ref="i773"/><NameAttribute z:Ref="i739"/><Parent z:Ref="i1"/><STLQualityFine>false</STLQualityFine><SWComponentPIDs xmlns:a="http://schemas.microsoft.com/2003/10/Serialization/Arrays"><a:base64Binary>aEIAAAUAAAD//v92YwB1AG0AXwBkAGEAaAB1AG8AbgBnAF8AdAByAHUAbwBjAF8AcwBhAHUALQA1AEAAcgBvAGIAbwBWADIALwBzAHUAcwBwAGUAbgBzAGkAbwBuAF8AdgAyAC0AMgBAAGMAdQBtAF8AZABhAGgAdQBvAG4AZwBfAHQAcgB1AG8AYwBfAHMAYQB1AC8AYgBhAG4AaABkAGEAaAB1AG8AbgBnAC0AMQBAAHMAdQBzAHAAZQBuAHMAaQBvAG4AXwB2ADIALwBOAEUAUABfAFMAQQBUAC0AMQBAAGIAYQBuAGgAZABhAGgAdQBvAG4AZwAEAAAAEAAAAAEAAAAEAAAAGQYAADAAAAB0AAAAGwAAAA==</a:base64Binary></SWComponentPIDs><SWMainComponentPID i:nil="true"/><Visual z:Ref="i753"/><isFixedFrame>false</isFixedFrame><isIncomplete>false</isIncomplete></Link><Link z:Id="i805"><Attributes><Attribute z:Id="i806"><AttributeType>name</AttributeType><IsRequired>true</IsRequired><Value i:type="a:string" xmlns:a="http://www.w3.org/2001/XMLSchema">bale_Link</Value></Attribute></Attributes><ChildElements><URDFElement z:Id="i807" i:type="Inertial"><Attributes/><ChildElements><URDFElement z:Id="i808" i:type="Origin"><Attributes><Attribute z:Id="i809"><AttributeType>xyz</AttributeType><IsRequired>true</IsRequired><Value i:type="a:ArrayOfdouble" xmlns:a="http://schemas.microsoft.com/2003/10/Serialization/Arrays"><a:double>0.0024391944497750284</a:double><a:double>2.0140898242759775E-05</a:double><a:double>-0.012241171349341551</a:double></Value></Attribute><Attribute z:Id="i810"><AttributeType>rpy</AttributeType><IsRequired>true</IsRequired><Value i:type="a:ArrayOfdouble" xmlns:a="http://schemas.microsoft.com/2003/10/Serialization/Arrays"><a:double>0</a:double><a:double>0</a:double><a:double>0</a:double></Value></Attribute></Attributes><ChildElements/><ElementName>origin</ElementName><required>false</required><RPYAttribute z:Ref="i810"/><XYZAttribute z:Ref="i809"/><isCustomized>false</isCustomized></URDFElement><URDFElement z:Id="i811" i:type="Mass"><Attributes><Attribute z:Id="i812"><AttributeType>value</AttributeType><IsRequired>true</IsRequired><Value i:type="a:double" xmlns:a="http://www.w3.org/2001/XMLSchema">0.0014624313249855059</Value></Attribute></Attributes><ChildElements/><ElementName>mass</ElementName><required>false</required><ValueAttribute z:Ref="i812"/></URDFElement><URDFElement z:Id="i813" i:type="Inertia"><Attributes><Attribute z:Id="i814"><AttributeType>ixx</AttributeType><IsRequired>true</IsRequired><Value i:type="a:double" xmlns:a="http://www.w3.org/2001/XMLSchema">2.7708427547744059E-07</Value></Attribute><Attribute z:Id="i815"><AttributeType>ixy</AttributeType><IsRequired>true</IsRequired><Value i:type="a:double" xmlns:a="http://www.w3.org/2001/XMLSchema">4.9103913665900777E-10</Value></Attribute><Attribute z:Id="i816"><AttributeType>ixz</AttributeType><IsRequired>true</IsRequired><Value i:type="a:double" xmlns:a="http://www.w3.org/2001/XMLSchema">4.802027216071669E-08</Value></Attribute><Attribute z:Id="i817"><AttributeType>iyy</AttributeType><IsRequired>true</IsRequired><Value i:type="a:double" xmlns:a="http://www.w3.org/2001/XMLSchema">2.1762028042854644E-07</Value></Attribute><Attribute z:Id="i818"><AttributeType>iyz</AttributeType><IsRequired>true</IsRequired><Value i:type="a:double" xmlns:a="http://www.w3.org/2001/XMLSchema">3.9651263361396403E-10</Value></Attribute><Attribute z:Id="i819"><AttributeType>izz</AttributeType><IsRequired>true</IsRequired><Value i:type="a:double" xmlns:a="http://www.w3.org/2001/XMLSchema">1.4212808243369211E-07</Value></Attribute></Attributes><ChildElements/><ElementName>inertia</ElementName><required>false</required><IxxAttribute z:Ref="i814"/><IxyAttribute z:Ref="i815"/><IxzAttribute z:Ref="i816"/><IyyAttribute z:Ref="i817"/><IyzAttribute z:Ref="i818"/><IzzAttribute z:Ref="i819"/></URDFElement></ChildElements><ElementName>inertial</ElementName><required>false</required><Inertia z:Ref="i813"/><Mass z:Ref="i811"/><Origin z:Ref="i808"/></URDFElement><URDFElement z:Id="i820" i:type="Visual"><Attributes/><ChildElements><URDFElement z:Id="i821" i:type="Origin"><Attributes><Attribute z:Id="i822"><AttributeType>xyz</AttributeType><IsRequired>true</IsRequired><Value i:type="a:ArrayOfdouble" xmlns:a="http://schemas.microsoft.com/2003/10/Serialization/Arrays"><a:double>0</a:double><a:double>0</a:double><a:double>0</a:double></Value></Attribute><Attribute z:Id="i823"><AttributeType>rpy</AttributeType><IsRequired>true</IsRequired><Value i:type="a:ArrayOfdouble" xmlns:a="http://schemas.microsoft.com/2003/10/Serialization/Arrays"><a:double>0</a:double><a:double>0</a:double><a:double>0</a:double></Value></Attribute></Attributes><ChildElements/><ElementName>origin</ElementName><required>false</required><RPYAttribute z:Ref="i823"/><XYZAttribute z:Ref="i822"/><isCustomized>false</isCustomized></URDFElement><URDFElement z:Id="i824" i:type="Geometry"><Attributes/><ChildElements><URDFElement z:Id="i825" i:type="Mesh"><Attributes><Attribute z:Id="i826"><AttributeType>filename</AttributeType><IsRequired>true</IsRequired><Value i:nil="true"/></Attribute></Attributes><ChildElements/><ElementName>mesh</ElementName><required>false</required><FilenameAttribute z:Ref="i826"/></URDFElement></ChildElements><ElementName>geometry</ElementName><required>true</required><Mesh z:Ref="i825"/></URDFElement><URDFElement z:Id="i827" i:type="Material"><Attributes><Attribute z:Id="i828"><AttributeType>name</AttributeType><IsRequired>true</IsRequired><Value i:type="a:string" xmlns:a="http://www.w3.org/2001/XMLSchema"/></Attribute></Attributes><ChildElements><URDFElement z:Id="i829" i:type="Color"><Attributes><Attribute z:Id="i830"><AttributeType>rgba</AttributeType><IsRequired>true</IsRequired><Value i:type="a:ArrayOfdouble" xmlns:a="http://schemas.microsoft.com/2003/10/Serialization/Arrays"><a:double>0.792156862745098</a:double><a:double>0.81960784313725488</a:double><a:double>0.93333333333333335</a:double><a:double>1</a:double></Value></Attribute></Attributes><ChildElements/><ElementName>color</ElementName><required>false</required><RGBAAttribute z:Ref="i830"/></URDFElement><URDFElement z:Id="i831" i:type="Texture"><Attributes><Attribute z:Id="i832"><AttributeType>filename</AttributeType><IsRequired>true</IsRequired><Value i:nil="true"/></Attribute></Attributes><ChildElements/><ElementName>texture</ElementName><required>false</required><FilenameAttribute z:Ref="i832"/><wFilename/></URDFElement></ChildElements><ElementName>material</ElementName><required>false</required><Color z:Ref="i829"/><NameAttribute z:Ref="i828"/><Texture z:Ref="i831"/></URDFElement></ChildElements><ElementName>visual</ElementName><required>false</required><Geometry z:Ref="i824"/><Material z:Ref="i827"/><Origin z:Ref="i821"/></URDFElement><URDFElement z:Id="i833" i:type="Collision"><Attributes/><ChildElements><URDFElement z:Id="i834" i:type="Origin"><Attributes><Attribute z:Id="i835"><AttributeType>xyz</AttributeType><IsRequired>true</IsRequired><Value i:type="a:ArrayOfdouble" xmlns:a="http://schemas.microsoft.com/2003/10/Serialization/Arrays"><a:double>0</a:double><a:double>0</a:double><a:double>0</a:double></Value></Attribute><Attribute z:Id="i836"><AttributeType>rpy</AttributeType><IsRequired>true</IsRequired><Value i:type="a:ArrayOfdouble" xmlns:a="http://schemas.microsoft.com/2003/10/Serialization/Arrays"><a:double>0</a:double><a:double>0</a:double><a:double>0</a:double></Value></Attribute></Attributes><ChildElements/><ElementName>origin</ElementName><required>false</required><RPYAttribute z:Ref="i836"/><XYZAttribute z:Ref="i835"/><isCustomized>false</isCustomized></URDFElement><URDFElement z:Id="i837" i:type="Geometry"><Attributes/><ChildElements><URDFElement z:Id="i838" i:type="Mesh"><Attributes><Attribute z:Id="i839"><AttributeType>filename</AttributeType><IsRequired>true</IsRequired><Value i:nil="true"/></Attribute></Attributes><ChildElements/><ElementName>mesh</ElementName><required>false</required><FilenameAttribute z:Ref="i839"/></URDFElement></ChildElements><ElementName>geometry</ElementName><required>true</required><Mesh z:Ref="i838"/></URDFElement></ChildElements><ElementName>collision</ElementName><required>false</required><Geometry z:Ref="i837"/><Origin z:Ref="i834"/></URDFElement><URDFElement z:Id="i840" i:type="Joint"><Attributes><Attribute z:Id="i841"><AttributeType>name</AttributeType><IsRequired>true</IsRequired><Value i:type="a:string" xmlns:a="http://www.w3.org/2001/XMLSchema">bale_joint</Value></Attribute><Attribute z:Id="i842"><AttributeType>type</AttributeType><IsRequired>true</IsRequired><Value i:type="a:string" xmlns:a="http://www.w3.org/2001/XMLSchema">continuous</Value></Attribute></Attributes><ChildElements><URDFElement z:Id="i843" i:type="Origin"><Attributes><Attribute z:Id="i844"><AttributeType>xyz</AttributeType><IsRequired>true</IsRequired><Value i:type="a:ArrayOfdouble" xmlns:a="http://schemas.microsoft.com/2003/10/Serialization/Arrays"><a:double>-0.23864180645083066</a:double><a:double>-0.089130097783924889</a:double><a:double>-0.01244999999578128</a:double></Value></Attribute><Attribute z:Id="i845"><AttributeType>rpy</AttributeType><IsRequired>true</IsRequired><Value i:type="a:ArrayOfdouble" xmlns:a="http://schemas.microsoft.com/2003/10/Serialization/Arrays"><a:double>0</a:double><a:double>0</a:double><a:double>0</a:double></Value></Attribute></Attributes><ChildElements/><ElementName>origin</ElementName><required>false</required><RPYAttribute z:Ref="i845"/><XYZAttribute z:Ref="i844"/><isCustomized>false</isCustomized></URDFElement><URDFElement z:Id="i846" i:type="ParentLink"><Attributes><Attribute z:Id="i847"><AttributeType>link</AttributeType><IsRequired>true</IsRequired><Value i:type="a:string" xmlns:a="http://www.w3.org/2001/XMLSchema">base_link</Value></Attribute></Attributes><ChildElements/><ElementName>parent</ElementName><required>true</required><NameAttribute z:Ref="i847"/></URDFElement><URDFElement z:Id="i848" i:type="ChildLink"><Attributes><Attribute z:Id="i849"><AttributeType>link</AttributeType><IsRequired>true</IsRequired><Value i:type="a:string" xmlns:a="http://www.w3.org/2001/XMLSchema">bale_Link</Value></Attribute></Attributes><ChildElements/><ElementName>child</ElementName><required>true</required><NameAttribute z:Ref="i849"/></URDFElement><URDFElement z:Id="i850" i:type="Axis"><Attributes><Attribute z:Id="i851"><AttributeType>xyz</AttributeType><IsRequired>true</IsRequired><Value i:type="a:ArrayOfdouble" xmlns:a="http://schemas.microsoft.com/2003/10/Serialization/Arrays"><a:double>0</a:double><a:double>0</a:double><a:double>1</a:double></Value></Attribute></Attributes><ChildElements/><ElementName>axis</ElementName><required>false</required><XYZAttribute z:Ref="i851"/></URDFElement><URDFElement z:Id="i852" i:type="Limit"><Attributes><Attribute z:Id="i853"><AttributeType>lower</AttributeType><IsRequired>false</IsRequired><Value i:nil="true"/></Attribute><Attribute z:Id="i854"><AttributeType>upper</AttributeType><IsRequired>false</IsRequired><Value i:nil="true"/></Attribute><Attribute z:Id="i855"><AttributeType>effort</AttributeType><IsRequired>true</IsRequired><Value i:nil="true"/></Attribute><Attribute z:Id="i856"><AttributeType>velocity</AttributeType><IsRequired>true</IsRequired><Value i:nil="true"/></Attribute></Attributes><ChildElements/><ElementName>limit</ElementName><required>false</required><EffortAttribute z:Ref="i855"/><LowerAttribute z:Ref="i853"/><UpperAttribute z:Ref="i854"/><VelocityAttribute z:Ref="i856"/></URDFElement><URDFElement z:Id="i857" i:type="Calibration"><Attributes><Attribute z:Id="i858"><AttributeType>rising</AttributeType><IsRequired>false</IsRequired><Value i:nil="true"/></Attribute><Attribute z:Id="i859"><AttributeType>falling</AttributeType><IsRequired>false</IsRequired><Value i:nil="true"/></Attribute></Attributes><ChildElements/><ElementName>calibration</ElementName><required>false</required><FallingAttribute z:Ref="i859"/><RisingAttribute z:Ref="i858"/></URDFElement><URDFElement z:Id="i860" i:type="Dynamics"><Attributes><Attribute z:Id="i861"><AttributeType>damping</AttributeType><IsRequired>false</IsRequired><Value i:nil="true"/></Attribute><Attribute z:Id="i862"><AttributeType>friction</AttributeType><IsRequired>false</IsRequired><Value i:nil="true"/></Attribute></Attributes><ChildElements/><ElementName>dynamics</ElementName><required>false</required><DampingAttribute z:Ref="i861"/><FrictionAttribute z:Ref="i862"/></URDFElement><URDFElement z:Id="i863" i:type="SafetyController"><Attributes><Attribute z:Id="i864"><AttributeType>soft_upper_limit</AttributeType><IsRequired>false</IsRequired><Value i:nil="true"/></Attribute><Attribute z:Id="i865"><AttributeType>soft_lower_limit</AttributeType><IsRequired>false</IsRequired><Value i:nil="true"/></Attribute><Attribute z:Id="i866"><AttributeType>k_position</AttributeType><IsRequired>false</IsRequired><Value i:nil="true"/></Attribute><Attribute z:Id="i867"><AttributeType>k_velocity</AttributeType><IsRequired>true</IsRequired><Value i:nil="true"/></Attribute></Attributes><ChildElements/><ElementName>safety_controller</ElementName><required>false</required><KPositionAttribute z:Ref="i866"/><KVelocityAttribute z:Ref="i867"/><SoftLowerAttribute z:Ref="i865"/><SoftUpperAttribute z:Ref="i864"/></URDFElement><URDFElement z:Id="i868" i:type="Mimic"><Attributes><Attribute z:Id="i869"><AttributeType>joint</AttributeType><IsRequired>true</IsRequired><Value i:nil="true"/></Attribute><Attribute z:Id="i870"><AttributeType>multiplier</AttributeType><IsRequired>false</IsRequired><Value i:nil="true"/></Attribute><Attribute z:Id="i871"><AttributeType>offset</AttributeType><IsRequired>false</IsRequired><Value i:nil="true"/></Attribute></Attributes><ChildElements/><ElementName>mimic</ElementName><required>false</required><JointNameAttribute z:Ref="i869"/><MultiplierAttribute z:Ref="i870"/><OffsetAttribute z:Ref="i871"/></URDFElement></ChildElements><ElementName>joint</ElementName><required>false</required><Axis z:Ref="i850"/><AxisName>Axis10_bale</AxisName><Calibration z:Ref="i857"/><Child z:Ref="i848"/><CoordinateSystemName>Coordinate System23</CoordinateSystemName><Dynamics z:Ref="i860"/><Limit z:Ref="i852"/><Mimic z:Ref="i868"/><NameAttribute z:Ref="i841"/><Origin z:Ref="i843"/><Parent z:Ref="i846"/><Safety z:Ref="i863"/><TypeAttribute z:Ref="i842"/></URDFElement></ChildElements><ElementName>link</ElementName><required>true</required><Children/><Collision z:Ref="i833"/><Inertial z:Ref="i807"/><Joint z:Ref="i840"/><NameAttribute z:Ref="i806"/><Parent z:Ref="i1"/><STLQualityFine>false</STLQualityFine><SWComponentPIDs xmlns:a="http://schemas.microsoft.com/2003/10/Serialization/Arrays"><a:base64Binary>aEIAAAUAAAD//v92YwB1AG0AXwBkAGEAaAB1AG8AbgBnAF8AdAByAHUAbwBjAF8AcwBhAHUALQA2AEAAcgBvAGIAbwBWADIALwBzAHUAcwBwAGUAbgBzAGkAbwBuAF8AdgAyAC0AMgBAAGMAdQBtAF8AZABhAGgAdQBvAG4AZwBfAHQAcgB1AG8AYwBfAHMAYQB1AC8AYgBhAG4AaABkAGEAaAB1AG8AbgBnAC0AMQBAAHMAdQBzAHAAZQBuAHMAaQBvAG4AXwB2ADIALwBOAEUAUABfAFMAQQBUAC0AMQBAAGIAYQBuAGgAZABhAGgAdQBvAG4AZwAEAAAAEAAAAAEAAAAEAAAAIAYAADAAAAB0AAAAGwAAAA==</a:base64Binary></SWComponentPIDs><SWMainComponentPID i:nil="true"/><Visual z:Ref="i820"/><isFixedFrame>false</isFixedFrame><isIncomplete>false</isIncomplete></Link><Link z:Id="i872"><Attributes><Attribute z:Id="i873"><AttributeType>name</AttributeType><IsRequired>true</IsRequired><Value i:type="a:string" xmlns:a="http://www.w3.org/2001/XMLSchema">barig_Link</Value></Attribute></Attributes><ChildElements><URDFElement z:Id="i874" i:type="Inertial"><Attributes/><ChildElements><URDFElement z:Id="i875" i:type="Origin"><Attributes><Attribute z:Id="i876"><AttributeType>xyz</AttributeType><IsRequired>true</IsRequired><Value i:type="a:ArrayOfdouble" xmlns:a="http://schemas.microsoft.com/2003/10/Serialization/Arrays"><a:double>0.0024391944497750284</a:double><a:double>2.0140898242704264E-05</a:double><a:double>-0.012241171349341662</a:double></Value></Attribute><Attribute z:Id="i877"><AttributeType>rpy</AttributeType><IsRequired>true</IsRequired><Value i:type="a:ArrayOfdouble" xmlns:a="http://schemas.microsoft.com/2003/10/Serialization/Arrays"><a:double>0</a:double><a:double>0</a:double><a:double>0</a:double></Value></Attribute></Attributes><ChildElements/><ElementName>origin</ElementName><required>false</required><RPYAttribute z:Ref="i877"/><XYZAttribute z:Ref="i876"/><isCustomized>false</isCustomized></URDFElement><URDFElement z:Id="i878" i:type="Mass"><Attributes><Attribute z:Id="i879"><AttributeType>value</AttributeType><IsRequired>true</IsRequired><Value i:type="a:double" xmlns:a="http://www.w3.org/2001/XMLSchema">0.0014624313249855115</Value></Attribute></Attributes><ChildElements/><ElementName>mass</ElementName><required>false</required><ValueAttribute z:Ref="i879"/></URDFElement><URDFElement z:Id="i880" i:type="Inertia"><Attributes><Attribute z:Id="i881"><AttributeType>ixx</AttributeType><IsRequired>true</IsRequired><Value i:type="a:double" xmlns:a="http://www.w3.org/2001/XMLSchema">2.7708427547744117E-07</Value></Attribute><Attribute z:Id="i882"><AttributeType>ixy</AttributeType><IsRequired>true</IsRequired><Value i:type="a:double" xmlns:a="http://www.w3.org/2001/XMLSchema">4.9103913665918386E-10</Value></Attribute><Attribute z:Id="i883"><AttributeType>ixz</AttributeType><IsRequired>true</IsRequired><Value i:type="a:double" xmlns:a="http://www.w3.org/2001/XMLSchema">4.8020272160716696E-08</Value></Attribute><Attribute z:Id="i884"><AttributeType>iyy</AttributeType><IsRequired>true</IsRequired><Value i:type="a:double" xmlns:a="http://www.w3.org/2001/XMLSchema">2.1762028042854644E-07</Value></Attribute><Attribute z:Id="i885"><AttributeType>iyz</AttributeType><IsRequired>true</IsRequired><Value i:type="a:double" xmlns:a="http://www.w3.org/2001/XMLSchema">3.9651263361389579E-10</Value></Attribute><Attribute z:Id="i886"><AttributeType>izz</AttributeType><IsRequired>true</IsRequired><Value i:type="a:double" xmlns:a="http://www.w3.org/2001/XMLSchema">1.4212808243369299E-07</Value></Attribute></Attributes><ChildElements/><ElementName>inertia</ElementName><required>false</required><IxxAttribute z:Ref="i881"/><IxyAttribute z:Ref="i882"/><IxzAttribute z:Ref="i883"/><IyyAttribute z:Ref="i884"/><IyzAttribute z:Ref="i885"/><IzzAttribute z:Ref="i886"/></URDFElement></ChildElements><ElementName>inertial</ElementName><required>false</required><Inertia z:Ref="i880"/><Mass z:Ref="i878"/><Origin z:Ref="i875"/></URDFElement><URDFElement z:Id="i887" i:type="Visual"><Attributes/><ChildElements><URDFElement z:Id="i888" i:type="Origin"><Attributes><Attribute z:Id="i889"><AttributeType>xyz</AttributeType><IsRequired>true</IsRequired><Value i:type="a:ArrayOfdouble" xmlns:a="http://schemas.microsoft.com/2003/10/Serialization/Arrays"><a:double>0</a:double><a:double>0</a:double><a:double>0</a:double></Value></Attribute><Attribute z:Id="i890"><AttributeType>rpy</AttributeType><IsRequired>true</IsRequired><Value i:type="a:ArrayOfdouble" xmlns:a="http://schemas.microsoft.com/2003/10/Serialization/Arrays"><a:double>0</a:double><a:double>0</a:double><a:double>0</a:double></Value></Attribute></Attributes><ChildElements/><ElementName>origin</ElementName><required>false</required><RPYAttribute z:Ref="i890"/><XYZAttribute z:Ref="i889"/><isCustomized>false</isCustomized></URDFElement><URDFElement z:Id="i891" i:type="Geometry"><Attributes/><ChildElements><URDFElement z:Id="i892" i:type="Mesh"><Attributes><Attribute z:Id="i893"><AttributeType>filename</AttributeType><IsRequired>true</IsRequired><Value i:nil="true"/></Attribute></Attributes><ChildElements/><ElementName>mesh</ElementName><required>false</required><FilenameAttribute z:Ref="i893"/></URDFElement></ChildElements><ElementName>geometry</ElementName><required>true</required><Mesh z:Ref="i892"/></URDFElement><URDFElement z:Id="i894" i:type="Material"><Attributes><Attribute z:Id="i895"><AttributeType>name</AttributeType><IsRequired>true</IsRequired><Value i:type="a:string" xmlns:a="http://www.w3.org/2001/XMLSchema"/></Attribute></Attributes><ChildElements><URDFElement z:Id="i896" i:type="Color"><Attributes><Attribute z:Id="i897"><AttributeType>rgba</AttributeType><IsRequired>true</IsRequired><Value i:type="a:ArrayOfdouble" xmlns:a="http://schemas.microsoft.com/2003/10/Serialization/Arrays"><a:double>0.792156862745098</a:double><a:double>0.81960784313725488</a:double><a:double>0.93333333333333335</a:double><a:double>1</a:double></Value></Attribute></Attributes><ChildElements/><ElementName>color</ElementName><required>false</required><RGBAAttribute z:Ref="i897"/></URDFElement><URDFElement z:Id="i898" i:type="Texture"><Attributes><Attribute z:Id="i899"><AttributeType>filename</AttributeType><IsRequired>true</IsRequired><Value i:nil="true"/></Attribute></Attributes><ChildElements/><ElementName>texture</ElementName><required>false</required><FilenameAttribute z:Ref="i899"/><wFilename/></URDFElement></ChildElements><ElementName>material</ElementName><required>false</required><Color z:Ref="i896"/><NameAttribute z:Ref="i895"/><Texture z:Ref="i898"/></URDFElement></ChildElements><ElementName>visual</ElementName><required>false</required><Geometry z:Ref="i891"/><Material z:Ref="i894"/><Origin z:Ref="i888"/></URDFElement><URDFElement z:Id="i900" i:type="Collision"><Attributes/><ChildElements><URDFElement z:Id="i901" i:type="Origin"><Attributes><Attribute z:Id="i902"><AttributeType>xyz</AttributeType><IsRequired>true</IsRequired><Value i:type="a:ArrayOfdouble" xmlns:a="http://schemas.microsoft.com/2003/10/Serialization/Arrays"><a:double>0</a:double><a:double>0</a:double><a:double>0</a:double></Value></Attribute><Attribute z:Id="i903"><AttributeType>rpy</AttributeType><IsRequired>true</IsRequired><Value i:type="a:ArrayOfdouble" xmlns:a="http://schemas.microsoft.com/2003/10/Serialization/Arrays"><a:double>0</a:double><a:double>0</a:double><a:double>0</a:double></Value></Attribute></Attributes><ChildElements/><ElementName>origin</ElementName><required>false</required><RPYAttribute z:Ref="i903"/><XYZAttribute z:Ref="i902"/><isCustomized>false</isCustomized></URDFElement><URDFElement z:Id="i904" i:type="Geometry"><Attributes/><ChildElements><URDFElement z:Id="i905" i:type="Mesh"><Attributes><Attribute z:Id="i906"><AttributeType>filename</AttributeType><IsRequired>true</IsRequired><Value i:nil="true"/></Attribute></Attributes><ChildElements/><ElementName>mesh</ElementName><required>false</required><FilenameAttribute z:Ref="i906"/></URDFElement></ChildElements><ElementName>geometry</ElementName><required>true</required><Mesh z:Ref="i905"/></URDFElement></ChildElements><ElementName>collision</ElementName><required>false</required><Geometry z:Ref="i904"/><Origin z:Ref="i901"/></URDFElement><URDFElement z:Id="i907" i:type="Joint"><Attributes><Attribute z:Id="i908"><AttributeType>name</AttributeType><IsRequired>true</IsRequired><Value i:type="a:string" xmlns:a="http://www.w3.org/2001/XMLSchema">barig_joint</Value></Attribute><Attribute z:Id="i909"><AttributeType>type</AttributeType><IsRequired>true</IsRequired><Value i:type="a:string" xmlns:a="http://www.w3.org/2001/XMLSchema">continuous</Value></Attribute></Attributes><ChildElements><URDFElement z:Id="i910" i:type="Origin"><Attributes><Attribute z:Id="i911"><AttributeType>xyz</AttributeType><IsRequired>true</IsRequired><Value i:type="a:ArrayOfdouble" xmlns:a="http://schemas.microsoft.com/2003/10/Serialization/Arrays"><a:double>-0.24007850897757721</a:double><a:double>0.084863970752475537</a:double><a:double>-0.012449999995781225</a:double></Value></Attribute><Attribute z:Id="i912"><AttributeType>rpy</AttributeType><IsRequired>true</IsRequired><Value i:type="a:ArrayOfdouble" xmlns:a="http://schemas.microsoft.com/2003/10/Serialization/Arrays"><a:double>0</a:double><a:double>0</a:double><a:double>0</a:double></Value></Attribute></Attributes><ChildElements/><ElementName>origin</ElementName><required>false</required><RPYAttribute z:Ref="i912"/><XYZAttribute z:Ref="i911"/><isCustomized>false</isCustomized></URDFElement><URDFElement z:Id="i913" i:type="ParentLink"><Attributes><Attribute z:Id="i914"><AttributeType>link</AttributeType><IsRequired>true</IsRequired><Value i:type="a:string" xmlns:a="http://www.w3.org/2001/XMLSchema">base_link</Value></Attribute></Attributes><ChildElements/><ElementName>parent</ElementName><required>true</required><NameAttribute z:Ref="i914"/></URDFElement><URDFElement z:Id="i915" i:type="ChildLink"><Attributes><Attribute z:Id="i916"><AttributeType>link</AttributeType><IsRequired>true</IsRequired><Value i:type="a:string" xmlns:a="http://www.w3.org/2001/XMLSchema">barig_Link</Value></Attribute></Attributes><ChildElements/><ElementName>child</ElementName><required>true</required><NameAttribute z:Ref="i916"/></URDFElement><URDFElement z:Id="i917" i:type="Axis"><Attributes><Attribute z:Id="i918"><AttributeType>xyz</AttributeType><IsRequired>true</IsRequired><Value i:type="a:ArrayOfdouble" xmlns:a="http://schemas.microsoft.com/2003/10/Serialization/Arrays"><a:double>0</a:double><a:double>0</a:double><a:double>1</a:double></Value></Attribute></Attributes><ChildElements/><ElementName>axis</ElementName><required>false</required><XYZAttribute z:Ref="i918"/></URDFElement><URDFElement z:Id="i919" i:type="Limit"><Attributes><Attribute z:Id="i920"><AttributeType>lower</AttributeType><IsRequired>false</IsRequired><Value i:nil="true"/></Attribute><Attribute z:Id="i921"><AttributeType>upper</AttributeType><IsRequired>false</IsRequired><Value i:nil="true"/></Attribute><Attribute z:Id="i922"><AttributeType>effort</AttributeType><IsRequired>true</IsRequired><Value i:nil="true"/></Attribute><Attribute z:Id="i923"><AttributeType>velocity</AttributeType><IsRequired>true</IsRequired><Value i:nil="true"/></Attribute></Attributes><ChildElements/><ElementName>limit</ElementName><required>false</required><EffortAttribute z:Ref="i922"/><LowerAttribute z:Ref="i920"/><UpperAttribute z:Ref="i921"/><VelocityAttribute z:Ref="i923"/></URDFElement><URDFElement z:Id="i924" i:type="Calibration"><Attributes><Attribute z:Id="i925"><AttributeType>rising</AttributeType><IsRequired>false</IsRequired><Value i:nil="true"/></Attribute><Attribute z:Id="i926"><AttributeType>falling</AttributeType><IsRequired>false</IsRequired><Value i:nil="true"/></Attribute></Attributes><ChildElements/><ElementName>calibration</ElementName><required>false</required><FallingAttribute z:Ref="i926"/><RisingAttribute z:Ref="i925"/></URDFElement><URDFElement z:Id="i927" i:type="Dynamics"><Attributes><Attribute z:Id="i928"><AttributeType>damping</AttributeType><IsRequired>false</IsRequired><Value i:nil="true"/></Attribute><Attribute z:Id="i929"><AttributeType>friction</AttributeType><IsRequired>false</IsRequired><Value i:nil="true"/></Attribute></Attributes><ChildElements/><ElementName>dynamics</ElementName><required>false</required><DampingAttribute z:Ref="i928"/><FrictionAttribute z:Ref="i929"/></URDFElement><URDFElement z:Id="i930" i:type="SafetyController"><Attributes><Attribute z:Id="i931"><AttributeType>soft_upper_limit</AttributeType><IsRequired>false</IsRequired><Value i:nil="true"/></Attribute><Attribute z:Id="i932"><AttributeType>soft_lower_limit</AttributeType><IsRequired>false</IsRequired><Value i:nil="true"/></Attribute><Attribute z:Id="i933"><AttributeType>k_position</AttributeType><IsRequired>false</IsRequired><Value i:nil="true"/></Attribute><Attribute z:Id="i934"><AttributeType>k_velocity</AttributeType><IsRequired>true</IsRequired><Value i:nil="true"/></Attribute></Attributes><ChildElements/><ElementName>safety_controller</ElementName><required>false</required><KPositionAttribute z:Ref="i933"/><KVelocityAttribute z:Ref="i934"/><SoftLowerAttribute z:Ref="i932"/><SoftUpperAttribute z:Ref="i931"/></URDFElement><URDFElement z:Id="i935" i:type="Mimic"><Attributes><Attribute z:Id="i936"><AttributeType>joint</AttributeType><IsRequired>true</IsRequired><Value i:nil="true"/></Attribute><Attribute z:Id="i937"><AttributeType>multiplier</AttributeType><IsRequired>false</IsRequired><Value i:nil="true"/></Attribute><Attribute z:Id="i938"><AttributeType>offset</AttributeType><IsRequired>false</IsRequired><Value i:nil="true"/></Attribute></Attributes><ChildElements/><ElementName>mimic</ElementName><required>false</required><JointNameAttribute z:Ref="i936"/><MultiplierAttribute z:Ref="i937"/><OffsetAttribute z:Ref="i938"/></URDFElement></ChildElements><ElementName>joint</ElementName><required>false</required><Axis z:Ref="i917"/><AxisName>Axis11_barig</AxisName><Calibration z:Ref="i924"/><Child z:Ref="i915"/><CoordinateSystemName>Coordinate System24</CoordinateSystemName><Dynamics z:Ref="i927"/><Limit z:Ref="i919"/><Mimic z:Ref="i935"/><NameAttribute z:Ref="i908"/><Origin z:Ref="i910"/><Parent z:Ref="i913"/><Safety z:Ref="i930"/><TypeAttribute z:Ref="i909"/></URDFElement></ChildElements><ElementName>link</ElementName><required>true</required><Children/><Collision z:Ref="i900"/><Inertial z:Ref="i874"/><Joint z:Ref="i907"/><NameAttribute z:Ref="i873"/><Parent z:Ref="i1"/><STLQualityFine>false</STLQualityFine><SWComponentPIDs xmlns:a="http://schemas.microsoft.com/2003/10/Serialization/Arrays"><a:base64Binary>aEIAAAUAAAD//v92YwB1AG0AXwBkAGEAaAB1AG8AbgBnAF8AdAByAHUAbwBjAF8AcwBhAHUALQA2AEAAcgBvAGIAbwBWADIALwBzAHUAcwBwAGUAbgBzAGkAbwBuAF8AdgAyAC0AMQBAAGMAdQBtAF8AZABhAGgAdQBvAG4AZwBfAHQAcgB1AG8AYwBfAHMAYQB1AC8AYgBhAG4AaABkAGEAaAB1AG8AbgBnAC0AMQBAAHMAdQBzAHAAZQBuAHMAaQBvAG4AXwB2ADIALwBOAEUAUABfAFMAQQBUAC0AMQBAAGIAYQBuAGgAZABhAGgAdQBvAG4AZwAEAAAAEAAAAAEAAAAEAAAAIAYAACsAAAB0AAAAGwAAAA==</a:base64Binary></SWComponentPIDs><SWMainComponentPID i:nil="true"/><Visual z:Ref="i887"/><isFixedFrame>false</isFixedFrame><isIncomplete>false</isIncomplete></Link></Children><Collision z:Ref="i29"/><Inertial z:Ref="i3"/><Joint z:Ref="i36"/><NameAttribute z:Ref="i2"/><Parent i:nil="true"/><STLQualityFine>false</STLQualityFine><SWComponentPIDs xmlns:a="http://schemas.microsoft.com/2003/10/Serialization/Arrays"><a:base64Binary>aEIAAAUAAAD//v8YYwB1AG0AXwBiAGEAbgBoAF8AeABlAF8AbABvAG4ALQAzAEAAcgBvAGIAbwBWADIABAAAABAAAAABAAAAAQAAAIwBAAA=</a:base64Binary><a:base64Binary>aEIAAAUAAAD//v8NMgAwAG0AbQAtADIAQAByAG8AYgBvAFYAMgAEAAAAEAAAAAEAAAABAAAAKQIAAA==</a:base64Binary><a:base64Binary>aEIAAAUAAAD//v8NMgAwAG0AbQAtADgAQAByAG8AYgBvAFYAMgAEAAAAEAAAAAEAAAABAAAALwIAAA==</a:base64Binary><a:base64Binary>aEIAAAUAAAD//v8SbQBvAHQAbwByAEEAeABpAHMALQAxAEAAcgBvAGIAbwBWADIABAAAABAAAAABAAAAAQAAAKsCAAA=</a:base64Binary><a:base64Binary>aEIAAAUAAAD//v8VbABpAGQAYQByAF8AcAB1AHMAaAB1AHAALQAxAEAAcgBvAGIAbwBWADIABAAAABAAAAABAAAAAQAAAIcEAAA=</a:base64Binary><a:base64Binary>aEIAAAUAAAD//v8ZcwB0AGEAbgBkAG8AZgBmAF8ATQAyAF8AMgAwAG0AbQAtADEAQAByAG8AYgBvAFYAMgAEAAAAEAAAAAEAAAABAAAAyQQAAA==</a:base64Binary><a:base64Binary>aEIAAAUAAAD//v8ZcwB0AGEAbgBkAG8AZgBmAF8ATQAyAF8AMgAwAG0AbQAtADMAQAByAG8AYgBvAFYAMgAEAAAAEAAAAAEAAAABAAAA0AQAAA==</a:base64Binary><a:base64Binary>aEIAAAUAAAD//v8ZcwB0AGEAbgBkAG8AZgBmAF8ATQAyAF8AMgAwAG0AbQAtADQAQAByAG8AYgBvAFYAMgAEAAAAEAAAAAEAAAABAAAA1gQAAA==</a:base64Binary><a:base64Binary>aEIAAAUAAAD//v8ZcwB0AGEAbgBkAG8AZgBmAF8ATQAyAF8AMgAwAG0AbQAtADUAQAByAG8AYgBvAFYAMgAEAAAAEAAAAAEAAAABAAAA2QQAAA==</a:base64Binary><a:base64Binary>aEIAAAUAAAD//v8QYgBhAHQAdABlAHIAeQAtADEAQAByAG8AYgBvAFYAMgAEAAAAEAAAAAEAAAABAAAA3AQAAA==</a:base64Binary><a:base64Binary>aEIAAAUAAAD//v8aaABvAHYAZQByAGIAbwBhAHIAZABfAGQAcgBpAHYAZQByAC0AMQBAAHIAbwBiAG8AVgAyAAQAAAAQAAAAAQAAAAEAAADdBAAA</a:base64Binary><a:base64Binary>aEIAAAUAAAD//v8aYwB1AG0AXwByAGUAbABhAHkAXwBtAHkANABuAF8ANABwAC0AMQBAAHIAbwBiAG8AVgAyAAQAAAAQAAAAAQAAAAEAAADhBAAA</a:base64Binary><a:base64Binary>aEIAAAUAAAD//v8VbABpAGQAYQByAF8AcAB1AHMAaAB1AHAALQAzAEAAcgBvAGIAbwBWADIABAAAABAAAAABAAAAAQAAABMFAAA=</a:base64Binary><a:base64Binary>aEIAAAUAAAD//v8aMwA2AHYAXwAxADIAdgBfAGMAbwBuAHYAZQByAHQAZQByAC0AMQBAAHIAbwBiAG8AVgAyAAQAAAAQAAAAAQAAAAEAAAAgBQAA</a:base64Binary><a:base64Binary>aEIAAAUAAAD//v8VcgBlAG0AbwB0AGUAXwByAGUAbABhAHkALQAxAEAAcgBvAGIAbwBWADIABAAAABAAAAABAAAAAQAAADEFAAA=</a:base64Binary><a:base64Binary>aEIAAAUAAAD//v8XYQBsAHUAbQBpAG4AaQB1AG0AXwBiAGEAcwBlAC0AMQBAAHIAbwBiAG8AVgAyAAQAAAAQAAAAAQAAAAEAAAA1BQAA</a:base64Binary><a:base64Binary>aEIAAAUAAAD//v8UcABpAF8AaABhAG4AZwBfAGkAbQB1AC0AMQBAAHIAbwBiAG8AVgAyAAQAAAAQAAAAAQAAAAEAAABbBQAA</a:base64Binary><a:base64Binary>aEIAAAUAAAD//v8VVwBFAEkARABVACAAVABCADIANQBYAFgALQAxAEAAcgBvAGIAbwBWADIABAAAABAAAAABAAAAAQAAAHgFAAA=</a:base64Binary><a:base64Binary>aEIAAAUAAAD//v8dHwRABD4ERAQ4BDsETAQgAFYALQBzAGwAbwB0ACAAMgAwAHgANAAwAC0AMQBAAHIAbwBiAG8AVgAyAAQAAAAQAAAAAQAAAAEAAAB+BQAA</a:base64Binary><a:base64Binary>aEIAAAUAAAD//v8dHwRABD4ERAQ4BDsETAQgAFYALQBzAGwAbwB0ACAAMgAwAHgANAAwAC0AMwBAAHIAbwBiAG8AVgAyAAQAAAAQAAAAAQAAAAEAAACABQAA</a:base64Binary><a:base64Binary>aEIAAAUAAAD//v8uMgAwAHgAMgAwAF8AYQBsAHUAbQBpAG4AdQBtAF8AZQB4AHQAcgB1AHMAaQBvAG4AXwBwAHIAbwBmAGkAbABlACAAMgA2AGMAbQAtADEAQAByAG8AYgBvAFYAMgAEAAAAEAAAAAEAAAABAAAAmQUAAA==</a:base64Binary><a:base64Binary>aEIAAAUAAAD//v8OMgAwAG0AbQAtADEAMABAAHIAbwBiAG8AVgAyAAQAAAAQAAAAAQAAAAEAAADKBQAA</a:base64Binary><a:base64Binary>aEIAAAUAAAD//v8YYwB1AG0AXwBiAGEAbgBoAF8AeABlAF8AbABvAG4ALQA1AEAAcgBvAGIAbwBWADIABAAAABAAAAABAAAAAQAAAMsFAAA=</a:base64Binary><a:base64Binary>aEIAAAUAAAD//v8SbQBvAHQAbwByAEEAeABpAHMALQA0AEAAcgBvAGIAbwBWADIABAAAABAAAAABAAAAAQAAAMwFAAA=</a:base64Binary><a:base64Binary>aEIAAAUAAAD//v8OMgAwAG0AbQAtADEAMQBAAHIAbwBiAG8AVgAyAAQAAAAQAAAAAQAAAAEAAADNBQAA</a:base64Binary><a:base64Binary>aEIAAAUAAAD//v8eYwB1AG0AXwBkAGEAaAB1AG8AbgBnAF8AdAByAHUAbwBjAF8AcwBhAHUALQA1AEAAcgBvAGIAbwBWADIABAAAABAAAAABAAAAAQAAABkGAAA=</a:base64Binary><a:base64Binary>aEIAAAUAAAD//v8eYwB1AG0AXwBkAGEAaAB1AG8AbgBnAF8AdAByAHUAbwBjAF8AcwBhAHUALQA2AEAAcgBvAGIAbwBWADIABAAAABAAAAABAAAAAQAAACAGAAA=</a:base64Binary><a:base64Binary>aEIAAAUAAAD//v8WZgB1AGwAbABfAGMAbwB2AGUAcgBfAHYAMgAtADEAQAByAG8AYgBvAFYAMgAEAAAAEAAAAAEAAAABAAAAXAYAAA==</a:base64Binary><a:base64Binary>aEIAAAUAAAD//v8bYwBvAHYAZQByAF8AagBvAGkAbgB0AF8AdgAzAC4AMQAuADIALQAxAEAAcgBvAGIAbwBWADIABAAAABAAAAABAAAAAQAAAKMGAAA=</a:base64Binary><a:base64Binary>aEIAAAUAAAD//v8LagAxAC0AMQBAAHIAbwBiAG8AVgAyAAQAAAAQAAAAAQAAAAEAAACsBgAA</a:base64Binary><a:base64Binary>aEIAAAUAAAD//v8LagAxAC0AMgBAAHIAbwBiAG8AVgAyAAQAAAAQAAAAAQAAAAEAAACtBgAA</a:base64Binary><a:base64Binary>aEIAAAUAAAD//v8QbQBhAHQAeABlAG8AMQAtADEAQAByAG8AYgBvAFYAMgAEAAAAEAAAAAEAAAABAAAAvQYAAA==</a:base64Binary><a:base64Binary>aEIAAAUAAAD//v8fQQByAGMAYQBkAGUAIABQAHUAcwBoACAAYgB1AHQAdABvAG4AIABhAHMAbQAtADIAQAByAG8AYgBvAFYAMgAEAAAAEAAAAAEAAAABAAAAzwYAAA==</a:base64Binary><a:base64Binary>aEIAAAUAAAD//v8sUwB0AG8AcAAgAFMAdwBpAHQAYwBoACAAUAB1AHMAaAAgAEIAdQB0AHQAbwBuACAATABBAFkAMwA3ACAAKABQAEIAQwApAC0AMwBAAHIAbwBiAG8AVgAyAAQAAAAQAAAAAQAAAAEAAAD3BgAA</a:base64Binary><a:base64Binary>aEIAAAUAAAD//v8eYwBvAHYAZQByAF8AdQBwAF8AdgAyAF8AbABpAG4AaABfAG0AaQBjAGEALQAxAEAAcgBvAGIAbwBWADIABAAAABAAAAABAAAAAQAAANkHAAA=</a:base64Binary><a:base64Binary>aEIAAAUAAAD//v8QYQBsAGkAYgBhAGIAYQAtADEAQAByAG8AYgBvAFYAMgAEAAAAEAAAAAEAAAABAAAANggAAA==</a:base64Binary><a:base64Binary>aEIAAAUAAAD//v8MYwBoAGUALQAxAEAAcgBvAGIAbwBWADIABAAAABAAAAABAAAAAQAAADwIAAA=</a:base64Binary><a:base64Binary>aEIAAAUAAAD//v8MYwBoAGUALQAyAEAAcgBvAGIAbwBWADIABAAAABAAAAABAAAAAQAAAFAIAAA=</a:base64Binary><a:base64Binary>aEIAAAUAAAD//v8MYwBoAGUALQAzAEAAcgBvAGIAbwBWADIABAAAABAAAAABAAAAAQAAAFkIAAA=</a:base64Binary><a:base64Binary>aEIAAAUAAAD//v8MYwBoAGUALQA0AEAAcgBvAGIAbwBWADIABAAAABAAAAABAAAAAQAAAGEIAAA=</a:base64Binary><a:base64Binary>aEIAAAUAAAD//v8MYwBoAGUALQA1AEAAcgBvAGIAbwBWADIABAAAABAAAAABAAAAAQAAAGkIAAA=</a:base64Binary><a:base64Binary>aEIAAAUAAAD//v8MYwBoAGUALQA2AEAAcgBvAGIAbwBWADIABAAAABAAAAABAAAAAQAAAHEIAAA=</a:base64Binary><a:base64Binary>aEIAAAUAAAD//v8XZwBhAF8AbQBpAG4AaQBwAGMAXwBjAG8AbQBwAC0AMQBAAHIAbwBiAG8AVgAyAAQAAAAQAAAAAQAAAAEAAADGCAAA</a:base64Binary><a:base64Binary>aEIAAAUAAAD//v8VZwBhAF8AbQBpAG4AaQBwAGMAXwB2ADIALQAyAEAAcgBvAGIAbwBWADIABAAAABAAAAABAAAAAQAAALEIAAA=</a:base64Binary><a:base64Binary>aEIAAAUAAAD//v8VZwBhAF8AbQBpAG4AaQBwAGMAXwB2ADIALQAxAEAAcgBvAGIAbwBWADIABAAAABAAAAABAAAAAQAAALAIAAA=</a:base64Binary><a:base64Binary>aEIAAAUAAAD//v8QaABvAHAAXwBwAGkAbgAtADEAQAByAG8AYgBvAFYAMgAEAAAAEAAAAAEAAAABAAAA3wgAAA==</a:base64Binary><a:base64Binary>aEIAAAUAAAD//v8RbgBhAG4AZwBfAGMAYQBtAC0AMQBAAHIAbwBiAG8AVgAyAAQAAAAQAAAAAQAAAAEAAADqCAAA</a:base64Binary><a:base64Binary>aEIAAAUAAAD//v8nZwBhAF8AYwBvAG0ALQAxAEAAcgBvAGIAbwBWADIALwAyADAAeAAyADAAXwBhAGwAdQBfAGQAbwBjADEALQAyAEAAZwBhAF8AYwBvAG0ABAAAABAAAAABAAAAAgAAAA0JAAAbAAAA</a:base64Binary><a:base64Binary>aEIAAAUAAAD//v8nZwBhAF8AYwBvAG0ALQAxAEAAcgBvAGIAbwBWADIALwAyADAAeAAyADAAXwBhAGwAdQBfAGQAbwBjADEALQAxAEAAZwBhAF8AYwBvAG0ABAAAABAAAAABAAAAAgAAAA0JAAAaAAAA</a:base64Binary><a:base64Binary>aEIAAAUAAAD//v8gZwBhAF8AYwBvAG0ALQAxAEAAcgBvAGIAbwBWADIALwB0AGEAYgBsAGUAdAAyAC0AMQBAAGcAYQBfAGMAbwBtAAQAAAAQAAAAAQAAAAIAAAANCQAAJwAAAA==</a:base64Binary><a:base64Binary>aEIAAAUAAAD//v8gZwBhAF8AYwBvAG0ALQAxAEAAcgBvAGIAbwBWADIALwB0AGEAYgBsAGUAdAAxAC0AMQBAAGcAYQBfAGMAbwBtAAQAAAAQAAAAAQAAAAIAAAANCQAAHAAAAA==</a:base64Binary><a:base64Binary>aEIAAAUAAAD//v8kZwBhAF8AYwBvAG0ALQAxAEAAcgBvAGIAbwBWADIALwBtAGkAYwBhAF8AdABhAGIAbABlAHQALQAxAEAAZwBhAF8AYwBvAG0ABAAAABAAAAABAAAAAgAAAA0JAAAsAAAA</a:base64Binary><a:base64Binary>aEIAAAUAAAD//v85ZwBhAF8AYwBvAG0ALQAxAEAAcgBvAGIAbwBWADIALwBvAHAAXwB0AGEAYgAtADEAQABnAGEAXwBjAG8AbQAvAGYAcgBvAG4AdABfAG8AcABfAHQAYQBiAGwAZQB0ADMALQAyAEAAbwBwAF8AdABhAGIABAAAABAAAAABAAAAAwAAAA0JAAAwAAAAGgAAAA==</a:base64Binary><a:base64Binary>aEIAAAUAAAD//v84ZwBhAF8AYwBvAG0ALQAxAEAAcgBvAGIAbwBWADIALwBvAHAAXwB0AGEAYgAtADEAQABnAGEAXwBjAG8AbQAvAGIAYQBjAGsAXwBvAHAAXwB0AGEAYgBsAGUAdAAzAC0AMgBAAG8AcABfAHQAYQBiAAQAAAAQAAAAAQAAAAMAAAANCQAAMAAAABsAAAA=</a:base64Binary><a:base64Binary>aEIAAAUAAAD//v8pZwBhAF8AYwBvAG0ALQAxAEAAcgBvAGIAbwBWADIALwAyADAAeAAyADAAXwBhAGwAdQBfAG4AZwBhAG4AZwAxAC0AMQBAAGcAYQBfAGMAbwBtAAQAAAAQAAAAAQAAAAIAAAANCQAAGQAAAA==</a:base64Binary></SWComponentPIDs><SWMainComponentPID i:nil="true"/><Visual z:Ref="i16"/><isFixedFrame>false</isFixedFrame><isIncomplete>false</isIncomplete></Link>
2025-06-16 10:08:36,091 INFO  ExportHelperExtension.cs: 347 - Creating joint lidar_link
2025-06-16 10:08:36,096 INFO  ExportHelperExtension.cs: 1397 - Fixing components for base_link
2025-06-16 10:08:36,097 INFO  ExportHelperExtension.cs: 1402 - Fixing 396
2025-06-16 10:08:36,098 INFO  ExportHelperExtension.cs: 1402 - Fixing 553
2025-06-16 10:08:36,098 INFO  ExportHelperExtension.cs: 1402 - Fixing 559
2025-06-16 10:08:36,098 INFO  ExportHelperExtension.cs: 1402 - Fixing 683
2025-06-16 10:08:36,099 INFO  ExportHelperExtension.cs: 1402 - Fixing 1159
2025-06-16 10:08:36,099 INFO  ExportHelperExtension.cs: 1402 - Fixing 1225
2025-06-16 10:08:36,099 INFO  ExportHelperExtension.cs: 1402 - Fixing 1232
2025-06-16 10:08:36,100 INFO  ExportHelperExtension.cs: 1402 - Fixing 1238
2025-06-16 10:08:36,100 INFO  ExportHelperExtension.cs: 1402 - Fixing 1241
2025-06-16 10:08:36,100 INFO  ExportHelperExtension.cs: 1402 - Fixing 1244
2025-06-16 10:08:36,100 INFO  ExportHelperExtension.cs: 1402 - Fixing 1245
2025-06-16 10:08:36,101 INFO  ExportHelperExtension.cs: 1402 - Fixing 1249
2025-06-16 10:08:36,101 INFO  ExportHelperExtension.cs: 1402 - Fixing 1299
2025-06-16 10:08:36,101 INFO  ExportHelperExtension.cs: 1402 - Fixing 1312
2025-06-16 10:08:36,101 INFO  ExportHelperExtension.cs: 1402 - Fixing 1329
2025-06-16 10:08:36,102 INFO  ExportHelperExtension.cs: 1402 - Fixing 1333
2025-06-16 10:08:36,108 INFO  ExportHelperExtension.cs: 1409 - Component 1333 is already fixed
2025-06-16 10:08:36,108 INFO  ExportHelperExtension.cs: 1402 - Fixing 1371
2025-06-16 10:08:36,108 INFO  ExportHelperExtension.cs: 1402 - Fixing 1400
2025-06-16 10:08:36,109 INFO  ExportHelperExtension.cs: 1402 - Fixing 1406
2025-06-16 10:08:36,109 INFO  ExportHelperExtension.cs: 1402 - Fixing 1408
2025-06-16 10:08:36,109 INFO  ExportHelperExtension.cs: 1409 - Component 1408 is already fixed
2025-06-16 10:08:36,109 INFO  ExportHelperExtension.cs: 1402 - Fixing 1433
2025-06-16 10:08:36,110 INFO  ExportHelperExtension.cs: 1402 - Fixing 1482
2025-06-16 10:08:36,110 INFO  ExportHelperExtension.cs: 1402 - Fixing 1483
2025-06-16 10:08:36,110 INFO  ExportHelperExtension.cs: 1402 - Fixing 1484
2025-06-16 10:08:36,110 INFO  ExportHelperExtension.cs: 1402 - Fixing 1485
2025-06-16 10:08:36,111 INFO  ExportHelperExtension.cs: 1402 - Fixing 1561
2025-06-16 10:08:36,111 INFO  ExportHelperExtension.cs: 1402 - Fixing 1568
2025-06-16 10:08:36,111 INFO  ExportHelperExtension.cs: 1402 - Fixing 1628
2025-06-16 10:08:36,112 INFO  ExportHelperExtension.cs: 1402 - Fixing 1699
2025-06-16 10:08:36,112 INFO  ExportHelperExtension.cs: 1402 - Fixing 1708
2025-06-16 10:08:36,112 INFO  ExportHelperExtension.cs: 1402 - Fixing 1709
2025-06-16 10:08:36,112 INFO  ExportHelperExtension.cs: 1402 - Fixing 1725
2025-06-16 10:08:36,112 INFO  ExportHelperExtension.cs: 1402 - Fixing 1743
2025-06-16 10:08:36,113 INFO  ExportHelperExtension.cs: 1402 - Fixing 1783
2025-06-16 10:08:36,113 INFO  ExportHelperExtension.cs: 1402 - Fixing 2009
2025-06-16 10:08:36,113 INFO  ExportHelperExtension.cs: 1402 - Fixing 2102
2025-06-16 10:08:36,113 INFO  ExportHelperExtension.cs: 1402 - Fixing 2108
2025-06-16 10:08:36,114 INFO  ExportHelperExtension.cs: 1402 - Fixing 2128
2025-06-16 10:08:36,114 INFO  ExportHelperExtension.cs: 1402 - Fixing 2137
2025-06-16 10:08:36,114 INFO  ExportHelperExtension.cs: 1402 - Fixing 2145
2025-06-16 10:08:36,114 INFO  ExportHelperExtension.cs: 1402 - Fixing 2153
2025-06-16 10:08:36,115 INFO  ExportHelperExtension.cs: 1402 - Fixing 2161
2025-06-16 10:08:36,115 INFO  ExportHelperExtension.cs: 1402 - Fixing 2246
2025-06-16 10:08:36,115 INFO  ExportHelperExtension.cs: 1402 - Fixing 2225
2025-06-16 10:08:36,116 INFO  ExportHelperExtension.cs: 1402 - Fixing 2224
2025-06-16 10:08:36,116 INFO  ExportHelperExtension.cs: 1402 - Fixing 2271
2025-06-16 10:08:36,116 INFO  ExportHelperExtension.cs: 1402 - Fixing 2282
2025-06-16 10:08:36,116 INFO  ExportHelperExtension.cs: 1402 - Fixing 27
2025-06-16 10:08:36,117 INFO  ExportHelperExtension.cs: 1402 - Fixing 26
2025-06-16 10:08:36,117 INFO  ExportHelperExtension.cs: 1402 - Fixing 39
2025-06-16 10:08:36,117 INFO  ExportHelperExtension.cs: 1402 - Fixing 28
2025-06-16 10:08:36,117 INFO  ExportHelperExtension.cs: 1402 - Fixing 44
2025-06-16 10:08:36,117 INFO  ExportHelperExtension.cs: 1402 - Fixing 26
2025-06-16 10:08:36,117 INFO  ExportHelperExtension.cs: 1402 - Fixing 27
2025-06-16 10:08:36,117 INFO  ExportHelperExtension.cs: 1402 - Fixing 25
2025-06-16 10:08:38,164 INFO  ExportHelperExtension.cs: 832 - R1: 0, 0
2025-06-16 10:08:38,165 INFO  ExportHelperExtension.cs: 841 - R2: 0, 0
2025-06-16 10:08:38,165 INFO  ExportHelperExtension.cs: 849 - L1: 0
2025-06-16 10:08:38,165 INFO  ExportHelperExtension.cs: 857 - L2: 0
2025-06-16 10:08:38,208 INFO  ExportHelperExtension.cs: 1352 - Unfixing component 396
2025-06-16 10:08:38,209 INFO  ExportHelperExtension.cs: 1352 - Unfixing component 553
2025-06-16 10:08:38,209 INFO  ExportHelperExtension.cs: 1352 - Unfixing component 559
2025-06-16 10:08:38,210 INFO  ExportHelperExtension.cs: 1352 - Unfixing component 683
2025-06-16 10:08:38,210 INFO  ExportHelperExtension.cs: 1352 - Unfixing component 1159
2025-06-16 10:08:38,210 INFO  ExportHelperExtension.cs: 1352 - Unfixing component 1225
2025-06-16 10:08:38,211 INFO  ExportHelperExtension.cs: 1352 - Unfixing component 1232
2025-06-16 10:08:38,212 INFO  ExportHelperExtension.cs: 1352 - Unfixing component 1238
2025-06-16 10:08:38,212 INFO  ExportHelperExtension.cs: 1352 - Unfixing component 1241
2025-06-16 10:08:38,212 INFO  ExportHelperExtension.cs: 1352 - Unfixing component 1244
2025-06-16 10:08:38,212 INFO  ExportHelperExtension.cs: 1352 - Unfixing component 1245
2025-06-16 10:08:38,213 INFO  ExportHelperExtension.cs: 1352 - Unfixing component 1249
2025-06-16 10:08:38,213 INFO  ExportHelperExtension.cs: 1352 - Unfixing component 1299
2025-06-16 10:08:38,213 INFO  ExportHelperExtension.cs: 1352 - Unfixing component 1312
2025-06-16 10:08:38,214 INFO  ExportHelperExtension.cs: 1352 - Unfixing component 1329
2025-06-16 10:08:38,214 INFO  ExportHelperExtension.cs: 1352 - Unfixing component 1371
2025-06-16 10:08:38,214 INFO  ExportHelperExtension.cs: 1352 - Unfixing component 1400
2025-06-16 10:08:38,215 INFO  ExportHelperExtension.cs: 1352 - Unfixing component 1406
2025-06-16 10:08:38,215 INFO  ExportHelperExtension.cs: 1352 - Unfixing component 1433
2025-06-16 10:08:38,215 INFO  ExportHelperExtension.cs: 1352 - Unfixing component 1482
2025-06-16 10:08:38,215 INFO  ExportHelperExtension.cs: 1352 - Unfixing component 1483
2025-06-16 10:08:38,216 INFO  ExportHelperExtension.cs: 1352 - Unfixing component 1484
2025-06-16 10:08:38,216 INFO  ExportHelperExtension.cs: 1352 - Unfixing component 1485
2025-06-16 10:08:38,216 INFO  ExportHelperExtension.cs: 1352 - Unfixing component 1561
2025-06-16 10:08:38,217 INFO  ExportHelperExtension.cs: 1352 - Unfixing component 1568
2025-06-16 10:08:38,217 INFO  ExportHelperExtension.cs: 1352 - Unfixing component 1628
2025-06-16 10:08:38,217 INFO  ExportHelperExtension.cs: 1352 - Unfixing component 1699
2025-06-16 10:08:38,217 INFO  ExportHelperExtension.cs: 1352 - Unfixing component 1708
2025-06-16 10:08:38,217 INFO  ExportHelperExtension.cs: 1352 - Unfixing component 1709
2025-06-16 10:08:38,217 INFO  ExportHelperExtension.cs: 1352 - Unfixing component 1725
2025-06-16 10:08:38,218 INFO  ExportHelperExtension.cs: 1352 - Unfixing component 1743
2025-06-16 10:08:38,218 INFO  ExportHelperExtension.cs: 1352 - Unfixing component 1783
2025-06-16 10:08:38,218 INFO  ExportHelperExtension.cs: 1352 - Unfixing component 2009
2025-06-16 10:08:38,218 INFO  ExportHelperExtension.cs: 1352 - Unfixing component 2102
2025-06-16 10:08:38,219 INFO  ExportHelperExtension.cs: 1352 - Unfixing component 2108
2025-06-16 10:08:38,220 INFO  ExportHelperExtension.cs: 1352 - Unfixing component 2128
2025-06-16 10:08:38,220 INFO  ExportHelperExtension.cs: 1352 - Unfixing component 2137
2025-06-16 10:08:38,220 INFO  ExportHelperExtension.cs: 1352 - Unfixing component 2145
2025-06-16 10:08:38,220 INFO  ExportHelperExtension.cs: 1352 - Unfixing component 2153
2025-06-16 10:08:38,220 INFO  ExportHelperExtension.cs: 1352 - Unfixing component 2161
2025-06-16 10:08:38,221 INFO  ExportHelperExtension.cs: 1352 - Unfixing component 2246
2025-06-16 10:08:38,221 INFO  ExportHelperExtension.cs: 1352 - Unfixing component 2225
2025-06-16 10:08:38,221 INFO  ExportHelperExtension.cs: 1352 - Unfixing component 2224
2025-06-16 10:08:38,221 INFO  ExportHelperExtension.cs: 1352 - Unfixing component 2271
2025-06-16 10:08:38,222 INFO  ExportHelperExtension.cs: 1352 - Unfixing component 2282
2025-06-16 10:08:38,222 INFO  ExportHelperExtension.cs: 1352 - Unfixing component 27
2025-06-16 10:08:38,222 INFO  ExportHelperExtension.cs: 1352 - Unfixing component 26
2025-06-16 10:08:38,223 INFO  ExportHelperExtension.cs: 1352 - Unfixing component 39
2025-06-16 10:08:38,223 INFO  ExportHelperExtension.cs: 1352 - Unfixing component 28
2025-06-16 10:08:38,223 INFO  ExportHelperExtension.cs: 1352 - Unfixing component 44
2025-06-16 10:08:38,223 INFO  ExportHelperExtension.cs: 1352 - Unfixing component 26
2025-06-16 10:08:38,224 INFO  ExportHelperExtension.cs: 1352 - Unfixing component 27
2025-06-16 10:08:38,224 INFO  ExportHelperExtension.cs: 1352 - Unfixing component 25
2025-06-16 10:08:40,012 WARN  ExportHelperExtension.cs: 351 - Creating joint from parent base_link to child lidar_link failed
2025-06-16 10:08:40,286 INFO  ExportHelperExtension.cs: 347 - Creating joint imu_link
2025-06-16 10:08:40,287 INFO  ExportHelperExtension.cs: 1397 - Fixing components for base_link
2025-06-16 10:08:40,287 INFO  ExportHelperExtension.cs: 1402 - Fixing 396
2025-06-16 10:08:40,288 INFO  ExportHelperExtension.cs: 1402 - Fixing 553
2025-06-16 10:08:40,288 INFO  ExportHelperExtension.cs: 1402 - Fixing 559
2025-06-16 10:08:40,288 INFO  ExportHelperExtension.cs: 1402 - Fixing 683
2025-06-16 10:08:40,288 INFO  ExportHelperExtension.cs: 1402 - Fixing 1159
2025-06-16 10:08:40,289 INFO  ExportHelperExtension.cs: 1402 - Fixing 1225
2025-06-16 10:08:40,289 INFO  ExportHelperExtension.cs: 1402 - Fixing 1232
2025-06-16 10:08:40,289 INFO  ExportHelperExtension.cs: 1402 - Fixing 1238
2025-06-16 10:08:40,289 INFO  ExportHelperExtension.cs: 1402 - Fixing 1241
2025-06-16 10:08:40,290 INFO  ExportHelperExtension.cs: 1402 - Fixing 1244
2025-06-16 10:08:40,290 INFO  ExportHelperExtension.cs: 1402 - Fixing 1245
2025-06-16 10:08:40,290 INFO  ExportHelperExtension.cs: 1402 - Fixing 1249
2025-06-16 10:08:40,291 INFO  ExportHelperExtension.cs: 1402 - Fixing 1299
2025-06-16 10:08:40,291 INFO  ExportHelperExtension.cs: 1402 - Fixing 1312
2025-06-16 10:08:40,291 INFO  ExportHelperExtension.cs: 1402 - Fixing 1329
2025-06-16 10:08:40,291 INFO  ExportHelperExtension.cs: 1402 - Fixing 1333
2025-06-16 10:08:40,292 INFO  ExportHelperExtension.cs: 1409 - Component 1333 is already fixed
2025-06-16 10:08:40,292 INFO  ExportHelperExtension.cs: 1402 - Fixing 1371
2025-06-16 10:08:40,292 INFO  ExportHelperExtension.cs: 1402 - Fixing 1400
2025-06-16 10:08:40,292 INFO  ExportHelperExtension.cs: 1402 - Fixing 1406
2025-06-16 10:08:40,292 INFO  ExportHelperExtension.cs: 1402 - Fixing 1408
2025-06-16 10:08:40,294 INFO  ExportHelperExtension.cs: 1409 - Component 1408 is already fixed
2025-06-16 10:08:40,294 INFO  ExportHelperExtension.cs: 1402 - Fixing 1433
2025-06-16 10:08:40,294 INFO  ExportHelperExtension.cs: 1402 - Fixing 1482
2025-06-16 10:08:40,294 INFO  ExportHelperExtension.cs: 1402 - Fixing 1483
2025-06-16 10:08:40,295 INFO  ExportHelperExtension.cs: 1402 - Fixing 1484
2025-06-16 10:08:40,295 INFO  ExportHelperExtension.cs: 1402 - Fixing 1485
2025-06-16 10:08:40,295 INFO  ExportHelperExtension.cs: 1402 - Fixing 1561
2025-06-16 10:08:40,296 INFO  ExportHelperExtension.cs: 1402 - Fixing 1568
2025-06-16 10:08:40,296 INFO  ExportHelperExtension.cs: 1402 - Fixing 1628
2025-06-16 10:08:40,296 INFO  ExportHelperExtension.cs: 1402 - Fixing 1699
2025-06-16 10:08:40,296 INFO  ExportHelperExtension.cs: 1402 - Fixing 1708
2025-06-16 10:08:40,297 INFO  ExportHelperExtension.cs: 1402 - Fixing 1709
2025-06-16 10:08:40,297 INFO  ExportHelperExtension.cs: 1402 - Fixing 1725
2025-06-16 10:08:40,297 INFO  ExportHelperExtension.cs: 1402 - Fixing 1743
2025-06-16 10:08:40,298 INFO  ExportHelperExtension.cs: 1402 - Fixing 1783
2025-06-16 10:08:40,298 INFO  ExportHelperExtension.cs: 1402 - Fixing 2009
2025-06-16 10:08:40,298 INFO  ExportHelperExtension.cs: 1402 - Fixing 2102
2025-06-16 10:08:40,298 INFO  ExportHelperExtension.cs: 1402 - Fixing 2108
2025-06-16 10:08:40,298 INFO  ExportHelperExtension.cs: 1402 - Fixing 2128
2025-06-16 10:08:40,299 INFO  ExportHelperExtension.cs: 1402 - Fixing 2137
2025-06-16 10:08:40,299 INFO  ExportHelperExtension.cs: 1402 - Fixing 2145
2025-06-16 10:08:40,299 INFO  ExportHelperExtension.cs: 1402 - Fixing 2153
2025-06-16 10:08:40,299 INFO  ExportHelperExtension.cs: 1402 - Fixing 2161
2025-06-16 10:08:40,300 INFO  ExportHelperExtension.cs: 1402 - Fixing 2246
2025-06-16 10:08:40,300 INFO  ExportHelperExtension.cs: 1402 - Fixing 2225
2025-06-16 10:08:40,300 INFO  ExportHelperExtension.cs: 1402 - Fixing 2224
2025-06-16 10:08:40,300 INFO  ExportHelperExtension.cs: 1402 - Fixing 2271
2025-06-16 10:08:40,301 INFO  ExportHelperExtension.cs: 1402 - Fixing 2282
2025-06-16 10:08:40,301 INFO  ExportHelperExtension.cs: 1402 - Fixing 27
2025-06-16 10:08:40,301 INFO  ExportHelperExtension.cs: 1402 - Fixing 26
2025-06-16 10:08:40,301 INFO  ExportHelperExtension.cs: 1402 - Fixing 39
2025-06-16 10:08:40,302 INFO  ExportHelperExtension.cs: 1402 - Fixing 28
2025-06-16 10:08:40,302 INFO  ExportHelperExtension.cs: 1402 - Fixing 44
2025-06-16 10:08:40,302 INFO  ExportHelperExtension.cs: 1402 - Fixing 26
2025-06-16 10:08:40,303 INFO  ExportHelperExtension.cs: 1402 - Fixing 27
2025-06-16 10:08:40,303 INFO  ExportHelperExtension.cs: 1402 - Fixing 25
2025-06-16 10:08:41,658 INFO  ExportHelperExtension.cs: 832 - R1: 0, 0
2025-06-16 10:08:41,659 INFO  ExportHelperExtension.cs: 841 - R2: 0, 0
2025-06-16 10:08:41,659 INFO  ExportHelperExtension.cs: 849 - L1: 0
2025-06-16 10:08:41,660 INFO  ExportHelperExtension.cs: 857 - L2: 0
2025-06-16 10:08:41,661 INFO  ExportHelperExtension.cs: 1352 - Unfixing component 396
2025-06-16 10:08:41,661 INFO  ExportHelperExtension.cs: 1352 - Unfixing component 553
2025-06-16 10:08:41,661 INFO  ExportHelperExtension.cs: 1352 - Unfixing component 559
2025-06-16 10:08:41,662 INFO  ExportHelperExtension.cs: 1352 - Unfixing component 683
2025-06-16 10:08:41,662 INFO  ExportHelperExtension.cs: 1352 - Unfixing component 1159
2025-06-16 10:08:41,662 INFO  ExportHelperExtension.cs: 1352 - Unfixing component 1225
2025-06-16 10:08:41,663 INFO  ExportHelperExtension.cs: 1352 - Unfixing component 1232
2025-06-16 10:08:41,663 INFO  ExportHelperExtension.cs: 1352 - Unfixing component 1238
2025-06-16 10:08:41,663 INFO  ExportHelperExtension.cs: 1352 - Unfixing component 1241
2025-06-16 10:08:41,663 INFO  ExportHelperExtension.cs: 1352 - Unfixing component 1244
2025-06-16 10:08:41,664 INFO  ExportHelperExtension.cs: 1352 - Unfixing component 1245
2025-06-16 10:08:41,664 INFO  ExportHelperExtension.cs: 1352 - Unfixing component 1249
2025-06-16 10:08:41,664 INFO  ExportHelperExtension.cs: 1352 - Unfixing component 1299
2025-06-16 10:08:41,664 INFO  ExportHelperExtension.cs: 1352 - Unfixing component 1312
2025-06-16 10:08:41,665 INFO  ExportHelperExtension.cs: 1352 - Unfixing component 1329
2025-06-16 10:08:41,665 INFO  ExportHelperExtension.cs: 1352 - Unfixing component 1371
2025-06-16 10:08:41,665 INFO  ExportHelperExtension.cs: 1352 - Unfixing component 1400
2025-06-16 10:08:41,665 INFO  ExportHelperExtension.cs: 1352 - Unfixing component 1406
2025-06-16 10:08:41,666 INFO  ExportHelperExtension.cs: 1352 - Unfixing component 1433
2025-06-16 10:08:41,666 INFO  ExportHelperExtension.cs: 1352 - Unfixing component 1482
2025-06-16 10:08:41,666 INFO  ExportHelperExtension.cs: 1352 - Unfixing component 1483
2025-06-16 10:08:41,666 INFO  ExportHelperExtension.cs: 1352 - Unfixing component 1484
2025-06-16 10:08:41,667 INFO  ExportHelperExtension.cs: 1352 - Unfixing component 1485
2025-06-16 10:08:41,667 INFO  ExportHelperExtension.cs: 1352 - Unfixing component 1561
2025-06-16 10:08:41,667 INFO  ExportHelperExtension.cs: 1352 - Unfixing component 1568
2025-06-16 10:08:41,667 INFO  ExportHelperExtension.cs: 1352 - Unfixing component 1628
2025-06-16 10:08:41,668 INFO  ExportHelperExtension.cs: 1352 - Unfixing component 1699
2025-06-16 10:08:41,668 INFO  ExportHelperExtension.cs: 1352 - Unfixing component 1708
2025-06-16 10:08:41,668 INFO  ExportHelperExtension.cs: 1352 - Unfixing component 1709
2025-06-16 10:08:41,669 INFO  ExportHelperExtension.cs: 1352 - Unfixing component 1725
2025-06-16 10:08:41,669 INFO  ExportHelperExtension.cs: 1352 - Unfixing component 1743
2025-06-16 10:08:41,669 INFO  ExportHelperExtension.cs: 1352 - Unfixing component 1783
2025-06-16 10:08:41,670 INFO  ExportHelperExtension.cs: 1352 - Unfixing component 2009
2025-06-16 10:08:41,670 INFO  ExportHelperExtension.cs: 1352 - Unfixing component 2102
2025-06-16 10:08:41,670 INFO  ExportHelperExtension.cs: 1352 - Unfixing component 2108
2025-06-16 10:08:41,670 INFO  ExportHelperExtension.cs: 1352 - Unfixing component 2128
2025-06-16 10:08:41,671 INFO  ExportHelperExtension.cs: 1352 - Unfixing component 2137
2025-06-16 10:08:41,671 INFO  ExportHelperExtension.cs: 1352 - Unfixing component 2145
2025-06-16 10:08:41,671 INFO  ExportHelperExtension.cs: 1352 - Unfixing component 2153
2025-06-16 10:08:41,673 INFO  ExportHelperExtension.cs: 1352 - Unfixing component 2161
2025-06-16 10:08:41,674 INFO  ExportHelperExtension.cs: 1352 - Unfixing component 2246
2025-06-16 10:08:41,674 INFO  ExportHelperExtension.cs: 1352 - Unfixing component 2225
2025-06-16 10:08:41,674 INFO  ExportHelperExtension.cs: 1352 - Unfixing component 2224
2025-06-16 10:08:41,674 INFO  ExportHelperExtension.cs: 1352 - Unfixing component 2271
2025-06-16 10:08:41,675 INFO  ExportHelperExtension.cs: 1352 - Unfixing component 2282
2025-06-16 10:08:41,675 INFO  ExportHelperExtension.cs: 1352 - Unfixing component 27
2025-06-16 10:08:41,675 INFO  ExportHelperExtension.cs: 1352 - Unfixing component 26
2025-06-16 10:08:41,675 INFO  ExportHelperExtension.cs: 1352 - Unfixing component 39
2025-06-16 10:08:41,675 INFO  ExportHelperExtension.cs: 1352 - Unfixing component 28
2025-06-16 10:08:41,675 INFO  ExportHelperExtension.cs: 1352 - Unfixing component 44
2025-06-16 10:08:41,675 INFO  ExportHelperExtension.cs: 1352 - Unfixing component 26
2025-06-16 10:08:41,676 INFO  ExportHelperExtension.cs: 1352 - Unfixing component 27
2025-06-16 10:08:41,676 INFO  ExportHelperExtension.cs: 1352 - Unfixing component 25
2025-06-16 10:08:43,020 WARN  ExportHelperExtension.cs: 351 - Creating joint from parent base_link to child imu_link failed
2025-06-16 10:08:43,150 INFO  ExportHelperExtension.cs: 347 - Creating joint right_wheel_link
2025-06-16 10:08:43,527 WARN  ExportHelperExtension.cs: 351 - Creating joint from parent base_link to child right_wheel_link failed
2025-06-16 10:08:43,683 INFO  ExportHelperExtension.cs: 347 - Creating joint left_wheel_link
2025-06-16 10:08:43,973 WARN  ExportHelperExtension.cs: 351 - Creating joint from parent base_link to child left_wheel_link failed
2025-06-16 10:08:44,143 INFO  ExportHelperExtension.cs: 347 - Creating joint camera_link
2025-06-16 10:08:44,144 INFO  ExportHelperExtension.cs: 1397 - Fixing components for base_link
2025-06-16 10:08:44,144 INFO  ExportHelperExtension.cs: 1402 - Fixing 396
2025-06-16 10:08:44,144 INFO  ExportHelperExtension.cs: 1402 - Fixing 553
2025-06-16 10:08:44,144 INFO  ExportHelperExtension.cs: 1402 - Fixing 559
2025-06-16 10:08:44,144 INFO  ExportHelperExtension.cs: 1402 - Fixing 683
2025-06-16 10:08:44,145 INFO  ExportHelperExtension.cs: 1402 - Fixing 1159
2025-06-16 10:08:44,145 INFO  ExportHelperExtension.cs: 1402 - Fixing 1225
2025-06-16 10:08:44,145 INFO  ExportHelperExtension.cs: 1402 - Fixing 1232
2025-06-16 10:08:44,146 INFO  ExportHelperExtension.cs: 1402 - Fixing 1238
2025-06-16 10:08:44,146 INFO  ExportHelperExtension.cs: 1402 - Fixing 1241
2025-06-16 10:08:44,146 INFO  ExportHelperExtension.cs: 1402 - Fixing 1244
2025-06-16 10:08:44,147 INFO  ExportHelperExtension.cs: 1402 - Fixing 1245
2025-06-16 10:08:44,147 INFO  ExportHelperExtension.cs: 1402 - Fixing 1249
2025-06-16 10:08:44,147 INFO  ExportHelperExtension.cs: 1402 - Fixing 1299
2025-06-16 10:08:44,148 INFO  ExportHelperExtension.cs: 1402 - Fixing 1312
2025-06-16 10:08:44,148 INFO  ExportHelperExtension.cs: 1402 - Fixing 1329
2025-06-16 10:08:44,148 INFO  ExportHelperExtension.cs: 1402 - Fixing 1333
2025-06-16 10:08:44,149 INFO  ExportHelperExtension.cs: 1409 - Component 1333 is already fixed
2025-06-16 10:08:44,149 INFO  ExportHelperExtension.cs: 1402 - Fixing 1371
2025-06-16 10:08:44,149 INFO  ExportHelperExtension.cs: 1402 - Fixing 1400
2025-06-16 10:08:44,150 INFO  ExportHelperExtension.cs: 1402 - Fixing 1406
2025-06-16 10:08:44,150 INFO  ExportHelperExtension.cs: 1402 - Fixing 1408
2025-06-16 10:08:44,150 INFO  ExportHelperExtension.cs: 1409 - Component 1408 is already fixed
2025-06-16 10:08:44,151 INFO  ExportHelperExtension.cs: 1402 - Fixing 1433
2025-06-16 10:08:44,151 INFO  ExportHelperExtension.cs: 1402 - Fixing 1482
2025-06-16 10:08:44,151 INFO  ExportHelperExtension.cs: 1402 - Fixing 1483
2025-06-16 10:08:44,152 INFO  ExportHelperExtension.cs: 1402 - Fixing 1484
2025-06-16 10:08:44,152 INFO  ExportHelperExtension.cs: 1402 - Fixing 1485
2025-06-16 10:08:44,152 INFO  ExportHelperExtension.cs: 1402 - Fixing 1561
2025-06-16 10:08:44,153 INFO  ExportHelperExtension.cs: 1402 - Fixing 1568
2025-06-16 10:08:44,153 INFO  ExportHelperExtension.cs: 1402 - Fixing 1628
2025-06-16 10:08:44,153 INFO  ExportHelperExtension.cs: 1402 - Fixing 1699
2025-06-16 10:08:44,154 INFO  ExportHelperExtension.cs: 1402 - Fixing 1708
2025-06-16 10:08:44,154 INFO  ExportHelperExtension.cs: 1402 - Fixing 1709
2025-06-16 10:08:44,154 INFO  ExportHelperExtension.cs: 1402 - Fixing 1725
2025-06-16 10:08:44,155 INFO  ExportHelperExtension.cs: 1402 - Fixing 1743
2025-06-16 10:08:44,155 INFO  ExportHelperExtension.cs: 1402 - Fixing 1783
2025-06-16 10:08:44,155 INFO  ExportHelperExtension.cs: 1402 - Fixing 2009
2025-06-16 10:08:44,156 INFO  ExportHelperExtension.cs: 1402 - Fixing 2102
2025-06-16 10:08:44,156 INFO  ExportHelperExtension.cs: 1402 - Fixing 2108
2025-06-16 10:08:44,156 INFO  ExportHelperExtension.cs: 1402 - Fixing 2128
2025-06-16 10:08:44,157 INFO  ExportHelperExtension.cs: 1402 - Fixing 2137
2025-06-16 10:08:44,157 INFO  ExportHelperExtension.cs: 1402 - Fixing 2145
2025-06-16 10:08:44,157 INFO  ExportHelperExtension.cs: 1402 - Fixing 2153
2025-06-16 10:08:44,158 INFO  ExportHelperExtension.cs: 1402 - Fixing 2161
2025-06-16 10:08:44,158 INFO  ExportHelperExtension.cs: 1402 - Fixing 2246
2025-06-16 10:08:44,158 INFO  ExportHelperExtension.cs: 1402 - Fixing 2225
2025-06-16 10:08:44,159 INFO  ExportHelperExtension.cs: 1402 - Fixing 2224
2025-06-16 10:08:44,159 INFO  ExportHelperExtension.cs: 1402 - Fixing 2271
2025-06-16 10:08:44,159 INFO  ExportHelperExtension.cs: 1402 - Fixing 2282
2025-06-16 10:08:44,160 INFO  ExportHelperExtension.cs: 1402 - Fixing 27
2025-06-16 10:08:44,160 INFO  ExportHelperExtension.cs: 1402 - Fixing 26
2025-06-16 10:08:44,160 INFO  ExportHelperExtension.cs: 1402 - Fixing 39
2025-06-16 10:08:44,161 INFO  ExportHelperExtension.cs: 1402 - Fixing 28
2025-06-16 10:08:44,161 INFO  ExportHelperExtension.cs: 1402 - Fixing 44
2025-06-16 10:08:44,161 INFO  ExportHelperExtension.cs: 1402 - Fixing 26
2025-06-16 10:08:44,162 INFO  ExportHelperExtension.cs: 1402 - Fixing 27
2025-06-16 10:08:44,162 INFO  ExportHelperExtension.cs: 1402 - Fixing 25
2025-06-16 10:08:45,925 INFO  ExportHelperExtension.cs: 832 - R1: 0, 0
2025-06-16 10:08:45,926 INFO  ExportHelperExtension.cs: 841 - R2: 0, 0
2025-06-16 10:08:45,926 INFO  ExportHelperExtension.cs: 849 - L1: 0
2025-06-16 10:08:45,927 INFO  ExportHelperExtension.cs: 857 - L2: 0
2025-06-16 10:08:45,927 INFO  ExportHelperExtension.cs: 1352 - Unfixing component 396
2025-06-16 10:08:45,927 INFO  ExportHelperExtension.cs: 1352 - Unfixing component 553
2025-06-16 10:08:45,928 INFO  ExportHelperExtension.cs: 1352 - Unfixing component 559
2025-06-16 10:08:45,928 INFO  ExportHelperExtension.cs: 1352 - Unfixing component 683
2025-06-16 10:08:45,928 INFO  ExportHelperExtension.cs: 1352 - Unfixing component 1159
2025-06-16 10:08:45,930 INFO  ExportHelperExtension.cs: 1352 - Unfixing component 1225
2025-06-16 10:08:45,931 INFO  ExportHelperExtension.cs: 1352 - Unfixing component 1232
2025-06-16 10:08:45,931 INFO  ExportHelperExtension.cs: 1352 - Unfixing component 1238
2025-06-16 10:08:45,932 INFO  ExportHelperExtension.cs: 1352 - Unfixing component 1241
2025-06-16 10:08:45,932 INFO  ExportHelperExtension.cs: 1352 - Unfixing component 1244
2025-06-16 10:08:45,933 INFO  ExportHelperExtension.cs: 1352 - Unfixing component 1245
2025-06-16 10:08:45,934 INFO  ExportHelperExtension.cs: 1352 - Unfixing component 1249
2025-06-16 10:08:45,935 INFO  ExportHelperExtension.cs: 1352 - Unfixing component 1299
2025-06-16 10:08:45,935 INFO  ExportHelperExtension.cs: 1352 - Unfixing component 1312
2025-06-16 10:08:45,936 INFO  ExportHelperExtension.cs: 1352 - Unfixing component 1329
2025-06-16 10:08:45,937 INFO  ExportHelperExtension.cs: 1352 - Unfixing component 1371
2025-06-16 10:08:45,937 INFO  ExportHelperExtension.cs: 1352 - Unfixing component 1400
2025-06-16 10:08:45,938 INFO  ExportHelperExtension.cs: 1352 - Unfixing component 1406
2025-06-16 10:08:45,938 INFO  ExportHelperExtension.cs: 1352 - Unfixing component 1433
2025-06-16 10:08:45,939 INFO  ExportHelperExtension.cs: 1352 - Unfixing component 1482
2025-06-16 10:08:45,939 INFO  ExportHelperExtension.cs: 1352 - Unfixing component 1483
2025-06-16 10:08:45,939 INFO  ExportHelperExtension.cs: 1352 - Unfixing component 1484
2025-06-16 10:08:45,940 INFO  ExportHelperExtension.cs: 1352 - Unfixing component 1485
2025-06-16 10:08:45,940 INFO  ExportHelperExtension.cs: 1352 - Unfixing component 1561
2025-06-16 10:08:45,943 INFO  ExportHelperExtension.cs: 1352 - Unfixing component 1568
2025-06-16 10:08:45,944 INFO  ExportHelperExtension.cs: 1352 - Unfixing component 1628
2025-06-16 10:08:45,945 INFO  ExportHelperExtension.cs: 1352 - Unfixing component 1699
2025-06-16 10:08:45,945 INFO  ExportHelperExtension.cs: 1352 - Unfixing component 1708
2025-06-16 10:08:45,946 INFO  ExportHelperExtension.cs: 1352 - Unfixing component 1709
2025-06-16 10:08:45,946 INFO  ExportHelperExtension.cs: 1352 - Unfixing component 1725
2025-06-16 10:08:45,947 INFO  ExportHelperExtension.cs: 1352 - Unfixing component 1743
2025-06-16 10:08:45,947 INFO  ExportHelperExtension.cs: 1352 - Unfixing component 1783
2025-06-16 10:08:45,948 INFO  ExportHelperExtension.cs: 1352 - Unfixing component 2009
2025-06-16 10:08:45,948 INFO  ExportHelperExtension.cs: 1352 - Unfixing component 2102
2025-06-16 10:08:45,949 INFO  ExportHelperExtension.cs: 1352 - Unfixing component 2108
2025-06-16 10:08:45,950 INFO  ExportHelperExtension.cs: 1352 - Unfixing component 2128
2025-06-16 10:08:45,950 INFO  ExportHelperExtension.cs: 1352 - Unfixing component 2137
2025-06-16 10:08:45,951 INFO  ExportHelperExtension.cs: 1352 - Unfixing component 2145
2025-06-16 10:08:45,952 INFO  ExportHelperExtension.cs: 1352 - Unfixing component 2153
2025-06-16 10:08:45,952 INFO  ExportHelperExtension.cs: 1352 - Unfixing component 2161
2025-06-16 10:08:45,953 INFO  ExportHelperExtension.cs: 1352 - Unfixing component 2246
2025-06-16 10:08:45,954 INFO  ExportHelperExtension.cs: 1352 - Unfixing component 2225
2025-06-16 10:08:45,954 INFO  ExportHelperExtension.cs: 1352 - Unfixing component 2224
2025-06-16 10:08:45,955 INFO  ExportHelperExtension.cs: 1352 - Unfixing component 2271
2025-06-16 10:08:45,955 INFO  ExportHelperExtension.cs: 1352 - Unfixing component 2282
2025-06-16 10:08:45,956 INFO  ExportHelperExtension.cs: 1352 - Unfixing component 27
2025-06-16 10:08:45,956 INFO  ExportHelperExtension.cs: 1352 - Unfixing component 26
2025-06-16 10:08:45,956 INFO  ExportHelperExtension.cs: 1352 - Unfixing component 39
2025-06-16 10:08:45,957 INFO  ExportHelperExtension.cs: 1352 - Unfixing component 28
2025-06-16 10:08:45,957 INFO  ExportHelperExtension.cs: 1352 - Unfixing component 44
2025-06-16 10:08:45,957 INFO  ExportHelperExtension.cs: 1352 - Unfixing component 26
2025-06-16 10:08:45,959 INFO  ExportHelperExtension.cs: 1352 - Unfixing component 27
2025-06-16 10:08:45,959 INFO  ExportHelperExtension.cs: 1352 - Unfixing component 25
2025-06-16 10:08:47,528 WARN  ExportHelperExtension.cs: 351 - Creating joint from parent base_link to child camera_link failed
2025-06-16 10:08:47,744 INFO  ExportHelperExtension.cs: 347 - Creating joint caster_frle_Link
2025-06-16 10:08:47,999 WARN  ExportHelperExtension.cs: 351 - Creating joint from parent base_link to child caster_frle_Link failed
2025-06-16 10:08:48,002 INFO  ExportHelperExtension.cs: 347 - Creating joint caster_frrig_Link
2025-06-16 10:08:48,096 WARN  ExportHelperExtension.cs: 351 - Creating joint from parent base_link to child caster_frrig_Link failed
2025-06-16 10:08:48,101 INFO  ExportHelperExtension.cs: 347 - Creating joint caster_bale_Link
2025-06-16 10:08:48,182 WARN  ExportHelperExtension.cs: 351 - Creating joint from parent base_link to child caster_bale_Link failed
2025-06-16 10:08:48,185 INFO  ExportHelperExtension.cs: 347 - Creating joint caster_barig_Link
2025-06-16 10:08:48,313 WARN  ExportHelperExtension.cs: 351 - Creating joint from parent base_link to child caster_barig_Link failed
2025-06-16 10:08:48,318 INFO  ExportHelperExtension.cs: 347 - Creating joint frle_Link
2025-06-16 10:08:48,423 WARN  ExportHelperExtension.cs: 351 - Creating joint from parent base_link to child frle_Link failed
2025-06-16 10:08:48,431 INFO  ExportHelperExtension.cs: 347 - Creating joint frrig_Link
2025-06-16 10:08:48,541 WARN  ExportHelperExtension.cs: 351 - Creating joint from parent base_link to child frrig_Link failed
2025-06-16 10:08:48,550 INFO  ExportHelperExtension.cs: 347 - Creating joint bale_Link
2025-06-16 10:08:48,656 WARN  ExportHelperExtension.cs: 351 - Creating joint from parent base_link to child bale_Link failed
2025-06-16 10:08:48,664 INFO  ExportHelperExtension.cs: 347 - Creating joint barig_Link
2025-06-16 10:08:48,753 WARN  ExportHelperExtension.cs: 351 - Creating joint from parent base_link to child barig_Link failed
2025-06-16 10:08:48,924 INFO  ExportHelperExtension.cs: 1125 - Retrieving features of type [CoordSys] from roboV2.SLDASM
2025-06-16 10:08:48,931 INFO  ExportHelperExtension.cs: 1136 - Found 284 in roboV2.SLDASM
2025-06-16 10:08:48,932 INFO  ExportHelperExtension.cs: 1145 - Found 14 features of type [CoordSys] in roboV2.SLDASM
2025-06-16 10:08:48,934 INFO  ExportHelperExtension.cs: 1148 - Proceeding through assembly components
2025-06-16 10:08:48,934 INFO  ExportHelperExtension.cs: 1160 - 55 components to check
2025-06-16 10:08:48,934 INFO  ExportHelperExtension.cs: 1125 - Retrieving features of type [CoordSys] from 20mm-8
2025-06-16 10:08:48,935 INFO  ExportHelperExtension.cs: 1136 - Found 40 in 20mm-8
2025-06-16 10:08:48,937 INFO  ExportHelperExtension.cs: 1145 - Found 0 features of type [CoordSys] in 20mm-8
2025-06-16 10:08:48,937 INFO  ExportHelperExtension.cs: 1125 - Retrieving features of type [CoordSys] from hoverboard_driver-1
2025-06-16 10:08:48,939 INFO  ExportHelperExtension.cs: 1136 - Found 25 in hoverboard_driver-1
2025-06-16 10:08:48,939 INFO  ExportHelperExtension.cs: 1145 - Found 0 features of type [CoordSys] in hoverboard_driver-1
2025-06-16 10:08:48,940 INFO  ExportHelperExtension.cs: 1125 - Retrieving features of type [CoordSys] from 36v_12v_converter-1
2025-06-16 10:08:48,941 INFO  ExportHelperExtension.cs: 1136 - Found 29 in 36v_12v_converter-1
2025-06-16 10:08:48,942 INFO  ExportHelperExtension.cs: 1145 - Found 0 features of type [CoordSys] in 36v_12v_converter-1
2025-06-16 10:08:48,943 INFO  ExportHelperExtension.cs: 1125 - Retrieving features of type [CoordSys] from pi_hang_imu-1
2025-06-16 10:08:48,944 INFO  ExportHelperExtension.cs: 1136 - Found 33 in pi_hang_imu-1
2025-06-16 10:08:48,944 INFO  ExportHelperExtension.cs: 1145 - Found 0 features of type [CoordSys] in pi_hang_imu-1
2025-06-16 10:08:48,945 INFO  ExportHelperExtension.cs: 1125 - Retrieving features of type [CoordSys] from lidar_pushup-1
2025-06-16 10:08:48,946 INFO  ExportHelperExtension.cs: 1136 - Found 34 in lidar_pushup-1
2025-06-16 10:08:48,946 INFO  ExportHelperExtension.cs: 1145 - Found 0 features of type [CoordSys] in lidar_pushup-1
2025-06-16 10:08:48,947 INFO  ExportHelperExtension.cs: 1125 - Retrieving features of type [CoordSys] from lidar_pushup-3
2025-06-16 10:08:48,948 INFO  ExportHelperExtension.cs: 1136 - Found 34 in lidar_pushup-3
2025-06-16 10:08:48,949 INFO  ExportHelperExtension.cs: 1145 - Found 0 features of type [CoordSys] in lidar_pushup-3
2025-06-16 10:08:48,950 INFO  ExportHelperExtension.cs: 1125 - Retrieving features of type [CoordSys] from aluminium_base-1
2025-06-16 10:08:48,951 INFO  ExportHelperExtension.cs: 1136 - Found 35 in aluminium_base-1
2025-06-16 10:08:48,952 INFO  ExportHelperExtension.cs: 1145 - Found 0 features of type [CoordSys] in aluminium_base-1
2025-06-16 10:08:48,953 INFO  ExportHelperExtension.cs: 1125 - Retrieving features of type [CoordSys] from cum_banh_xe_lon-3
2025-06-16 10:08:48,954 INFO  ExportHelperExtension.cs: 1136 - Found 27 in cum_banh_xe_lon-3
2025-06-16 10:08:48,961 INFO  ExportHelperExtension.cs: 1145 - Found 0 features of type [CoordSys] in cum_banh_xe_lon-3
2025-06-16 10:08:48,962 INFO  ExportHelperExtension.cs: 1125 - Retrieving features of type [CoordSys] from motoredit-3
2025-06-16 10:08:49,169 INFO  ExportHelperExtension.cs: 1136 - Found 40 in motoredit-3
2025-06-16 10:08:49,170 INFO  ExportHelperExtension.cs: 1145 - Found 0 features of type [CoordSys] in motoredit-3
2025-06-16 10:08:49,171 INFO  ExportHelperExtension.cs: 1125 - Retrieving features of type [CoordSys] from X3_Lidar-1
2025-06-16 10:08:49,171 INFO  ExportHelperExtension.cs: 1136 - Found 90 in X3_Lidar-1
2025-06-16 10:08:49,172 INFO  ExportHelperExtension.cs: 1145 - Found 0 features of type [CoordSys] in X3_Lidar-1
2025-06-16 10:08:49,173 INFO  ExportHelperExtension.cs: 1125 - Retrieving features of type [CoordSys] from standoff_M2_20mm-1
2025-06-16 10:08:49,175 INFO  ExportHelperExtension.cs: 1136 - Found 31 in standoff_M2_20mm-1
2025-06-16 10:08:49,175 INFO  ExportHelperExtension.cs: 1145 - Found 0 features of type [CoordSys] in standoff_M2_20mm-1
2025-06-16 10:08:49,176 INFO  ExportHelperExtension.cs: 1125 - Retrieving features of type [CoordSys] from motorAxis-1
2025-06-16 10:08:49,177 INFO  ExportHelperExtension.cs: 1136 - Found 30 in motorAxis-1
2025-06-16 10:08:49,178 INFO  ExportHelperExtension.cs: 1145 - Found 0 features of type [CoordSys] in motorAxis-1
2025-06-16 10:08:49,178 INFO  ExportHelperExtension.cs: 1125 - Retrieving features of type [CoordSys] from standoff_M2_20mm-4
2025-06-16 10:08:49,178 INFO  ExportHelperExtension.cs: 1136 - Found 31 in standoff_M2_20mm-4
2025-06-16 10:08:49,179 INFO  ExportHelperExtension.cs: 1145 - Found 0 features of type [CoordSys] in standoff_M2_20mm-4
2025-06-16 10:08:49,180 INFO  ExportHelperExtension.cs: 1125 - Retrieving features of type [CoordSys] from standoff_M2_20mm-5
2025-06-16 10:08:49,180 INFO  ExportHelperExtension.cs: 1136 - Found 31 in standoff_M2_20mm-5
2025-06-16 10:08:49,181 INFO  ExportHelperExtension.cs: 1145 - Found 0 features of type [CoordSys] in standoff_M2_20mm-5
2025-06-16 10:08:49,182 INFO  ExportHelperExtension.cs: 1125 - Retrieving features of type [CoordSys] from MPU6050-1
2025-06-16 10:08:49,183 INFO  ExportHelperExtension.cs: 1136 - Found 45 in MPU6050-1
2025-06-16 10:08:49,184 INFO  ExportHelperExtension.cs: 1145 - Found 0 features of type [CoordSys] in MPU6050-1
2025-06-16 10:08:49,184 INFO  ExportHelperExtension.cs: 1125 - Retrieving features of type [CoordSys] from 20mm-2
2025-06-16 10:08:49,185 INFO  ExportHelperExtension.cs: 1136 - Found 40 in 20mm-2
2025-06-16 10:08:49,186 INFO  ExportHelperExtension.cs: 1145 - Found 0 features of type [CoordSys] in 20mm-2
2025-06-16 10:08:49,186 INFO  ExportHelperExtension.cs: 1125 - Retrieving features of type [CoordSys] from battery-1
2025-06-16 10:08:49,187 INFO  ExportHelperExtension.cs: 1136 - Found 28 in battery-1
2025-06-16 10:08:49,188 INFO  ExportHelperExtension.cs: 1145 - Found 0 features of type [CoordSys] in battery-1
2025-06-16 10:08:49,189 INFO  ExportHelperExtension.cs: 1125 - Retrieving features of type [CoordSys] from standoff_M2_20mm-3
2025-06-16 10:08:49,189 INFO  ExportHelperExtension.cs: 1136 - Found 31 in standoff_M2_20mm-3
2025-06-16 10:08:49,190 INFO  ExportHelperExtension.cs: 1145 - Found 0 features of type [CoordSys] in standoff_M2_20mm-3
2025-06-16 10:08:49,191 INFO  ExportHelperExtension.cs: 1125 - Retrieving features of type [CoordSys] from cum_relay_my4n_4p-1
2025-06-16 10:08:49,191 INFO  ExportHelperExtension.cs: 1136 - Found 27 in cum_relay_my4n_4p-1
2025-06-16 10:08:49,192 INFO  ExportHelperExtension.cs: 1145 - Found 0 features of type [CoordSys] in cum_relay_my4n_4p-1
2025-06-16 10:08:49,193 INFO  ExportHelperExtension.cs: 1125 - Retrieving features of type [CoordSys] from remote_relay-1
2025-06-16 10:08:49,194 INFO  ExportHelperExtension.cs: 1136 - Found 28 in remote_relay-1
2025-06-16 10:08:49,194 INFO  ExportHelperExtension.cs: 1145 - Found 0 features of type [CoordSys] in remote_relay-1
2025-06-16 10:08:49,196 INFO  ExportHelperExtension.cs: 1125 - Retrieving features of type [CoordSys] from 20mm-11
2025-06-16 10:08:49,196 INFO  ExportHelperExtension.cs: 1136 - Found 40 in 20mm-11
2025-06-16 10:08:49,197 INFO  ExportHelperExtension.cs: 1145 - Found 0 features of type [CoordSys] in 20mm-11
2025-06-16 10:08:49,198 INFO  ExportHelperExtension.cs: 1125 - Retrieving features of type [CoordSys] from motoredit-4
2025-06-16 10:08:49,198 INFO  ExportHelperExtension.cs: 1136 - Found 40 in motoredit-4
2025-06-16 10:08:49,200 INFO  ExportHelperExtension.cs: 1145 - Found 0 features of type [CoordSys] in motoredit-4
2025-06-16 10:08:49,200 INFO  ExportHelperExtension.cs: 1125 - Retrieving features of type [CoordSys] from motorAxis-4
2025-06-16 10:08:49,201 INFO  ExportHelperExtension.cs: 1136 - Found 30 in motorAxis-4
2025-06-16 10:08:49,202 INFO  ExportHelperExtension.cs: 1145 - Found 0 features of type [CoordSys] in motorAxis-4
2025-06-16 10:08:49,202 INFO  ExportHelperExtension.cs: 1125 - Retrieving features of type [CoordSys] from cover_up_v2-1
2025-06-16 10:08:49,203 INFO  ExportHelperExtension.cs: 1136 - Found 26 in cover_up_v2-1
2025-06-16 10:08:49,204 INFO  ExportHelperExtension.cs: 1145 - Found 0 features of type [CoordSys] in cover_up_v2-1
2025-06-16 10:08:49,204 INFO  ExportHelperExtension.cs: 1125 - Retrieving features of type [CoordSys] from ??????? V-slot 20x40-1
2025-06-16 10:08:49,204 INFO  ExportHelperExtension.cs: 1136 - Found 30 in ??????? V-slot 20x40-1
2025-06-16 10:08:49,205 INFO  ExportHelperExtension.cs: 1145 - Found 0 features of type [CoordSys] in ??????? V-slot 20x40-1
2025-06-16 10:08:49,205 INFO  ExportHelperExtension.cs: 1125 - Retrieving features of type [CoordSys] from cum_dahuong_truoc_sau-5
2025-06-16 10:08:49,206 INFO  ExportHelperExtension.cs: 1136 - Found 53 in cum_dahuong_truoc_sau-5
2025-06-16 10:08:49,207 INFO  ExportHelperExtension.cs: 1145 - Found 0 features of type [CoordSys] in cum_dahuong_truoc_sau-5
2025-06-16 10:08:49,208 INFO  ExportHelperExtension.cs: 1125 - Retrieving features of type [CoordSys] from j1-1
2025-06-16 10:08:49,209 INFO  ExportHelperExtension.cs: 1136 - Found 32 in j1-1
2025-06-16 10:08:49,209 INFO  ExportHelperExtension.cs: 1145 - Found 0 features of type [CoordSys] in j1-1
2025-06-16 10:08:49,210 INFO  ExportHelperExtension.cs: 1125 - Retrieving features of type [CoordSys] from cum_banh_xe_lon-5
2025-06-16 10:08:49,211 INFO  ExportHelperExtension.cs: 1136 - Found 27 in cum_banh_xe_lon-5
2025-06-16 10:08:49,212 INFO  ExportHelperExtension.cs: 1145 - Found 0 features of type [CoordSys] in cum_banh_xe_lon-5
2025-06-16 10:08:49,212 INFO  ExportHelperExtension.cs: 1125 - Retrieving features of type [CoordSys] from matxeo1-1
2025-06-16 10:08:49,213 INFO  ExportHelperExtension.cs: 1136 - Found 27 in matxeo1-1
2025-06-16 10:08:49,214 INFO  ExportHelperExtension.cs: 1145 - Found 0 features of type [CoordSys] in matxeo1-1
2025-06-16 10:08:49,214 INFO  ExportHelperExtension.cs: 1125 - Retrieving features of type [CoordSys] from ??????? V-slot 20x40-3
2025-06-16 10:08:49,215 INFO  ExportHelperExtension.cs: 1136 - Found 30 in ??????? V-slot 20x40-3
2025-06-16 10:08:49,216 INFO  ExportHelperExtension.cs: 1145 - Found 0 features of type [CoordSys] in ??????? V-slot 20x40-3
2025-06-16 10:08:49,216 INFO  ExportHelperExtension.cs: 1125 - Retrieving features of type [CoordSys] from full_cover_v2-1
2025-06-16 10:08:49,217 INFO  ExportHelperExtension.cs: 1136 - Found 29 in full_cover_v2-1
2025-06-16 10:08:49,218 INFO  ExportHelperExtension.cs: 1145 - Found 0 features of type [CoordSys] in full_cover_v2-1
2025-06-16 10:08:49,218 INFO  ExportHelperExtension.cs: 1125 - Retrieving features of type [CoordSys] from cover_joint_v3.1.2-1
2025-06-16 10:08:49,219 INFO  ExportHelperExtension.cs: 1136 - Found 35 in cover_joint_v3.1.2-1
2025-06-16 10:08:49,220 INFO  ExportHelperExtension.cs: 1145 - Found 0 features of type [CoordSys] in cover_joint_v3.1.2-1
2025-06-16 10:08:49,221 INFO  ExportHelperExtension.cs: 1125 - Retrieving features of type [CoordSys] from 20x20_aluminum_extrusion_profile 26cm-1
2025-06-16 10:08:49,221 INFO  ExportHelperExtension.cs: 1136 - Found 25 in 20x20_aluminum_extrusion_profile 26cm-1
2025-06-16 10:08:49,222 INFO  ExportHelperExtension.cs: 1145 - Found 0 features of type [CoordSys] in 20x20_aluminum_extrusion_profile 26cm-1
2025-06-16 10:08:49,223 INFO  ExportHelperExtension.cs: 1125 - Retrieving features of type [CoordSys] from Arcade Push button asm-2
2025-06-16 10:08:49,224 INFO  ExportHelperExtension.cs: 1136 - Found 56 in Arcade Push button asm-2
2025-06-16 10:08:49,225 INFO  ExportHelperExtension.cs: 1145 - Found 0 features of type [CoordSys] in Arcade Push button asm-2
2025-06-16 10:08:49,225 INFO  ExportHelperExtension.cs: 1125 - Retrieving features of type [CoordSys] from cover_up_v2_linh-1
2025-06-16 10:08:49,227 INFO  ExportHelperExtension.cs: 1136 - Found 26 in cover_up_v2_linh-1
2025-06-16 10:08:49,228 INFO  ExportHelperExtension.cs: 1145 - Found 0 features of type [CoordSys] in cover_up_v2_linh-1
2025-06-16 10:08:49,229 INFO  ExportHelperExtension.cs: 1125 - Retrieving features of type [CoordSys] from WEIDU TB25XX-1
2025-06-16 10:08:49,230 INFO  ExportHelperExtension.cs: 1136 - Found 101 in WEIDU TB25XX-1
2025-06-16 10:08:49,233 INFO  ExportHelperExtension.cs: 1145 - Found 0 features of type [CoordSys] in WEIDU TB25XX-1
2025-06-16 10:08:49,233 INFO  ExportHelperExtension.cs: 1125 - Retrieving features of type [CoordSys] from 20mm-10
2025-06-16 10:08:49,234 INFO  ExportHelperExtension.cs: 1136 - Found 40 in 20mm-10
2025-06-16 10:08:49,236 INFO  ExportHelperExtension.cs: 1145 - Found 0 features of type [CoordSys] in 20mm-10
2025-06-16 10:08:49,236 INFO  ExportHelperExtension.cs: 1125 - Retrieving features of type [CoordSys] from cum_dahuong_truoc_sau-6
2025-06-16 10:08:49,237 INFO  ExportHelperExtension.cs: 1136 - Found 53 in cum_dahuong_truoc_sau-6
2025-06-16 10:08:49,239 INFO  ExportHelperExtension.cs: 1145 - Found 0 features of type [CoordSys] in cum_dahuong_truoc_sau-6
2025-06-16 10:08:49,239 INFO  ExportHelperExtension.cs: 1125 - Retrieving features of type [CoordSys] from j1-2
2025-06-16 10:08:49,240 INFO  ExportHelperExtension.cs: 1136 - Found 32 in j1-2
2025-06-16 10:08:49,240 INFO  ExportHelperExtension.cs: 1145 - Found 0 features of type [CoordSys] in j1-2
2025-06-16 10:08:49,241 INFO  ExportHelperExtension.cs: 1125 - Retrieving features of type [CoordSys] from Stop Switch Push Button LAY37 (PBC)-3
2025-06-16 10:08:49,242 INFO  ExportHelperExtension.cs: 1136 - Found 63 in Stop Switch Push Button LAY37 (PBC)-3
2025-06-16 10:08:49,243 INFO  ExportHelperExtension.cs: 1145 - Found 0 features of type [CoordSys] in Stop Switch Push Button LAY37 (PBC)-3
2025-06-16 10:08:49,244 INFO  ExportHelperExtension.cs: 1125 - Retrieving features of type [CoordSys] from nang_cam-1
2025-06-16 10:08:49,245 INFO  ExportHelperExtension.cs: 1136 - Found 25 in nang_cam-1
2025-06-16 10:08:49,246 INFO  ExportHelperExtension.cs: 1145 - Found 0 features of type [CoordSys] in nang_cam-1
2025-06-16 10:08:49,246 INFO  ExportHelperExtension.cs: 1125 - Retrieving features of type [CoordSys] from ga_minipc_v2-2
2025-06-16 10:08:49,247 INFO  ExportHelperExtension.cs: 1136 - Found 31 in ga_minipc_v2-2
2025-06-16 10:08:49,247 INFO  ExportHelperExtension.cs: 1145 - Found 0 features of type [CoordSys] in ga_minipc_v2-2
2025-06-16 10:08:49,248 INFO  ExportHelperExtension.cs: 1125 - Retrieving features of type [CoordSys] from che-4
2025-06-16 10:08:49,248 INFO  ExportHelperExtension.cs: 1136 - Found 25 in che-4
2025-06-16 10:08:49,249 INFO  ExportHelperExtension.cs: 1145 - Found 0 features of type [CoordSys] in che-4
2025-06-16 10:08:49,249 INFO  ExportHelperExtension.cs: 1125 - Retrieving features of type [CoordSys] from ga_com-1
2025-06-16 10:08:49,250 INFO  ExportHelperExtension.cs: 1136 - Found 48 in ga_com-1
2025-06-16 10:08:49,250 INFO  ExportHelperExtension.cs: 1145 - Found 0 features of type [CoordSys] in ga_com-1
2025-06-16 10:08:49,251 INFO  ExportHelperExtension.cs: 1125 - Retrieving features of type [CoordSys] from che-2
2025-06-16 10:08:49,252 INFO  ExportHelperExtension.cs: 1136 - Found 25 in che-2
2025-06-16 10:08:49,253 INFO  ExportHelperExtension.cs: 1145 - Found 0 features of type [CoordSys] in che-2
2025-06-16 10:08:49,253 INFO  ExportHelperExtension.cs: 1125 - Retrieving features of type [CoordSys] from che-5
2025-06-16 10:08:49,271 INFO  ExportHelperExtension.cs: 1136 - Found 25 in che-5
2025-06-16 10:08:49,272 INFO  ExportHelperExtension.cs: 1145 - Found 0 features of type [CoordSys] in che-5
2025-06-16 10:08:49,272 INFO  ExportHelperExtension.cs: 1125 - Retrieving features of type [CoordSys] from cover_up_v2_linh_mica-1
2025-06-16 10:08:49,273 INFO  ExportHelperExtension.cs: 1136 - Found 28 in cover_up_v2_linh_mica-1
2025-06-16 10:08:49,274 INFO  ExportHelperExtension.cs: 1145 - Found 0 features of type [CoordSys] in cover_up_v2_linh_mica-1
2025-06-16 10:08:49,275 INFO  ExportHelperExtension.cs: 1125 - Retrieving features of type [CoordSys] from final kinect-1
2025-06-16 10:08:49,275 INFO  ExportHelperExtension.cs: 1136 - Found 27 in final kinect-1
2025-06-16 10:08:49,276 INFO  ExportHelperExtension.cs: 1145 - Found 0 features of type [CoordSys] in final kinect-1
2025-06-16 10:08:49,276 INFO  ExportHelperExtension.cs: 1125 - Retrieving features of type [CoordSys] from ga_minipc_v2-1
2025-06-16 10:08:49,277 INFO  ExportHelperExtension.cs: 1136 - Found 31 in ga_minipc_v2-1
2025-06-16 10:08:49,277 INFO  ExportHelperExtension.cs: 1145 - Found 0 features of type [CoordSys] in ga_minipc_v2-1
2025-06-16 10:08:49,278 INFO  ExportHelperExtension.cs: 1125 - Retrieving features of type [CoordSys] from che-3
2025-06-16 10:08:49,278 INFO  ExportHelperExtension.cs: 1136 - Found 25 in che-3
2025-06-16 10:08:49,279 INFO  ExportHelperExtension.cs: 1145 - Found 0 features of type [CoordSys] in che-3
2025-06-16 10:08:49,279 INFO  ExportHelperExtension.cs: 1125 - Retrieving features of type [CoordSys] from che-1
2025-06-16 10:08:49,280 INFO  ExportHelperExtension.cs: 1136 - Found 25 in che-1
2025-06-16 10:08:49,281 INFO  ExportHelperExtension.cs: 1145 - Found 0 features of type [CoordSys] in che-1
2025-06-16 10:08:49,281 INFO  ExportHelperExtension.cs: 1125 - Retrieving features of type [CoordSys] from ga_minipc_comp-1
2025-06-16 10:08:49,282 INFO  ExportHelperExtension.cs: 1136 - Found 40 in ga_minipc_comp-1
2025-06-16 10:08:49,283 INFO  ExportHelperExtension.cs: 1145 - Found 0 features of type [CoordSys] in ga_minipc_comp-1
2025-06-16 10:08:49,284 INFO  ExportHelperExtension.cs: 1125 - Retrieving features of type [CoordSys] from alibaba-1
2025-06-16 10:08:49,285 INFO  ExportHelperExtension.cs: 1136 - Found 35 in alibaba-1
2025-06-16 10:08:49,286 INFO  ExportHelperExtension.cs: 1145 - Found 0 features of type [CoordSys] in alibaba-1
2025-06-16 10:08:49,286 INFO  ExportHelperExtension.cs: 1125 - Retrieving features of type [CoordSys] from che-6
2025-06-16 10:08:49,287 INFO  ExportHelperExtension.cs: 1136 - Found 25 in che-6
2025-06-16 10:08:49,287 INFO  ExportHelperExtension.cs: 1145 - Found 0 features of type [CoordSys] in che-6
2025-06-16 10:08:49,288 INFO  ExportHelperExtension.cs: 1125 - Retrieving features of type [CoordSys] from hop_pin-1
2025-06-16 10:08:49,289 INFO  ExportHelperExtension.cs: 1136 - Found 27 in hop_pin-1
2025-06-16 10:08:49,290 INFO  ExportHelperExtension.cs: 1145 - Found 0 features of type [CoordSys] in hop_pin-1
2025-06-16 10:08:49,291 INFO  ExportHelperExtension.cs: 1125 - Retrieving features of type [RefAxis] from roboV2.SLDASM
2025-06-16 10:08:49,292 INFO  ExportHelperExtension.cs: 1136 - Found 284 in roboV2.SLDASM
2025-06-16 10:08:49,294 INFO  ExportHelperExtension.cs: 1145 - Found 11 features of type [RefAxis] in roboV2.SLDASM
2025-06-16 10:08:49,294 INFO  ExportHelperExtension.cs: 1148 - Proceeding through assembly components
2025-06-16 10:08:49,295 INFO  ExportHelperExtension.cs: 1160 - 55 components to check
2025-06-16 10:08:49,295 INFO  ExportHelperExtension.cs: 1125 - Retrieving features of type [RefAxis] from 20mm-8
2025-06-16 10:08:49,296 INFO  ExportHelperExtension.cs: 1136 - Found 40 in 20mm-8
2025-06-16 10:08:49,296 INFO  ExportHelperExtension.cs: 1145 - Found 0 features of type [RefAxis] in 20mm-8
2025-06-16 10:08:49,296 INFO  ExportHelperExtension.cs: 1125 - Retrieving features of type [RefAxis] from hoverboard_driver-1
2025-06-16 10:08:49,297 INFO  ExportHelperExtension.cs: 1136 - Found 25 in hoverboard_driver-1
2025-06-16 10:08:49,297 INFO  ExportHelperExtension.cs: 1145 - Found 0 features of type [RefAxis] in hoverboard_driver-1
2025-06-16 10:08:49,298 INFO  ExportHelperExtension.cs: 1125 - Retrieving features of type [RefAxis] from 36v_12v_converter-1
2025-06-16 10:08:49,298 INFO  ExportHelperExtension.cs: 1136 - Found 29 in 36v_12v_converter-1
2025-06-16 10:08:49,299 INFO  ExportHelperExtension.cs: 1145 - Found 0 features of type [RefAxis] in 36v_12v_converter-1
2025-06-16 10:08:49,300 INFO  ExportHelperExtension.cs: 1125 - Retrieving features of type [RefAxis] from pi_hang_imu-1
2025-06-16 10:08:49,300 INFO  ExportHelperExtension.cs: 1136 - Found 33 in pi_hang_imu-1
2025-06-16 10:08:49,301 INFO  ExportHelperExtension.cs: 1145 - Found 4 features of type [RefAxis] in pi_hang_imu-1
2025-06-16 10:08:49,301 INFO  ExportHelperExtension.cs: 1125 - Retrieving features of type [RefAxis] from lidar_pushup-1
2025-06-16 10:08:49,302 INFO  ExportHelperExtension.cs: 1136 - Found 34 in lidar_pushup-1
2025-06-16 10:08:49,303 INFO  ExportHelperExtension.cs: 1145 - Found 1 features of type [RefAxis] in lidar_pushup-1
2025-06-16 10:08:49,303 INFO  ExportHelperExtension.cs: 1125 - Retrieving features of type [RefAxis] from lidar_pushup-3
2025-06-16 10:08:49,304 INFO  ExportHelperExtension.cs: 1136 - Found 34 in lidar_pushup-3
2025-06-16 10:08:49,304 INFO  ExportHelperExtension.cs: 1145 - Found 1 features of type [RefAxis] in lidar_pushup-3
2025-06-16 10:08:49,305 INFO  ExportHelperExtension.cs: 1125 - Retrieving features of type [RefAxis] from aluminium_base-1
2025-06-16 10:08:49,305 INFO  ExportHelperExtension.cs: 1136 - Found 35 in aluminium_base-1
2025-06-16 10:08:49,307 INFO  ExportHelperExtension.cs: 1145 - Found 0 features of type [RefAxis] in aluminium_base-1
2025-06-16 10:08:49,308 INFO  ExportHelperExtension.cs: 1125 - Retrieving features of type [RefAxis] from cum_banh_xe_lon-3
2025-06-16 10:08:49,309 INFO  ExportHelperExtension.cs: 1136 - Found 27 in cum_banh_xe_lon-3
2025-06-16 10:08:49,310 INFO  ExportHelperExtension.cs: 1145 - Found 0 features of type [RefAxis] in cum_banh_xe_lon-3
2025-06-16 10:08:49,310 INFO  ExportHelperExtension.cs: 1125 - Retrieving features of type [RefAxis] from motoredit-3
2025-06-16 10:08:49,312 INFO  ExportHelperExtension.cs: 1136 - Found 40 in motoredit-3
2025-06-16 10:08:49,313 INFO  ExportHelperExtension.cs: 1145 - Found 0 features of type [RefAxis] in motoredit-3
2025-06-16 10:08:49,314 INFO  ExportHelperExtension.cs: 1125 - Retrieving features of type [RefAxis] from X3_Lidar-1
2025-06-16 10:08:49,315 INFO  ExportHelperExtension.cs: 1136 - Found 90 in X3_Lidar-1
2025-06-16 10:08:49,318 INFO  ExportHelperExtension.cs: 1145 - Found 0 features of type [RefAxis] in X3_Lidar-1
2025-06-16 10:08:49,319 INFO  ExportHelperExtension.cs: 1125 - Retrieving features of type [RefAxis] from standoff_M2_20mm-1
2025-06-16 10:08:49,319 INFO  ExportHelperExtension.cs: 1136 - Found 31 in standoff_M2_20mm-1
2025-06-16 10:08:49,320 INFO  ExportHelperExtension.cs: 1145 - Found 0 features of type [RefAxis] in standoff_M2_20mm-1
2025-06-16 10:08:49,320 INFO  ExportHelperExtension.cs: 1125 - Retrieving features of type [RefAxis] from motorAxis-1
2025-06-16 10:08:49,321 INFO  ExportHelperExtension.cs: 1136 - Found 30 in motorAxis-1
2025-06-16 10:08:49,322 INFO  ExportHelperExtension.cs: 1145 - Found 0 features of type [RefAxis] in motorAxis-1
2025-06-16 10:08:49,322 INFO  ExportHelperExtension.cs: 1125 - Retrieving features of type [RefAxis] from standoff_M2_20mm-4
2025-06-16 10:08:49,322 INFO  ExportHelperExtension.cs: 1136 - Found 31 in standoff_M2_20mm-4
2025-06-16 10:08:49,323 INFO  ExportHelperExtension.cs: 1145 - Found 0 features of type [RefAxis] in standoff_M2_20mm-4
2025-06-16 10:08:49,323 INFO  ExportHelperExtension.cs: 1125 - Retrieving features of type [RefAxis] from standoff_M2_20mm-5
2025-06-16 10:08:49,323 INFO  ExportHelperExtension.cs: 1136 - Found 31 in standoff_M2_20mm-5
2025-06-16 10:08:49,324 INFO  ExportHelperExtension.cs: 1145 - Found 0 features of type [RefAxis] in standoff_M2_20mm-5
2025-06-16 10:08:49,324 INFO  ExportHelperExtension.cs: 1125 - Retrieving features of type [RefAxis] from MPU6050-1
2025-06-16 10:08:49,325 INFO  ExportHelperExtension.cs: 1136 - Found 45 in MPU6050-1
2025-06-16 10:08:49,326 INFO  ExportHelperExtension.cs: 1145 - Found 0 features of type [RefAxis] in MPU6050-1
2025-06-16 10:08:49,326 INFO  ExportHelperExtension.cs: 1125 - Retrieving features of type [RefAxis] from 20mm-2
2025-06-16 10:08:49,327 INFO  ExportHelperExtension.cs: 1136 - Found 40 in 20mm-2
2025-06-16 10:08:49,327 INFO  ExportHelperExtension.cs: 1145 - Found 0 features of type [RefAxis] in 20mm-2
2025-06-16 10:08:49,328 INFO  ExportHelperExtension.cs: 1125 - Retrieving features of type [RefAxis] from battery-1
2025-06-16 10:08:49,328 INFO  ExportHelperExtension.cs: 1136 - Found 28 in battery-1
2025-06-16 10:08:49,329 INFO  ExportHelperExtension.cs: 1145 - Found 0 features of type [RefAxis] in battery-1
2025-06-16 10:08:49,330 INFO  ExportHelperExtension.cs: 1125 - Retrieving features of type [RefAxis] from standoff_M2_20mm-3
2025-06-16 10:08:49,330 INFO  ExportHelperExtension.cs: 1136 - Found 31 in standoff_M2_20mm-3
2025-06-16 10:08:49,332 INFO  ExportHelperExtension.cs: 1145 - Found 0 features of type [RefAxis] in standoff_M2_20mm-3
2025-06-16 10:08:49,332 INFO  ExportHelperExtension.cs: 1125 - Retrieving features of type [RefAxis] from cum_relay_my4n_4p-1
2025-06-16 10:08:49,333 INFO  ExportHelperExtension.cs: 1136 - Found 27 in cum_relay_my4n_4p-1
2025-06-16 10:08:49,334 INFO  ExportHelperExtension.cs: 1145 - Found 0 features of type [RefAxis] in cum_relay_my4n_4p-1
2025-06-16 10:08:49,334 INFO  ExportHelperExtension.cs: 1125 - Retrieving features of type [RefAxis] from remote_relay-1
2025-06-16 10:08:49,336 INFO  ExportHelperExtension.cs: 1136 - Found 28 in remote_relay-1
2025-06-16 10:08:49,336 INFO  ExportHelperExtension.cs: 1145 - Found 0 features of type [RefAxis] in remote_relay-1
2025-06-16 10:08:49,336 INFO  ExportHelperExtension.cs: 1125 - Retrieving features of type [RefAxis] from 20mm-11
2025-06-16 10:08:49,337 INFO  ExportHelperExtension.cs: 1136 - Found 40 in 20mm-11
2025-06-16 10:08:49,338 INFO  ExportHelperExtension.cs: 1145 - Found 0 features of type [RefAxis] in 20mm-11
2025-06-16 10:08:49,338 INFO  ExportHelperExtension.cs: 1125 - Retrieving features of type [RefAxis] from motoredit-4
2025-06-16 10:08:49,339 INFO  ExportHelperExtension.cs: 1136 - Found 40 in motoredit-4
2025-06-16 10:08:49,340 INFO  ExportHelperExtension.cs: 1145 - Found 0 features of type [RefAxis] in motoredit-4
2025-06-16 10:08:49,341 INFO  ExportHelperExtension.cs: 1125 - Retrieving features of type [RefAxis] from motorAxis-4
2025-06-16 10:08:49,342 INFO  ExportHelperExtension.cs: 1136 - Found 30 in motorAxis-4
2025-06-16 10:08:49,343 INFO  ExportHelperExtension.cs: 1145 - Found 0 features of type [RefAxis] in motorAxis-4
2025-06-16 10:08:49,343 INFO  ExportHelperExtension.cs: 1125 - Retrieving features of type [RefAxis] from cover_up_v2-1
2025-06-16 10:08:49,344 INFO  ExportHelperExtension.cs: 1136 - Found 26 in cover_up_v2-1
2025-06-16 10:08:49,345 INFO  ExportHelperExtension.cs: 1145 - Found 0 features of type [RefAxis] in cover_up_v2-1
2025-06-16 10:08:49,346 INFO  ExportHelperExtension.cs: 1125 - Retrieving features of type [RefAxis] from ??????? V-slot 20x40-1
2025-06-16 10:08:49,347 INFO  ExportHelperExtension.cs: 1136 - Found 30 in ??????? V-slot 20x40-1
2025-06-16 10:08:49,348 INFO  ExportHelperExtension.cs: 1145 - Found 0 features of type [RefAxis] in ??????? V-slot 20x40-1
2025-06-16 10:08:49,349 INFO  ExportHelperExtension.cs: 1125 - Retrieving features of type [RefAxis] from cum_dahuong_truoc_sau-5
2025-06-16 10:08:49,350 INFO  ExportHelperExtension.cs: 1136 - Found 53 in cum_dahuong_truoc_sau-5
2025-06-16 10:08:49,350 INFO  ExportHelperExtension.cs: 1145 - Found 0 features of type [RefAxis] in cum_dahuong_truoc_sau-5
2025-06-16 10:08:49,351 INFO  ExportHelperExtension.cs: 1125 - Retrieving features of type [RefAxis] from j1-1
2025-06-16 10:08:49,351 INFO  ExportHelperExtension.cs: 1136 - Found 32 in j1-1
2025-06-16 10:08:49,358 INFO  ExportHelperExtension.cs: 1145 - Found 0 features of type [RefAxis] in j1-1
2025-06-16 10:08:49,359 INFO  ExportHelperExtension.cs: 1125 - Retrieving features of type [RefAxis] from cum_banh_xe_lon-5
2025-06-16 10:08:49,360 INFO  ExportHelperExtension.cs: 1136 - Found 27 in cum_banh_xe_lon-5
2025-06-16 10:08:49,360 INFO  ExportHelperExtension.cs: 1145 - Found 0 features of type [RefAxis] in cum_banh_xe_lon-5
2025-06-16 10:08:49,361 INFO  ExportHelperExtension.cs: 1125 - Retrieving features of type [RefAxis] from matxeo1-1
2025-06-16 10:08:49,366 INFO  ExportHelperExtension.cs: 1136 - Found 27 in matxeo1-1
2025-06-16 10:08:49,367 INFO  ExportHelperExtension.cs: 1145 - Found 0 features of type [RefAxis] in matxeo1-1
2025-06-16 10:08:49,367 INFO  ExportHelperExtension.cs: 1125 - Retrieving features of type [RefAxis] from ??????? V-slot 20x40-3
2025-06-16 10:08:49,368 INFO  ExportHelperExtension.cs: 1136 - Found 30 in ??????? V-slot 20x40-3
2025-06-16 10:08:49,369 INFO  ExportHelperExtension.cs: 1145 - Found 0 features of type [RefAxis] in ??????? V-slot 20x40-3
2025-06-16 10:08:49,370 INFO  ExportHelperExtension.cs: 1125 - Retrieving features of type [RefAxis] from full_cover_v2-1
2025-06-16 10:08:49,370 INFO  ExportHelperExtension.cs: 1136 - Found 29 in full_cover_v2-1
2025-06-16 10:08:49,371 INFO  ExportHelperExtension.cs: 1145 - Found 0 features of type [RefAxis] in full_cover_v2-1
2025-06-16 10:08:49,371 INFO  ExportHelperExtension.cs: 1125 - Retrieving features of type [RefAxis] from cover_joint_v3.1.2-1
2025-06-16 10:08:49,372 INFO  ExportHelperExtension.cs: 1136 - Found 35 in cover_joint_v3.1.2-1
2025-06-16 10:08:49,373 INFO  ExportHelperExtension.cs: 1145 - Found 0 features of type [RefAxis] in cover_joint_v3.1.2-1
2025-06-16 10:08:49,373 INFO  ExportHelperExtension.cs: 1125 - Retrieving features of type [RefAxis] from 20x20_aluminum_extrusion_profile 26cm-1
2025-06-16 10:08:49,374 INFO  ExportHelperExtension.cs: 1136 - Found 25 in 20x20_aluminum_extrusion_profile 26cm-1
2025-06-16 10:08:49,375 INFO  ExportHelperExtension.cs: 1145 - Found 0 features of type [RefAxis] in 20x20_aluminum_extrusion_profile 26cm-1
2025-06-16 10:08:49,376 INFO  ExportHelperExtension.cs: 1125 - Retrieving features of type [RefAxis] from Arcade Push button asm-2
2025-06-16 10:08:49,377 INFO  ExportHelperExtension.cs: 1136 - Found 56 in Arcade Push button asm-2
2025-06-16 10:08:49,378 INFO  ExportHelperExtension.cs: 1145 - Found 0 features of type [RefAxis] in Arcade Push button asm-2
2025-06-16 10:08:49,378 INFO  ExportHelperExtension.cs: 1125 - Retrieving features of type [RefAxis] from cover_up_v2_linh-1
2025-06-16 10:08:49,379 INFO  ExportHelperExtension.cs: 1136 - Found 26 in cover_up_v2_linh-1
2025-06-16 10:08:49,380 INFO  ExportHelperExtension.cs: 1145 - Found 0 features of type [RefAxis] in cover_up_v2_linh-1
2025-06-16 10:08:49,380 INFO  ExportHelperExtension.cs: 1125 - Retrieving features of type [RefAxis] from WEIDU TB25XX-1
2025-06-16 10:08:49,381 INFO  ExportHelperExtension.cs: 1136 - Found 101 in WEIDU TB25XX-1
2025-06-16 10:08:49,383 INFO  ExportHelperExtension.cs: 1145 - Found 0 features of type [RefAxis] in WEIDU TB25XX-1
2025-06-16 10:08:49,383 INFO  ExportHelperExtension.cs: 1125 - Retrieving features of type [RefAxis] from 20mm-10
2025-06-16 10:08:49,384 INFO  ExportHelperExtension.cs: 1136 - Found 40 in 20mm-10
2025-06-16 10:08:49,385 INFO  ExportHelperExtension.cs: 1145 - Found 0 features of type [RefAxis] in 20mm-10
2025-06-16 10:08:49,386 INFO  ExportHelperExtension.cs: 1125 - Retrieving features of type [RefAxis] from cum_dahuong_truoc_sau-6
2025-06-16 10:08:49,386 INFO  ExportHelperExtension.cs: 1136 - Found 53 in cum_dahuong_truoc_sau-6
2025-06-16 10:08:49,387 INFO  ExportHelperExtension.cs: 1145 - Found 0 features of type [RefAxis] in cum_dahuong_truoc_sau-6
2025-06-16 10:08:49,387 INFO  ExportHelperExtension.cs: 1125 - Retrieving features of type [RefAxis] from j1-2
2025-06-16 10:08:49,388 INFO  ExportHelperExtension.cs: 1136 - Found 32 in j1-2
2025-06-16 10:08:49,389 INFO  ExportHelperExtension.cs: 1145 - Found 0 features of type [RefAxis] in j1-2
2025-06-16 10:08:49,390 INFO  ExportHelperExtension.cs: 1125 - Retrieving features of type [RefAxis] from Stop Switch Push Button LAY37 (PBC)-3
2025-06-16 10:08:49,390 INFO  ExportHelperExtension.cs: 1136 - Found 63 in Stop Switch Push Button LAY37 (PBC)-3
2025-06-16 10:08:49,391 INFO  ExportHelperExtension.cs: 1145 - Found 0 features of type [RefAxis] in Stop Switch Push Button LAY37 (PBC)-3
2025-06-16 10:08:49,391 INFO  ExportHelperExtension.cs: 1125 - Retrieving features of type [RefAxis] from nang_cam-1
2025-06-16 10:08:49,393 INFO  ExportHelperExtension.cs: 1136 - Found 25 in nang_cam-1
2025-06-16 10:08:49,394 INFO  ExportHelperExtension.cs: 1145 - Found 0 features of type [RefAxis] in nang_cam-1
2025-06-16 10:08:49,395 INFO  ExportHelperExtension.cs: 1125 - Retrieving features of type [RefAxis] from ga_minipc_v2-2
2025-06-16 10:08:49,395 INFO  ExportHelperExtension.cs: 1136 - Found 31 in ga_minipc_v2-2
2025-06-16 10:08:49,396 INFO  ExportHelperExtension.cs: 1145 - Found 0 features of type [RefAxis] in ga_minipc_v2-2
2025-06-16 10:08:49,397 INFO  ExportHelperExtension.cs: 1125 - Retrieving features of type [RefAxis] from che-4
2025-06-16 10:08:49,398 INFO  ExportHelperExtension.cs: 1136 - Found 25 in che-4
2025-06-16 10:08:49,399 INFO  ExportHelperExtension.cs: 1145 - Found 0 features of type [RefAxis] in che-4
2025-06-16 10:08:49,400 INFO  ExportHelperExtension.cs: 1125 - Retrieving features of type [RefAxis] from ga_com-1
2025-06-16 10:08:49,402 INFO  ExportHelperExtension.cs: 1136 - Found 48 in ga_com-1
2025-06-16 10:08:49,403 INFO  ExportHelperExtension.cs: 1145 - Found 0 features of type [RefAxis] in ga_com-1
2025-06-16 10:08:49,404 INFO  ExportHelperExtension.cs: 1125 - Retrieving features of type [RefAxis] from che-2
2025-06-16 10:08:49,405 INFO  ExportHelperExtension.cs: 1136 - Found 25 in che-2
2025-06-16 10:08:49,406 INFO  ExportHelperExtension.cs: 1145 - Found 0 features of type [RefAxis] in che-2
2025-06-16 10:08:49,406 INFO  ExportHelperExtension.cs: 1125 - Retrieving features of type [RefAxis] from che-5
2025-06-16 10:08:49,407 INFO  ExportHelperExtension.cs: 1136 - Found 25 in che-5
2025-06-16 10:08:49,408 INFO  ExportHelperExtension.cs: 1145 - Found 0 features of type [RefAxis] in che-5
2025-06-16 10:08:49,409 INFO  ExportHelperExtension.cs: 1125 - Retrieving features of type [RefAxis] from cover_up_v2_linh_mica-1
2025-06-16 10:08:49,409 INFO  ExportHelperExtension.cs: 1136 - Found 28 in cover_up_v2_linh_mica-1
2025-06-16 10:08:49,411 INFO  ExportHelperExtension.cs: 1145 - Found 0 features of type [RefAxis] in cover_up_v2_linh_mica-1
2025-06-16 10:08:49,412 INFO  ExportHelperExtension.cs: 1125 - Retrieving features of type [RefAxis] from final kinect-1
2025-06-16 10:08:49,412 INFO  ExportHelperExtension.cs: 1136 - Found 27 in final kinect-1
2025-06-16 10:08:49,413 INFO  ExportHelperExtension.cs: 1145 - Found 0 features of type [RefAxis] in final kinect-1
2025-06-16 10:08:49,414 INFO  ExportHelperExtension.cs: 1125 - Retrieving features of type [RefAxis] from ga_minipc_v2-1
2025-06-16 10:08:49,414 INFO  ExportHelperExtension.cs: 1136 - Found 31 in ga_minipc_v2-1
2025-06-16 10:08:49,415 INFO  ExportHelperExtension.cs: 1145 - Found 0 features of type [RefAxis] in ga_minipc_v2-1
2025-06-16 10:08:49,415 INFO  ExportHelperExtension.cs: 1125 - Retrieving features of type [RefAxis] from che-3
2025-06-16 10:08:49,416 INFO  ExportHelperExtension.cs: 1136 - Found 25 in che-3
2025-06-16 10:08:49,416 INFO  ExportHelperExtension.cs: 1145 - Found 0 features of type [RefAxis] in che-3
2025-06-16 10:08:49,417 INFO  ExportHelperExtension.cs: 1125 - Retrieving features of type [RefAxis] from che-1
2025-06-16 10:08:49,418 INFO  ExportHelperExtension.cs: 1136 - Found 25 in che-1
2025-06-16 10:08:49,418 INFO  ExportHelperExtension.cs: 1145 - Found 0 features of type [RefAxis] in che-1
2025-06-16 10:08:49,419 INFO  ExportHelperExtension.cs: 1125 - Retrieving features of type [RefAxis] from ga_minipc_comp-1
2025-06-16 10:08:49,419 INFO  ExportHelperExtension.cs: 1136 - Found 40 in ga_minipc_comp-1
2025-06-16 10:08:49,420 INFO  ExportHelperExtension.cs: 1145 - Found 0 features of type [RefAxis] in ga_minipc_comp-1
2025-06-16 10:08:49,420 INFO  ExportHelperExtension.cs: 1125 - Retrieving features of type [RefAxis] from alibaba-1
2025-06-16 10:08:49,421 INFO  ExportHelperExtension.cs: 1136 - Found 35 in alibaba-1
2025-06-16 10:08:49,421 INFO  ExportHelperExtension.cs: 1145 - Found 0 features of type [RefAxis] in alibaba-1
2025-06-16 10:08:49,421 INFO  ExportHelperExtension.cs: 1125 - Retrieving features of type [RefAxis] from che-6
2025-06-16 10:08:49,422 INFO  ExportHelperExtension.cs: 1136 - Found 25 in che-6
2025-06-16 10:08:49,422 INFO  ExportHelperExtension.cs: 1145 - Found 0 features of type [RefAxis] in che-6
2025-06-16 10:08:49,423 INFO  ExportHelperExtension.cs: 1125 - Retrieving features of type [RefAxis] from hop_pin-1
2025-06-16 10:08:49,423 INFO  ExportHelperExtension.cs: 1136 - Found 27 in hop_pin-1
2025-06-16 10:08:49,424 INFO  ExportHelperExtension.cs: 1145 - Found 0 features of type [RefAxis] in hop_pin-1
2025-06-16 10:08:49,504 INFO  ExportPropertyManager.cs: 1142 - AfterClose called. This method no longer throws an Exception. It just silently does nothing. Ok, except for this logging message
2025-06-16 10:19:09,661 INFO  AssemblyExportForm.cs: 253 - Completing URDF export
2025-06-16 10:19:09,676 INFO  ConfigurationSerialization.cs: 276 - URDF Configuration found
<Link z:Id="i1" xmlns="http://schemas.datacontract.org/2004/07/SW2URDF" xmlns:i="http://www.w3.org/2001/XMLSchema-instance" xmlns:z="http://schemas.microsoft.com/2003/10/Serialization/"><Attributes><Attribute z:Id="i2"><AttributeType>name</AttributeType><IsRequired>true</IsRequired><Value i:type="a:string" xmlns:a="http://www.w3.org/2001/XMLSchema">base_link</Value></Attribute></Attributes><ChildElements><URDFElement z:Id="i3" i:type="Inertial"><Attributes/><ChildElements><URDFElement z:Id="i4" i:type="Origin"><Attributes><Attribute z:Id="i5"><AttributeType>xyz</AttributeType><IsRequired>true</IsRequired><Value i:type="a:ArrayOfdouble" xmlns:a="http://schemas.microsoft.com/2003/10/Serialization/Arrays"><a:double>0.0504690235621813</a:double><a:double>-0.0043772163782763718</a:double><a:double>0.17649256591424362</a:double></Value></Attribute><Attribute z:Id="i6"><AttributeType>rpy</AttributeType><IsRequired>true</IsRequired><Value i:type="a:ArrayOfdouble" xmlns:a="http://schemas.microsoft.com/2003/10/Serialization/Arrays"><a:double>0</a:double><a:double>0</a:double><a:double>0</a:double></Value></Attribute></Attributes><ChildElements/><ElementName>origin</ElementName><required>false</required><RPYAttribute z:Ref="i6"/><XYZAttribute z:Ref="i5"/><isCustomized>false</isCustomized></URDFElement><URDFElement z:Id="i7" i:type="Mass"><Attributes><Attribute z:Id="i8"><AttributeType>value</AttributeType><IsRequired>true</IsRequired><Value i:type="a:double" xmlns:a="http://www.w3.org/2001/XMLSchema">10.721969589350874</Value></Attribute></Attributes><ChildElements/><ElementName>mass</ElementName><required>false</required><ValueAttribute z:Ref="i8"/></URDFElement><URDFElement z:Id="i9" i:type="Inertia"><Attributes><Attribute z:Id="i10"><AttributeType>ixx</AttributeType><IsRequired>true</IsRequired><Value i:type="a:double" xmlns:a="http://www.w3.org/2001/XMLSchema">0.0656660490550788</Value></Attribute><Attribute z:Id="i11"><AttributeType>ixy</AttributeType><IsRequired>true</IsRequired><Value i:type="a:double" xmlns:a="http://www.w3.org/2001/XMLSchema">-0.00023342373523304989</Value></Attribute><Attribute z:Id="i12"><AttributeType>ixz</AttributeType><IsRequired>true</IsRequired><Value i:type="a:double" xmlns:a="http://www.w3.org/2001/XMLSchema">0.0013271722053675356</Value></Attribute><Attribute z:Id="i13"><AttributeType>iyy</AttributeType><IsRequired>true</IsRequired><Value i:type="a:double" xmlns:a="http://www.w3.org/2001/XMLSchema">0.085258985729355544</Value></Attribute><Attribute z:Id="i14"><AttributeType>iyz</AttributeType><IsRequired>true</IsRequired><Value i:type="a:double" xmlns:a="http://www.w3.org/2001/XMLSchema">6.3893340110865462E-06</Value></Attribute><Attribute z:Id="i15"><AttributeType>izz</AttributeType><IsRequired>true</IsRequired><Value i:type="a:double" xmlns:a="http://www.w3.org/2001/XMLSchema">0.078973191908870255</Value></Attribute></Attributes><ChildElements/><ElementName>inertia</ElementName><required>false</required><IxxAttribute z:Ref="i10"/><IxyAttribute z:Ref="i11"/><IxzAttribute z:Ref="i12"/><IyyAttribute z:Ref="i13"/><IyzAttribute z:Ref="i14"/><IzzAttribute z:Ref="i15"/></URDFElement></ChildElements><ElementName>inertial</ElementName><required>false</required><Inertia z:Ref="i9"/><Mass z:Ref="i7"/><Origin z:Ref="i4"/></URDFElement><URDFElement z:Id="i16" i:type="Visual"><Attributes/><ChildElements><URDFElement z:Id="i17" i:type="Origin"><Attributes><Attribute z:Id="i18"><AttributeType>xyz</AttributeType><IsRequired>true</IsRequired><Value i:type="a:ArrayOfdouble" xmlns:a="http://schemas.microsoft.com/2003/10/Serialization/Arrays"><a:double>0</a:double><a:double>0</a:double><a:double>0</a:double></Value></Attribute><Attribute z:Id="i19"><AttributeType>rpy</AttributeType><IsRequired>true</IsRequired><Value i:type="a:ArrayOfdouble" xmlns:a="http://schemas.microsoft.com/2003/10/Serialization/Arrays"><a:double>0</a:double><a:double>0</a:double><a:double>0</a:double></Value></Attribute></Attributes><ChildElements/><ElementName>origin</ElementName><required>false</required><RPYAttribute z:Ref="i19"/><XYZAttribute z:Ref="i18"/><isCustomized>false</isCustomized></URDFElement><URDFElement z:Id="i20" i:type="Geometry"><Attributes/><ChildElements><URDFElement z:Id="i21" i:type="Mesh"><Attributes><Attribute z:Id="i22"><AttributeType>filename</AttributeType><IsRequired>true</IsRequired><Value i:nil="true"/></Attribute></Attributes><ChildElements/><ElementName>mesh</ElementName><required>false</required><FilenameAttribute z:Ref="i22"/></URDFElement></ChildElements><ElementName>geometry</ElementName><required>true</required><Mesh z:Ref="i21"/></URDFElement><URDFElement z:Id="i23" i:type="Material"><Attributes><Attribute z:Id="i24"><AttributeType>name</AttributeType><IsRequired>true</IsRequired><Value i:type="a:string" xmlns:a="http://www.w3.org/2001/XMLSchema"/></Attribute></Attributes><ChildElements><URDFElement z:Id="i25" i:type="Color"><Attributes><Attribute z:Id="i26"><AttributeType>rgba</AttributeType><IsRequired>true</IsRequired><Value i:type="a:ArrayOfdouble" xmlns:a="http://schemas.microsoft.com/2003/10/Serialization/Arrays"><a:double>0.75294117647058822</a:double><a:double>0.75294117647058822</a:double><a:double>0.75294117647058822</a:double><a:double>1</a:double></Value></Attribute></Attributes><ChildElements/><ElementName>color</ElementName><required>false</required><RGBAAttribute z:Ref="i26"/></URDFElement><URDFElement z:Id="i27" i:type="Texture"><Attributes><Attribute z:Id="i28"><AttributeType>filename</AttributeType><IsRequired>true</IsRequired><Value i:nil="true"/></Attribute></Attributes><ChildElements/><ElementName>texture</ElementName><required>false</required><FilenameAttribute z:Ref="i28"/><wFilename/></URDFElement></ChildElements><ElementName>material</ElementName><required>false</required><Color z:Ref="i25"/><NameAttribute z:Ref="i24"/><Texture z:Ref="i27"/></URDFElement></ChildElements><ElementName>visual</ElementName><required>false</required><Geometry z:Ref="i20"/><Material z:Ref="i23"/><Origin z:Ref="i17"/></URDFElement><URDFElement z:Id="i29" i:type="Collision"><Attributes/><ChildElements><URDFElement z:Id="i30" i:type="Origin"><Attributes><Attribute z:Id="i31"><AttributeType>xyz</AttributeType><IsRequired>true</IsRequired><Value i:type="a:ArrayOfdouble" xmlns:a="http://schemas.microsoft.com/2003/10/Serialization/Arrays"><a:double>0</a:double><a:double>0</a:double><a:double>0</a:double></Value></Attribute><Attribute z:Id="i32"><AttributeType>rpy</AttributeType><IsRequired>true</IsRequired><Value i:type="a:ArrayOfdouble" xmlns:a="http://schemas.microsoft.com/2003/10/Serialization/Arrays"><a:double>0</a:double><a:double>0</a:double><a:double>0</a:double></Value></Attribute></Attributes><ChildElements/><ElementName>origin</ElementName><required>false</required><RPYAttribute z:Ref="i32"/><XYZAttribute z:Ref="i31"/><isCustomized>false</isCustomized></URDFElement><URDFElement z:Id="i33" i:type="Geometry"><Attributes/><ChildElements><URDFElement z:Id="i34" i:type="Mesh"><Attributes><Attribute z:Id="i35"><AttributeType>filename</AttributeType><IsRequired>true</IsRequired><Value i:nil="true"/></Attribute></Attributes><ChildElements/><ElementName>mesh</ElementName><required>false</required><FilenameAttribute z:Ref="i35"/></URDFElement></ChildElements><ElementName>geometry</ElementName><required>true</required><Mesh z:Ref="i34"/></URDFElement></ChildElements><ElementName>collision</ElementName><required>false</required><Geometry z:Ref="i33"/><Origin z:Ref="i30"/></URDFElement><URDFElement z:Id="i36" i:type="Joint"><Attributes><Attribute z:Id="i37"><AttributeType>name</AttributeType><IsRequired>true</IsRequired><Value i:type="a:string" xmlns:a="http://www.w3.org/2001/XMLSchema"/></Attribute><Attribute z:Id="i38"><AttributeType>type</AttributeType><IsRequired>true</IsRequired><Value i:type="a:string" xmlns:a="http://www.w3.org/2001/XMLSchema"/></Attribute></Attributes><ChildElements><URDFElement z:Id="i39" i:type="Origin"><Attributes><Attribute z:Id="i40"><AttributeType>xyz</AttributeType><IsRequired>true</IsRequired><Value i:type="a:ArrayOfdouble" xmlns:a="http://schemas.microsoft.com/2003/10/Serialization/Arrays"><a:double>0</a:double><a:double>0</a:double><a:double>0</a:double></Value></Attribute><Attribute z:Id="i41"><AttributeType>rpy</AttributeType><IsRequired>true</IsRequired><Value i:type="a:ArrayOfdouble" xmlns:a="http://schemas.microsoft.com/2003/10/Serialization/Arrays"><a:double>0</a:double><a:double>0</a:double><a:double>0</a:double></Value></Attribute></Attributes><ChildElements/><ElementName>origin</ElementName><required>false</required><RPYAttribute z:Ref="i41"/><XYZAttribute z:Ref="i40"/><isCustomized>false</isCustomized></URDFElement><URDFElement z:Id="i42" i:type="ParentLink"><Attributes><Attribute z:Id="i43"><AttributeType>link</AttributeType><IsRequired>true</IsRequired><Value i:type="a:string" xmlns:a="http://www.w3.org/2001/XMLSchema"/></Attribute></Attributes><ChildElements/><ElementName>parent</ElementName><required>true</required><NameAttribute z:Ref="i43"/></URDFElement><URDFElement z:Id="i44" i:type="ChildLink"><Attributes><Attribute z:Id="i45"><AttributeType>link</AttributeType><IsRequired>true</IsRequired><Value i:type="a:string" xmlns:a="http://www.w3.org/2001/XMLSchema"/></Attribute></Attributes><ChildElements/><ElementName>child</ElementName><required>true</required><NameAttribute z:Ref="i45"/></URDFElement><URDFElement z:Id="i46" i:type="Axis"><Attributes><Attribute z:Id="i47"><AttributeType>xyz</AttributeType><IsRequired>true</IsRequired><Value i:type="a:ArrayOfdouble" xmlns:a="http://schemas.microsoft.com/2003/10/Serialization/Arrays"><a:double>0</a:double><a:double>0</a:double><a:double>0</a:double></Value></Attribute></Attributes><ChildElements/><ElementName>axis</ElementName><required>false</required><XYZAttribute z:Ref="i47"/></URDFElement><URDFElement z:Id="i48" i:type="Limit"><Attributes><Attribute z:Id="i49"><AttributeType>lower</AttributeType><IsRequired>false</IsRequired><Value i:nil="true"/></Attribute><Attribute z:Id="i50"><AttributeType>upper</AttributeType><IsRequired>false</IsRequired><Value i:nil="true"/></Attribute><Attribute z:Id="i51"><AttributeType>effort</AttributeType><IsRequired>true</IsRequired><Value i:nil="true"/></Attribute><Attribute z:Id="i52"><AttributeType>velocity</AttributeType><IsRequired>true</IsRequired><Value i:nil="true"/></Attribute></Attributes><ChildElements/><ElementName>limit</ElementName><required>false</required><EffortAttribute z:Ref="i51"/><LowerAttribute z:Ref="i49"/><UpperAttribute z:Ref="i50"/><VelocityAttribute z:Ref="i52"/></URDFElement><URDFElement z:Id="i53" i:type="Calibration"><Attributes><Attribute z:Id="i54"><AttributeType>rising</AttributeType><IsRequired>false</IsRequired><Value i:nil="true"/></Attribute><Attribute z:Id="i55"><AttributeType>falling</AttributeType><IsRequired>false</IsRequired><Value i:nil="true"/></Attribute></Attributes><ChildElements/><ElementName>calibration</ElementName><required>false</required><FallingAttribute z:Ref="i55"/><RisingAttribute z:Ref="i54"/></URDFElement><URDFElement z:Id="i56" i:type="Dynamics"><Attributes><Attribute z:Id="i57"><AttributeType>damping</AttributeType><IsRequired>false</IsRequired><Value i:nil="true"/></Attribute><Attribute z:Id="i58"><AttributeType>friction</AttributeType><IsRequired>false</IsRequired><Value i:nil="true"/></Attribute></Attributes><ChildElements/><ElementName>dynamics</ElementName><required>false</required><DampingAttribute z:Ref="i57"/><FrictionAttribute z:Ref="i58"/></URDFElement><URDFElement z:Id="i59" i:type="SafetyController"><Attributes><Attribute z:Id="i60"><AttributeType>soft_upper_limit</AttributeType><IsRequired>false</IsRequired><Value i:nil="true"/></Attribute><Attribute z:Id="i61"><AttributeType>soft_lower_limit</AttributeType><IsRequired>false</IsRequired><Value i:nil="true"/></Attribute><Attribute z:Id="i62"><AttributeType>k_position</AttributeType><IsRequired>false</IsRequired><Value i:nil="true"/></Attribute><Attribute z:Id="i63"><AttributeType>k_velocity</AttributeType><IsRequired>true</IsRequired><Value i:nil="true"/></Attribute></Attributes><ChildElements/><ElementName>safety_controller</ElementName><required>false</required><KPositionAttribute z:Ref="i62"/><KVelocityAttribute z:Ref="i63"/><SoftLowerAttribute z:Ref="i61"/><SoftUpperAttribute z:Ref="i60"/></URDFElement><URDFElement z:Id="i64" i:type="Mimic"><Attributes><Attribute z:Id="i65"><AttributeType>joint</AttributeType><IsRequired>true</IsRequired><Value i:nil="true"/></Attribute><Attribute z:Id="i66"><AttributeType>multiplier</AttributeType><IsRequired>false</IsRequired><Value i:nil="true"/></Attribute><Attribute z:Id="i67"><AttributeType>offset</AttributeType><IsRequired>false</IsRequired><Value i:nil="true"/></Attribute></Attributes><ChildElements/><ElementName>mimic</ElementName><required>false</required><JointNameAttribute z:Ref="i65"/><MultiplierAttribute z:Ref="i66"/><OffsetAttribute z:Ref="i67"/></URDFElement></ChildElements><ElementName>joint</ElementName><required>false</required><Axis z:Ref="i46"/><AxisName/><Calibration z:Ref="i53"/><Child z:Ref="i44"/><CoordinateSystemName>Coordinate System1</CoordinateSystemName><Dynamics z:Ref="i56"/><Limit z:Ref="i48"/><Mimic z:Ref="i64"/><NameAttribute z:Ref="i37"/><Origin z:Ref="i39"/><Parent z:Ref="i42"/><Safety z:Ref="i59"/><TypeAttribute z:Ref="i38"/></URDFElement></ChildElements><ElementName>link</ElementName><required>true</required><Children><Link z:Id="i68"><Attributes><Attribute z:Id="i69"><AttributeType>name</AttributeType><IsRequired>true</IsRequired><Value i:type="a:string" xmlns:a="http://www.w3.org/2001/XMLSchema">lidar_link</Value></Attribute></Attributes><ChildElements><URDFElement z:Id="i70" i:type="Inertial"><Attributes/><ChildElements><URDFElement z:Id="i71" i:type="Origin"><Attributes><Attribute z:Id="i72"><AttributeType>xyz</AttributeType><IsRequired>true</IsRequired><Value i:type="a:ArrayOfdouble" xmlns:a="http://schemas.microsoft.com/2003/10/Serialization/Arrays"><a:double>0.01483831713663708</a:double><a:double>0.00044768343093781748</a:double><a:double>-0.021153620829787778</a:double></Value></Attribute><Attribute z:Id="i73"><AttributeType>rpy</AttributeType><IsRequired>true</IsRequired><Value i:type="a:ArrayOfdouble" xmlns:a="http://schemas.microsoft.com/2003/10/Serialization/Arrays"><a:double>0</a:double><a:double>0</a:double><a:double>0</a:double></Value></Attribute></Attributes><ChildElements/><ElementName>origin</ElementName><required>false</required><RPYAttribute z:Ref="i73"/><XYZAttribute z:Ref="i72"/><isCustomized>false</isCustomized></URDFElement><URDFElement z:Id="i74" i:type="Mass"><Attributes><Attribute z:Id="i75"><AttributeType>value</AttributeType><IsRequired>true</IsRequired><Value i:type="a:double" xmlns:a="http://www.w3.org/2001/XMLSchema">0.03124091274064825</Value></Attribute></Attributes><ChildElements/><ElementName>mass</ElementName><required>false</required><ValueAttribute z:Ref="i75"/></URDFElement><URDFElement z:Id="i76" i:type="Inertia"><Attributes><Attribute z:Id="i77"><AttributeType>ixx</AttributeType><IsRequired>true</IsRequired><Value i:type="a:double" xmlns:a="http://www.w3.org/2001/XMLSchema">8.8802637081100291E-06</Value></Attribute><Attribute z:Id="i78"><AttributeType>ixy</AttributeType><IsRequired>true</IsRequired><Value i:type="a:double" xmlns:a="http://www.w3.org/2001/XMLSchema">-1.776644943302431E-07</Value></Attribute><Attribute z:Id="i79"><AttributeType>ixz</AttributeType><IsRequired>true</IsRequired><Value i:type="a:double" xmlns:a="http://www.w3.org/2001/XMLSchema">1.1302767991708138E-07</Value></Attribute><Attribute z:Id="i80"><AttributeType>iyy</AttributeType><IsRequired>true</IsRequired><Value i:type="a:double" xmlns:a="http://www.w3.org/2001/XMLSchema">1.4491001820543249E-05</Value></Attribute><Attribute z:Id="i81"><AttributeType>iyz</AttributeType><IsRequired>true</IsRequired><Value i:type="a:double" xmlns:a="http://www.w3.org/2001/XMLSchema">3.4607611499608196E-08</Value></Attribute><Attribute z:Id="i82"><AttributeType>izz</AttributeType><IsRequired>true</IsRequired><Value i:type="a:double" xmlns:a="http://www.w3.org/2001/XMLSchema">2.2528909952026894E-05</Value></Attribute></Attributes><ChildElements/><ElementName>inertia</ElementName><required>false</required><IxxAttribute z:Ref="i77"/><IxyAttribute z:Ref="i78"/><IxzAttribute z:Ref="i79"/><IyyAttribute z:Ref="i80"/><IyzAttribute z:Ref="i81"/><IzzAttribute z:Ref="i82"/></URDFElement></ChildElements><ElementName>inertial</ElementName><required>false</required><Inertia z:Ref="i76"/><Mass z:Ref="i74"/><Origin z:Ref="i71"/></URDFElement><URDFElement z:Id="i83" i:type="Visual"><Attributes/><ChildElements><URDFElement z:Id="i84" i:type="Origin"><Attributes><Attribute z:Id="i85"><AttributeType>xyz</AttributeType><IsRequired>true</IsRequired><Value i:type="a:ArrayOfdouble" xmlns:a="http://schemas.microsoft.com/2003/10/Serialization/Arrays"><a:double>0</a:double><a:double>0</a:double><a:double>0</a:double></Value></Attribute><Attribute z:Id="i86"><AttributeType>rpy</AttributeType><IsRequired>true</IsRequired><Value i:type="a:ArrayOfdouble" xmlns:a="http://schemas.microsoft.com/2003/10/Serialization/Arrays"><a:double>0</a:double><a:double>0</a:double><a:double>0</a:double></Value></Attribute></Attributes><ChildElements/><ElementName>origin</ElementName><required>false</required><RPYAttribute z:Ref="i86"/><XYZAttribute z:Ref="i85"/><isCustomized>false</isCustomized></URDFElement><URDFElement z:Id="i87" i:type="Geometry"><Attributes/><ChildElements><URDFElement z:Id="i88" i:type="Mesh"><Attributes><Attribute z:Id="i89"><AttributeType>filename</AttributeType><IsRequired>true</IsRequired><Value i:nil="true"/></Attribute></Attributes><ChildElements/><ElementName>mesh</ElementName><required>false</required><FilenameAttribute z:Ref="i89"/></URDFElement></ChildElements><ElementName>geometry</ElementName><required>true</required><Mesh z:Ref="i88"/></URDFElement><URDFElement z:Id="i90" i:type="Material"><Attributes><Attribute z:Id="i91"><AttributeType>name</AttributeType><IsRequired>true</IsRequired><Value i:type="a:string" xmlns:a="http://www.w3.org/2001/XMLSchema"/></Attribute></Attributes><ChildElements><URDFElement z:Id="i92" i:type="Color"><Attributes><Attribute z:Id="i93"><AttributeType>rgba</AttributeType><IsRequired>true</IsRequired><Value i:type="a:ArrayOfdouble" xmlns:a="http://schemas.microsoft.com/2003/10/Serialization/Arrays"><a:double>0.792156862745098</a:double><a:double>0.81960784313725488</a:double><a:double>0.93333333333333335</a:double><a:double>1</a:double></Value></Attribute></Attributes><ChildElements/><ElementName>color</ElementName><required>false</required><RGBAAttribute z:Ref="i93"/></URDFElement><URDFElement z:Id="i94" i:type="Texture"><Attributes><Attribute z:Id="i95"><AttributeType>filename</AttributeType><IsRequired>true</IsRequired><Value i:nil="true"/></Attribute></Attributes><ChildElements/><ElementName>texture</ElementName><required>false</required><FilenameAttribute z:Ref="i95"/><wFilename/></URDFElement></ChildElements><ElementName>material</ElementName><required>false</required><Color z:Ref="i92"/><NameAttribute z:Ref="i91"/><Texture z:Ref="i94"/></URDFElement></ChildElements><ElementName>visual</ElementName><required>false</required><Geometry z:Ref="i87"/><Material z:Ref="i90"/><Origin z:Ref="i84"/></URDFElement><URDFElement z:Id="i96" i:type="Collision"><Attributes/><ChildElements><URDFElement z:Id="i97" i:type="Origin"><Attributes><Attribute z:Id="i98"><AttributeType>xyz</AttributeType><IsRequired>true</IsRequired><Value i:type="a:ArrayOfdouble" xmlns:a="http://schemas.microsoft.com/2003/10/Serialization/Arrays"><a:double>0</a:double><a:double>0</a:double><a:double>0</a:double></Value></Attribute><Attribute z:Id="i99"><AttributeType>rpy</AttributeType><IsRequired>true</IsRequired><Value i:type="a:ArrayOfdouble" xmlns:a="http://schemas.microsoft.com/2003/10/Serialization/Arrays"><a:double>0</a:double><a:double>0</a:double><a:double>0</a:double></Value></Attribute></Attributes><ChildElements/><ElementName>origin</ElementName><required>false</required><RPYAttribute z:Ref="i99"/><XYZAttribute z:Ref="i98"/><isCustomized>false</isCustomized></URDFElement><URDFElement z:Id="i100" i:type="Geometry"><Attributes/><ChildElements><URDFElement z:Id="i101" i:type="Mesh"><Attributes><Attribute z:Id="i102"><AttributeType>filename</AttributeType><IsRequired>true</IsRequired><Value i:nil="true"/></Attribute></Attributes><ChildElements/><ElementName>mesh</ElementName><required>false</required><FilenameAttribute z:Ref="i102"/></URDFElement></ChildElements><ElementName>geometry</ElementName><required>true</required><Mesh z:Ref="i101"/></URDFElement></ChildElements><ElementName>collision</ElementName><required>false</required><Geometry z:Ref="i100"/><Origin z:Ref="i97"/></URDFElement><URDFElement z:Id="i103" i:type="Joint"><Attributes><Attribute z:Id="i104"><AttributeType>name</AttributeType><IsRequired>true</IsRequired><Value i:type="a:string" xmlns:a="http://www.w3.org/2001/XMLSchema">lidar</Value></Attribute><Attribute z:Id="i105"><AttributeType>type</AttributeType><IsRequired>true</IsRequired><Value i:type="a:string" xmlns:a="http://www.w3.org/2001/XMLSchema">fixed</Value></Attribute></Attributes><ChildElements><URDFElement z:Id="i106" i:type="Origin"><Attributes><Attribute z:Id="i107"><AttributeType>xyz</AttributeType><IsRequired>true</IsRequired><Value i:type="a:ArrayOfdouble" xmlns:a="http://schemas.microsoft.com/2003/10/Serialization/Arrays"><a:double>0.15566672564358219</a:double><a:double>0.0011277706563345147</a:double><a:double>0.14609999999809897</a:double></Value></Attribute><Attribute z:Id="i108"><AttributeType>rpy</AttributeType><IsRequired>true</IsRequired><Value i:type="a:ArrayOfdouble" xmlns:a="http://schemas.microsoft.com/2003/10/Serialization/Arrays"><a:double>0</a:double><a:double>0</a:double><a:double>0</a:double></Value></Attribute></Attributes><ChildElements/><ElementName>origin</ElementName><required>false</required><RPYAttribute z:Ref="i108"/><XYZAttribute z:Ref="i107"/><isCustomized>false</isCustomized></URDFElement><URDFElement z:Id="i109" i:type="ParentLink"><Attributes><Attribute z:Id="i110"><AttributeType>link</AttributeType><IsRequired>true</IsRequired><Value i:type="a:string" xmlns:a="http://www.w3.org/2001/XMLSchema">base_link</Value></Attribute></Attributes><ChildElements/><ElementName>parent</ElementName><required>true</required><NameAttribute z:Ref="i110"/></URDFElement><URDFElement z:Id="i111" i:type="ChildLink"><Attributes><Attribute z:Id="i112"><AttributeType>link</AttributeType><IsRequired>true</IsRequired><Value i:type="a:string" xmlns:a="http://www.w3.org/2001/XMLSchema">lidar_link</Value></Attribute></Attributes><ChildElements/><ElementName>child</ElementName><required>true</required><NameAttribute z:Ref="i112"/></URDFElement><URDFElement z:Id="i113" i:type="Axis"><Attributes><Attribute z:Id="i114"><AttributeType>xyz</AttributeType><IsRequired>true</IsRequired><Value i:type="a:ArrayOfdouble" xmlns:a="http://schemas.microsoft.com/2003/10/Serialization/Arrays"><a:double>0</a:double><a:double>0</a:double><a:double>0</a:double></Value></Attribute></Attributes><ChildElements/><ElementName>axis</ElementName><required>false</required><XYZAttribute z:Ref="i114"/></URDFElement><URDFElement z:Id="i115" i:type="Limit"><Attributes><Attribute z:Id="i116"><AttributeType>lower</AttributeType><IsRequired>false</IsRequired><Value i:nil="true"/></Attribute><Attribute z:Id="i117"><AttributeType>upper</AttributeType><IsRequired>false</IsRequired><Value i:nil="true"/></Attribute><Attribute z:Id="i118"><AttributeType>effort</AttributeType><IsRequired>true</IsRequired><Value i:nil="true"/></Attribute><Attribute z:Id="i119"><AttributeType>velocity</AttributeType><IsRequired>true</IsRequired><Value i:nil="true"/></Attribute></Attributes><ChildElements/><ElementName>limit</ElementName><required>false</required><EffortAttribute z:Ref="i118"/><LowerAttribute z:Ref="i116"/><UpperAttribute z:Ref="i117"/><VelocityAttribute z:Ref="i119"/></URDFElement><URDFElement z:Id="i120" i:type="Calibration"><Attributes><Attribute z:Id="i121"><AttributeType>rising</AttributeType><IsRequired>false</IsRequired><Value i:nil="true"/></Attribute><Attribute z:Id="i122"><AttributeType>falling</AttributeType><IsRequired>false</IsRequired><Value i:nil="true"/></Attribute></Attributes><ChildElements/><ElementName>calibration</ElementName><required>false</required><FallingAttribute z:Ref="i122"/><RisingAttribute z:Ref="i121"/></URDFElement><URDFElement z:Id="i123" i:type="Dynamics"><Attributes><Attribute z:Id="i124"><AttributeType>damping</AttributeType><IsRequired>false</IsRequired><Value i:nil="true"/></Attribute><Attribute z:Id="i125"><AttributeType>friction</AttributeType><IsRequired>false</IsRequired><Value i:nil="true"/></Attribute></Attributes><ChildElements/><ElementName>dynamics</ElementName><required>false</required><DampingAttribute z:Ref="i124"/><FrictionAttribute z:Ref="i125"/></URDFElement><URDFElement z:Id="i126" i:type="SafetyController"><Attributes><Attribute z:Id="i127"><AttributeType>soft_upper_limit</AttributeType><IsRequired>false</IsRequired><Value i:nil="true"/></Attribute><Attribute z:Id="i128"><AttributeType>soft_lower_limit</AttributeType><IsRequired>false</IsRequired><Value i:nil="true"/></Attribute><Attribute z:Id="i129"><AttributeType>k_position</AttributeType><IsRequired>false</IsRequired><Value i:nil="true"/></Attribute><Attribute z:Id="i130"><AttributeType>k_velocity</AttributeType><IsRequired>true</IsRequired><Value i:nil="true"/></Attribute></Attributes><ChildElements/><ElementName>safety_controller</ElementName><required>false</required><KPositionAttribute z:Ref="i129"/><KVelocityAttribute z:Ref="i130"/><SoftLowerAttribute z:Ref="i128"/><SoftUpperAttribute z:Ref="i127"/></URDFElement><URDFElement z:Id="i131" i:type="Mimic"><Attributes><Attribute z:Id="i132"><AttributeType>joint</AttributeType><IsRequired>true</IsRequired><Value i:nil="true"/></Attribute><Attribute z:Id="i133"><AttributeType>multiplier</AttributeType><IsRequired>false</IsRequired><Value i:nil="true"/></Attribute><Attribute z:Id="i134"><AttributeType>offset</AttributeType><IsRequired>false</IsRequired><Value i:nil="true"/></Attribute></Attributes><ChildElements/><ElementName>mimic</ElementName><required>false</required><JointNameAttribute z:Ref="i132"/><MultiplierAttribute z:Ref="i133"/><OffsetAttribute z:Ref="i134"/></URDFElement></ChildElements><ElementName>joint</ElementName><required>false</required><Axis z:Ref="i113"/><AxisName>Axis_lidar</AxisName><Calibration z:Ref="i120"/><Child z:Ref="i111"/><CoordinateSystemName>Coordinate System2</CoordinateSystemName><Dynamics z:Ref="i123"/><Limit z:Ref="i115"/><Mimic z:Ref="i131"/><NameAttribute z:Ref="i104"/><Origin z:Ref="i106"/><Parent z:Ref="i109"/><Safety z:Ref="i126"/><TypeAttribute z:Ref="i105"/></URDFElement></ChildElements><ElementName>link</ElementName><required>true</required><Children/><Collision z:Ref="i96"/><Inertial z:Ref="i70"/><Joint z:Ref="i103"/><NameAttribute z:Ref="i69"/><Parent z:Ref="i1"/><STLQualityFine>false</STLQualityFine><SWComponentPIDs xmlns:a="http://schemas.microsoft.com/2003/10/Serialization/Arrays"><a:base64Binary>aEIAAAUAAAD//v8RWAAzAF8ATABpAGQAYQByAC0AMQBAAHIAbwBiAG8AVgAyAAQAAAAQAAAAAQAAAAEAAACLBAAA</a:base64Binary></SWComponentPIDs><SWMainComponentPID i:nil="true"/><Visual z:Ref="i83"/><isFixedFrame>false</isFixedFrame><isIncomplete>false</isIncomplete></Link><Link z:Id="i135"><Attributes><Attribute z:Id="i136"><AttributeType>name</AttributeType><IsRequired>true</IsRequired><Value i:type="a:string" xmlns:a="http://www.w3.org/2001/XMLSchema">imu_link</Value></Attribute></Attributes><ChildElements><URDFElement z:Id="i137" i:type="Inertial"><Attributes/><ChildElements><URDFElement z:Id="i138" i:type="Origin"><Attributes><Attribute z:Id="i139"><AttributeType>xyz</AttributeType><IsRequired>true</IsRequired><Value i:type="a:ArrayOfdouble" xmlns:a="http://schemas.microsoft.com/2003/10/Serialization/Arrays"><a:double>-0.00012898011774786777</a:double><a:double>-0.00019149559799316873</a:double><a:double>-0.0038407050934866627</a:double></Value></Attribute><Attribute z:Id="i140"><AttributeType>rpy</AttributeType><IsRequired>true</IsRequired><Value i:type="a:ArrayOfdouble" xmlns:a="http://schemas.microsoft.com/2003/10/Serialization/Arrays"><a:double>0</a:double><a:double>0</a:double><a:double>0</a:double></Value></Attribute></Attributes><ChildElements/><ElementName>origin</ElementName><required>false</required><RPYAttribute z:Ref="i140"/><XYZAttribute z:Ref="i139"/><isCustomized>false</isCustomized></URDFElement><URDFElement z:Id="i141" i:type="Mass"><Attributes><Attribute z:Id="i142"><AttributeType>value</AttributeType><IsRequired>true</IsRequired><Value i:type="a:double" xmlns:a="http://www.w3.org/2001/XMLSchema">0.000999898118986841</Value></Attribute></Attributes><ChildElements/><ElementName>mass</ElementName><required>false</required><ValueAttribute z:Ref="i142"/></URDFElement><URDFElement z:Id="i143" i:type="Inertia"><Attributes><Attribute z:Id="i144"><AttributeType>ixx</AttributeType><IsRequired>true</IsRequired><Value i:type="a:double" xmlns:a="http://www.w3.org/2001/XMLSchema">2.5044771693541564E-08</Value></Attribute><Attribute z:Id="i145"><AttributeType>ixy</AttributeType><IsRequired>true</IsRequired><Value i:type="a:double" xmlns:a="http://www.w3.org/2001/XMLSchema">1.0396505624691962E-10</Value></Attribute><Attribute z:Id="i146"><AttributeType>ixz</AttributeType><IsRequired>true</IsRequired><Value i:type="a:double" xmlns:a="http://www.w3.org/2001/XMLSchema">-2.685604816346462E-14</Value></Attribute><Attribute z:Id="i147"><AttributeType>iyy</AttributeType><IsRequired>true</IsRequired><Value i:type="a:double" xmlns:a="http://www.w3.org/2001/XMLSchema">1.2451353550853071E-08</Value></Attribute><Attribute z:Id="i148"><AttributeType>iyz</AttributeType><IsRequired>true</IsRequired><Value i:type="a:double" xmlns:a="http://www.w3.org/2001/XMLSchema">-1.1856542349006593E-14</Value></Attribute><Attribute z:Id="i149"><AttributeType>izz</AttributeType><IsRequired>true</IsRequired><Value i:type="a:double" xmlns:a="http://www.w3.org/2001/XMLSchema">3.063763531158985E-08</Value></Attribute></Attributes><ChildElements/><ElementName>inertia</ElementName><required>false</required><IxxAttribute z:Ref="i144"/><IxyAttribute z:Ref="i145"/><IxzAttribute z:Ref="i146"/><IyyAttribute z:Ref="i147"/><IyzAttribute z:Ref="i148"/><IzzAttribute z:Ref="i149"/></URDFElement></ChildElements><ElementName>inertial</ElementName><required>false</required><Inertia z:Ref="i143"/><Mass z:Ref="i141"/><Origin z:Ref="i138"/></URDFElement><URDFElement z:Id="i150" i:type="Visual"><Attributes/><ChildElements><URDFElement z:Id="i151" i:type="Origin"><Attributes><Attribute z:Id="i152"><AttributeType>xyz</AttributeType><IsRequired>true</IsRequired><Value i:type="a:ArrayOfdouble" xmlns:a="http://schemas.microsoft.com/2003/10/Serialization/Arrays"><a:double>0</a:double><a:double>0</a:double><a:double>0</a:double></Value></Attribute><Attribute z:Id="i153"><AttributeType>rpy</AttributeType><IsRequired>true</IsRequired><Value i:type="a:ArrayOfdouble" xmlns:a="http://schemas.microsoft.com/2003/10/Serialization/Arrays"><a:double>0</a:double><a:double>0</a:double><a:double>0</a:double></Value></Attribute></Attributes><ChildElements/><ElementName>origin</ElementName><required>false</required><RPYAttribute z:Ref="i153"/><XYZAttribute z:Ref="i152"/><isCustomized>false</isCustomized></URDFElement><URDFElement z:Id="i154" i:type="Geometry"><Attributes/><ChildElements><URDFElement z:Id="i155" i:type="Mesh"><Attributes><Attribute z:Id="i156"><AttributeType>filename</AttributeType><IsRequired>true</IsRequired><Value i:nil="true"/></Attribute></Attributes><ChildElements/><ElementName>mesh</ElementName><required>false</required><FilenameAttribute z:Ref="i156"/></URDFElement></ChildElements><ElementName>geometry</ElementName><required>true</required><Mesh z:Ref="i155"/></URDFElement><URDFElement z:Id="i157" i:type="Material"><Attributes><Attribute z:Id="i158"><AttributeType>name</AttributeType><IsRequired>true</IsRequired><Value i:type="a:string" xmlns:a="http://www.w3.org/2001/XMLSchema"/></Attribute></Attributes><ChildElements><URDFElement z:Id="i159" i:type="Color"><Attributes><Attribute z:Id="i160"><AttributeType>rgba</AttributeType><IsRequired>true</IsRequired><Value i:type="a:ArrayOfdouble" xmlns:a="http://schemas.microsoft.com/2003/10/Serialization/Arrays"><a:double>0.792156862745098</a:double><a:double>0.81960784313725488</a:double><a:double>0.93333333333333335</a:double><a:double>1</a:double></Value></Attribute></Attributes><ChildElements/><ElementName>color</ElementName><required>false</required><RGBAAttribute z:Ref="i160"/></URDFElement><URDFElement z:Id="i161" i:type="Texture"><Attributes><Attribute z:Id="i162"><AttributeType>filename</AttributeType><IsRequired>true</IsRequired><Value i:nil="true"/></Attribute></Attributes><ChildElements/><ElementName>texture</ElementName><required>false</required><FilenameAttribute z:Ref="i162"/><wFilename/></URDFElement></ChildElements><ElementName>material</ElementName><required>false</required><Color z:Ref="i159"/><NameAttribute z:Ref="i158"/><Texture z:Ref="i161"/></URDFElement></ChildElements><ElementName>visual</ElementName><required>false</required><Geometry z:Ref="i154"/><Material z:Ref="i157"/><Origin z:Ref="i151"/></URDFElement><URDFElement z:Id="i163" i:type="Collision"><Attributes/><ChildElements><URDFElement z:Id="i164" i:type="Origin"><Attributes><Attribute z:Id="i165"><AttributeType>xyz</AttributeType><IsRequired>true</IsRequired><Value i:type="a:ArrayOfdouble" xmlns:a="http://schemas.microsoft.com/2003/10/Serialization/Arrays"><a:double>0</a:double><a:double>0</a:double><a:double>0</a:double></Value></Attribute><Attribute z:Id="i166"><AttributeType>rpy</AttributeType><IsRequired>true</IsRequired><Value i:type="a:ArrayOfdouble" xmlns:a="http://schemas.microsoft.com/2003/10/Serialization/Arrays"><a:double>0</a:double><a:double>0</a:double><a:double>0</a:double></Value></Attribute></Attributes><ChildElements/><ElementName>origin</ElementName><required>false</required><RPYAttribute z:Ref="i166"/><XYZAttribute z:Ref="i165"/><isCustomized>false</isCustomized></URDFElement><URDFElement z:Id="i167" i:type="Geometry"><Attributes/><ChildElements><URDFElement z:Id="i168" i:type="Mesh"><Attributes><Attribute z:Id="i169"><AttributeType>filename</AttributeType><IsRequired>true</IsRequired><Value i:nil="true"/></Attribute></Attributes><ChildElements/><ElementName>mesh</ElementName><required>false</required><FilenameAttribute z:Ref="i169"/></URDFElement></ChildElements><ElementName>geometry</ElementName><required>true</required><Mesh z:Ref="i168"/></URDFElement></ChildElements><ElementName>collision</ElementName><required>false</required><Geometry z:Ref="i167"/><Origin z:Ref="i164"/></URDFElement><URDFElement z:Id="i170" i:type="Joint"><Attributes><Attribute z:Id="i171"><AttributeType>name</AttributeType><IsRequired>true</IsRequired><Value i:type="a:string" xmlns:a="http://www.w3.org/2001/XMLSchema">imu</Value></Attribute><Attribute z:Id="i172"><AttributeType>type</AttributeType><IsRequired>true</IsRequired><Value i:type="a:string" xmlns:a="http://www.w3.org/2001/XMLSchema">fixed</Value></Attribute></Attributes><ChildElements><URDFElement z:Id="i173" i:type="Origin"><Attributes><Attribute z:Id="i174"><AttributeType>xyz</AttributeType><IsRequired>true</IsRequired><Value i:type="a:ArrayOfdouble" xmlns:a="http://schemas.microsoft.com/2003/10/Serialization/Arrays"><a:double>0.12642893305504876</a:double><a:double>-0.10052307723426915</a:double><a:double>0.0330200000034927</a:double></Value></Attribute><Attribute z:Id="i175"><AttributeType>rpy</AttributeType><IsRequired>true</IsRequired><Value i:type="a:ArrayOfdouble" xmlns:a="http://schemas.microsoft.com/2003/10/Serialization/Arrays"><a:double>0</a:double><a:double>0</a:double><a:double>0</a:double></Value></Attribute></Attributes><ChildElements/><ElementName>origin</ElementName><required>false</required><RPYAttribute z:Ref="i175"/><XYZAttribute z:Ref="i174"/><isCustomized>false</isCustomized></URDFElement><URDFElement z:Id="i176" i:type="ParentLink"><Attributes><Attribute z:Id="i177"><AttributeType>link</AttributeType><IsRequired>true</IsRequired><Value i:type="a:string" xmlns:a="http://www.w3.org/2001/XMLSchema">base_link</Value></Attribute></Attributes><ChildElements/><ElementName>parent</ElementName><required>true</required><NameAttribute z:Ref="i177"/></URDFElement><URDFElement z:Id="i178" i:type="ChildLink"><Attributes><Attribute z:Id="i179"><AttributeType>link</AttributeType><IsRequired>true</IsRequired><Value i:type="a:string" xmlns:a="http://www.w3.org/2001/XMLSchema">imu_link</Value></Attribute></Attributes><ChildElements/><ElementName>child</ElementName><required>true</required><NameAttribute z:Ref="i179"/></URDFElement><URDFElement z:Id="i180" i:type="Axis"><Attributes><Attribute z:Id="i181"><AttributeType>xyz</AttributeType><IsRequired>true</IsRequired><Value i:type="a:ArrayOfdouble" xmlns:a="http://schemas.microsoft.com/2003/10/Serialization/Arrays"><a:double>0</a:double><a:double>0</a:double><a:double>0</a:double></Value></Attribute></Attributes><ChildElements/><ElementName>axis</ElementName><required>false</required><XYZAttribute z:Ref="i181"/></URDFElement><URDFElement z:Id="i182" i:type="Limit"><Attributes><Attribute z:Id="i183"><AttributeType>lower</AttributeType><IsRequired>false</IsRequired><Value i:nil="true"/></Attribute><Attribute z:Id="i184"><AttributeType>upper</AttributeType><IsRequired>false</IsRequired><Value i:nil="true"/></Attribute><Attribute z:Id="i185"><AttributeType>effort</AttributeType><IsRequired>true</IsRequired><Value i:nil="true"/></Attribute><Attribute z:Id="i186"><AttributeType>velocity</AttributeType><IsRequired>true</IsRequired><Value i:nil="true"/></Attribute></Attributes><ChildElements/><ElementName>limit</ElementName><required>false</required><EffortAttribute z:Ref="i185"/><LowerAttribute z:Ref="i183"/><UpperAttribute z:Ref="i184"/><VelocityAttribute z:Ref="i186"/></URDFElement><URDFElement z:Id="i187" i:type="Calibration"><Attributes><Attribute z:Id="i188"><AttributeType>rising</AttributeType><IsRequired>false</IsRequired><Value i:nil="true"/></Attribute><Attribute z:Id="i189"><AttributeType>falling</AttributeType><IsRequired>false</IsRequired><Value i:nil="true"/></Attribute></Attributes><ChildElements/><ElementName>calibration</ElementName><required>false</required><FallingAttribute z:Ref="i189"/><RisingAttribute z:Ref="i188"/></URDFElement><URDFElement z:Id="i190" i:type="Dynamics"><Attributes><Attribute z:Id="i191"><AttributeType>damping</AttributeType><IsRequired>false</IsRequired><Value i:nil="true"/></Attribute><Attribute z:Id="i192"><AttributeType>friction</AttributeType><IsRequired>false</IsRequired><Value i:nil="true"/></Attribute></Attributes><ChildElements/><ElementName>dynamics</ElementName><required>false</required><DampingAttribute z:Ref="i191"/><FrictionAttribute z:Ref="i192"/></URDFElement><URDFElement z:Id="i193" i:type="SafetyController"><Attributes><Attribute z:Id="i194"><AttributeType>soft_upper_limit</AttributeType><IsRequired>false</IsRequired><Value i:nil="true"/></Attribute><Attribute z:Id="i195"><AttributeType>soft_lower_limit</AttributeType><IsRequired>false</IsRequired><Value i:nil="true"/></Attribute><Attribute z:Id="i196"><AttributeType>k_position</AttributeType><IsRequired>false</IsRequired><Value i:nil="true"/></Attribute><Attribute z:Id="i197"><AttributeType>k_velocity</AttributeType><IsRequired>true</IsRequired><Value i:nil="true"/></Attribute></Attributes><ChildElements/><ElementName>safety_controller</ElementName><required>false</required><KPositionAttribute z:Ref="i196"/><KVelocityAttribute z:Ref="i197"/><SoftLowerAttribute z:Ref="i195"/><SoftUpperAttribute z:Ref="i194"/></URDFElement><URDFElement z:Id="i198" i:type="Mimic"><Attributes><Attribute z:Id="i199"><AttributeType>joint</AttributeType><IsRequired>true</IsRequired><Value i:nil="true"/></Attribute><Attribute z:Id="i200"><AttributeType>multiplier</AttributeType><IsRequired>false</IsRequired><Value i:nil="true"/></Attribute><Attribute z:Id="i201"><AttributeType>offset</AttributeType><IsRequired>false</IsRequired><Value i:nil="true"/></Attribute></Attributes><ChildElements/><ElementName>mimic</ElementName><required>false</required><JointNameAttribute z:Ref="i199"/><MultiplierAttribute z:Ref="i200"/><OffsetAttribute z:Ref="i201"/></URDFElement></ChildElements><ElementName>joint</ElementName><required>false</required><Axis z:Ref="i180"/><AxisName>Axis_imu</AxisName><Calibration z:Ref="i187"/><Child z:Ref="i178"/><CoordinateSystemName>Coordinate System3</CoordinateSystemName><Dynamics z:Ref="i190"/><Limit z:Ref="i182"/><Mimic z:Ref="i198"/><NameAttribute z:Ref="i171"/><Origin z:Ref="i173"/><Parent z:Ref="i176"/><Safety z:Ref="i193"/><TypeAttribute z:Ref="i172"/></URDFElement></ChildElements><ElementName>link</ElementName><required>true</required><Children/><Collision z:Ref="i163"/><Inertial z:Ref="i137"/><Joint z:Ref="i170"/><NameAttribute z:Ref="i136"/><Parent z:Ref="i1"/><STLQualityFine>false</STLQualityFine><SWComponentPIDs xmlns:a="http://schemas.microsoft.com/2003/10/Serialization/Arrays"><a:base64Binary>aEIAAAUAAAD//v8QTQBQAFUANgAwADUAMAAtADEAQAByAG8AYgBvAFYAMgAEAAAAEAAAAAEAAAABAAAA9gQAAA==</a:base64Binary></SWComponentPIDs><SWMainComponentPID i:nil="true"/><Visual z:Ref="i150"/><isFixedFrame>false</isFixedFrame><isIncomplete>false</isIncomplete></Link><Link z:Id="i202"><Attributes><Attribute z:Id="i203"><AttributeType>name</AttributeType><IsRequired>true</IsRequired><Value i:type="a:string" xmlns:a="http://www.w3.org/2001/XMLSchema">right_wheel_link</Value></Attribute></Attributes><ChildElements><URDFElement z:Id="i204" i:type="Inertial"><Attributes/><ChildElements><URDFElement z:Id="i205" i:type="Origin"><Attributes><Attribute z:Id="i206"><AttributeType>xyz</AttributeType><IsRequired>true</IsRequired><Value i:type="a:ArrayOfdouble" xmlns:a="http://schemas.microsoft.com/2003/10/Serialization/Arrays"><a:double>0.00024358782977840221</a:double><a:double>-0.02950009904556436</a:double><a:double>8.011563634724439E-11</a:double></Value></Attribute><Attribute z:Id="i207"><AttributeType>rpy</AttributeType><IsRequired>true</IsRequired><Value i:type="a:ArrayOfdouble" xmlns:a="http://schemas.microsoft.com/2003/10/Serialization/Arrays"><a:double>0</a:double><a:double>0</a:double><a:double>0</a:double></Value></Attribute></Attributes><ChildElements/><ElementName>origin</ElementName><required>false</required><RPYAttribute z:Ref="i207"/><XYZAttribute z:Ref="i206"/><isCustomized>false</isCustomized></URDFElement><URDFElement z:Id="i208" i:type="Mass"><Attributes><Attribute z:Id="i209"><AttributeType>value</AttributeType><IsRequired>true</IsRequired><Value i:type="a:double" xmlns:a="http://www.w3.org/2001/XMLSchema">0.98170665090244347</Value></Attribute></Attributes><ChildElements/><ElementName>mass</ElementName><required>false</required><ValueAttribute z:Ref="i209"/></URDFElement><URDFElement z:Id="i210" i:type="Inertia"><Attributes><Attribute z:Id="i211"><AttributeType>ixx</AttributeType><IsRequired>true</IsRequired><Value i:type="a:double" xmlns:a="http://www.w3.org/2001/XMLSchema">0.0016529887582960915</Value></Attribute><Attribute z:Id="i212"><AttributeType>ixy</AttributeType><IsRequired>true</IsRequired><Value i:type="a:double" xmlns:a="http://www.w3.org/2001/XMLSchema">-1.0120899306445503E-05</Value></Attribute><Attribute z:Id="i213"><AttributeType>ixz</AttributeType><IsRequired>true</IsRequired><Value i:type="a:double" xmlns:a="http://www.w3.org/2001/XMLSchema">-1.8168620653085957E-09</Value></Attribute><Attribute z:Id="i214"><AttributeType>iyy</AttributeType><IsRequired>true</IsRequired><Value i:type="a:double" xmlns:a="http://www.w3.org/2001/XMLSchema">0.0028786106100582394</Value></Attribute><Attribute z:Id="i215"><AttributeType>iyz</AttributeType><IsRequired>true</IsRequired><Value i:type="a:double" xmlns:a="http://www.w3.org/2001/XMLSchema">-1.3567531199067529E-11</Value></Attribute><Attribute z:Id="i216"><AttributeType>izz</AttributeType><IsRequired>true</IsRequired><Value i:type="a:double" xmlns:a="http://www.w3.org/2001/XMLSchema">0.0016529123598083377</Value></Attribute></Attributes><ChildElements/><ElementName>inertia</ElementName><required>false</required><IxxAttribute z:Ref="i211"/><IxyAttribute z:Ref="i212"/><IxzAttribute z:Ref="i213"/><IyyAttribute z:Ref="i214"/><IyzAttribute z:Ref="i215"/><IzzAttribute z:Ref="i216"/></URDFElement></ChildElements><ElementName>inertial</ElementName><required>false</required><Inertia z:Ref="i210"/><Mass z:Ref="i208"/><Origin z:Ref="i205"/></URDFElement><URDFElement z:Id="i217" i:type="Visual"><Attributes/><ChildElements><URDFElement z:Id="i218" i:type="Origin"><Attributes><Attribute z:Id="i219"><AttributeType>xyz</AttributeType><IsRequired>true</IsRequired><Value i:type="a:ArrayOfdouble" xmlns:a="http://schemas.microsoft.com/2003/10/Serialization/Arrays"><a:double>0</a:double><a:double>0</a:double><a:double>0</a:double></Value></Attribute><Attribute z:Id="i220"><AttributeType>rpy</AttributeType><IsRequired>true</IsRequired><Value i:type="a:ArrayOfdouble" xmlns:a="http://schemas.microsoft.com/2003/10/Serialization/Arrays"><a:double>0</a:double><a:double>0</a:double><a:double>0</a:double></Value></Attribute></Attributes><ChildElements/><ElementName>origin</ElementName><required>false</required><RPYAttribute z:Ref="i220"/><XYZAttribute z:Ref="i219"/><isCustomized>false</isCustomized></URDFElement><URDFElement z:Id="i221" i:type="Geometry"><Attributes/><ChildElements><URDFElement z:Id="i222" i:type="Mesh"><Attributes><Attribute z:Id="i223"><AttributeType>filename</AttributeType><IsRequired>true</IsRequired><Value i:nil="true"/></Attribute></Attributes><ChildElements/><ElementName>mesh</ElementName><required>false</required><FilenameAttribute z:Ref="i223"/></URDFElement></ChildElements><ElementName>geometry</ElementName><required>true</required><Mesh z:Ref="i222"/></URDFElement><URDFElement z:Id="i224" i:type="Material"><Attributes><Attribute z:Id="i225"><AttributeType>name</AttributeType><IsRequired>true</IsRequired><Value i:type="a:string" xmlns:a="http://www.w3.org/2001/XMLSchema"/></Attribute></Attributes><ChildElements><URDFElement z:Id="i226" i:type="Color"><Attributes><Attribute z:Id="i227"><AttributeType>rgba</AttributeType><IsRequired>true</IsRequired><Value i:type="a:ArrayOfdouble" xmlns:a="http://schemas.microsoft.com/2003/10/Serialization/Arrays"><a:double>0.2</a:double><a:double>0.2</a:double><a:double>0.2</a:double><a:double>1</a:double></Value></Attribute></Attributes><ChildElements/><ElementName>color</ElementName><required>false</required><RGBAAttribute z:Ref="i227"/></URDFElement><URDFElement z:Id="i228" i:type="Texture"><Attributes><Attribute z:Id="i229"><AttributeType>filename</AttributeType><IsRequired>true</IsRequired><Value i:nil="true"/></Attribute></Attributes><ChildElements/><ElementName>texture</ElementName><required>false</required><FilenameAttribute z:Ref="i229"/><wFilename/></URDFElement></ChildElements><ElementName>material</ElementName><required>false</required><Color z:Ref="i226"/><NameAttribute z:Ref="i225"/><Texture z:Ref="i228"/></URDFElement></ChildElements><ElementName>visual</ElementName><required>false</required><Geometry z:Ref="i221"/><Material z:Ref="i224"/><Origin z:Ref="i218"/></URDFElement><URDFElement z:Id="i230" i:type="Collision"><Attributes/><ChildElements><URDFElement z:Id="i231" i:type="Origin"><Attributes><Attribute z:Id="i232"><AttributeType>xyz</AttributeType><IsRequired>true</IsRequired><Value i:type="a:ArrayOfdouble" xmlns:a="http://schemas.microsoft.com/2003/10/Serialization/Arrays"><a:double>0</a:double><a:double>0</a:double><a:double>0</a:double></Value></Attribute><Attribute z:Id="i233"><AttributeType>rpy</AttributeType><IsRequired>true</IsRequired><Value i:type="a:ArrayOfdouble" xmlns:a="http://schemas.microsoft.com/2003/10/Serialization/Arrays"><a:double>0</a:double><a:double>0</a:double><a:double>0</a:double></Value></Attribute></Attributes><ChildElements/><ElementName>origin</ElementName><required>false</required><RPYAttribute z:Ref="i233"/><XYZAttribute z:Ref="i232"/><isCustomized>false</isCustomized></URDFElement><URDFElement z:Id="i234" i:type="Geometry"><Attributes/><ChildElements><URDFElement z:Id="i235" i:type="Mesh"><Attributes><Attribute z:Id="i236"><AttributeType>filename</AttributeType><IsRequired>true</IsRequired><Value i:nil="true"/></Attribute></Attributes><ChildElements/><ElementName>mesh</ElementName><required>false</required><FilenameAttribute z:Ref="i236"/></URDFElement></ChildElements><ElementName>geometry</ElementName><required>true</required><Mesh z:Ref="i235"/></URDFElement></ChildElements><ElementName>collision</ElementName><required>false</required><Geometry z:Ref="i234"/><Origin z:Ref="i231"/></URDFElement><URDFElement z:Id="i237" i:type="Joint"><Attributes><Attribute z:Id="i238"><AttributeType>name</AttributeType><IsRequired>true</IsRequired><Value i:type="a:string" xmlns:a="http://www.w3.org/2001/XMLSchema">right_wheel</Value></Attribute><Attribute z:Id="i239"><AttributeType>type</AttributeType><IsRequired>true</IsRequired><Value i:type="a:string" xmlns:a="http://www.w3.org/2001/XMLSchema">continuous</Value></Attribute></Attributes><ChildElements><URDFElement z:Id="i240" i:type="Origin"><Attributes><Attribute z:Id="i241"><AttributeType>xyz</AttributeType><IsRequired>true</IsRequired><Value i:type="a:ArrayOfdouble" xmlns:a="http://schemas.microsoft.com/2003/10/Serialization/Arrays"><a:double>0.0015755697007704406</a:double><a:double>-0.17502025768769183</a:double><a:double>0.015000000004217473</a:double></Value></Attribute><Attribute z:Id="i242"><AttributeType>rpy</AttributeType><IsRequired>true</IsRequired><Value i:type="a:ArrayOfdouble" xmlns:a="http://schemas.microsoft.com/2003/10/Serialization/Arrays"><a:double>0</a:double><a:double>0</a:double><a:double>0</a:double></Value></Attribute></Attributes><ChildElements/><ElementName>origin</ElementName><required>false</required><RPYAttribute z:Ref="i242"/><XYZAttribute z:Ref="i241"/><isCustomized>false</isCustomized></URDFElement><URDFElement z:Id="i243" i:type="ParentLink"><Attributes><Attribute z:Id="i244"><AttributeType>link</AttributeType><IsRequired>true</IsRequired><Value i:type="a:string" xmlns:a="http://www.w3.org/2001/XMLSchema">base_link</Value></Attribute></Attributes><ChildElements/><ElementName>parent</ElementName><required>true</required><NameAttribute z:Ref="i244"/></URDFElement><URDFElement z:Id="i245" i:type="ChildLink"><Attributes><Attribute z:Id="i246"><AttributeType>link</AttributeType><IsRequired>true</IsRequired><Value i:type="a:string" xmlns:a="http://www.w3.org/2001/XMLSchema">right_wheel_link</Value></Attribute></Attributes><ChildElements/><ElementName>child</ElementName><required>true</required><NameAttribute z:Ref="i246"/></URDFElement><URDFElement z:Id="i247" i:type="Axis"><Attributes><Attribute z:Id="i248"><AttributeType>xyz</AttributeType><IsRequired>true</IsRequired><Value i:type="a:ArrayOfdouble" xmlns:a="http://schemas.microsoft.com/2003/10/Serialization/Arrays"><a:double>-0.00825691107326283</a:double><a:double>0.99996591112873856</a:double><a:double>0</a:double></Value></Attribute></Attributes><ChildElements/><ElementName>axis</ElementName><required>false</required><XYZAttribute z:Ref="i248"/></URDFElement><URDFElement z:Id="i249" i:type="Limit"><Attributes><Attribute z:Id="i250"><AttributeType>lower</AttributeType><IsRequired>false</IsRequired><Value i:nil="true"/></Attribute><Attribute z:Id="i251"><AttributeType>upper</AttributeType><IsRequired>false</IsRequired><Value i:nil="true"/></Attribute><Attribute z:Id="i252"><AttributeType>effort</AttributeType><IsRequired>true</IsRequired><Value i:nil="true"/></Attribute><Attribute z:Id="i253"><AttributeType>velocity</AttributeType><IsRequired>true</IsRequired><Value i:nil="true"/></Attribute></Attributes><ChildElements/><ElementName>limit</ElementName><required>false</required><EffortAttribute z:Ref="i252"/><LowerAttribute z:Ref="i250"/><UpperAttribute z:Ref="i251"/><VelocityAttribute z:Ref="i253"/></URDFElement><URDFElement z:Id="i254" i:type="Calibration"><Attributes><Attribute z:Id="i255"><AttributeType>rising</AttributeType><IsRequired>false</IsRequired><Value i:nil="true"/></Attribute><Attribute z:Id="i256"><AttributeType>falling</AttributeType><IsRequired>false</IsRequired><Value i:nil="true"/></Attribute></Attributes><ChildElements/><ElementName>calibration</ElementName><required>false</required><FallingAttribute z:Ref="i256"/><RisingAttribute z:Ref="i255"/></URDFElement><URDFElement z:Id="i257" i:type="Dynamics"><Attributes><Attribute z:Id="i258"><AttributeType>damping</AttributeType><IsRequired>false</IsRequired><Value i:nil="true"/></Attribute><Attribute z:Id="i259"><AttributeType>friction</AttributeType><IsRequired>false</IsRequired><Value i:nil="true"/></Attribute></Attributes><ChildElements/><ElementName>dynamics</ElementName><required>false</required><DampingAttribute z:Ref="i258"/><FrictionAttribute z:Ref="i259"/></URDFElement><URDFElement z:Id="i260" i:type="SafetyController"><Attributes><Attribute z:Id="i261"><AttributeType>soft_upper_limit</AttributeType><IsRequired>false</IsRequired><Value i:nil="true"/></Attribute><Attribute z:Id="i262"><AttributeType>soft_lower_limit</AttributeType><IsRequired>false</IsRequired><Value i:nil="true"/></Attribute><Attribute z:Id="i263"><AttributeType>k_position</AttributeType><IsRequired>false</IsRequired><Value i:nil="true"/></Attribute><Attribute z:Id="i264"><AttributeType>k_velocity</AttributeType><IsRequired>true</IsRequired><Value i:nil="true"/></Attribute></Attributes><ChildElements/><ElementName>safety_controller</ElementName><required>false</required><KPositionAttribute z:Ref="i263"/><KVelocityAttribute z:Ref="i264"/><SoftLowerAttribute z:Ref="i262"/><SoftUpperAttribute z:Ref="i261"/></URDFElement><URDFElement z:Id="i265" i:type="Mimic"><Attributes><Attribute z:Id="i266"><AttributeType>joint</AttributeType><IsRequired>true</IsRequired><Value i:nil="true"/></Attribute><Attribute z:Id="i267"><AttributeType>multiplier</AttributeType><IsRequired>false</IsRequired><Value i:nil="true"/></Attribute><Attribute z:Id="i268"><AttributeType>offset</AttributeType><IsRequired>false</IsRequired><Value i:nil="true"/></Attribute></Attributes><ChildElements/><ElementName>mimic</ElementName><required>false</required><JointNameAttribute z:Ref="i266"/><MultiplierAttribute z:Ref="i267"/><OffsetAttribute z:Ref="i268"/></URDFElement></ChildElements><ElementName>joint</ElementName><required>false</required><Axis z:Ref="i247"/><AxisName>Axis2</AxisName><Calibration z:Ref="i254"/><Child z:Ref="i245"/><CoordinateSystemName>Coordinate System6</CoordinateSystemName><Dynamics z:Ref="i257"/><Limit z:Ref="i249"/><Mimic z:Ref="i265"/><NameAttribute z:Ref="i238"/><Origin z:Ref="i240"/><Parent z:Ref="i243"/><Safety z:Ref="i260"/><TypeAttribute z:Ref="i239"/></URDFElement></ChildElements><ElementName>link</ElementName><required>true</required><Children/><Collision z:Ref="i230"/><Inertial z:Ref="i204"/><Joint z:Ref="i237"/><NameAttribute z:Ref="i203"/><Parent z:Ref="i1"/><STLQualityFine>false</STLQualityFine><SWComponentPIDs xmlns:a="http://schemas.microsoft.com/2003/10/Serialization/Arrays"><a:base64Binary>aEIAAAUAAAD//v8SbQBvAHQAbwByAGUAZABpAHQALQA0AEAAcgBvAGIAbwBWADIABAAAABAAAAABAAAAAQAAAM4FAAA=</a:base64Binary></SWComponentPIDs><SWMainComponentPID i:nil="true"/><Visual z:Ref="i217"/><isFixedFrame>false</isFixedFrame><isIncomplete>false</isIncomplete></Link><Link z:Id="i269"><Attributes><Attribute z:Id="i270"><AttributeType>name</AttributeType><IsRequired>true</IsRequired><Value i:type="a:string" xmlns:a="http://www.w3.org/2001/XMLSchema">left_wheel_link</Value></Attribute></Attributes><ChildElements><URDFElement z:Id="i271" i:type="Inertial"><Attributes/><ChildElements><URDFElement z:Id="i272" i:type="Origin"><Attributes><Attribute z:Id="i273"><AttributeType>xyz</AttributeType><IsRequired>true</IsRequired><Value i:type="a:ArrayOfdouble" xmlns:a="http://schemas.microsoft.com/2003/10/Serialization/Arrays"><a:double>-0.00024358782977862425</a:double><a:double>0.029500099045563943</a:double><a:double>8.0114970213429615E-11</a:double></Value></Attribute><Attribute z:Id="i274"><AttributeType>rpy</AttributeType><IsRequired>true</IsRequired><Value i:type="a:ArrayOfdouble" xmlns:a="http://schemas.microsoft.com/2003/10/Serialization/Arrays"><a:double>0</a:double><a:double>0</a:double><a:double>0</a:double></Value></Attribute></Attributes><ChildElements/><ElementName>origin</ElementName><required>false</required><RPYAttribute z:Ref="i274"/><XYZAttribute z:Ref="i273"/><isCustomized>false</isCustomized></URDFElement><URDFElement z:Id="i275" i:type="Mass"><Attributes><Attribute z:Id="i276"><AttributeType>value</AttributeType><IsRequired>true</IsRequired><Value i:type="a:double" xmlns:a="http://www.w3.org/2001/XMLSchema">0.981706650902443</Value></Attribute></Attributes><ChildElements/><ElementName>mass</ElementName><required>false</required><ValueAttribute z:Ref="i276"/></URDFElement><URDFElement z:Id="i277" i:type="Inertia"><Attributes><Attribute z:Id="i278"><AttributeType>ixx</AttributeType><IsRequired>true</IsRequired><Value i:type="a:double" xmlns:a="http://www.w3.org/2001/XMLSchema">0.0016529912083484675</Value></Attribute><Attribute z:Id="i279"><AttributeType>ixy</AttributeType><IsRequired>true</IsRequired><Value i:type="a:double" xmlns:a="http://www.w3.org/2001/XMLSchema">-1.01249109871006E-05</Value></Attribute><Attribute z:Id="i280"><AttributeType>ixz</AttributeType><IsRequired>true</IsRequired><Value i:type="a:double" xmlns:a="http://www.w3.org/2001/XMLSchema">-1.4498411509295279E-08</Value></Attribute><Attribute z:Id="i281"><AttributeType>iyy</AttributeType><IsRequired>true</IsRequired><Value i:type="a:double" xmlns:a="http://www.w3.org/2001/XMLSchema">0.0028786195090139259</Value></Attribute><Attribute z:Id="i282"><AttributeType>iyz</AttributeType><IsRequired>true</IsRequired><Value i:type="a:double" xmlns:a="http://www.w3.org/2001/XMLSchema">7.25004217163637E-11</Value></Attribute><Attribute z:Id="i283"><AttributeType>izz</AttributeType><IsRequired>true</IsRequired><Value i:type="a:double" xmlns:a="http://www.w3.org/2001/XMLSchema">0.001652919882344762</Value></Attribute></Attributes><ChildElements/><ElementName>inertia</ElementName><required>false</required><IxxAttribute z:Ref="i278"/><IxyAttribute z:Ref="i279"/><IxzAttribute z:Ref="i280"/><IyyAttribute z:Ref="i281"/><IyzAttribute z:Ref="i282"/><IzzAttribute z:Ref="i283"/></URDFElement></ChildElements><ElementName>inertial</ElementName><required>false</required><Inertia z:Ref="i277"/><Mass z:Ref="i275"/><Origin z:Ref="i272"/></URDFElement><URDFElement z:Id="i284" i:type="Visual"><Attributes/><ChildElements><URDFElement z:Id="i285" i:type="Origin"><Attributes><Attribute z:Id="i286"><AttributeType>xyz</AttributeType><IsRequired>true</IsRequired><Value i:type="a:ArrayOfdouble" xmlns:a="http://schemas.microsoft.com/2003/10/Serialization/Arrays"><a:double>0</a:double><a:double>0</a:double><a:double>0</a:double></Value></Attribute><Attribute z:Id="i287"><AttributeType>rpy</AttributeType><IsRequired>true</IsRequired><Value i:type="a:ArrayOfdouble" xmlns:a="http://schemas.microsoft.com/2003/10/Serialization/Arrays"><a:double>0</a:double><a:double>0</a:double><a:double>0</a:double></Value></Attribute></Attributes><ChildElements/><ElementName>origin</ElementName><required>false</required><RPYAttribute z:Ref="i287"/><XYZAttribute z:Ref="i286"/><isCustomized>false</isCustomized></URDFElement><URDFElement z:Id="i288" i:type="Geometry"><Attributes/><ChildElements><URDFElement z:Id="i289" i:type="Mesh"><Attributes><Attribute z:Id="i290"><AttributeType>filename</AttributeType><IsRequired>true</IsRequired><Value i:nil="true"/></Attribute></Attributes><ChildElements/><ElementName>mesh</ElementName><required>false</required><FilenameAttribute z:Ref="i290"/></URDFElement></ChildElements><ElementName>geometry</ElementName><required>true</required><Mesh z:Ref="i289"/></URDFElement><URDFElement z:Id="i291" i:type="Material"><Attributes><Attribute z:Id="i292"><AttributeType>name</AttributeType><IsRequired>true</IsRequired><Value i:type="a:string" xmlns:a="http://www.w3.org/2001/XMLSchema"/></Attribute></Attributes><ChildElements><URDFElement z:Id="i293" i:type="Color"><Attributes><Attribute z:Id="i294"><AttributeType>rgba</AttributeType><IsRequired>true</IsRequired><Value i:type="a:ArrayOfdouble" xmlns:a="http://schemas.microsoft.com/2003/10/Serialization/Arrays"><a:double>0.2</a:double><a:double>0.2</a:double><a:double>0.2</a:double><a:double>1</a:double></Value></Attribute></Attributes><ChildElements/><ElementName>color</ElementName><required>false</required><RGBAAttribute z:Ref="i294"/></URDFElement><URDFElement z:Id="i295" i:type="Texture"><Attributes><Attribute z:Id="i296"><AttributeType>filename</AttributeType><IsRequired>true</IsRequired><Value i:nil="true"/></Attribute></Attributes><ChildElements/><ElementName>texture</ElementName><required>false</required><FilenameAttribute z:Ref="i296"/><wFilename/></URDFElement></ChildElements><ElementName>material</ElementName><required>false</required><Color z:Ref="i293"/><NameAttribute z:Ref="i292"/><Texture z:Ref="i295"/></URDFElement></ChildElements><ElementName>visual</ElementName><required>false</required><Geometry z:Ref="i288"/><Material z:Ref="i291"/><Origin z:Ref="i285"/></URDFElement><URDFElement z:Id="i297" i:type="Collision"><Attributes/><ChildElements><URDFElement z:Id="i298" i:type="Origin"><Attributes><Attribute z:Id="i299"><AttributeType>xyz</AttributeType><IsRequired>true</IsRequired><Value i:type="a:ArrayOfdouble" xmlns:a="http://schemas.microsoft.com/2003/10/Serialization/Arrays"><a:double>0</a:double><a:double>0</a:double><a:double>0</a:double></Value></Attribute><Attribute z:Id="i300"><AttributeType>rpy</AttributeType><IsRequired>true</IsRequired><Value i:type="a:ArrayOfdouble" xmlns:a="http://schemas.microsoft.com/2003/10/Serialization/Arrays"><a:double>0</a:double><a:double>0</a:double><a:double>0</a:double></Value></Attribute></Attributes><ChildElements/><ElementName>origin</ElementName><required>false</required><RPYAttribute z:Ref="i300"/><XYZAttribute z:Ref="i299"/><isCustomized>false</isCustomized></URDFElement><URDFElement z:Id="i301" i:type="Geometry"><Attributes/><ChildElements><URDFElement z:Id="i302" i:type="Mesh"><Attributes><Attribute z:Id="i303"><AttributeType>filename</AttributeType><IsRequired>true</IsRequired><Value i:nil="true"/></Attribute></Attributes><ChildElements/><ElementName>mesh</ElementName><required>false</required><FilenameAttribute z:Ref="i303"/></URDFElement></ChildElements><ElementName>geometry</ElementName><required>true</required><Mesh z:Ref="i302"/></URDFElement></ChildElements><ElementName>collision</ElementName><required>false</required><Geometry z:Ref="i301"/><Origin z:Ref="i298"/></URDFElement><URDFElement z:Id="i304" i:type="Joint"><Attributes><Attribute z:Id="i305"><AttributeType>name</AttributeType><IsRequired>true</IsRequired><Value i:type="a:string" xmlns:a="http://www.w3.org/2001/XMLSchema">left_wheel</Value></Attribute><Attribute z:Id="i306"><AttributeType>type</AttributeType><IsRequired>true</IsRequired><Value i:type="a:string" xmlns:a="http://www.w3.org/2001/XMLSchema">continuous</Value></Attribute></Attributes><ChildElements><URDFElement z:Id="i307" i:type="Origin"><Attributes><Attribute z:Id="i308"><AttributeType>xyz</AttributeType><IsRequired>true</IsRequired><Value i:type="a:ArrayOfdouble" xmlns:a="http://schemas.microsoft.com/2003/10/Serialization/Arrays"><a:double>-0.001314349174873275</a:double><a:double>0.17496781120736421</a:double><a:double>0.015000000004217529</a:double></Value></Attribute><Attribute z:Id="i309"><AttributeType>rpy</AttributeType><IsRequired>true</IsRequired><Value i:type="a:ArrayOfdouble" xmlns:a="http://schemas.microsoft.com/2003/10/Serialization/Arrays"><a:double>0</a:double><a:double>0</a:double><a:double>0</a:double></Value></Attribute></Attributes><ChildElements/><ElementName>origin</ElementName><required>false</required><RPYAttribute z:Ref="i309"/><XYZAttribute z:Ref="i308"/><isCustomized>false</isCustomized></URDFElement><URDFElement z:Id="i310" i:type="ParentLink"><Attributes><Attribute z:Id="i311"><AttributeType>link</AttributeType><IsRequired>true</IsRequired><Value i:type="a:string" xmlns:a="http://www.w3.org/2001/XMLSchema">base_link</Value></Attribute></Attributes><ChildElements/><ElementName>parent</ElementName><required>true</required><NameAttribute z:Ref="i311"/></URDFElement><URDFElement z:Id="i312" i:type="ChildLink"><Attributes><Attribute z:Id="i313"><AttributeType>link</AttributeType><IsRequired>true</IsRequired><Value i:type="a:string" xmlns:a="http://www.w3.org/2001/XMLSchema">left_wheel_link</Value></Attribute></Attributes><ChildElements/><ElementName>child</ElementName><required>true</required><NameAttribute z:Ref="i313"/></URDFElement><URDFElement z:Id="i314" i:type="Axis"><Attributes><Attribute z:Id="i315"><AttributeType>xyz</AttributeType><IsRequired>true</IsRequired><Value i:type="a:ArrayOfdouble" xmlns:a="http://schemas.microsoft.com/2003/10/Serialization/Arrays"><a:double>0.0082569110732628129</a:double><a:double>-0.99996591112873856</a:double><a:double>0</a:double></Value></Attribute></Attributes><ChildElements/><ElementName>axis</ElementName><required>false</required><XYZAttribute z:Ref="i315"/></URDFElement><URDFElement z:Id="i316" i:type="Limit"><Attributes><Attribute z:Id="i317"><AttributeType>lower</AttributeType><IsRequired>false</IsRequired><Value i:nil="true"/></Attribute><Attribute z:Id="i318"><AttributeType>upper</AttributeType><IsRequired>false</IsRequired><Value i:nil="true"/></Attribute><Attribute z:Id="i319"><AttributeType>effort</AttributeType><IsRequired>true</IsRequired><Value i:nil="true"/></Attribute><Attribute z:Id="i320"><AttributeType>velocity</AttributeType><IsRequired>true</IsRequired><Value i:nil="true"/></Attribute></Attributes><ChildElements/><ElementName>limit</ElementName><required>false</required><EffortAttribute z:Ref="i319"/><LowerAttribute z:Ref="i317"/><UpperAttribute z:Ref="i318"/><VelocityAttribute z:Ref="i320"/></URDFElement><URDFElement z:Id="i321" i:type="Calibration"><Attributes><Attribute z:Id="i322"><AttributeType>rising</AttributeType><IsRequired>false</IsRequired><Value i:nil="true"/></Attribute><Attribute z:Id="i323"><AttributeType>falling</AttributeType><IsRequired>false</IsRequired><Value i:nil="true"/></Attribute></Attributes><ChildElements/><ElementName>calibration</ElementName><required>false</required><FallingAttribute z:Ref="i323"/><RisingAttribute z:Ref="i322"/></URDFElement><URDFElement z:Id="i324" i:type="Dynamics"><Attributes><Attribute z:Id="i325"><AttributeType>damping</AttributeType><IsRequired>false</IsRequired><Value i:nil="true"/></Attribute><Attribute z:Id="i326"><AttributeType>friction</AttributeType><IsRequired>false</IsRequired><Value i:nil="true"/></Attribute></Attributes><ChildElements/><ElementName>dynamics</ElementName><required>false</required><DampingAttribute z:Ref="i325"/><FrictionAttribute z:Ref="i326"/></URDFElement><URDFElement z:Id="i327" i:type="SafetyController"><Attributes><Attribute z:Id="i328"><AttributeType>soft_upper_limit</AttributeType><IsRequired>false</IsRequired><Value i:nil="true"/></Attribute><Attribute z:Id="i329"><AttributeType>soft_lower_limit</AttributeType><IsRequired>false</IsRequired><Value i:nil="true"/></Attribute><Attribute z:Id="i330"><AttributeType>k_position</AttributeType><IsRequired>false</IsRequired><Value i:nil="true"/></Attribute><Attribute z:Id="i331"><AttributeType>k_velocity</AttributeType><IsRequired>true</IsRequired><Value i:nil="true"/></Attribute></Attributes><ChildElements/><ElementName>safety_controller</ElementName><required>false</required><KPositionAttribute z:Ref="i330"/><KVelocityAttribute z:Ref="i331"/><SoftLowerAttribute z:Ref="i329"/><SoftUpperAttribute z:Ref="i328"/></URDFElement><URDFElement z:Id="i332" i:type="Mimic"><Attributes><Attribute z:Id="i333"><AttributeType>joint</AttributeType><IsRequired>true</IsRequired><Value i:nil="true"/></Attribute><Attribute z:Id="i334"><AttributeType>multiplier</AttributeType><IsRequired>false</IsRequired><Value i:nil="true"/></Attribute><Attribute z:Id="i335"><AttributeType>offset</AttributeType><IsRequired>false</IsRequired><Value i:nil="true"/></Attribute></Attributes><ChildElements/><ElementName>mimic</ElementName><required>false</required><JointNameAttribute z:Ref="i333"/><MultiplierAttribute z:Ref="i334"/><OffsetAttribute z:Ref="i335"/></URDFElement></ChildElements><ElementName>joint</ElementName><required>false</required><Axis z:Ref="i314"/><AxisName>Axis3</AxisName><Calibration z:Ref="i321"/><Child z:Ref="i312"/><CoordinateSystemName>Coordinate System7</CoordinateSystemName><Dynamics z:Ref="i324"/><Limit z:Ref="i316"/><Mimic z:Ref="i332"/><NameAttribute z:Ref="i305"/><Origin z:Ref="i307"/><Parent z:Ref="i310"/><Safety z:Ref="i327"/><TypeAttribute z:Ref="i306"/></URDFElement></ChildElements><ElementName>link</ElementName><required>true</required><Children/><Collision z:Ref="i297"/><Inertial z:Ref="i271"/><Joint z:Ref="i304"/><NameAttribute z:Ref="i270"/><Parent z:Ref="i1"/><STLQualityFine>false</STLQualityFine><SWComponentPIDs xmlns:a="http://schemas.microsoft.com/2003/10/Serialization/Arrays"><a:base64Binary>aEIAAAUAAAD//v8SbQBvAHQAbwByAGUAZABpAHQALQAzAEAAcgBvAGIAbwBWADIABAAAABAAAAABAAAAAQAAAMoCAAA=</a:base64Binary></SWComponentPIDs><SWMainComponentPID i:nil="true"/><Visual z:Ref="i284"/><isFixedFrame>false</isFixedFrame><isIncomplete>false</isIncomplete></Link><Link z:Id="i336"><Attributes><Attribute z:Id="i337"><AttributeType>name</AttributeType><IsRequired>true</IsRequired><Value i:type="a:string" xmlns:a="http://www.w3.org/2001/XMLSchema">camera_link</Value></Attribute></Attributes><ChildElements><URDFElement z:Id="i338" i:type="Inertial"><Attributes/><ChildElements><URDFElement z:Id="i339" i:type="Origin"><Attributes><Attribute z:Id="i340"><AttributeType>xyz</AttributeType><IsRequired>true</IsRequired><Value i:type="a:ArrayOfdouble" xmlns:a="http://schemas.microsoft.com/2003/10/Serialization/Arrays"><a:double>-0.028697404385694236</a:double><a:double>-0.0031532314154304464</a:double><a:double>-0.00696427170361813</a:double></Value></Attribute><Attribute z:Id="i341"><AttributeType>rpy</AttributeType><IsRequired>true</IsRequired><Value i:type="a:ArrayOfdouble" xmlns:a="http://schemas.microsoft.com/2003/10/Serialization/Arrays"><a:double>0</a:double><a:double>0</a:double><a:double>0</a:double></Value></Attribute></Attributes><ChildElements/><ElementName>origin</ElementName><required>false</required><RPYAttribute z:Ref="i341"/><XYZAttribute z:Ref="i340"/><isCustomized>false</isCustomized></URDFElement><URDFElement z:Id="i342" i:type="Mass"><Attributes><Attribute z:Id="i343"><AttributeType>value</AttributeType><IsRequired>true</IsRequired><Value i:type="a:double" xmlns:a="http://www.w3.org/2001/XMLSchema">0.64645488472217072</Value></Attribute></Attributes><ChildElements/><ElementName>mass</ElementName><required>false</required><ValueAttribute z:Ref="i343"/></URDFElement><URDFElement z:Id="i344" i:type="Inertia"><Attributes><Attribute z:Id="i345"><AttributeType>ixx</AttributeType><IsRequired>true</IsRequired><Value i:type="a:double" xmlns:a="http://www.w3.org/2001/XMLSchema">0.0028423827313704014</Value></Attribute><Attribute z:Id="i346"><AttributeType>ixy</AttributeType><IsRequired>true</IsRequired><Value i:type="a:double" xmlns:a="http://www.w3.org/2001/XMLSchema">1.8727304572263632E-05</Value></Attribute><Attribute z:Id="i347"><AttributeType>ixz</AttributeType><IsRequired>true</IsRequired><Value i:type="a:double" xmlns:a="http://www.w3.org/2001/XMLSchema">1.4807509093608278E-07</Value></Attribute><Attribute z:Id="i348"><AttributeType>iyy</AttributeType><IsRequired>true</IsRequired><Value i:type="a:double" xmlns:a="http://www.w3.org/2001/XMLSchema">0.00026375863424418566</Value></Attribute><Attribute z:Id="i349"><AttributeType>iyz</AttributeType><IsRequired>true</IsRequired><Value i:type="a:double" xmlns:a="http://www.w3.org/2001/XMLSchema">-3.3373612821434487E-08</Value></Attribute><Attribute z:Id="i350"><AttributeType>izz</AttributeType><IsRequired>true</IsRequired><Value i:type="a:double" xmlns:a="http://www.w3.org/2001/XMLSchema">0.0029627405896730762</Value></Attribute></Attributes><ChildElements/><ElementName>inertia</ElementName><required>false</required><IxxAttribute z:Ref="i345"/><IxyAttribute z:Ref="i346"/><IxzAttribute z:Ref="i347"/><IyyAttribute z:Ref="i348"/><IyzAttribute z:Ref="i349"/><IzzAttribute z:Ref="i350"/></URDFElement></ChildElements><ElementName>inertial</ElementName><required>false</required><Inertia z:Ref="i344"/><Mass z:Ref="i342"/><Origin z:Ref="i339"/></URDFElement><URDFElement z:Id="i351" i:type="Visual"><Attributes/><ChildElements><URDFElement z:Id="i352" i:type="Origin"><Attributes><Attribute z:Id="i353"><AttributeType>xyz</AttributeType><IsRequired>true</IsRequired><Value i:type="a:ArrayOfdouble" xmlns:a="http://schemas.microsoft.com/2003/10/Serialization/Arrays"><a:double>0</a:double><a:double>0</a:double><a:double>0</a:double></Value></Attribute><Attribute z:Id="i354"><AttributeType>rpy</AttributeType><IsRequired>true</IsRequired><Value i:type="a:ArrayOfdouble" xmlns:a="http://schemas.microsoft.com/2003/10/Serialization/Arrays"><a:double>0</a:double><a:double>0</a:double><a:double>0</a:double></Value></Attribute></Attributes><ChildElements/><ElementName>origin</ElementName><required>false</required><RPYAttribute z:Ref="i354"/><XYZAttribute z:Ref="i353"/><isCustomized>false</isCustomized></URDFElement><URDFElement z:Id="i355" i:type="Geometry"><Attributes/><ChildElements><URDFElement z:Id="i356" i:type="Mesh"><Attributes><Attribute z:Id="i357"><AttributeType>filename</AttributeType><IsRequired>true</IsRequired><Value i:nil="true"/></Attribute></Attributes><ChildElements/><ElementName>mesh</ElementName><required>false</required><FilenameAttribute z:Ref="i357"/></URDFElement></ChildElements><ElementName>geometry</ElementName><required>true</required><Mesh z:Ref="i356"/></URDFElement><URDFElement z:Id="i358" i:type="Material"><Attributes><Attribute z:Id="i359"><AttributeType>name</AttributeType><IsRequired>true</IsRequired><Value i:type="a:string" xmlns:a="http://www.w3.org/2001/XMLSchema"/></Attribute></Attributes><ChildElements><URDFElement z:Id="i360" i:type="Color"><Attributes><Attribute z:Id="i361"><AttributeType>rgba</AttributeType><IsRequired>true</IsRequired><Value i:type="a:ArrayOfdouble" xmlns:a="http://schemas.microsoft.com/2003/10/Serialization/Arrays"><a:double>0.75294117647058822</a:double><a:double>0.75294117647058822</a:double><a:double>0.75294117647058822</a:double><a:double>1</a:double></Value></Attribute></Attributes><ChildElements/><ElementName>color</ElementName><required>false</required><RGBAAttribute z:Ref="i361"/></URDFElement><URDFElement z:Id="i362" i:type="Texture"><Attributes><Attribute z:Id="i363"><AttributeType>filename</AttributeType><IsRequired>true</IsRequired><Value i:nil="true"/></Attribute></Attributes><ChildElements/><ElementName>texture</ElementName><required>false</required><FilenameAttribute z:Ref="i363"/><wFilename/></URDFElement></ChildElements><ElementName>material</ElementName><required>false</required><Color z:Ref="i360"/><NameAttribute z:Ref="i359"/><Texture z:Ref="i362"/></URDFElement></ChildElements><ElementName>visual</ElementName><required>false</required><Geometry z:Ref="i355"/><Material z:Ref="i358"/><Origin z:Ref="i352"/></URDFElement><URDFElement z:Id="i364" i:type="Collision"><Attributes/><ChildElements><URDFElement z:Id="i365" i:type="Origin"><Attributes><Attribute z:Id="i366"><AttributeType>xyz</AttributeType><IsRequired>true</IsRequired><Value i:type="a:ArrayOfdouble" xmlns:a="http://schemas.microsoft.com/2003/10/Serialization/Arrays"><a:double>0</a:double><a:double>0</a:double><a:double>0</a:double></Value></Attribute><Attribute z:Id="i367"><AttributeType>rpy</AttributeType><IsRequired>true</IsRequired><Value i:type="a:ArrayOfdouble" xmlns:a="http://schemas.microsoft.com/2003/10/Serialization/Arrays"><a:double>0</a:double><a:double>0</a:double><a:double>0</a:double></Value></Attribute></Attributes><ChildElements/><ElementName>origin</ElementName><required>false</required><RPYAttribute z:Ref="i367"/><XYZAttribute z:Ref="i366"/><isCustomized>false</isCustomized></URDFElement><URDFElement z:Id="i368" i:type="Geometry"><Attributes/><ChildElements><URDFElement z:Id="i369" i:type="Mesh"><Attributes><Attribute z:Id="i370"><AttributeType>filename</AttributeType><IsRequired>true</IsRequired><Value i:nil="true"/></Attribute></Attributes><ChildElements/><ElementName>mesh</ElementName><required>false</required><FilenameAttribute z:Ref="i370"/></URDFElement></ChildElements><ElementName>geometry</ElementName><required>true</required><Mesh z:Ref="i369"/></URDFElement></ChildElements><ElementName>collision</ElementName><required>false</required><Geometry z:Ref="i368"/><Origin z:Ref="i365"/></URDFElement><URDFElement z:Id="i371" i:type="Joint"><Attributes><Attribute z:Id="i372"><AttributeType>name</AttributeType><IsRequired>true</IsRequired><Value i:type="a:string" xmlns:a="http://www.w3.org/2001/XMLSchema">cam</Value></Attribute><Attribute z:Id="i373"><AttributeType>type</AttributeType><IsRequired>true</IsRequired><Value i:type="a:string" xmlns:a="http://www.w3.org/2001/XMLSchema">fixed</Value></Attribute></Attributes><ChildElements><URDFElement z:Id="i374" i:type="Origin"><Attributes><Attribute z:Id="i375"><AttributeType>xyz</AttributeType><IsRequired>true</IsRequired><Value i:type="a:ArrayOfdouble" xmlns:a="http://schemas.microsoft.com/2003/10/Serialization/Arrays"><a:double>0.26495227055491077</a:double><a:double>0.0053582123173611662</a:double><a:double>0.28442516461510226</a:double></Value></Attribute><Attribute z:Id="i376"><AttributeType>rpy</AttributeType><IsRequired>true</IsRequired><Value i:type="a:ArrayOfdouble" xmlns:a="http://schemas.microsoft.com/2003/10/Serialization/Arrays"><a:double>0</a:double><a:double>0</a:double><a:double>0</a:double></Value></Attribute></Attributes><ChildElements/><ElementName>origin</ElementName><required>false</required><RPYAttribute z:Ref="i376"/><XYZAttribute z:Ref="i375"/><isCustomized>false</isCustomized></URDFElement><URDFElement z:Id="i377" i:type="ParentLink"><Attributes><Attribute z:Id="i378"><AttributeType>link</AttributeType><IsRequired>true</IsRequired><Value i:type="a:string" xmlns:a="http://www.w3.org/2001/XMLSchema">base_link</Value></Attribute></Attributes><ChildElements/><ElementName>parent</ElementName><required>true</required><NameAttribute z:Ref="i378"/></URDFElement><URDFElement z:Id="i379" i:type="ChildLink"><Attributes><Attribute z:Id="i380"><AttributeType>link</AttributeType><IsRequired>true</IsRequired><Value i:type="a:string" xmlns:a="http://www.w3.org/2001/XMLSchema">camera_link</Value></Attribute></Attributes><ChildElements/><ElementName>child</ElementName><required>true</required><NameAttribute z:Ref="i380"/></URDFElement><URDFElement z:Id="i381" i:type="Axis"><Attributes><Attribute z:Id="i382"><AttributeType>xyz</AttributeType><IsRequired>true</IsRequired><Value i:type="a:ArrayOfdouble" xmlns:a="http://schemas.microsoft.com/2003/10/Serialization/Arrays"><a:double>0</a:double><a:double>0</a:double><a:double>0</a:double></Value></Attribute></Attributes><ChildElements/><ElementName>axis</ElementName><required>false</required><XYZAttribute z:Ref="i382"/></URDFElement><URDFElement z:Id="i383" i:type="Limit"><Attributes><Attribute z:Id="i384"><AttributeType>lower</AttributeType><IsRequired>false</IsRequired><Value i:nil="true"/></Attribute><Attribute z:Id="i385"><AttributeType>upper</AttributeType><IsRequired>false</IsRequired><Value i:nil="true"/></Attribute><Attribute z:Id="i386"><AttributeType>effort</AttributeType><IsRequired>true</IsRequired><Value i:nil="true"/></Attribute><Attribute z:Id="i387"><AttributeType>velocity</AttributeType><IsRequired>true</IsRequired><Value i:nil="true"/></Attribute></Attributes><ChildElements/><ElementName>limit</ElementName><required>false</required><EffortAttribute z:Ref="i386"/><LowerAttribute z:Ref="i384"/><UpperAttribute z:Ref="i385"/><VelocityAttribute z:Ref="i387"/></URDFElement><URDFElement z:Id="i388" i:type="Calibration"><Attributes><Attribute z:Id="i389"><AttributeType>rising</AttributeType><IsRequired>false</IsRequired><Value i:nil="true"/></Attribute><Attribute z:Id="i390"><AttributeType>falling</AttributeType><IsRequired>false</IsRequired><Value i:nil="true"/></Attribute></Attributes><ChildElements/><ElementName>calibration</ElementName><required>false</required><FallingAttribute z:Ref="i390"/><RisingAttribute z:Ref="i389"/></URDFElement><URDFElement z:Id="i391" i:type="Dynamics"><Attributes><Attribute z:Id="i392"><AttributeType>damping</AttributeType><IsRequired>false</IsRequired><Value i:nil="true"/></Attribute><Attribute z:Id="i393"><AttributeType>friction</AttributeType><IsRequired>false</IsRequired><Value i:nil="true"/></Attribute></Attributes><ChildElements/><ElementName>dynamics</ElementName><required>false</required><DampingAttribute z:Ref="i392"/><FrictionAttribute z:Ref="i393"/></URDFElement><URDFElement z:Id="i394" i:type="SafetyController"><Attributes><Attribute z:Id="i395"><AttributeType>soft_upper_limit</AttributeType><IsRequired>false</IsRequired><Value i:nil="true"/></Attribute><Attribute z:Id="i396"><AttributeType>soft_lower_limit</AttributeType><IsRequired>false</IsRequired><Value i:nil="true"/></Attribute><Attribute z:Id="i397"><AttributeType>k_position</AttributeType><IsRequired>false</IsRequired><Value i:nil="true"/></Attribute><Attribute z:Id="i398"><AttributeType>k_velocity</AttributeType><IsRequired>true</IsRequired><Value i:nil="true"/></Attribute></Attributes><ChildElements/><ElementName>safety_controller</ElementName><required>false</required><KPositionAttribute z:Ref="i397"/><KVelocityAttribute z:Ref="i398"/><SoftLowerAttribute z:Ref="i396"/><SoftUpperAttribute z:Ref="i395"/></URDFElement><URDFElement z:Id="i399" i:type="Mimic"><Attributes><Attribute z:Id="i400"><AttributeType>joint</AttributeType><IsRequired>true</IsRequired><Value i:nil="true"/></Attribute><Attribute z:Id="i401"><AttributeType>multiplier</AttributeType><IsRequired>false</IsRequired><Value i:nil="true"/></Attribute><Attribute z:Id="i402"><AttributeType>offset</AttributeType><IsRequired>false</IsRequired><Value i:nil="true"/></Attribute></Attributes><ChildElements/><ElementName>mimic</ElementName><required>false</required><JointNameAttribute z:Ref="i400"/><MultiplierAttribute z:Ref="i401"/><OffsetAttribute z:Ref="i402"/></URDFElement></ChildElements><ElementName>joint</ElementName><required>false</required><Axis z:Ref="i381"/><AxisName>Axis_cam</AxisName><Calibration z:Ref="i388"/><Child z:Ref="i379"/><CoordinateSystemName>Coordinate System8</CoordinateSystemName><Dynamics z:Ref="i391"/><Limit z:Ref="i383"/><Mimic z:Ref="i399"/><NameAttribute z:Ref="i372"/><Origin z:Ref="i374"/><Parent z:Ref="i377"/><Safety z:Ref="i394"/><TypeAttribute z:Ref="i373"/></URDFElement></ChildElements><ElementName>link</ElementName><required>true</required><Children/><Collision z:Ref="i364"/><Inertial z:Ref="i338"/><Joint z:Ref="i371"/><NameAttribute z:Ref="i337"/><Parent z:Ref="i1"/><STLQualityFine>false</STLQualityFine><SWComponentPIDs xmlns:a="http://schemas.microsoft.com/2003/10/Serialization/Arrays"><a:base64Binary>aEIAAAUAAAD//v8VZgBpAG4AYQBsACAAawBpAG4AZQBjAHQALQAxAEAAcgBvAGIAbwBWADIABAAAABAAAAABAAAAAQAAAN4HAAA=</a:base64Binary></SWComponentPIDs><SWMainComponentPID i:nil="true"/><Visual z:Ref="i351"/><isFixedFrame>false</isFixedFrame><isIncomplete>false</isIncomplete></Link><Link z:Id="i403"><Attributes><Attribute z:Id="i404"><AttributeType>name</AttributeType><IsRequired>true</IsRequired><Value i:type="a:string" xmlns:a="http://www.w3.org/2001/XMLSchema">caster_frle_Link</Value></Attribute></Attributes><ChildElements><URDFElement z:Id="i405" i:type="Inertial"><Attributes/><ChildElements><URDFElement z:Id="i406" i:type="Origin"><Attributes><Attribute z:Id="i407"><AttributeType>xyz</AttributeType><IsRequired>true</IsRequired><Value i:type="a:ArrayOfdouble" xmlns:a="http://schemas.microsoft.com/2003/10/Serialization/Arrays"><a:double>1.6513822147401491E-05</a:double><a:double>-0.0019999318222541085</a:double><a:double>1.27675647831893E-15</a:double></Value></Attribute><Attribute z:Id="i408"><AttributeType>rpy</AttributeType><IsRequired>true</IsRequired><Value i:type="a:ArrayOfdouble" xmlns:a="http://schemas.microsoft.com/2003/10/Serialization/Arrays"><a:double>0</a:double><a:double>0</a:double><a:double>0</a:double></Value></Attribute></Attributes><ChildElements/><ElementName>origin</ElementName><required>false</required><RPYAttribute z:Ref="i408"/><XYZAttribute z:Ref="i407"/><isCustomized>false</isCustomized></URDFElement><URDFElement z:Id="i409" i:type="Mass"><Attributes><Attribute z:Id="i410"><AttributeType>value</AttributeType><IsRequired>true</IsRequired><Value i:type="a:double" xmlns:a="http://www.w3.org/2001/XMLSchema">0.014877012011074475</Value></Attribute></Attributes><ChildElements/><ElementName>mass</ElementName><required>false</required><ValueAttribute z:Ref="i410"/></URDFElement><URDFElement z:Id="i411" i:type="Inertia"><Attributes><Attribute z:Id="i412"><AttributeType>ixx</AttributeType><IsRequired>true</IsRequired><Value i:type="a:double" xmlns:a="http://www.w3.org/2001/XMLSchema">1.5308537792914318E-06</Value></Attribute><Attribute z:Id="i413"><AttributeType>ixy</AttributeType><IsRequired>true</IsRequired><Value i:type="a:double" xmlns:a="http://www.w3.org/2001/XMLSchema">-8.6265278990257E-09</Value></Attribute><Attribute z:Id="i414"><AttributeType>ixz</AttributeType><IsRequired>true</IsRequired><Value i:type="a:double" xmlns:a="http://www.w3.org/2001/XMLSchema">4.0603049123285155E-22</Value></Attribute><Attribute z:Id="i415"><AttributeType>iyy</AttributeType><IsRequired>true</IsRequired><Value i:type="a:double" xmlns:a="http://www.w3.org/2001/XMLSchema">2.5755114735153528E-06</Value></Attribute><Attribute z:Id="i416"><AttributeType>iyz</AttributeType><IsRequired>true</IsRequired><Value i:type="a:double" xmlns:a="http://www.w3.org/2001/XMLSchema">-3.5675278598144863E-21</Value></Attribute><Attribute z:Id="i417"><AttributeType>izz</AttributeType><IsRequired>true</IsRequired><Value i:type="a:double" xmlns:a="http://www.w3.org/2001/XMLSchema">1.5307825483895168E-06</Value></Attribute></Attributes><ChildElements/><ElementName>inertia</ElementName><required>false</required><IxxAttribute z:Ref="i412"/><IxyAttribute z:Ref="i413"/><IxzAttribute z:Ref="i414"/><IyyAttribute z:Ref="i415"/><IyzAttribute z:Ref="i416"/><IzzAttribute z:Ref="i417"/></URDFElement></ChildElements><ElementName>inertial</ElementName><required>false</required><Inertia z:Ref="i411"/><Mass z:Ref="i409"/><Origin z:Ref="i406"/></URDFElement><URDFElement z:Id="i418" i:type="Visual"><Attributes/><ChildElements><URDFElement z:Id="i419" i:type="Origin"><Attributes><Attribute z:Id="i420"><AttributeType>xyz</AttributeType><IsRequired>true</IsRequired><Value i:type="a:ArrayOfdouble" xmlns:a="http://schemas.microsoft.com/2003/10/Serialization/Arrays"><a:double>0</a:double><a:double>0</a:double><a:double>0</a:double></Value></Attribute><Attribute z:Id="i421"><AttributeType>rpy</AttributeType><IsRequired>true</IsRequired><Value i:type="a:ArrayOfdouble" xmlns:a="http://schemas.microsoft.com/2003/10/Serialization/Arrays"><a:double>0</a:double><a:double>0</a:double><a:double>0</a:double></Value></Attribute></Attributes><ChildElements/><ElementName>origin</ElementName><required>false</required><RPYAttribute z:Ref="i421"/><XYZAttribute z:Ref="i420"/><isCustomized>false</isCustomized></URDFElement><URDFElement z:Id="i422" i:type="Geometry"><Attributes/><ChildElements><URDFElement z:Id="i423" i:type="Mesh"><Attributes><Attribute z:Id="i424"><AttributeType>filename</AttributeType><IsRequired>true</IsRequired><Value i:nil="true"/></Attribute></Attributes><ChildElements/><ElementName>mesh</ElementName><required>false</required><FilenameAttribute z:Ref="i424"/></URDFElement></ChildElements><ElementName>geometry</ElementName><required>true</required><Mesh z:Ref="i423"/></URDFElement><URDFElement z:Id="i425" i:type="Material"><Attributes><Attribute z:Id="i426"><AttributeType>name</AttributeType><IsRequired>true</IsRequired><Value i:type="a:string" xmlns:a="http://www.w3.org/2001/XMLSchema"/></Attribute></Attributes><ChildElements><URDFElement z:Id="i427" i:type="Color"><Attributes><Attribute z:Id="i428"><AttributeType>rgba</AttributeType><IsRequired>true</IsRequired><Value i:type="a:ArrayOfdouble" xmlns:a="http://schemas.microsoft.com/2003/10/Serialization/Arrays"><a:double>0.792156862745098</a:double><a:double>0.81960784313725488</a:double><a:double>0.93333333333333335</a:double><a:double>1</a:double></Value></Attribute></Attributes><ChildElements/><ElementName>color</ElementName><required>false</required><RGBAAttribute z:Ref="i428"/></URDFElement><URDFElement z:Id="i429" i:type="Texture"><Attributes><Attribute z:Id="i430"><AttributeType>filename</AttributeType><IsRequired>true</IsRequired><Value i:nil="true"/></Attribute></Attributes><ChildElements/><ElementName>texture</ElementName><required>false</required><FilenameAttribute z:Ref="i430"/><wFilename/></URDFElement></ChildElements><ElementName>material</ElementName><required>false</required><Color z:Ref="i427"/><NameAttribute z:Ref="i426"/><Texture z:Ref="i429"/></URDFElement></ChildElements><ElementName>visual</ElementName><required>false</required><Geometry z:Ref="i422"/><Material z:Ref="i425"/><Origin z:Ref="i419"/></URDFElement><URDFElement z:Id="i431" i:type="Collision"><Attributes/><ChildElements><URDFElement z:Id="i432" i:type="Origin"><Attributes><Attribute z:Id="i433"><AttributeType>xyz</AttributeType><IsRequired>true</IsRequired><Value i:type="a:ArrayOfdouble" xmlns:a="http://schemas.microsoft.com/2003/10/Serialization/Arrays"><a:double>0</a:double><a:double>0</a:double><a:double>0</a:double></Value></Attribute><Attribute z:Id="i434"><AttributeType>rpy</AttributeType><IsRequired>true</IsRequired><Value i:type="a:ArrayOfdouble" xmlns:a="http://schemas.microsoft.com/2003/10/Serialization/Arrays"><a:double>0</a:double><a:double>0</a:double><a:double>0</a:double></Value></Attribute></Attributes><ChildElements/><ElementName>origin</ElementName><required>false</required><RPYAttribute z:Ref="i434"/><XYZAttribute z:Ref="i433"/><isCustomized>false</isCustomized></URDFElement><URDFElement z:Id="i435" i:type="Geometry"><Attributes/><ChildElements><URDFElement z:Id="i436" i:type="Mesh"><Attributes><Attribute z:Id="i437"><AttributeType>filename</AttributeType><IsRequired>true</IsRequired><Value i:nil="true"/></Attribute></Attributes><ChildElements/><ElementName>mesh</ElementName><required>false</required><FilenameAttribute z:Ref="i437"/></URDFElement></ChildElements><ElementName>geometry</ElementName><required>true</required><Mesh z:Ref="i436"/></URDFElement></ChildElements><ElementName>collision</ElementName><required>false</required><Geometry z:Ref="i435"/><Origin z:Ref="i432"/></URDFElement><URDFElement z:Id="i438" i:type="Joint"><Attributes><Attribute z:Id="i439"><AttributeType>name</AttributeType><IsRequired>true</IsRequired><Value i:type="a:string" xmlns:a="http://www.w3.org/2001/XMLSchema">frle_caster</Value></Attribute><Attribute z:Id="i440"><AttributeType>type</AttributeType><IsRequired>true</IsRequired><Value i:type="a:string" xmlns:a="http://www.w3.org/2001/XMLSchema">revolute</Value></Attribute></Attributes><ChildElements><URDFElement z:Id="i441" i:type="Origin"><Attributes><Attribute z:Id="i442"><AttributeType>xyz</AttributeType><IsRequired>true</IsRequired><Value i:type="a:ArrayOfdouble" xmlns:a="http://schemas.microsoft.com/2003/10/Serialization/Arrays"><a:double>0.23038321867214695</a:double><a:double>-0.084998630059868019</a:double><a:double>-0.047949999995792636</a:double></Value></Attribute><Attribute z:Id="i443"><AttributeType>rpy</AttributeType><IsRequired>true</IsRequired><Value i:type="a:ArrayOfdouble" xmlns:a="http://schemas.microsoft.com/2003/10/Serialization/Arrays"><a:double>0</a:double><a:double>0</a:double><a:double>0</a:double></Value></Attribute></Attributes><ChildElements/><ElementName>origin</ElementName><required>false</required><RPYAttribute z:Ref="i443"/><XYZAttribute z:Ref="i442"/><isCustomized>false</isCustomized></URDFElement><URDFElement z:Id="i444" i:type="ParentLink"><Attributes><Attribute z:Id="i445"><AttributeType>link</AttributeType><IsRequired>true</IsRequired><Value i:type="a:string" xmlns:a="http://www.w3.org/2001/XMLSchema">base_link</Value></Attribute></Attributes><ChildElements/><ElementName>parent</ElementName><required>true</required><NameAttribute z:Ref="i445"/></URDFElement><URDFElement z:Id="i446" i:type="ChildLink"><Attributes><Attribute z:Id="i447"><AttributeType>link</AttributeType><IsRequired>true</IsRequired><Value i:type="a:string" xmlns:a="http://www.w3.org/2001/XMLSchema">caster_frle_Link</Value></Attribute></Attributes><ChildElements/><ElementName>child</ElementName><required>true</required><NameAttribute z:Ref="i447"/></URDFElement><URDFElement z:Id="i448" i:type="Axis"><Attributes><Attribute z:Id="i449"><AttributeType>xyz</AttributeType><IsRequired>true</IsRequired><Value i:type="a:ArrayOfdouble" xmlns:a="http://schemas.microsoft.com/2003/10/Serialization/Arrays"><a:double>-0.0082569110732591683</a:double><a:double>0.99996591112873856</a:double><a:double>0</a:double></Value></Attribute></Attributes><ChildElements/><ElementName>axis</ElementName><required>false</required><XYZAttribute z:Ref="i449"/></URDFElement><URDFElement z:Id="i450" i:type="Limit"><Attributes><Attribute z:Id="i451"><AttributeType>lower</AttributeType><IsRequired>false</IsRequired><Value i:nil="true"/></Attribute><Attribute z:Id="i452"><AttributeType>upper</AttributeType><IsRequired>false</IsRequired><Value i:nil="true"/></Attribute><Attribute z:Id="i453"><AttributeType>effort</AttributeType><IsRequired>true</IsRequired><Value i:nil="true"/></Attribute><Attribute z:Id="i454"><AttributeType>velocity</AttributeType><IsRequired>true</IsRequired><Value i:nil="true"/></Attribute></Attributes><ChildElements/><ElementName>limit</ElementName><required>false</required><EffortAttribute z:Ref="i453"/><LowerAttribute z:Ref="i451"/><UpperAttribute z:Ref="i452"/><VelocityAttribute z:Ref="i454"/></URDFElement><URDFElement z:Id="i455" i:type="Calibration"><Attributes><Attribute z:Id="i456"><AttributeType>rising</AttributeType><IsRequired>false</IsRequired><Value i:nil="true"/></Attribute><Attribute z:Id="i457"><AttributeType>falling</AttributeType><IsRequired>false</IsRequired><Value i:nil="true"/></Attribute></Attributes><ChildElements/><ElementName>calibration</ElementName><required>false</required><FallingAttribute z:Ref="i457"/><RisingAttribute z:Ref="i456"/></URDFElement><URDFElement z:Id="i458" i:type="Dynamics"><Attributes><Attribute z:Id="i459"><AttributeType>damping</AttributeType><IsRequired>false</IsRequired><Value i:nil="true"/></Attribute><Attribute z:Id="i460"><AttributeType>friction</AttributeType><IsRequired>false</IsRequired><Value i:nil="true"/></Attribute></Attributes><ChildElements/><ElementName>dynamics</ElementName><required>false</required><DampingAttribute z:Ref="i459"/><FrictionAttribute z:Ref="i460"/></URDFElement><URDFElement z:Id="i461" i:type="SafetyController"><Attributes><Attribute z:Id="i462"><AttributeType>soft_upper_limit</AttributeType><IsRequired>false</IsRequired><Value i:nil="true"/></Attribute><Attribute z:Id="i463"><AttributeType>soft_lower_limit</AttributeType><IsRequired>false</IsRequired><Value i:nil="true"/></Attribute><Attribute z:Id="i464"><AttributeType>k_position</AttributeType><IsRequired>false</IsRequired><Value i:nil="true"/></Attribute><Attribute z:Id="i465"><AttributeType>k_velocity</AttributeType><IsRequired>true</IsRequired><Value i:nil="true"/></Attribute></Attributes><ChildElements/><ElementName>safety_controller</ElementName><required>false</required><KPositionAttribute z:Ref="i464"/><KVelocityAttribute z:Ref="i465"/><SoftLowerAttribute z:Ref="i463"/><SoftUpperAttribute z:Ref="i462"/></URDFElement><URDFElement z:Id="i466" i:type="Mimic"><Attributes><Attribute z:Id="i467"><AttributeType>joint</AttributeType><IsRequired>true</IsRequired><Value i:nil="true"/></Attribute><Attribute z:Id="i468"><AttributeType>multiplier</AttributeType><IsRequired>false</IsRequired><Value i:nil="true"/></Attribute><Attribute z:Id="i469"><AttributeType>offset</AttributeType><IsRequired>false</IsRequired><Value i:nil="true"/></Attribute></Attributes><ChildElements/><ElementName>mimic</ElementName><required>false</required><JointNameAttribute z:Ref="i467"/><MultiplierAttribute z:Ref="i468"/><OffsetAttribute z:Ref="i469"/></URDFElement></ChildElements><ElementName>joint</ElementName><required>false</required><Axis z:Ref="i448"/><AxisName>Axis4_fr_le</AxisName><Calibration z:Ref="i455"/><Child z:Ref="i446"/><CoordinateSystemName>Coordinate System17</CoordinateSystemName><Dynamics z:Ref="i458"/><Limit z:Ref="i450"/><Mimic z:Ref="i466"/><NameAttribute z:Ref="i439"/><Origin z:Ref="i441"/><Parent z:Ref="i444"/><Safety z:Ref="i461"/><TypeAttribute z:Ref="i440"/></URDFElement></ChildElements><ElementName>link</ElementName><required>true</required><Children/><Collision z:Ref="i431"/><Inertial z:Ref="i405"/><Joint z:Ref="i438"/><NameAttribute z:Ref="i404"/><Parent z:Ref="i1"/><STLQualityFine>false</STLQualityFine><SWComponentPIDs xmlns:a="http://schemas.microsoft.com/2003/10/Serialization/Arrays"><a:base64Binary>aEIAAAUAAAD//v94YwB1AG0AXwBkAGEAaAB1AG8AbgBnAF8AdAByAHUAbwBjAF8AcwBhAHUALQA1AEAAcgBvAGIAbwBWADIALwBzAHUAcwBwAGUAbgBzAGkAbwBuAF8AdgAyAC0AMQBAAGMAdQBtAF8AZABhAGgAdQBvAG4AZwBfAHQAcgB1AG8AYwBfAHMAYQB1AC8AYgBhAG4AaABkAGEAaAB1AG8AbgBnAC0AMQBAAHMAdQBzAHAAZQBuAHMAaQBvAG4AXwB2ADIALwBiAGEAbgBoAF8AZQBhAHMAeQAtADEAQABiAGEAbgBoAGQAYQBoAHUAbwBuAGcABAAAABAAAAABAAAABAAAABkGAAArAAAAdAAAAEEAAAA=</a:base64Binary></SWComponentPIDs><SWMainComponentPID i:nil="true"/><Visual z:Ref="i418"/><isFixedFrame>false</isFixedFrame><isIncomplete>false</isIncomplete></Link><Link z:Id="i470"><Attributes><Attribute z:Id="i471"><AttributeType>name</AttributeType><IsRequired>true</IsRequired><Value i:type="a:string" xmlns:a="http://www.w3.org/2001/XMLSchema">caster_frrig_Link</Value></Attribute></Attributes><ChildElements><URDFElement z:Id="i472" i:type="Inertial"><Attributes/><ChildElements><URDFElement z:Id="i473" i:type="Origin"><Attributes><Attribute z:Id="i474"><AttributeType>xyz</AttributeType><IsRequired>true</IsRequired><Value i:type="a:ArrayOfdouble" xmlns:a="http://schemas.microsoft.com/2003/10/Serialization/Arrays"><a:double>1.6513822147290469E-05</a:double><a:double>-0.0019999318222541085</a:double><a:double>1.3322676295501878E-15</a:double></Value></Attribute><Attribute z:Id="i475"><AttributeType>rpy</AttributeType><IsRequired>true</IsRequired><Value i:type="a:ArrayOfdouble" xmlns:a="http://schemas.microsoft.com/2003/10/Serialization/Arrays"><a:double>0</a:double><a:double>0</a:double><a:double>0</a:double></Value></Attribute></Attributes><ChildElements/><ElementName>origin</ElementName><required>false</required><RPYAttribute z:Ref="i475"/><XYZAttribute z:Ref="i474"/><isCustomized>false</isCustomized></URDFElement><URDFElement z:Id="i476" i:type="Mass"><Attributes><Attribute z:Id="i477"><AttributeType>value</AttributeType><IsRequired>true</IsRequired><Value i:type="a:double" xmlns:a="http://www.w3.org/2001/XMLSchema">0.014877012011074477</Value></Attribute></Attributes><ChildElements/><ElementName>mass</ElementName><required>false</required><ValueAttribute z:Ref="i477"/></URDFElement><URDFElement z:Id="i478" i:type="Inertia"><Attributes><Attribute z:Id="i479"><AttributeType>ixx</AttributeType><IsRequired>true</IsRequired><Value i:type="a:double" xmlns:a="http://www.w3.org/2001/XMLSchema">1.5308537792914316E-06</Value></Attribute><Attribute z:Id="i480"><AttributeType>ixy</AttributeType><IsRequired>true</IsRequired><Value i:type="a:double" xmlns:a="http://www.w3.org/2001/XMLSchema">-8.6265278990256476E-09</Value></Attribute><Attribute z:Id="i481"><AttributeType>ixz</AttributeType><IsRequired>true</IsRequired><Value i:type="a:double" xmlns:a="http://www.w3.org/2001/XMLSchema">3.9703557796278323E-22</Value></Attribute><Attribute z:Id="i482"><AttributeType>iyy</AttributeType><IsRequired>true</IsRequired><Value i:type="a:double" xmlns:a="http://www.w3.org/2001/XMLSchema">2.5755114735153528E-06</Value></Attribute><Attribute z:Id="i483"><AttributeType>iyz</AttributeType><IsRequired>true</IsRequired><Value i:type="a:double" xmlns:a="http://www.w3.org/2001/XMLSchema">-2.4975198178150664E-21</Value></Attribute><Attribute z:Id="i484"><AttributeType>izz</AttributeType><IsRequired>true</IsRequired><Value i:type="a:double" xmlns:a="http://www.w3.org/2001/XMLSchema">1.5307825483895166E-06</Value></Attribute></Attributes><ChildElements/><ElementName>inertia</ElementName><required>false</required><IxxAttribute z:Ref="i479"/><IxyAttribute z:Ref="i480"/><IxzAttribute z:Ref="i481"/><IyyAttribute z:Ref="i482"/><IyzAttribute z:Ref="i483"/><IzzAttribute z:Ref="i484"/></URDFElement></ChildElements><ElementName>inertial</ElementName><required>false</required><Inertia z:Ref="i478"/><Mass z:Ref="i476"/><Origin z:Ref="i473"/></URDFElement><URDFElement z:Id="i485" i:type="Visual"><Attributes/><ChildElements><URDFElement z:Id="i486" i:type="Origin"><Attributes><Attribute z:Id="i487"><AttributeType>xyz</AttributeType><IsRequired>true</IsRequired><Value i:type="a:ArrayOfdouble" xmlns:a="http://schemas.microsoft.com/2003/10/Serialization/Arrays"><a:double>0</a:double><a:double>0</a:double><a:double>0</a:double></Value></Attribute><Attribute z:Id="i488"><AttributeType>rpy</AttributeType><IsRequired>true</IsRequired><Value i:type="a:ArrayOfdouble" xmlns:a="http://schemas.microsoft.com/2003/10/Serialization/Arrays"><a:double>0</a:double><a:double>0</a:double><a:double>0</a:double></Value></Attribute></Attributes><ChildElements/><ElementName>origin</ElementName><required>false</required><RPYAttribute z:Ref="i488"/><XYZAttribute z:Ref="i487"/><isCustomized>false</isCustomized></URDFElement><URDFElement z:Id="i489" i:type="Geometry"><Attributes/><ChildElements><URDFElement z:Id="i490" i:type="Mesh"><Attributes><Attribute z:Id="i491"><AttributeType>filename</AttributeType><IsRequired>true</IsRequired><Value i:nil="true"/></Attribute></Attributes><ChildElements/><ElementName>mesh</ElementName><required>false</required><FilenameAttribute z:Ref="i491"/></URDFElement></ChildElements><ElementName>geometry</ElementName><required>true</required><Mesh z:Ref="i490"/></URDFElement><URDFElement z:Id="i492" i:type="Material"><Attributes><Attribute z:Id="i493"><AttributeType>name</AttributeType><IsRequired>true</IsRequired><Value i:type="a:string" xmlns:a="http://www.w3.org/2001/XMLSchema"/></Attribute></Attributes><ChildElements><URDFElement z:Id="i494" i:type="Color"><Attributes><Attribute z:Id="i495"><AttributeType>rgba</AttributeType><IsRequired>true</IsRequired><Value i:type="a:ArrayOfdouble" xmlns:a="http://schemas.microsoft.com/2003/10/Serialization/Arrays"><a:double>0.792156862745098</a:double><a:double>0.81960784313725488</a:double><a:double>0.93333333333333335</a:double><a:double>1</a:double></Value></Attribute></Attributes><ChildElements/><ElementName>color</ElementName><required>false</required><RGBAAttribute z:Ref="i495"/></URDFElement><URDFElement z:Id="i496" i:type="Texture"><Attributes><Attribute z:Id="i497"><AttributeType>filename</AttributeType><IsRequired>true</IsRequired><Value i:nil="true"/></Attribute></Attributes><ChildElements/><ElementName>texture</ElementName><required>false</required><FilenameAttribute z:Ref="i497"/><wFilename/></URDFElement></ChildElements><ElementName>material</ElementName><required>false</required><Color z:Ref="i494"/><NameAttribute z:Ref="i493"/><Texture z:Ref="i496"/></URDFElement></ChildElements><ElementName>visual</ElementName><required>false</required><Geometry z:Ref="i489"/><Material z:Ref="i492"/><Origin z:Ref="i486"/></URDFElement><URDFElement z:Id="i498" i:type="Collision"><Attributes/><ChildElements><URDFElement z:Id="i499" i:type="Origin"><Attributes><Attribute z:Id="i500"><AttributeType>xyz</AttributeType><IsRequired>true</IsRequired><Value i:type="a:ArrayOfdouble" xmlns:a="http://schemas.microsoft.com/2003/10/Serialization/Arrays"><a:double>0</a:double><a:double>0</a:double><a:double>0</a:double></Value></Attribute><Attribute z:Id="i501"><AttributeType>rpy</AttributeType><IsRequired>true</IsRequired><Value i:type="a:ArrayOfdouble" xmlns:a="http://schemas.microsoft.com/2003/10/Serialization/Arrays"><a:double>0</a:double><a:double>0</a:double><a:double>0</a:double></Value></Attribute></Attributes><ChildElements/><ElementName>origin</ElementName><required>false</required><RPYAttribute z:Ref="i501"/><XYZAttribute z:Ref="i500"/><isCustomized>false</isCustomized></URDFElement><URDFElement z:Id="i502" i:type="Geometry"><Attributes/><ChildElements><URDFElement z:Id="i503" i:type="Mesh"><Attributes><Attribute z:Id="i504"><AttributeType>filename</AttributeType><IsRequired>true</IsRequired><Value i:nil="true"/></Attribute></Attributes><ChildElements/><ElementName>mesh</ElementName><required>false</required><FilenameAttribute z:Ref="i504"/></URDFElement></ChildElements><ElementName>geometry</ElementName><required>true</required><Mesh z:Ref="i503"/></URDFElement></ChildElements><ElementName>collision</ElementName><required>false</required><Geometry z:Ref="i502"/><Origin z:Ref="i499"/></URDFElement><URDFElement z:Id="i505" i:type="Joint"><Attributes><Attribute z:Id="i506"><AttributeType>name</AttributeType><IsRequired>true</IsRequired><Value i:type="a:string" xmlns:a="http://www.w3.org/2001/XMLSchema">frrig_caster</Value></Attribute><Attribute z:Id="i507"><AttributeType>type</AttributeType><IsRequired>true</IsRequired><Value i:type="a:string" xmlns:a="http://www.w3.org/2001/XMLSchema">revolute</Value></Attribute></Attributes><ChildElements><URDFElement z:Id="i508" i:type="Origin"><Attributes><Attribute z:Id="i509"><AttributeType>xyz</AttributeType><IsRequired>true</IsRequired><Value i:type="a:ArrayOfdouble" xmlns:a="http://schemas.microsoft.com/2003/10/Serialization/Arrays"><a:double>0.2289465161454004</a:double><a:double>0.088995438476532629</a:double><a:double>-0.047949999995792691</a:double></Value></Attribute><Attribute z:Id="i510"><AttributeType>rpy</AttributeType><IsRequired>true</IsRequired><Value i:type="a:ArrayOfdouble" xmlns:a="http://schemas.microsoft.com/2003/10/Serialization/Arrays"><a:double>0</a:double><a:double>0</a:double><a:double>0</a:double></Value></Attribute></Attributes><ChildElements/><ElementName>origin</ElementName><required>false</required><RPYAttribute z:Ref="i510"/><XYZAttribute z:Ref="i509"/><isCustomized>false</isCustomized></URDFElement><URDFElement z:Id="i511" i:type="ParentLink"><Attributes><Attribute z:Id="i512"><AttributeType>link</AttributeType><IsRequired>true</IsRequired><Value i:type="a:string" xmlns:a="http://www.w3.org/2001/XMLSchema">base_link</Value></Attribute></Attributes><ChildElements/><ElementName>parent</ElementName><required>true</required><NameAttribute z:Ref="i512"/></URDFElement><URDFElement z:Id="i513" i:type="ChildLink"><Attributes><Attribute z:Id="i514"><AttributeType>link</AttributeType><IsRequired>true</IsRequired><Value i:type="a:string" xmlns:a="http://www.w3.org/2001/XMLSchema">caster_frrig_Link</Value></Attribute></Attributes><ChildElements/><ElementName>child</ElementName><required>true</required><NameAttribute z:Ref="i514"/></URDFElement><URDFElement z:Id="i515" i:type="Axis"><Attributes><Attribute z:Id="i516"><AttributeType>xyz</AttributeType><IsRequired>true</IsRequired><Value i:type="a:ArrayOfdouble" xmlns:a="http://schemas.microsoft.com/2003/10/Serialization/Arrays"><a:double>-0.0082569110732591683</a:double><a:double>0.99996591112873856</a:double><a:double>0</a:double></Value></Attribute></Attributes><ChildElements/><ElementName>axis</ElementName><required>false</required><XYZAttribute z:Ref="i516"/></URDFElement><URDFElement z:Id="i517" i:type="Limit"><Attributes><Attribute z:Id="i518"><AttributeType>lower</AttributeType><IsRequired>false</IsRequired><Value i:nil="true"/></Attribute><Attribute z:Id="i519"><AttributeType>upper</AttributeType><IsRequired>false</IsRequired><Value i:nil="true"/></Attribute><Attribute z:Id="i520"><AttributeType>effort</AttributeType><IsRequired>true</IsRequired><Value i:nil="true"/></Attribute><Attribute z:Id="i521"><AttributeType>velocity</AttributeType><IsRequired>true</IsRequired><Value i:nil="true"/></Attribute></Attributes><ChildElements/><ElementName>limit</ElementName><required>false</required><EffortAttribute z:Ref="i520"/><LowerAttribute z:Ref="i518"/><UpperAttribute z:Ref="i519"/><VelocityAttribute z:Ref="i521"/></URDFElement><URDFElement z:Id="i522" i:type="Calibration"><Attributes><Attribute z:Id="i523"><AttributeType>rising</AttributeType><IsRequired>false</IsRequired><Value i:nil="true"/></Attribute><Attribute z:Id="i524"><AttributeType>falling</AttributeType><IsRequired>false</IsRequired><Value i:nil="true"/></Attribute></Attributes><ChildElements/><ElementName>calibration</ElementName><required>false</required><FallingAttribute z:Ref="i524"/><RisingAttribute z:Ref="i523"/></URDFElement><URDFElement z:Id="i525" i:type="Dynamics"><Attributes><Attribute z:Id="i526"><AttributeType>damping</AttributeType><IsRequired>false</IsRequired><Value i:nil="true"/></Attribute><Attribute z:Id="i527"><AttributeType>friction</AttributeType><IsRequired>false</IsRequired><Value i:nil="true"/></Attribute></Attributes><ChildElements/><ElementName>dynamics</ElementName><required>false</required><DampingAttribute z:Ref="i526"/><FrictionAttribute z:Ref="i527"/></URDFElement><URDFElement z:Id="i528" i:type="SafetyController"><Attributes><Attribute z:Id="i529"><AttributeType>soft_upper_limit</AttributeType><IsRequired>false</IsRequired><Value i:nil="true"/></Attribute><Attribute z:Id="i530"><AttributeType>soft_lower_limit</AttributeType><IsRequired>false</IsRequired><Value i:nil="true"/></Attribute><Attribute z:Id="i531"><AttributeType>k_position</AttributeType><IsRequired>false</IsRequired><Value i:nil="true"/></Attribute><Attribute z:Id="i532"><AttributeType>k_velocity</AttributeType><IsRequired>true</IsRequired><Value i:nil="true"/></Attribute></Attributes><ChildElements/><ElementName>safety_controller</ElementName><required>false</required><KPositionAttribute z:Ref="i531"/><KVelocityAttribute z:Ref="i532"/><SoftLowerAttribute z:Ref="i530"/><SoftUpperAttribute z:Ref="i529"/></URDFElement><URDFElement z:Id="i533" i:type="Mimic"><Attributes><Attribute z:Id="i534"><AttributeType>joint</AttributeType><IsRequired>true</IsRequired><Value i:nil="true"/></Attribute><Attribute z:Id="i535"><AttributeType>multiplier</AttributeType><IsRequired>false</IsRequired><Value i:nil="true"/></Attribute><Attribute z:Id="i536"><AttributeType>offset</AttributeType><IsRequired>false</IsRequired><Value i:nil="true"/></Attribute></Attributes><ChildElements/><ElementName>mimic</ElementName><required>false</required><JointNameAttribute z:Ref="i534"/><MultiplierAttribute z:Ref="i535"/><OffsetAttribute z:Ref="i536"/></URDFElement></ChildElements><ElementName>joint</ElementName><required>false</required><Axis z:Ref="i515"/><AxisName>Axis6_fr_rig</AxisName><Calibration z:Ref="i522"/><Child z:Ref="i513"/><CoordinateSystemName>Coordinate System18</CoordinateSystemName><Dynamics z:Ref="i525"/><Limit z:Ref="i517"/><Mimic z:Ref="i533"/><NameAttribute z:Ref="i506"/><Origin z:Ref="i508"/><Parent z:Ref="i511"/><Safety z:Ref="i528"/><TypeAttribute z:Ref="i507"/></URDFElement></ChildElements><ElementName>link</ElementName><required>true</required><Children/><Collision z:Ref="i498"/><Inertial z:Ref="i472"/><Joint z:Ref="i505"/><NameAttribute z:Ref="i471"/><Parent z:Ref="i1"/><STLQualityFine>false</STLQualityFine><SWComponentPIDs xmlns:a="http://schemas.microsoft.com/2003/10/Serialization/Arrays"><a:base64Binary>aEIAAAUAAAD//v94YwB1AG0AXwBkAGEAaAB1AG8AbgBnAF8AdAByAHUAbwBjAF8AcwBhAHUALQA1AEAAcgBvAGIAbwBWADIALwBzAHUAcwBwAGUAbgBzAGkAbwBuAF8AdgAyAC0AMgBAAGMAdQBtAF8AZABhAGgAdQBvAG4AZwBfAHQAcgB1AG8AYwBfAHMAYQB1AC8AYgBhAG4AaABkAGEAaAB1AG8AbgBnAC0AMQBAAHMAdQBzAHAAZQBuAHMAaQBvAG4AXwB2ADIALwBiAGEAbgBoAF8AZQBhAHMAeQAtADEAQABiAGEAbgBoAGQAYQBoAHUAbwBuAGcABAAAABAAAAABAAAABAAAABkGAAAwAAAAdAAAAEEAAAA=</a:base64Binary></SWComponentPIDs><SWMainComponentPID i:nil="true"/><Visual z:Ref="i485"/><isFixedFrame>false</isFixedFrame><isIncomplete>false</isIncomplete></Link><Link z:Id="i537"><Attributes><Attribute z:Id="i538"><AttributeType>name</AttributeType><IsRequired>true</IsRequired><Value i:type="a:string" xmlns:a="http://www.w3.org/2001/XMLSchema">caster_bale_Link</Value></Attribute></Attributes><ChildElements><URDFElement z:Id="i539" i:type="Inertial"><Attributes/><ChildElements><URDFElement z:Id="i540" i:type="Origin"><Attributes><Attribute z:Id="i541"><AttributeType>xyz</AttributeType><IsRequired>true</IsRequired><Value i:type="a:ArrayOfdouble" xmlns:a="http://schemas.microsoft.com/2003/10/Serialization/Arrays"><a:double>-1.6513822147068424E-05</a:double><a:double>0.0019999318222539975</a:double><a:double>1.3877787807814457E-15</a:double></Value></Attribute><Attribute z:Id="i542"><AttributeType>rpy</AttributeType><IsRequired>true</IsRequired><Value i:type="a:ArrayOfdouble" xmlns:a="http://schemas.microsoft.com/2003/10/Serialization/Arrays"><a:double>0</a:double><a:double>0</a:double><a:double>0</a:double></Value></Attribute></Attributes><ChildElements/><ElementName>origin</ElementName><required>false</required><RPYAttribute z:Ref="i542"/><XYZAttribute z:Ref="i541"/><isCustomized>false</isCustomized></URDFElement><URDFElement z:Id="i543" i:type="Mass"><Attributes><Attribute z:Id="i544"><AttributeType>value</AttributeType><IsRequired>true</IsRequired><Value i:type="a:double" xmlns:a="http://www.w3.org/2001/XMLSchema">0.014877012011074478</Value></Attribute></Attributes><ChildElements/><ElementName>mass</ElementName><required>false</required><ValueAttribute z:Ref="i544"/></URDFElement><URDFElement z:Id="i545" i:type="Inertia"><Attributes><Attribute z:Id="i546"><AttributeType>ixx</AttributeType><IsRequired>true</IsRequired><Value i:type="a:double" xmlns:a="http://www.w3.org/2001/XMLSchema">1.5308537792914316E-06</Value></Attribute><Attribute z:Id="i547"><AttributeType>ixy</AttributeType><IsRequired>true</IsRequired><Value i:type="a:double" xmlns:a="http://www.w3.org/2001/XMLSchema">-8.6265278990238774E-09</Value></Attribute><Attribute z:Id="i548"><AttributeType>ixz</AttributeType><IsRequired>true</IsRequired><Value i:type="a:double" xmlns:a="http://www.w3.org/2001/XMLSchema">-3.8593597362615196E-22</Value></Attribute><Attribute z:Id="i549"><AttributeType>iyy</AttributeType><IsRequired>true</IsRequired><Value i:type="a:double" xmlns:a="http://www.w3.org/2001/XMLSchema">2.5755114735153528E-06</Value></Attribute><Attribute z:Id="i550"><AttributeType>iyz</AttributeType><IsRequired>true</IsRequired><Value i:type="a:double" xmlns:a="http://www.w3.org/2001/XMLSchema">3.5056540384220131E-21</Value></Attribute><Attribute z:Id="i551"><AttributeType>izz</AttributeType><IsRequired>true</IsRequired><Value i:type="a:double" xmlns:a="http://www.w3.org/2001/XMLSchema">1.5307825483895166E-06</Value></Attribute></Attributes><ChildElements/><ElementName>inertia</ElementName><required>false</required><IxxAttribute z:Ref="i546"/><IxyAttribute z:Ref="i547"/><IxzAttribute z:Ref="i548"/><IyyAttribute z:Ref="i549"/><IyzAttribute z:Ref="i550"/><IzzAttribute z:Ref="i551"/></URDFElement></ChildElements><ElementName>inertial</ElementName><required>false</required><Inertia z:Ref="i545"/><Mass z:Ref="i543"/><Origin z:Ref="i540"/></URDFElement><URDFElement z:Id="i552" i:type="Visual"><Attributes/><ChildElements><URDFElement z:Id="i553" i:type="Origin"><Attributes><Attribute z:Id="i554"><AttributeType>xyz</AttributeType><IsRequired>true</IsRequired><Value i:type="a:ArrayOfdouble" xmlns:a="http://schemas.microsoft.com/2003/10/Serialization/Arrays"><a:double>0</a:double><a:double>0</a:double><a:double>0</a:double></Value></Attribute><Attribute z:Id="i555"><AttributeType>rpy</AttributeType><IsRequired>true</IsRequired><Value i:type="a:ArrayOfdouble" xmlns:a="http://schemas.microsoft.com/2003/10/Serialization/Arrays"><a:double>0</a:double><a:double>0</a:double><a:double>0</a:double></Value></Attribute></Attributes><ChildElements/><ElementName>origin</ElementName><required>false</required><RPYAttribute z:Ref="i555"/><XYZAttribute z:Ref="i554"/><isCustomized>false</isCustomized></URDFElement><URDFElement z:Id="i556" i:type="Geometry"><Attributes/><ChildElements><URDFElement z:Id="i557" i:type="Mesh"><Attributes><Attribute z:Id="i558"><AttributeType>filename</AttributeType><IsRequired>true</IsRequired><Value i:nil="true"/></Attribute></Attributes><ChildElements/><ElementName>mesh</ElementName><required>false</required><FilenameAttribute z:Ref="i558"/></URDFElement></ChildElements><ElementName>geometry</ElementName><required>true</required><Mesh z:Ref="i557"/></URDFElement><URDFElement z:Id="i559" i:type="Material"><Attributes><Attribute z:Id="i560"><AttributeType>name</AttributeType><IsRequired>true</IsRequired><Value i:type="a:string" xmlns:a="http://www.w3.org/2001/XMLSchema"/></Attribute></Attributes><ChildElements><URDFElement z:Id="i561" i:type="Color"><Attributes><Attribute z:Id="i562"><AttributeType>rgba</AttributeType><IsRequired>true</IsRequired><Value i:type="a:ArrayOfdouble" xmlns:a="http://schemas.microsoft.com/2003/10/Serialization/Arrays"><a:double>0.792156862745098</a:double><a:double>0.81960784313725488</a:double><a:double>0.93333333333333335</a:double><a:double>1</a:double></Value></Attribute></Attributes><ChildElements/><ElementName>color</ElementName><required>false</required><RGBAAttribute z:Ref="i562"/></URDFElement><URDFElement z:Id="i563" i:type="Texture"><Attributes><Attribute z:Id="i564"><AttributeType>filename</AttributeType><IsRequired>true</IsRequired><Value i:nil="true"/></Attribute></Attributes><ChildElements/><ElementName>texture</ElementName><required>false</required><FilenameAttribute z:Ref="i564"/><wFilename/></URDFElement></ChildElements><ElementName>material</ElementName><required>false</required><Color z:Ref="i561"/><NameAttribute z:Ref="i560"/><Texture z:Ref="i563"/></URDFElement></ChildElements><ElementName>visual</ElementName><required>false</required><Geometry z:Ref="i556"/><Material z:Ref="i559"/><Origin z:Ref="i553"/></URDFElement><URDFElement z:Id="i565" i:type="Collision"><Attributes/><ChildElements><URDFElement z:Id="i566" i:type="Origin"><Attributes><Attribute z:Id="i567"><AttributeType>xyz</AttributeType><IsRequired>true</IsRequired><Value i:type="a:ArrayOfdouble" xmlns:a="http://schemas.microsoft.com/2003/10/Serialization/Arrays"><a:double>0</a:double><a:double>0</a:double><a:double>0</a:double></Value></Attribute><Attribute z:Id="i568"><AttributeType>rpy</AttributeType><IsRequired>true</IsRequired><Value i:type="a:ArrayOfdouble" xmlns:a="http://schemas.microsoft.com/2003/10/Serialization/Arrays"><a:double>0</a:double><a:double>0</a:double><a:double>0</a:double></Value></Attribute></Attributes><ChildElements/><ElementName>origin</ElementName><required>false</required><RPYAttribute z:Ref="i568"/><XYZAttribute z:Ref="i567"/><isCustomized>false</isCustomized></URDFElement><URDFElement z:Id="i569" i:type="Geometry"><Attributes/><ChildElements><URDFElement z:Id="i570" i:type="Mesh"><Attributes><Attribute z:Id="i571"><AttributeType>filename</AttributeType><IsRequired>true</IsRequired><Value i:nil="true"/></Attribute></Attributes><ChildElements/><ElementName>mesh</ElementName><required>false</required><FilenameAttribute z:Ref="i571"/></URDFElement></ChildElements><ElementName>geometry</ElementName><required>true</required><Mesh z:Ref="i570"/></URDFElement></ChildElements><ElementName>collision</ElementName><required>false</required><Geometry z:Ref="i569"/><Origin z:Ref="i566"/></URDFElement><URDFElement z:Id="i572" i:type="Joint"><Attributes><Attribute z:Id="i573"><AttributeType>name</AttributeType><IsRequired>true</IsRequired><Value i:type="a:string" xmlns:a="http://www.w3.org/2001/XMLSchema">bale_caster</Value></Attribute><Attribute z:Id="i574"><AttributeType>type</AttributeType><IsRequired>true</IsRequired><Value i:type="a:string" xmlns:a="http://www.w3.org/2001/XMLSchema">revolute</Value></Attribute></Attributes><ChildElements><URDFElement z:Id="i575" i:type="Origin"><Attributes><Attribute z:Id="i576"><AttributeType>xyz</AttributeType><IsRequired>true</IsRequired><Value i:type="a:ArrayOfdouble" xmlns:a="http://schemas.microsoft.com/2003/10/Serialization/Arrays"><a:double>-0.2286852956168639</a:double><a:double>-0.089047884956823975</a:double><a:double>-0.047949999995789083</a:double></Value></Attribute><Attribute z:Id="i577"><AttributeType>rpy</AttributeType><IsRequired>true</IsRequired><Value i:type="a:ArrayOfdouble" xmlns:a="http://schemas.microsoft.com/2003/10/Serialization/Arrays"><a:double>0</a:double><a:double>0</a:double><a:double>0</a:double></Value></Attribute></Attributes><ChildElements/><ElementName>origin</ElementName><required>false</required><RPYAttribute z:Ref="i577"/><XYZAttribute z:Ref="i576"/><isCustomized>false</isCustomized></URDFElement><URDFElement z:Id="i578" i:type="ParentLink"><Attributes><Attribute z:Id="i579"><AttributeType>link</AttributeType><IsRequired>true</IsRequired><Value i:type="a:string" xmlns:a="http://www.w3.org/2001/XMLSchema">base_link</Value></Attribute></Attributes><ChildElements/><ElementName>parent</ElementName><required>true</required><NameAttribute z:Ref="i579"/></URDFElement><URDFElement z:Id="i580" i:type="ChildLink"><Attributes><Attribute z:Id="i581"><AttributeType>link</AttributeType><IsRequired>true</IsRequired><Value i:type="a:string" xmlns:a="http://www.w3.org/2001/XMLSchema">caster_bale_Link</Value></Attribute></Attributes><ChildElements/><ElementName>child</ElementName><required>true</required><NameAttribute z:Ref="i581"/></URDFElement><URDFElement z:Id="i582" i:type="Axis"><Attributes><Attribute z:Id="i583"><AttributeType>xyz</AttributeType><IsRequired>true</IsRequired><Value i:type="a:ArrayOfdouble" xmlns:a="http://schemas.microsoft.com/2003/10/Serialization/Arrays"><a:double>0.0082569110732536415</a:double><a:double>-0.99996591112873856</a:double><a:double>0</a:double></Value></Attribute></Attributes><ChildElements/><ElementName>axis</ElementName><required>false</required><XYZAttribute z:Ref="i583"/></URDFElement><URDFElement z:Id="i584" i:type="Limit"><Attributes><Attribute z:Id="i585"><AttributeType>lower</AttributeType><IsRequired>false</IsRequired><Value i:nil="true"/></Attribute><Attribute z:Id="i586"><AttributeType>upper</AttributeType><IsRequired>false</IsRequired><Value i:nil="true"/></Attribute><Attribute z:Id="i587"><AttributeType>effort</AttributeType><IsRequired>true</IsRequired><Value i:nil="true"/></Attribute><Attribute z:Id="i588"><AttributeType>velocity</AttributeType><IsRequired>true</IsRequired><Value i:nil="true"/></Attribute></Attributes><ChildElements/><ElementName>limit</ElementName><required>false</required><EffortAttribute z:Ref="i587"/><LowerAttribute z:Ref="i585"/><UpperAttribute z:Ref="i586"/><VelocityAttribute z:Ref="i588"/></URDFElement><URDFElement z:Id="i589" i:type="Calibration"><Attributes><Attribute z:Id="i590"><AttributeType>rising</AttributeType><IsRequired>false</IsRequired><Value i:nil="true"/></Attribute><Attribute z:Id="i591"><AttributeType>falling</AttributeType><IsRequired>false</IsRequired><Value i:nil="true"/></Attribute></Attributes><ChildElements/><ElementName>calibration</ElementName><required>false</required><FallingAttribute z:Ref="i591"/><RisingAttribute z:Ref="i590"/></URDFElement><URDFElement z:Id="i592" i:type="Dynamics"><Attributes><Attribute z:Id="i593"><AttributeType>damping</AttributeType><IsRequired>false</IsRequired><Value i:nil="true"/></Attribute><Attribute z:Id="i594"><AttributeType>friction</AttributeType><IsRequired>false</IsRequired><Value i:nil="true"/></Attribute></Attributes><ChildElements/><ElementName>dynamics</ElementName><required>false</required><DampingAttribute z:Ref="i593"/><FrictionAttribute z:Ref="i594"/></URDFElement><URDFElement z:Id="i595" i:type="SafetyController"><Attributes><Attribute z:Id="i596"><AttributeType>soft_upper_limit</AttributeType><IsRequired>false</IsRequired><Value i:nil="true"/></Attribute><Attribute z:Id="i597"><AttributeType>soft_lower_limit</AttributeType><IsRequired>false</IsRequired><Value i:nil="true"/></Attribute><Attribute z:Id="i598"><AttributeType>k_position</AttributeType><IsRequired>false</IsRequired><Value i:nil="true"/></Attribute><Attribute z:Id="i599"><AttributeType>k_velocity</AttributeType><IsRequired>true</IsRequired><Value i:nil="true"/></Attribute></Attributes><ChildElements/><ElementName>safety_controller</ElementName><required>false</required><KPositionAttribute z:Ref="i598"/><KVelocityAttribute z:Ref="i599"/><SoftLowerAttribute z:Ref="i597"/><SoftUpperAttribute z:Ref="i596"/></URDFElement><URDFElement z:Id="i600" i:type="Mimic"><Attributes><Attribute z:Id="i601"><AttributeType>joint</AttributeType><IsRequired>true</IsRequired><Value i:nil="true"/></Attribute><Attribute z:Id="i602"><AttributeType>multiplier</AttributeType><IsRequired>false</IsRequired><Value i:nil="true"/></Attribute><Attribute z:Id="i603"><AttributeType>offset</AttributeType><IsRequired>false</IsRequired><Value i:nil="true"/></Attribute></Attributes><ChildElements/><ElementName>mimic</ElementName><required>false</required><JointNameAttribute z:Ref="i601"/><MultiplierAttribute z:Ref="i602"/><OffsetAttribute z:Ref="i603"/></URDFElement></ChildElements><ElementName>joint</ElementName><required>false</required><Axis z:Ref="i582"/><AxisName>Axis7_ba_le</AxisName><Calibration z:Ref="i589"/><Child z:Ref="i580"/><CoordinateSystemName>Coordinate System19</CoordinateSystemName><Dynamics z:Ref="i592"/><Limit z:Ref="i584"/><Mimic z:Ref="i600"/><NameAttribute z:Ref="i573"/><Origin z:Ref="i575"/><Parent z:Ref="i578"/><Safety z:Ref="i595"/><TypeAttribute z:Ref="i574"/></URDFElement></ChildElements><ElementName>link</ElementName><required>true</required><Children/><Collision z:Ref="i565"/><Inertial z:Ref="i539"/><Joint z:Ref="i572"/><NameAttribute z:Ref="i538"/><Parent z:Ref="i1"/><STLQualityFine>false</STLQualityFine><SWComponentPIDs xmlns:a="http://schemas.microsoft.com/2003/10/Serialization/Arrays"><a:base64Binary>aEIAAAUAAAD//v94YwB1AG0AXwBkAGEAaAB1AG8AbgBnAF8AdAByAHUAbwBjAF8AcwBhAHUALQA2AEAAcgBvAGIAbwBWADIALwBzAHUAcwBwAGUAbgBzAGkAbwBuAF8AdgAyAC0AMgBAAGMAdQBtAF8AZABhAGgAdQBvAG4AZwBfAHQAcgB1AG8AYwBfAHMAYQB1AC8AYgBhAG4AaABkAGEAaAB1AG8AbgBnAC0AMQBAAHMAdQBzAHAAZQBuAHMAaQBvAG4AXwB2ADIALwBiAGEAbgBoAF8AZQBhAHMAeQAtADEAQABiAGEAbgBoAGQAYQBoAHUAbwBuAGcABAAAABAAAAABAAAABAAAACAGAAAwAAAAdAAAAEEAAAA=</a:base64Binary></SWComponentPIDs><SWMainComponentPID i:nil="true"/><Visual z:Ref="i552"/><isFixedFrame>false</isFixedFrame><isIncomplete>false</isIncomplete></Link><Link z:Id="i604"><Attributes><Attribute z:Id="i605"><AttributeType>name</AttributeType><IsRequired>true</IsRequired><Value i:type="a:string" xmlns:a="http://www.w3.org/2001/XMLSchema">caster_barig_Link</Value></Attribute></Attributes><ChildElements><URDFElement z:Id="i606" i:type="Inertial"><Attributes/><ChildElements><URDFElement z:Id="i607" i:type="Origin"><Attributes><Attribute z:Id="i608"><AttributeType>xyz</AttributeType><IsRequired>true</IsRequired><Value i:type="a:ArrayOfdouble" xmlns:a="http://schemas.microsoft.com/2003/10/Serialization/Arrays"><a:double>-1.651382214684638E-05</a:double><a:double>0.0019999318222539419</a:double><a:double>1.3322676295501878E-15</a:double></Value></Attribute><Attribute z:Id="i609"><AttributeType>rpy</AttributeType><IsRequired>true</IsRequired><Value i:type="a:ArrayOfdouble" xmlns:a="http://schemas.microsoft.com/2003/10/Serialization/Arrays"><a:double>0</a:double><a:double>0</a:double><a:double>0</a:double></Value></Attribute></Attributes><ChildElements/><ElementName>origin</ElementName><required>false</required><RPYAttribute z:Ref="i609"/><XYZAttribute z:Ref="i608"/><isCustomized>false</isCustomized></URDFElement><URDFElement z:Id="i610" i:type="Mass"><Attributes><Attribute z:Id="i611"><AttributeType>value</AttributeType><IsRequired>true</IsRequired><Value i:type="a:double" xmlns:a="http://www.w3.org/2001/XMLSchema">0.014877012011074478</Value></Attribute></Attributes><ChildElements/><ElementName>mass</ElementName><required>false</required><ValueAttribute z:Ref="i611"/></URDFElement><URDFElement z:Id="i612" i:type="Inertia"><Attributes><Attribute z:Id="i613"><AttributeType>ixx</AttributeType><IsRequired>true</IsRequired><Value i:type="a:double" xmlns:a="http://www.w3.org/2001/XMLSchema">1.5308537792914316E-06</Value></Attribute><Attribute z:Id="i614"><AttributeType>ixy</AttributeType><IsRequired>true</IsRequired><Value i:type="a:double" xmlns:a="http://www.w3.org/2001/XMLSchema">-8.6265278990240147E-09</Value></Attribute><Attribute z:Id="i615"><AttributeType>ixz</AttributeType><IsRequired>true</IsRequired><Value i:type="a:double" xmlns:a="http://www.w3.org/2001/XMLSchema">-3.0322800979043715E-22</Value></Attribute><Attribute z:Id="i616"><AttributeType>iyy</AttributeType><IsRequired>true</IsRequired><Value i:type="a:double" xmlns:a="http://www.w3.org/2001/XMLSchema">2.5755114735153528E-06</Value></Attribute><Attribute z:Id="i617"><AttributeType>iyz</AttributeType><IsRequired>true</IsRequired><Value i:type="a:double" xmlns:a="http://www.w3.org/2001/XMLSchema">3.4983342567737169E-21</Value></Attribute><Attribute z:Id="i618"><AttributeType>izz</AttributeType><IsRequired>true</IsRequired><Value i:type="a:double" xmlns:a="http://www.w3.org/2001/XMLSchema">1.530782548389517E-06</Value></Attribute></Attributes><ChildElements/><ElementName>inertia</ElementName><required>false</required><IxxAttribute z:Ref="i613"/><IxyAttribute z:Ref="i614"/><IxzAttribute z:Ref="i615"/><IyyAttribute z:Ref="i616"/><IyzAttribute z:Ref="i617"/><IzzAttribute z:Ref="i618"/></URDFElement></ChildElements><ElementName>inertial</ElementName><required>false</required><Inertia z:Ref="i612"/><Mass z:Ref="i610"/><Origin z:Ref="i607"/></URDFElement><URDFElement z:Id="i619" i:type="Visual"><Attributes/><ChildElements><URDFElement z:Id="i620" i:type="Origin"><Attributes><Attribute z:Id="i621"><AttributeType>xyz</AttributeType><IsRequired>true</IsRequired><Value i:type="a:ArrayOfdouble" xmlns:a="http://schemas.microsoft.com/2003/10/Serialization/Arrays"><a:double>0</a:double><a:double>0</a:double><a:double>0</a:double></Value></Attribute><Attribute z:Id="i622"><AttributeType>rpy</AttributeType><IsRequired>true</IsRequired><Value i:type="a:ArrayOfdouble" xmlns:a="http://schemas.microsoft.com/2003/10/Serialization/Arrays"><a:double>0</a:double><a:double>0</a:double><a:double>0</a:double></Value></Attribute></Attributes><ChildElements/><ElementName>origin</ElementName><required>false</required><RPYAttribute z:Ref="i622"/><XYZAttribute z:Ref="i621"/><isCustomized>false</isCustomized></URDFElement><URDFElement z:Id="i623" i:type="Geometry"><Attributes/><ChildElements><URDFElement z:Id="i624" i:type="Mesh"><Attributes><Attribute z:Id="i625"><AttributeType>filename</AttributeType><IsRequired>true</IsRequired><Value i:nil="true"/></Attribute></Attributes><ChildElements/><ElementName>mesh</ElementName><required>false</required><FilenameAttribute z:Ref="i625"/></URDFElement></ChildElements><ElementName>geometry</ElementName><required>true</required><Mesh z:Ref="i624"/></URDFElement><URDFElement z:Id="i626" i:type="Material"><Attributes><Attribute z:Id="i627"><AttributeType>name</AttributeType><IsRequired>true</IsRequired><Value i:type="a:string" xmlns:a="http://www.w3.org/2001/XMLSchema"/></Attribute></Attributes><ChildElements><URDFElement z:Id="i628" i:type="Color"><Attributes><Attribute z:Id="i629"><AttributeType>rgba</AttributeType><IsRequired>true</IsRequired><Value i:type="a:ArrayOfdouble" xmlns:a="http://schemas.microsoft.com/2003/10/Serialization/Arrays"><a:double>0.792156862745098</a:double><a:double>0.81960784313725488</a:double><a:double>0.93333333333333335</a:double><a:double>1</a:double></Value></Attribute></Attributes><ChildElements/><ElementName>color</ElementName><required>false</required><RGBAAttribute z:Ref="i629"/></URDFElement><URDFElement z:Id="i630" i:type="Texture"><Attributes><Attribute z:Id="i631"><AttributeType>filename</AttributeType><IsRequired>true</IsRequired><Value i:nil="true"/></Attribute></Attributes><ChildElements/><ElementName>texture</ElementName><required>false</required><FilenameAttribute z:Ref="i631"/><wFilename/></URDFElement></ChildElements><ElementName>material</ElementName><required>false</required><Color z:Ref="i628"/><NameAttribute z:Ref="i627"/><Texture z:Ref="i630"/></URDFElement></ChildElements><ElementName>visual</ElementName><required>false</required><Geometry z:Ref="i623"/><Material z:Ref="i626"/><Origin z:Ref="i620"/></URDFElement><URDFElement z:Id="i632" i:type="Collision"><Attributes/><ChildElements><URDFElement z:Id="i633" i:type="Origin"><Attributes><Attribute z:Id="i634"><AttributeType>xyz</AttributeType><IsRequired>true</IsRequired><Value i:type="a:ArrayOfdouble" xmlns:a="http://schemas.microsoft.com/2003/10/Serialization/Arrays"><a:double>0</a:double><a:double>0</a:double><a:double>0</a:double></Value></Attribute><Attribute z:Id="i635"><AttributeType>rpy</AttributeType><IsRequired>true</IsRequired><Value i:type="a:ArrayOfdouble" xmlns:a="http://schemas.microsoft.com/2003/10/Serialization/Arrays"><a:double>0</a:double><a:double>0</a:double><a:double>0</a:double></Value></Attribute></Attributes><ChildElements/><ElementName>origin</ElementName><required>false</required><RPYAttribute z:Ref="i635"/><XYZAttribute z:Ref="i634"/><isCustomized>false</isCustomized></URDFElement><URDFElement z:Id="i636" i:type="Geometry"><Attributes/><ChildElements><URDFElement z:Id="i637" i:type="Mesh"><Attributes><Attribute z:Id="i638"><AttributeType>filename</AttributeType><IsRequired>true</IsRequired><Value i:nil="true"/></Attribute></Attributes><ChildElements/><ElementName>mesh</ElementName><required>false</required><FilenameAttribute z:Ref="i638"/></URDFElement></ChildElements><ElementName>geometry</ElementName><required>true</required><Mesh z:Ref="i637"/></URDFElement></ChildElements><ElementName>collision</ElementName><required>false</required><Geometry z:Ref="i636"/><Origin z:Ref="i633"/></URDFElement><URDFElement z:Id="i639" i:type="Joint"><Attributes><Attribute z:Id="i640"><AttributeType>name</AttributeType><IsRequired>true</IsRequired><Value i:type="a:string" xmlns:a="http://www.w3.org/2001/XMLSchema">barig_caster</Value></Attribute><Attribute z:Id="i641"><AttributeType>type</AttributeType><IsRequired>true</IsRequired><Value i:type="a:string" xmlns:a="http://www.w3.org/2001/XMLSchema">revolute</Value></Attribute></Attributes><ChildElements><URDFElement z:Id="i642" i:type="Origin"><Attributes><Attribute z:Id="i643"><AttributeType>xyz</AttributeType><IsRequired>true</IsRequired><Value i:type="a:ArrayOfdouble" xmlns:a="http://schemas.microsoft.com/2003/10/Serialization/Arrays"><a:double>-0.23012199814361045</a:double><a:double>0.084946183579576451</a:double><a:double>-0.047949999995789028</a:double></Value></Attribute><Attribute z:Id="i644"><AttributeType>rpy</AttributeType><IsRequired>true</IsRequired><Value i:type="a:ArrayOfdouble" xmlns:a="http://schemas.microsoft.com/2003/10/Serialization/Arrays"><a:double>0</a:double><a:double>0</a:double><a:double>0</a:double></Value></Attribute></Attributes><ChildElements/><ElementName>origin</ElementName><required>false</required><RPYAttribute z:Ref="i644"/><XYZAttribute z:Ref="i643"/><isCustomized>false</isCustomized></URDFElement><URDFElement z:Id="i645" i:type="ParentLink"><Attributes><Attribute z:Id="i646"><AttributeType>link</AttributeType><IsRequired>true</IsRequired><Value i:type="a:string" xmlns:a="http://www.w3.org/2001/XMLSchema">base_link</Value></Attribute></Attributes><ChildElements/><ElementName>parent</ElementName><required>true</required><NameAttribute z:Ref="i646"/></URDFElement><URDFElement z:Id="i647" i:type="ChildLink"><Attributes><Attribute z:Id="i648"><AttributeType>link</AttributeType><IsRequired>true</IsRequired><Value i:type="a:string" xmlns:a="http://www.w3.org/2001/XMLSchema">caster_barig_Link</Value></Attribute></Attributes><ChildElements/><ElementName>child</ElementName><required>true</required><NameAttribute z:Ref="i648"/></URDFElement><URDFElement z:Id="i649" i:type="Axis"><Attributes><Attribute z:Id="i650"><AttributeType>xyz</AttributeType><IsRequired>true</IsRequired><Value i:type="a:ArrayOfdouble" xmlns:a="http://schemas.microsoft.com/2003/10/Serialization/Arrays"><a:double>0</a:double><a:double>0</a:double><a:double>1</a:double></Value></Attribute></Attributes><ChildElements/><ElementName>axis</ElementName><required>false</required><XYZAttribute z:Ref="i650"/></URDFElement><URDFElement z:Id="i651" i:type="Limit"><Attributes><Attribute z:Id="i652"><AttributeType>lower</AttributeType><IsRequired>false</IsRequired><Value i:nil="true"/></Attribute><Attribute z:Id="i653"><AttributeType>upper</AttributeType><IsRequired>false</IsRequired><Value i:nil="true"/></Attribute><Attribute z:Id="i654"><AttributeType>effort</AttributeType><IsRequired>true</IsRequired><Value i:nil="true"/></Attribute><Attribute z:Id="i655"><AttributeType>velocity</AttributeType><IsRequired>true</IsRequired><Value i:nil="true"/></Attribute></Attributes><ChildElements/><ElementName>limit</ElementName><required>false</required><EffortAttribute z:Ref="i654"/><LowerAttribute z:Ref="i652"/><UpperAttribute z:Ref="i653"/><VelocityAttribute z:Ref="i655"/></URDFElement><URDFElement z:Id="i656" i:type="Calibration"><Attributes><Attribute z:Id="i657"><AttributeType>rising</AttributeType><IsRequired>false</IsRequired><Value i:nil="true"/></Attribute><Attribute z:Id="i658"><AttributeType>falling</AttributeType><IsRequired>false</IsRequired><Value i:nil="true"/></Attribute></Attributes><ChildElements/><ElementName>calibration</ElementName><required>false</required><FallingAttribute z:Ref="i658"/><RisingAttribute z:Ref="i657"/></URDFElement><URDFElement z:Id="i659" i:type="Dynamics"><Attributes><Attribute z:Id="i660"><AttributeType>damping</AttributeType><IsRequired>false</IsRequired><Value i:nil="true"/></Attribute><Attribute z:Id="i661"><AttributeType>friction</AttributeType><IsRequired>false</IsRequired><Value i:nil="true"/></Attribute></Attributes><ChildElements/><ElementName>dynamics</ElementName><required>false</required><DampingAttribute z:Ref="i660"/><FrictionAttribute z:Ref="i661"/></URDFElement><URDFElement z:Id="i662" i:type="SafetyController"><Attributes><Attribute z:Id="i663"><AttributeType>soft_upper_limit</AttributeType><IsRequired>false</IsRequired><Value i:nil="true"/></Attribute><Attribute z:Id="i664"><AttributeType>soft_lower_limit</AttributeType><IsRequired>false</IsRequired><Value i:nil="true"/></Attribute><Attribute z:Id="i665"><AttributeType>k_position</AttributeType><IsRequired>false</IsRequired><Value i:nil="true"/></Attribute><Attribute z:Id="i666"><AttributeType>k_velocity</AttributeType><IsRequired>true</IsRequired><Value i:nil="true"/></Attribute></Attributes><ChildElements/><ElementName>safety_controller</ElementName><required>false</required><KPositionAttribute z:Ref="i665"/><KVelocityAttribute z:Ref="i666"/><SoftLowerAttribute z:Ref="i664"/><SoftUpperAttribute z:Ref="i663"/></URDFElement><URDFElement z:Id="i667" i:type="Mimic"><Attributes><Attribute z:Id="i668"><AttributeType>joint</AttributeType><IsRequired>true</IsRequired><Value i:nil="true"/></Attribute><Attribute z:Id="i669"><AttributeType>multiplier</AttributeType><IsRequired>false</IsRequired><Value i:nil="true"/></Attribute><Attribute z:Id="i670"><AttributeType>offset</AttributeType><IsRequired>false</IsRequired><Value i:nil="true"/></Attribute></Attributes><ChildElements/><ElementName>mimic</ElementName><required>false</required><JointNameAttribute z:Ref="i668"/><MultiplierAttribute z:Ref="i669"/><OffsetAttribute z:Ref="i670"/></URDFElement></ChildElements><ElementName>joint</ElementName><required>false</required><Axis z:Ref="i649"/><AxisName>Axis11_barig</AxisName><Calibration z:Ref="i656"/><Child z:Ref="i647"/><CoordinateSystemName>Coordinate System20</CoordinateSystemName><Dynamics z:Ref="i659"/><Limit z:Ref="i651"/><Mimic z:Ref="i667"/><NameAttribute z:Ref="i640"/><Origin z:Ref="i642"/><Parent z:Ref="i645"/><Safety z:Ref="i662"/><TypeAttribute z:Ref="i641"/></URDFElement></ChildElements><ElementName>link</ElementName><required>true</required><Children/><Collision z:Ref="i632"/><Inertial z:Ref="i606"/><Joint z:Ref="i639"/><NameAttribute z:Ref="i605"/><Parent z:Ref="i1"/><STLQualityFine>false</STLQualityFine><SWComponentPIDs xmlns:a="http://schemas.microsoft.com/2003/10/Serialization/Arrays"><a:base64Binary>aEIAAAUAAAD//v94YwB1AG0AXwBkAGEAaAB1AG8AbgBnAF8AdAByAHUAbwBjAF8AcwBhAHUALQA2AEAAcgBvAGIAbwBWADIALwBzAHUAcwBwAGUAbgBzAGkAbwBuAF8AdgAyAC0AMQBAAGMAdQBtAF8AZABhAGgAdQBvAG4AZwBfAHQAcgB1AG8AYwBfAHMAYQB1AC8AYgBhAG4AaABkAGEAaAB1AG8AbgBnAC0AMQBAAHMAdQBzAHAAZQBuAHMAaQBvAG4AXwB2ADIALwBiAGEAbgBoAF8AZQBhAHMAeQAtADEAQABiAGEAbgBoAGQAYQBoAHUAbwBuAGcABAAAABAAAAABAAAABAAAACAGAAArAAAAdAAAAEEAAAA=</a:base64Binary></SWComponentPIDs><SWMainComponentPID i:nil="true"/><Visual z:Ref="i619"/><isFixedFrame>false</isFixedFrame><isIncomplete>false</isIncomplete></Link><Link z:Id="i671"><Attributes><Attribute z:Id="i672"><AttributeType>name</AttributeType><IsRequired>true</IsRequired><Value i:type="a:string" xmlns:a="http://www.w3.org/2001/XMLSchema">frle_Link</Value></Attribute></Attributes><ChildElements><URDFElement z:Id="i673" i:type="Inertial"><Attributes/><ChildElements><URDFElement z:Id="i674" i:type="Origin"><Attributes><Attribute z:Id="i675"><AttributeType>xyz</AttributeType><IsRequired>true</IsRequired><Value i:type="a:ArrayOfdouble" xmlns:a="http://schemas.microsoft.com/2003/10/Serialization/Arrays"><a:double>-0.0024392776019951379</a:double><a:double>0</a:double><a:double>-0.012241171349341606</a:double></Value></Attribute><Attribute z:Id="i676"><AttributeType>rpy</AttributeType><IsRequired>true</IsRequired><Value i:type="a:ArrayOfdouble" xmlns:a="http://schemas.microsoft.com/2003/10/Serialization/Arrays"><a:double>0</a:double><a:double>0</a:double><a:double>0</a:double></Value></Attribute></Attributes><ChildElements/><ElementName>origin</ElementName><required>false</required><RPYAttribute z:Ref="i676"/><XYZAttribute z:Ref="i675"/><isCustomized>false</isCustomized></URDFElement><URDFElement z:Id="i677" i:type="Mass"><Attributes><Attribute z:Id="i678"><AttributeType>value</AttributeType><IsRequired>true</IsRequired><Value i:type="a:double" xmlns:a="http://www.w3.org/2001/XMLSchema">0.0014624313249854911</Value></Attribute></Attributes><ChildElements/><ElementName>mass</ElementName><required>false</required><ValueAttribute z:Ref="i678"/></URDFElement><URDFElement z:Id="i679" i:type="Inertia"><Attributes><Attribute z:Id="i680"><AttributeType>ixx</AttributeType><IsRequired>true</IsRequired><Value i:type="a:double" xmlns:a="http://www.w3.org/2001/XMLSchema">2.7708833008213809E-07</Value></Attribute><Attribute z:Id="i681"><AttributeType>ixy</AttributeType><IsRequired>true</IsRequired><Value i:type="a:double" xmlns:a="http://www.w3.org/2001/XMLSchema">-1.8011857838342178E-22</Value></Attribute><Attribute z:Id="i682"><AttributeType>ixz</AttributeType><IsRequired>true</IsRequired><Value i:type="a:double" xmlns:a="http://www.w3.org/2001/XMLSchema">-4.8021909173395736E-08</Value></Attribute><Attribute z:Id="i683"><AttributeType>iyy</AttributeType><IsRequired>true</IsRequired><Value i:type="a:double" xmlns:a="http://www.w3.org/2001/XMLSchema">2.1761622582383926E-07</Value></Attribute><Attribute z:Id="i684"><AttributeType>iyz</AttributeType><IsRequired>true</IsRequired><Value i:type="a:double" xmlns:a="http://www.w3.org/2001/XMLSchema">-2.4411409082720604E-22</Value></Attribute><Attribute z:Id="i685"><AttributeType>izz</AttributeType><IsRequired>true</IsRequired><Value i:type="a:double" xmlns:a="http://www.w3.org/2001/XMLSchema">1.4212808243369166E-07</Value></Attribute></Attributes><ChildElements/><ElementName>inertia</ElementName><required>false</required><IxxAttribute z:Ref="i680"/><IxyAttribute z:Ref="i681"/><IxzAttribute z:Ref="i682"/><IyyAttribute z:Ref="i683"/><IyzAttribute z:Ref="i684"/><IzzAttribute z:Ref="i685"/></URDFElement></ChildElements><ElementName>inertial</ElementName><required>false</required><Inertia z:Ref="i679"/><Mass z:Ref="i677"/><Origin z:Ref="i674"/></URDFElement><URDFElement z:Id="i686" i:type="Visual"><Attributes/><ChildElements><URDFElement z:Id="i687" i:type="Origin"><Attributes><Attribute z:Id="i688"><AttributeType>xyz</AttributeType><IsRequired>true</IsRequired><Value i:type="a:ArrayOfdouble" xmlns:a="http://schemas.microsoft.com/2003/10/Serialization/Arrays"><a:double>0</a:double><a:double>0</a:double><a:double>0</a:double></Value></Attribute><Attribute z:Id="i689"><AttributeType>rpy</AttributeType><IsRequired>true</IsRequired><Value i:type="a:ArrayOfdouble" xmlns:a="http://schemas.microsoft.com/2003/10/Serialization/Arrays"><a:double>0</a:double><a:double>0</a:double><a:double>0</a:double></Value></Attribute></Attributes><ChildElements/><ElementName>origin</ElementName><required>false</required><RPYAttribute z:Ref="i689"/><XYZAttribute z:Ref="i688"/><isCustomized>false</isCustomized></URDFElement><URDFElement z:Id="i690" i:type="Geometry"><Attributes/><ChildElements><URDFElement z:Id="i691" i:type="Mesh"><Attributes><Attribute z:Id="i692"><AttributeType>filename</AttributeType><IsRequired>true</IsRequired><Value i:nil="true"/></Attribute></Attributes><ChildElements/><ElementName>mesh</ElementName><required>false</required><FilenameAttribute z:Ref="i692"/></URDFElement></ChildElements><ElementName>geometry</ElementName><required>true</required><Mesh z:Ref="i691"/></URDFElement><URDFElement z:Id="i693" i:type="Material"><Attributes><Attribute z:Id="i694"><AttributeType>name</AttributeType><IsRequired>true</IsRequired><Value i:type="a:string" xmlns:a="http://www.w3.org/2001/XMLSchema"/></Attribute></Attributes><ChildElements><URDFElement z:Id="i695" i:type="Color"><Attributes><Attribute z:Id="i696"><AttributeType>rgba</AttributeType><IsRequired>true</IsRequired><Value i:type="a:ArrayOfdouble" xmlns:a="http://schemas.microsoft.com/2003/10/Serialization/Arrays"><a:double>0.792156862745098</a:double><a:double>0.81960784313725488</a:double><a:double>0.93333333333333335</a:double><a:double>1</a:double></Value></Attribute></Attributes><ChildElements/><ElementName>color</ElementName><required>false</required><RGBAAttribute z:Ref="i696"/></URDFElement><URDFElement z:Id="i697" i:type="Texture"><Attributes><Attribute z:Id="i698"><AttributeType>filename</AttributeType><IsRequired>true</IsRequired><Value i:nil="true"/></Attribute></Attributes><ChildElements/><ElementName>texture</ElementName><required>false</required><FilenameAttribute z:Ref="i698"/><wFilename/></URDFElement></ChildElements><ElementName>material</ElementName><required>false</required><Color z:Ref="i695"/><NameAttribute z:Ref="i694"/><Texture z:Ref="i697"/></URDFElement></ChildElements><ElementName>visual</ElementName><required>false</required><Geometry z:Ref="i690"/><Material z:Ref="i693"/><Origin z:Ref="i687"/></URDFElement><URDFElement z:Id="i699" i:type="Collision"><Attributes/><ChildElements><URDFElement z:Id="i700" i:type="Origin"><Attributes><Attribute z:Id="i701"><AttributeType>xyz</AttributeType><IsRequired>true</IsRequired><Value i:type="a:ArrayOfdouble" xmlns:a="http://schemas.microsoft.com/2003/10/Serialization/Arrays"><a:double>0</a:double><a:double>0</a:double><a:double>0</a:double></Value></Attribute><Attribute z:Id="i702"><AttributeType>rpy</AttributeType><IsRequired>true</IsRequired><Value i:type="a:ArrayOfdouble" xmlns:a="http://schemas.microsoft.com/2003/10/Serialization/Arrays"><a:double>0</a:double><a:double>0</a:double><a:double>0</a:double></Value></Attribute></Attributes><ChildElements/><ElementName>origin</ElementName><required>false</required><RPYAttribute z:Ref="i702"/><XYZAttribute z:Ref="i701"/><isCustomized>false</isCustomized></URDFElement><URDFElement z:Id="i703" i:type="Geometry"><Attributes/><ChildElements><URDFElement z:Id="i704" i:type="Mesh"><Attributes><Attribute z:Id="i705"><AttributeType>filename</AttributeType><IsRequired>true</IsRequired><Value i:nil="true"/></Attribute></Attributes><ChildElements/><ElementName>mesh</ElementName><required>false</required><FilenameAttribute z:Ref="i705"/></URDFElement></ChildElements><ElementName>geometry</ElementName><required>true</required><Mesh z:Ref="i704"/></URDFElement></ChildElements><ElementName>collision</ElementName><required>false</required><Geometry z:Ref="i703"/><Origin z:Ref="i700"/></URDFElement><URDFElement z:Id="i706" i:type="Joint"><Attributes><Attribute z:Id="i707"><AttributeType>name</AttributeType><IsRequired>true</IsRequired><Value i:type="a:string" xmlns:a="http://www.w3.org/2001/XMLSchema">frle_joint</Value></Attribute><Attribute z:Id="i708"><AttributeType>type</AttributeType><IsRequired>true</IsRequired><Value i:type="a:string" xmlns:a="http://www.w3.org/2001/XMLSchema">revolute</Value></Attribute></Attributes><ChildElements><URDFElement z:Id="i709" i:type="Origin"><Attributes><Attribute z:Id="i710"><AttributeType>xyz</AttributeType><IsRequired>true</IsRequired><Value i:type="a:ArrayOfdouble" xmlns:a="http://schemas.microsoft.com/2003/10/Serialization/Arrays"><a:double>0.24033972950611415</a:double><a:double>-0.084916417232767</a:double><a:double>-0.012449999995784888</a:double></Value></Attribute><Attribute z:Id="i711"><AttributeType>rpy</AttributeType><IsRequired>true</IsRequired><Value i:type="a:ArrayOfdouble" xmlns:a="http://schemas.microsoft.com/2003/10/Serialization/Arrays"><a:double>0</a:double><a:double>0</a:double><a:double>0.0082570048974622643</a:double></Value></Attribute></Attributes><ChildElements/><ElementName>origin</ElementName><required>false</required><RPYAttribute z:Ref="i711"/><XYZAttribute z:Ref="i710"/><isCustomized>false</isCustomized></URDFElement><URDFElement z:Id="i712" i:type="ParentLink"><Attributes><Attribute z:Id="i713"><AttributeType>link</AttributeType><IsRequired>true</IsRequired><Value i:type="a:string" xmlns:a="http://www.w3.org/2001/XMLSchema">base_link</Value></Attribute></Attributes><ChildElements/><ElementName>parent</ElementName><required>true</required><NameAttribute z:Ref="i713"/></URDFElement><URDFElement z:Id="i714" i:type="ChildLink"><Attributes><Attribute z:Id="i715"><AttributeType>link</AttributeType><IsRequired>true</IsRequired><Value i:type="a:string" xmlns:a="http://www.w3.org/2001/XMLSchema">frle_Link</Value></Attribute></Attributes><ChildElements/><ElementName>child</ElementName><required>true</required><NameAttribute z:Ref="i715"/></URDFElement><URDFElement z:Id="i716" i:type="Axis"><Attributes><Attribute z:Id="i717"><AttributeType>xyz</AttributeType><IsRequired>true</IsRequired><Value i:type="a:ArrayOfdouble" xmlns:a="http://schemas.microsoft.com/2003/10/Serialization/Arrays"><a:double>0</a:double><a:double>0</a:double><a:double>1</a:double></Value></Attribute></Attributes><ChildElements/><ElementName>axis</ElementName><required>false</required><XYZAttribute z:Ref="i717"/></URDFElement><URDFElement z:Id="i718" i:type="Limit"><Attributes><Attribute z:Id="i719"><AttributeType>lower</AttributeType><IsRequired>false</IsRequired><Value i:nil="true"/></Attribute><Attribute z:Id="i720"><AttributeType>upper</AttributeType><IsRequired>false</IsRequired><Value i:nil="true"/></Attribute><Attribute z:Id="i721"><AttributeType>effort</AttributeType><IsRequired>true</IsRequired><Value i:nil="true"/></Attribute><Attribute z:Id="i722"><AttributeType>velocity</AttributeType><IsRequired>true</IsRequired><Value i:nil="true"/></Attribute></Attributes><ChildElements/><ElementName>limit</ElementName><required>false</required><EffortAttribute z:Ref="i721"/><LowerAttribute z:Ref="i719"/><UpperAttribute z:Ref="i720"/><VelocityAttribute z:Ref="i722"/></URDFElement><URDFElement z:Id="i723" i:type="Calibration"><Attributes><Attribute z:Id="i724"><AttributeType>rising</AttributeType><IsRequired>false</IsRequired><Value i:nil="true"/></Attribute><Attribute z:Id="i725"><AttributeType>falling</AttributeType><IsRequired>false</IsRequired><Value i:nil="true"/></Attribute></Attributes><ChildElements/><ElementName>calibration</ElementName><required>false</required><FallingAttribute z:Ref="i725"/><RisingAttribute z:Ref="i724"/></URDFElement><URDFElement z:Id="i726" i:type="Dynamics"><Attributes><Attribute z:Id="i727"><AttributeType>damping</AttributeType><IsRequired>false</IsRequired><Value i:nil="true"/></Attribute><Attribute z:Id="i728"><AttributeType>friction</AttributeType><IsRequired>false</IsRequired><Value i:nil="true"/></Attribute></Attributes><ChildElements/><ElementName>dynamics</ElementName><required>false</required><DampingAttribute z:Ref="i727"/><FrictionAttribute z:Ref="i728"/></URDFElement><URDFElement z:Id="i729" i:type="SafetyController"><Attributes><Attribute z:Id="i730"><AttributeType>soft_upper_limit</AttributeType><IsRequired>false</IsRequired><Value i:nil="true"/></Attribute><Attribute z:Id="i731"><AttributeType>soft_lower_limit</AttributeType><IsRequired>false</IsRequired><Value i:nil="true"/></Attribute><Attribute z:Id="i732"><AttributeType>k_position</AttributeType><IsRequired>false</IsRequired><Value i:nil="true"/></Attribute><Attribute z:Id="i733"><AttributeType>k_velocity</AttributeType><IsRequired>true</IsRequired><Value i:nil="true"/></Attribute></Attributes><ChildElements/><ElementName>safety_controller</ElementName><required>false</required><KPositionAttribute z:Ref="i732"/><KVelocityAttribute z:Ref="i733"/><SoftLowerAttribute z:Ref="i731"/><SoftUpperAttribute z:Ref="i730"/></URDFElement><URDFElement z:Id="i734" i:type="Mimic"><Attributes><Attribute z:Id="i735"><AttributeType>joint</AttributeType><IsRequired>true</IsRequired><Value i:nil="true"/></Attribute><Attribute z:Id="i736"><AttributeType>multiplier</AttributeType><IsRequired>false</IsRequired><Value i:nil="true"/></Attribute><Attribute z:Id="i737"><AttributeType>offset</AttributeType><IsRequired>false</IsRequired><Value i:nil="true"/></Attribute></Attributes><ChildElements/><ElementName>mimic</ElementName><required>false</required><JointNameAttribute z:Ref="i735"/><MultiplierAttribute z:Ref="i736"/><OffsetAttribute z:Ref="i737"/></URDFElement></ChildElements><ElementName>joint</ElementName><required>false</required><Axis z:Ref="i716"/><AxisName>Axis8_frle</AxisName><Calibration z:Ref="i723"/><Child z:Ref="i714"/><CoordinateSystemName>Coordinate System21</CoordinateSystemName><Dynamics z:Ref="i726"/><Limit z:Ref="i718"/><Mimic z:Ref="i734"/><NameAttribute z:Ref="i707"/><Origin z:Ref="i709"/><Parent z:Ref="i712"/><Safety z:Ref="i729"/><TypeAttribute z:Ref="i708"/></URDFElement></ChildElements><ElementName>link</ElementName><required>true</required><Children/><Collision z:Ref="i699"/><Inertial z:Ref="i673"/><Joint z:Ref="i706"/><NameAttribute z:Ref="i672"/><Parent z:Ref="i1"/><STLQualityFine>false</STLQualityFine><SWComponentPIDs xmlns:a="http://schemas.microsoft.com/2003/10/Serialization/Arrays"><a:base64Binary>aEIAAAUAAAD//v92YwB1AG0AXwBkAGEAaAB1AG8AbgBnAF8AdAByAHUAbwBjAF8AcwBhAHUALQA1AEAAcgBvAGIAbwBWADIALwBzAHUAcwBwAGUAbgBzAGkAbwBuAF8AdgAyAC0AMQBAAGMAdQBtAF8AZABhAGgAdQBvAG4AZwBfAHQAcgB1AG8AYwBfAHMAYQB1AC8AYgBhAG4AaABkAGEAaAB1AG8AbgBnAC0AMQBAAHMAdQBzAHAAZQBuAHMAaQBvAG4AXwB2ADIALwBOAEUAUABfAFMAQQBUAC0AMQBAAGIAYQBuAGgAZABhAGgAdQBvAG4AZwAEAAAAEAAAAAEAAAAEAAAAGQYAACsAAAB0AAAAGwAAAA==</a:base64Binary></SWComponentPIDs><SWMainComponentPID i:nil="true"/><Visual z:Ref="i686"/><isFixedFrame>false</isFixedFrame><isIncomplete>false</isIncomplete></Link><Link z:Id="i738"><Attributes><Attribute z:Id="i739"><AttributeType>name</AttributeType><IsRequired>true</IsRequired><Value i:type="a:string" xmlns:a="http://www.w3.org/2001/XMLSchema">frrig_Link</Value></Attribute></Attributes><ChildElements><URDFElement z:Id="i740" i:type="Inertial"><Attributes/><ChildElements><URDFElement z:Id="i741" i:type="Origin"><Attributes><Attribute z:Id="i742"><AttributeType>xyz</AttributeType><IsRequired>true</IsRequired><Value i:type="a:ArrayOfdouble" xmlns:a="http://schemas.microsoft.com/2003/10/Serialization/Arrays"><a:double>-0.0024391944497749174</a:double><a:double>-2.0140898242704264E-05</a:double><a:double>-0.012241171349341662</a:double></Value></Attribute><Attribute z:Id="i743"><AttributeType>rpy</AttributeType><IsRequired>true</IsRequired><Value i:type="a:ArrayOfdouble" xmlns:a="http://schemas.microsoft.com/2003/10/Serialization/Arrays"><a:double>0</a:double><a:double>0</a:double><a:double>0</a:double></Value></Attribute></Attributes><ChildElements/><ElementName>origin</ElementName><required>false</required><RPYAttribute z:Ref="i743"/><XYZAttribute z:Ref="i742"/><isCustomized>false</isCustomized></URDFElement><URDFElement z:Id="i744" i:type="Mass"><Attributes><Attribute z:Id="i745"><AttributeType>value</AttributeType><IsRequired>true</IsRequired><Value i:type="a:double" xmlns:a="http://www.w3.org/2001/XMLSchema">0.0014624313249854955</Value></Attribute></Attributes><ChildElements/><ElementName>mass</ElementName><required>false</required><ValueAttribute z:Ref="i745"/></URDFElement><URDFElement z:Id="i746" i:type="Inertia"><Attributes><Attribute z:Id="i747"><AttributeType>ixx</AttributeType><IsRequired>true</IsRequired><Value i:type="a:double" xmlns:a="http://www.w3.org/2001/XMLSchema">2.7708427547743657E-07</Value></Attribute><Attribute z:Id="i748"><AttributeType>ixy</AttributeType><IsRequired>true</IsRequired><Value i:type="a:double" xmlns:a="http://www.w3.org/2001/XMLSchema">4.9103913665956736E-10</Value></Attribute><Attribute z:Id="i749"><AttributeType>ixz</AttributeType><IsRequired>true</IsRequired><Value i:type="a:double" xmlns:a="http://www.w3.org/2001/XMLSchema">-4.8020272160716054E-08</Value></Attribute><Attribute z:Id="i750"><AttributeType>iyy</AttributeType><IsRequired>true</IsRequired><Value i:type="a:double" xmlns:a="http://www.w3.org/2001/XMLSchema">2.1762028042854115E-07</Value></Attribute><Attribute z:Id="i751"><AttributeType>iyz</AttributeType><IsRequired>true</IsRequired><Value i:type="a:double" xmlns:a="http://www.w3.org/2001/XMLSchema">-3.96512633613084E-10</Value></Attribute><Attribute z:Id="i752"><AttributeType>izz</AttributeType><IsRequired>true</IsRequired><Value i:type="a:double" xmlns:a="http://www.w3.org/2001/XMLSchema">1.4212808243369211E-07</Value></Attribute></Attributes><ChildElements/><ElementName>inertia</ElementName><required>false</required><IxxAttribute z:Ref="i747"/><IxyAttribute z:Ref="i748"/><IxzAttribute z:Ref="i749"/><IyyAttribute z:Ref="i750"/><IyzAttribute z:Ref="i751"/><IzzAttribute z:Ref="i752"/></URDFElement></ChildElements><ElementName>inertial</ElementName><required>false</required><Inertia z:Ref="i746"/><Mass z:Ref="i744"/><Origin z:Ref="i741"/></URDFElement><URDFElement z:Id="i753" i:type="Visual"><Attributes/><ChildElements><URDFElement z:Id="i754" i:type="Origin"><Attributes><Attribute z:Id="i755"><AttributeType>xyz</AttributeType><IsRequired>true</IsRequired><Value i:type="a:ArrayOfdouble" xmlns:a="http://schemas.microsoft.com/2003/10/Serialization/Arrays"><a:double>0</a:double><a:double>0</a:double><a:double>0</a:double></Value></Attribute><Attribute z:Id="i756"><AttributeType>rpy</AttributeType><IsRequired>true</IsRequired><Value i:type="a:ArrayOfdouble" xmlns:a="http://schemas.microsoft.com/2003/10/Serialization/Arrays"><a:double>0</a:double><a:double>0</a:double><a:double>0</a:double></Value></Attribute></Attributes><ChildElements/><ElementName>origin</ElementName><required>false</required><RPYAttribute z:Ref="i756"/><XYZAttribute z:Ref="i755"/><isCustomized>false</isCustomized></URDFElement><URDFElement z:Id="i757" i:type="Geometry"><Attributes/><ChildElements><URDFElement z:Id="i758" i:type="Mesh"><Attributes><Attribute z:Id="i759"><AttributeType>filename</AttributeType><IsRequired>true</IsRequired><Value i:nil="true"/></Attribute></Attributes><ChildElements/><ElementName>mesh</ElementName><required>false</required><FilenameAttribute z:Ref="i759"/></URDFElement></ChildElements><ElementName>geometry</ElementName><required>true</required><Mesh z:Ref="i758"/></URDFElement><URDFElement z:Id="i760" i:type="Material"><Attributes><Attribute z:Id="i761"><AttributeType>name</AttributeType><IsRequired>true</IsRequired><Value i:type="a:string" xmlns:a="http://www.w3.org/2001/XMLSchema"/></Attribute></Attributes><ChildElements><URDFElement z:Id="i762" i:type="Color"><Attributes><Attribute z:Id="i763"><AttributeType>rgba</AttributeType><IsRequired>true</IsRequired><Value i:type="a:ArrayOfdouble" xmlns:a="http://schemas.microsoft.com/2003/10/Serialization/Arrays"><a:double>0.792156862745098</a:double><a:double>0.81960784313725488</a:double><a:double>0.93333333333333335</a:double><a:double>1</a:double></Value></Attribute></Attributes><ChildElements/><ElementName>color</ElementName><required>false</required><RGBAAttribute z:Ref="i763"/></URDFElement><URDFElement z:Id="i764" i:type="Texture"><Attributes><Attribute z:Id="i765"><AttributeType>filename</AttributeType><IsRequired>true</IsRequired><Value i:nil="true"/></Attribute></Attributes><ChildElements/><ElementName>texture</ElementName><required>false</required><FilenameAttribute z:Ref="i765"/><wFilename/></URDFElement></ChildElements><ElementName>material</ElementName><required>false</required><Color z:Ref="i762"/><NameAttribute z:Ref="i761"/><Texture z:Ref="i764"/></URDFElement></ChildElements><ElementName>visual</ElementName><required>false</required><Geometry z:Ref="i757"/><Material z:Ref="i760"/><Origin z:Ref="i754"/></URDFElement><URDFElement z:Id="i766" i:type="Collision"><Attributes/><ChildElements><URDFElement z:Id="i767" i:type="Origin"><Attributes><Attribute z:Id="i768"><AttributeType>xyz</AttributeType><IsRequired>true</IsRequired><Value i:type="a:ArrayOfdouble" xmlns:a="http://schemas.microsoft.com/2003/10/Serialization/Arrays"><a:double>0</a:double><a:double>0</a:double><a:double>0</a:double></Value></Attribute><Attribute z:Id="i769"><AttributeType>rpy</AttributeType><IsRequired>true</IsRequired><Value i:type="a:ArrayOfdouble" xmlns:a="http://schemas.microsoft.com/2003/10/Serialization/Arrays"><a:double>0</a:double><a:double>0</a:double><a:double>0</a:double></Value></Attribute></Attributes><ChildElements/><ElementName>origin</ElementName><required>false</required><RPYAttribute z:Ref="i769"/><XYZAttribute z:Ref="i768"/><isCustomized>false</isCustomized></URDFElement><URDFElement z:Id="i770" i:type="Geometry"><Attributes/><ChildElements><URDFElement z:Id="i771" i:type="Mesh"><Attributes><Attribute z:Id="i772"><AttributeType>filename</AttributeType><IsRequired>true</IsRequired><Value i:nil="true"/></Attribute></Attributes><ChildElements/><ElementName>mesh</ElementName><required>false</required><FilenameAttribute z:Ref="i772"/></URDFElement></ChildElements><ElementName>geometry</ElementName><required>true</required><Mesh z:Ref="i771"/></URDFElement></ChildElements><ElementName>collision</ElementName><required>false</required><Geometry z:Ref="i770"/><Origin z:Ref="i767"/></URDFElement><URDFElement z:Id="i773" i:type="Joint"><Attributes><Attribute z:Id="i774"><AttributeType>name</AttributeType><IsRequired>true</IsRequired><Value i:type="a:string" xmlns:a="http://www.w3.org/2001/XMLSchema">frrig_joint</Value></Attribute><Attribute z:Id="i775"><AttributeType>type</AttributeType><IsRequired>true</IsRequired><Value i:type="a:string" xmlns:a="http://www.w3.org/2001/XMLSchema">revolute</Value></Attribute></Attributes><ChildElements><URDFElement z:Id="i776" i:type="Origin"><Attributes><Attribute z:Id="i777"><AttributeType>xyz</AttributeType><IsRequired>true</IsRequired><Value i:type="a:ArrayOfdouble" xmlns:a="http://schemas.microsoft.com/2003/10/Serialization/Arrays"><a:double>0.23890302697936738</a:double><a:double>0.089077651303633654</a:double><a:double>-0.012449999995784944</a:double></Value></Attribute><Attribute z:Id="i778"><AttributeType>rpy</AttributeType><IsRequired>true</IsRequired><Value i:type="a:ArrayOfdouble" xmlns:a="http://schemas.microsoft.com/2003/10/Serialization/Arrays"><a:double>0</a:double><a:double>0</a:double><a:double>0</a:double></Value></Attribute></Attributes><ChildElements/><ElementName>origin</ElementName><required>false</required><RPYAttribute z:Ref="i778"/><XYZAttribute z:Ref="i777"/><isCustomized>false</isCustomized></URDFElement><URDFElement z:Id="i779" i:type="ParentLink"><Attributes><Attribute z:Id="i780"><AttributeType>link</AttributeType><IsRequired>true</IsRequired><Value i:type="a:string" xmlns:a="http://www.w3.org/2001/XMLSchema">base_link</Value></Attribute></Attributes><ChildElements/><ElementName>parent</ElementName><required>true</required><NameAttribute z:Ref="i780"/></URDFElement><URDFElement z:Id="i781" i:type="ChildLink"><Attributes><Attribute z:Id="i782"><AttributeType>link</AttributeType><IsRequired>true</IsRequired><Value i:type="a:string" xmlns:a="http://www.w3.org/2001/XMLSchema">frrig_Link</Value></Attribute></Attributes><ChildElements/><ElementName>child</ElementName><required>true</required><NameAttribute z:Ref="i782"/></URDFElement><URDFElement z:Id="i783" i:type="Axis"><Attributes><Attribute z:Id="i784"><AttributeType>xyz</AttributeType><IsRequired>true</IsRequired><Value i:type="a:ArrayOfdouble" xmlns:a="http://schemas.microsoft.com/2003/10/Serialization/Arrays"><a:double>0</a:double><a:double>0</a:double><a:double>1</a:double></Value></Attribute></Attributes><ChildElements/><ElementName>axis</ElementName><required>false</required><XYZAttribute z:Ref="i784"/></URDFElement><URDFElement z:Id="i785" i:type="Limit"><Attributes><Attribute z:Id="i786"><AttributeType>lower</AttributeType><IsRequired>false</IsRequired><Value i:nil="true"/></Attribute><Attribute z:Id="i787"><AttributeType>upper</AttributeType><IsRequired>false</IsRequired><Value i:nil="true"/></Attribute><Attribute z:Id="i788"><AttributeType>effort</AttributeType><IsRequired>true</IsRequired><Value i:nil="true"/></Attribute><Attribute z:Id="i789"><AttributeType>velocity</AttributeType><IsRequired>true</IsRequired><Value i:nil="true"/></Attribute></Attributes><ChildElements/><ElementName>limit</ElementName><required>false</required><EffortAttribute z:Ref="i788"/><LowerAttribute z:Ref="i786"/><UpperAttribute z:Ref="i787"/><VelocityAttribute z:Ref="i789"/></URDFElement><URDFElement z:Id="i790" i:type="Calibration"><Attributes><Attribute z:Id="i791"><AttributeType>rising</AttributeType><IsRequired>false</IsRequired><Value i:nil="true"/></Attribute><Attribute z:Id="i792"><AttributeType>falling</AttributeType><IsRequired>false</IsRequired><Value i:nil="true"/></Attribute></Attributes><ChildElements/><ElementName>calibration</ElementName><required>false</required><FallingAttribute z:Ref="i792"/><RisingAttribute z:Ref="i791"/></URDFElement><URDFElement z:Id="i793" i:type="Dynamics"><Attributes><Attribute z:Id="i794"><AttributeType>damping</AttributeType><IsRequired>false</IsRequired><Value i:nil="true"/></Attribute><Attribute z:Id="i795"><AttributeType>friction</AttributeType><IsRequired>false</IsRequired><Value i:nil="true"/></Attribute></Attributes><ChildElements/><ElementName>dynamics</ElementName><required>false</required><DampingAttribute z:Ref="i794"/><FrictionAttribute z:Ref="i795"/></URDFElement><URDFElement z:Id="i796" i:type="SafetyController"><Attributes><Attribute z:Id="i797"><AttributeType>soft_upper_limit</AttributeType><IsRequired>false</IsRequired><Value i:nil="true"/></Attribute><Attribute z:Id="i798"><AttributeType>soft_lower_limit</AttributeType><IsRequired>false</IsRequired><Value i:nil="true"/></Attribute><Attribute z:Id="i799"><AttributeType>k_position</AttributeType><IsRequired>false</IsRequired><Value i:nil="true"/></Attribute><Attribute z:Id="i800"><AttributeType>k_velocity</AttributeType><IsRequired>true</IsRequired><Value i:nil="true"/></Attribute></Attributes><ChildElements/><ElementName>safety_controller</ElementName><required>false</required><KPositionAttribute z:Ref="i799"/><KVelocityAttribute z:Ref="i800"/><SoftLowerAttribute z:Ref="i798"/><SoftUpperAttribute z:Ref="i797"/></URDFElement><URDFElement z:Id="i801" i:type="Mimic"><Attributes><Attribute z:Id="i802"><AttributeType>joint</AttributeType><IsRequired>true</IsRequired><Value i:nil="true"/></Attribute><Attribute z:Id="i803"><AttributeType>multiplier</AttributeType><IsRequired>false</IsRequired><Value i:nil="true"/></Attribute><Attribute z:Id="i804"><AttributeType>offset</AttributeType><IsRequired>false</IsRequired><Value i:nil="true"/></Attribute></Attributes><ChildElements/><ElementName>mimic</ElementName><required>false</required><JointNameAttribute z:Ref="i802"/><MultiplierAttribute z:Ref="i803"/><OffsetAttribute z:Ref="i804"/></URDFElement></ChildElements><ElementName>joint</ElementName><required>false</required><Axis z:Ref="i783"/><AxisName> Axis9_frrig</AxisName><Calibration z:Ref="i790"/><Child z:Ref="i781"/><CoordinateSystemName>Coordinate System22</CoordinateSystemName><Dynamics z:Ref="i793"/><Limit z:Ref="i785"/><Mimic z:Ref="i801"/><NameAttribute z:Ref="i774"/><Origin z:Ref="i776"/><Parent z:Ref="i779"/><Safety z:Ref="i796"/><TypeAttribute z:Ref="i775"/></URDFElement></ChildElements><ElementName>link</ElementName><required>true</required><Children/><Collision z:Ref="i766"/><Inertial z:Ref="i740"/><Joint z:Ref="i773"/><NameAttribute z:Ref="i739"/><Parent z:Ref="i1"/><STLQualityFine>false</STLQualityFine><SWComponentPIDs xmlns:a="http://schemas.microsoft.com/2003/10/Serialization/Arrays"><a:base64Binary>aEIAAAUAAAD//v92YwB1AG0AXwBkAGEAaAB1AG8AbgBnAF8AdAByAHUAbwBjAF8AcwBhAHUALQA1AEAAcgBvAGIAbwBWADIALwBzAHUAcwBwAGUAbgBzAGkAbwBuAF8AdgAyAC0AMgBAAGMAdQBtAF8AZABhAGgAdQBvAG4AZwBfAHQAcgB1AG8AYwBfAHMAYQB1AC8AYgBhAG4AaABkAGEAaAB1AG8AbgBnAC0AMQBAAHMAdQBzAHAAZQBuAHMAaQBvAG4AXwB2ADIALwBOAEUAUABfAFMAQQBUAC0AMQBAAGIAYQBuAGgAZABhAGgAdQBvAG4AZwAEAAAAEAAAAAEAAAAEAAAAGQYAADAAAAB0AAAAGwAAAA==</a:base64Binary></SWComponentPIDs><SWMainComponentPID i:nil="true"/><Visual z:Ref="i753"/><isFixedFrame>false</isFixedFrame><isIncomplete>false</isIncomplete></Link><Link z:Id="i805"><Attributes><Attribute z:Id="i806"><AttributeType>name</AttributeType><IsRequired>true</IsRequired><Value i:type="a:string" xmlns:a="http://www.w3.org/2001/XMLSchema">bale_Link</Value></Attribute></Attributes><ChildElements><URDFElement z:Id="i807" i:type="Inertial"><Attributes/><ChildElements><URDFElement z:Id="i808" i:type="Origin"><Attributes><Attribute z:Id="i809"><AttributeType>xyz</AttributeType><IsRequired>true</IsRequired><Value i:type="a:ArrayOfdouble" xmlns:a="http://schemas.microsoft.com/2003/10/Serialization/Arrays"><a:double>0.0024391944497750284</a:double><a:double>2.0140898242759775E-05</a:double><a:double>-0.012241171349341551</a:double></Value></Attribute><Attribute z:Id="i810"><AttributeType>rpy</AttributeType><IsRequired>true</IsRequired><Value i:type="a:ArrayOfdouble" xmlns:a="http://schemas.microsoft.com/2003/10/Serialization/Arrays"><a:double>0</a:double><a:double>0</a:double><a:double>0</a:double></Value></Attribute></Attributes><ChildElements/><ElementName>origin</ElementName><required>false</required><RPYAttribute z:Ref="i810"/><XYZAttribute z:Ref="i809"/><isCustomized>false</isCustomized></URDFElement><URDFElement z:Id="i811" i:type="Mass"><Attributes><Attribute z:Id="i812"><AttributeType>value</AttributeType><IsRequired>true</IsRequired><Value i:type="a:double" xmlns:a="http://www.w3.org/2001/XMLSchema">0.0014624313249855059</Value></Attribute></Attributes><ChildElements/><ElementName>mass</ElementName><required>false</required><ValueAttribute z:Ref="i812"/></URDFElement><URDFElement z:Id="i813" i:type="Inertia"><Attributes><Attribute z:Id="i814"><AttributeType>ixx</AttributeType><IsRequired>true</IsRequired><Value i:type="a:double" xmlns:a="http://www.w3.org/2001/XMLSchema">2.7708427547744059E-07</Value></Attribute><Attribute z:Id="i815"><AttributeType>ixy</AttributeType><IsRequired>true</IsRequired><Value i:type="a:double" xmlns:a="http://www.w3.org/2001/XMLSchema">4.9103913665900777E-10</Value></Attribute><Attribute z:Id="i816"><AttributeType>ixz</AttributeType><IsRequired>true</IsRequired><Value i:type="a:double" xmlns:a="http://www.w3.org/2001/XMLSchema">4.802027216071669E-08</Value></Attribute><Attribute z:Id="i817"><AttributeType>iyy</AttributeType><IsRequired>true</IsRequired><Value i:type="a:double" xmlns:a="http://www.w3.org/2001/XMLSchema">2.1762028042854644E-07</Value></Attribute><Attribute z:Id="i818"><AttributeType>iyz</AttributeType><IsRequired>true</IsRequired><Value i:type="a:double" xmlns:a="http://www.w3.org/2001/XMLSchema">3.9651263361396403E-10</Value></Attribute><Attribute z:Id="i819"><AttributeType>izz</AttributeType><IsRequired>true</IsRequired><Value i:type="a:double" xmlns:a="http://www.w3.org/2001/XMLSchema">1.4212808243369211E-07</Value></Attribute></Attributes><ChildElements/><ElementName>inertia</ElementName><required>false</required><IxxAttribute z:Ref="i814"/><IxyAttribute z:Ref="i815"/><IxzAttribute z:Ref="i816"/><IyyAttribute z:Ref="i817"/><IyzAttribute z:Ref="i818"/><IzzAttribute z:Ref="i819"/></URDFElement></ChildElements><ElementName>inertial</ElementName><required>false</required><Inertia z:Ref="i813"/><Mass z:Ref="i811"/><Origin z:Ref="i808"/></URDFElement><URDFElement z:Id="i820" i:type="Visual"><Attributes/><ChildElements><URDFElement z:Id="i821" i:type="Origin"><Attributes><Attribute z:Id="i822"><AttributeType>xyz</AttributeType><IsRequired>true</IsRequired><Value i:type="a:ArrayOfdouble" xmlns:a="http://schemas.microsoft.com/2003/10/Serialization/Arrays"><a:double>0</a:double><a:double>0</a:double><a:double>0</a:double></Value></Attribute><Attribute z:Id="i823"><AttributeType>rpy</AttributeType><IsRequired>true</IsRequired><Value i:type="a:ArrayOfdouble" xmlns:a="http://schemas.microsoft.com/2003/10/Serialization/Arrays"><a:double>0</a:double><a:double>0</a:double><a:double>0</a:double></Value></Attribute></Attributes><ChildElements/><ElementName>origin</ElementName><required>false</required><RPYAttribute z:Ref="i823"/><XYZAttribute z:Ref="i822"/><isCustomized>false</isCustomized></URDFElement><URDFElement z:Id="i824" i:type="Geometry"><Attributes/><ChildElements><URDFElement z:Id="i825" i:type="Mesh"><Attributes><Attribute z:Id="i826"><AttributeType>filename</AttributeType><IsRequired>true</IsRequired><Value i:nil="true"/></Attribute></Attributes><ChildElements/><ElementName>mesh</ElementName><required>false</required><FilenameAttribute z:Ref="i826"/></URDFElement></ChildElements><ElementName>geometry</ElementName><required>true</required><Mesh z:Ref="i825"/></URDFElement><URDFElement z:Id="i827" i:type="Material"><Attributes><Attribute z:Id="i828"><AttributeType>name</AttributeType><IsRequired>true</IsRequired><Value i:type="a:string" xmlns:a="http://www.w3.org/2001/XMLSchema"/></Attribute></Attributes><ChildElements><URDFElement z:Id="i829" i:type="Color"><Attributes><Attribute z:Id="i830"><AttributeType>rgba</AttributeType><IsRequired>true</IsRequired><Value i:type="a:ArrayOfdouble" xmlns:a="http://schemas.microsoft.com/2003/10/Serialization/Arrays"><a:double>0.792156862745098</a:double><a:double>0.81960784313725488</a:double><a:double>0.93333333333333335</a:double><a:double>1</a:double></Value></Attribute></Attributes><ChildElements/><ElementName>color</ElementName><required>false</required><RGBAAttribute z:Ref="i830"/></URDFElement><URDFElement z:Id="i831" i:type="Texture"><Attributes><Attribute z:Id="i832"><AttributeType>filename</AttributeType><IsRequired>true</IsRequired><Value i:nil="true"/></Attribute></Attributes><ChildElements/><ElementName>texture</ElementName><required>false</required><FilenameAttribute z:Ref="i832"/><wFilename/></URDFElement></ChildElements><ElementName>material</ElementName><required>false</required><Color z:Ref="i829"/><NameAttribute z:Ref="i828"/><Texture z:Ref="i831"/></URDFElement></ChildElements><ElementName>visual</ElementName><required>false</required><Geometry z:Ref="i824"/><Material z:Ref="i827"/><Origin z:Ref="i821"/></URDFElement><URDFElement z:Id="i833" i:type="Collision"><Attributes/><ChildElements><URDFElement z:Id="i834" i:type="Origin"><Attributes><Attribute z:Id="i835"><AttributeType>xyz</AttributeType><IsRequired>true</IsRequired><Value i:type="a:ArrayOfdouble" xmlns:a="http://schemas.microsoft.com/2003/10/Serialization/Arrays"><a:double>0</a:double><a:double>0</a:double><a:double>0</a:double></Value></Attribute><Attribute z:Id="i836"><AttributeType>rpy</AttributeType><IsRequired>true</IsRequired><Value i:type="a:ArrayOfdouble" xmlns:a="http://schemas.microsoft.com/2003/10/Serialization/Arrays"><a:double>0</a:double><a:double>0</a:double><a:double>0</a:double></Value></Attribute></Attributes><ChildElements/><ElementName>origin</ElementName><required>false</required><RPYAttribute z:Ref="i836"/><XYZAttribute z:Ref="i835"/><isCustomized>false</isCustomized></URDFElement><URDFElement z:Id="i837" i:type="Geometry"><Attributes/><ChildElements><URDFElement z:Id="i838" i:type="Mesh"><Attributes><Attribute z:Id="i839"><AttributeType>filename</AttributeType><IsRequired>true</IsRequired><Value i:nil="true"/></Attribute></Attributes><ChildElements/><ElementName>mesh</ElementName><required>false</required><FilenameAttribute z:Ref="i839"/></URDFElement></ChildElements><ElementName>geometry</ElementName><required>true</required><Mesh z:Ref="i838"/></URDFElement></ChildElements><ElementName>collision</ElementName><required>false</required><Geometry z:Ref="i837"/><Origin z:Ref="i834"/></URDFElement><URDFElement z:Id="i840" i:type="Joint"><Attributes><Attribute z:Id="i841"><AttributeType>name</AttributeType><IsRequired>true</IsRequired><Value i:type="a:string" xmlns:a="http://www.w3.org/2001/XMLSchema">bale_joint</Value></Attribute><Attribute z:Id="i842"><AttributeType>type</AttributeType><IsRequired>true</IsRequired><Value i:type="a:string" xmlns:a="http://www.w3.org/2001/XMLSchema">revolute</Value></Attribute></Attributes><ChildElements><URDFElement z:Id="i843" i:type="Origin"><Attributes><Attribute z:Id="i844"><AttributeType>xyz</AttributeType><IsRequired>true</IsRequired><Value i:type="a:ArrayOfdouble" xmlns:a="http://schemas.microsoft.com/2003/10/Serialization/Arrays"><a:double>-0.23864180645083066</a:double><a:double>-0.089130097783924889</a:double><a:double>-0.01244999999578128</a:double></Value></Attribute><Attribute z:Id="i845"><AttributeType>rpy</AttributeType><IsRequired>true</IsRequired><Value i:type="a:ArrayOfdouble" xmlns:a="http://schemas.microsoft.com/2003/10/Serialization/Arrays"><a:double>0</a:double><a:double>0</a:double><a:double>0</a:double></Value></Attribute></Attributes><ChildElements/><ElementName>origin</ElementName><required>false</required><RPYAttribute z:Ref="i845"/><XYZAttribute z:Ref="i844"/><isCustomized>false</isCustomized></URDFElement><URDFElement z:Id="i846" i:type="ParentLink"><Attributes><Attribute z:Id="i847"><AttributeType>link</AttributeType><IsRequired>true</IsRequired><Value i:type="a:string" xmlns:a="http://www.w3.org/2001/XMLSchema">base_link</Value></Attribute></Attributes><ChildElements/><ElementName>parent</ElementName><required>true</required><NameAttribute z:Ref="i847"/></URDFElement><URDFElement z:Id="i848" i:type="ChildLink"><Attributes><Attribute z:Id="i849"><AttributeType>link</AttributeType><IsRequired>true</IsRequired><Value i:type="a:string" xmlns:a="http://www.w3.org/2001/XMLSchema">bale_Link</Value></Attribute></Attributes><ChildElements/><ElementName>child</ElementName><required>true</required><NameAttribute z:Ref="i849"/></URDFElement><URDFElement z:Id="i850" i:type="Axis"><Attributes><Attribute z:Id="i851"><AttributeType>xyz</AttributeType><IsRequired>true</IsRequired><Value i:type="a:ArrayOfdouble" xmlns:a="http://schemas.microsoft.com/2003/10/Serialization/Arrays"><a:double>0</a:double><a:double>0</a:double><a:double>1</a:double></Value></Attribute></Attributes><ChildElements/><ElementName>axis</ElementName><required>false</required><XYZAttribute z:Ref="i851"/></URDFElement><URDFElement z:Id="i852" i:type="Limit"><Attributes><Attribute z:Id="i853"><AttributeType>lower</AttributeType><IsRequired>false</IsRequired><Value i:nil="true"/></Attribute><Attribute z:Id="i854"><AttributeType>upper</AttributeType><IsRequired>false</IsRequired><Value i:nil="true"/></Attribute><Attribute z:Id="i855"><AttributeType>effort</AttributeType><IsRequired>true</IsRequired><Value i:nil="true"/></Attribute><Attribute z:Id="i856"><AttributeType>velocity</AttributeType><IsRequired>true</IsRequired><Value i:nil="true"/></Attribute></Attributes><ChildElements/><ElementName>limit</ElementName><required>false</required><EffortAttribute z:Ref="i855"/><LowerAttribute z:Ref="i853"/><UpperAttribute z:Ref="i854"/><VelocityAttribute z:Ref="i856"/></URDFElement><URDFElement z:Id="i857" i:type="Calibration"><Attributes><Attribute z:Id="i858"><AttributeType>rising</AttributeType><IsRequired>false</IsRequired><Value i:nil="true"/></Attribute><Attribute z:Id="i859"><AttributeType>falling</AttributeType><IsRequired>false</IsRequired><Value i:nil="true"/></Attribute></Attributes><ChildElements/><ElementName>calibration</ElementName><required>false</required><FallingAttribute z:Ref="i859"/><RisingAttribute z:Ref="i858"/></URDFElement><URDFElement z:Id="i860" i:type="Dynamics"><Attributes><Attribute z:Id="i861"><AttributeType>damping</AttributeType><IsRequired>false</IsRequired><Value i:nil="true"/></Attribute><Attribute z:Id="i862"><AttributeType>friction</AttributeType><IsRequired>false</IsRequired><Value i:nil="true"/></Attribute></Attributes><ChildElements/><ElementName>dynamics</ElementName><required>false</required><DampingAttribute z:Ref="i861"/><FrictionAttribute z:Ref="i862"/></URDFElement><URDFElement z:Id="i863" i:type="SafetyController"><Attributes><Attribute z:Id="i864"><AttributeType>soft_upper_limit</AttributeType><IsRequired>false</IsRequired><Value i:nil="true"/></Attribute><Attribute z:Id="i865"><AttributeType>soft_lower_limit</AttributeType><IsRequired>false</IsRequired><Value i:nil="true"/></Attribute><Attribute z:Id="i866"><AttributeType>k_position</AttributeType><IsRequired>false</IsRequired><Value i:nil="true"/></Attribute><Attribute z:Id="i867"><AttributeType>k_velocity</AttributeType><IsRequired>true</IsRequired><Value i:nil="true"/></Attribute></Attributes><ChildElements/><ElementName>safety_controller</ElementName><required>false</required><KPositionAttribute z:Ref="i866"/><KVelocityAttribute z:Ref="i867"/><SoftLowerAttribute z:Ref="i865"/><SoftUpperAttribute z:Ref="i864"/></URDFElement><URDFElement z:Id="i868" i:type="Mimic"><Attributes><Attribute z:Id="i869"><AttributeType>joint</AttributeType><IsRequired>true</IsRequired><Value i:nil="true"/></Attribute><Attribute z:Id="i870"><AttributeType>multiplier</AttributeType><IsRequired>false</IsRequired><Value i:nil="true"/></Attribute><Attribute z:Id="i871"><AttributeType>offset</AttributeType><IsRequired>false</IsRequired><Value i:nil="true"/></Attribute></Attributes><ChildElements/><ElementName>mimic</ElementName><required>false</required><JointNameAttribute z:Ref="i869"/><MultiplierAttribute z:Ref="i870"/><OffsetAttribute z:Ref="i871"/></URDFElement></ChildElements><ElementName>joint</ElementName><required>false</required><Axis z:Ref="i850"/><AxisName>Axis10_bale</AxisName><Calibration z:Ref="i857"/><Child z:Ref="i848"/><CoordinateSystemName>Coordinate System23</CoordinateSystemName><Dynamics z:Ref="i860"/><Limit z:Ref="i852"/><Mimic z:Ref="i868"/><NameAttribute z:Ref="i841"/><Origin z:Ref="i843"/><Parent z:Ref="i846"/><Safety z:Ref="i863"/><TypeAttribute z:Ref="i842"/></URDFElement></ChildElements><ElementName>link</ElementName><required>true</required><Children/><Collision z:Ref="i833"/><Inertial z:Ref="i807"/><Joint z:Ref="i840"/><NameAttribute z:Ref="i806"/><Parent z:Ref="i1"/><STLQualityFine>false</STLQualityFine><SWComponentPIDs xmlns:a="http://schemas.microsoft.com/2003/10/Serialization/Arrays"><a:base64Binary>aEIAAAUAAAD//v92YwB1AG0AXwBkAGEAaAB1AG8AbgBnAF8AdAByAHUAbwBjAF8AcwBhAHUALQA2AEAAcgBvAGIAbwBWADIALwBzAHUAcwBwAGUAbgBzAGkAbwBuAF8AdgAyAC0AMgBAAGMAdQBtAF8AZABhAGgAdQBvAG4AZwBfAHQAcgB1AG8AYwBfAHMAYQB1AC8AYgBhAG4AaABkAGEAaAB1AG8AbgBnAC0AMQBAAHMAdQBzAHAAZQBuAHMAaQBvAG4AXwB2ADIALwBOAEUAUABfAFMAQQBUAC0AMQBAAGIAYQBuAGgAZABhAGgAdQBvAG4AZwAEAAAAEAAAAAEAAAAEAAAAIAYAADAAAAB0AAAAGwAAAA==</a:base64Binary></SWComponentPIDs><SWMainComponentPID i:nil="true"/><Visual z:Ref="i820"/><isFixedFrame>false</isFixedFrame><isIncomplete>false</isIncomplete></Link><Link z:Id="i872"><Attributes><Attribute z:Id="i873"><AttributeType>name</AttributeType><IsRequired>true</IsRequired><Value i:type="a:string" xmlns:a="http://www.w3.org/2001/XMLSchema">barig_Link</Value></Attribute></Attributes><ChildElements><URDFElement z:Id="i874" i:type="Inertial"><Attributes/><ChildElements><URDFElement z:Id="i875" i:type="Origin"><Attributes><Attribute z:Id="i876"><AttributeType>xyz</AttributeType><IsRequired>true</IsRequired><Value i:type="a:ArrayOfdouble" xmlns:a="http://schemas.microsoft.com/2003/10/Serialization/Arrays"><a:double>0.0024391944497750284</a:double><a:double>2.0140898242704264E-05</a:double><a:double>-0.012241171349341662</a:double></Value></Attribute><Attribute z:Id="i877"><AttributeType>rpy</AttributeType><IsRequired>true</IsRequired><Value i:type="a:ArrayOfdouble" xmlns:a="http://schemas.microsoft.com/2003/10/Serialization/Arrays"><a:double>0</a:double><a:double>0</a:double><a:double>0</a:double></Value></Attribute></Attributes><ChildElements/><ElementName>origin</ElementName><required>false</required><RPYAttribute z:Ref="i877"/><XYZAttribute z:Ref="i876"/><isCustomized>false</isCustomized></URDFElement><URDFElement z:Id="i878" i:type="Mass"><Attributes><Attribute z:Id="i879"><AttributeType>value</AttributeType><IsRequired>true</IsRequired><Value i:type="a:double" xmlns:a="http://www.w3.org/2001/XMLSchema">0.0014624313249855115</Value></Attribute></Attributes><ChildElements/><ElementName>mass</ElementName><required>false</required><ValueAttribute z:Ref="i879"/></URDFElement><URDFElement z:Id="i880" i:type="Inertia"><Attributes><Attribute z:Id="i881"><AttributeType>ixx</AttributeType><IsRequired>true</IsRequired><Value i:type="a:double" xmlns:a="http://www.w3.org/2001/XMLSchema">2.7708427547744117E-07</Value></Attribute><Attribute z:Id="i882"><AttributeType>ixy</AttributeType><IsRequired>true</IsRequired><Value i:type="a:double" xmlns:a="http://www.w3.org/2001/XMLSchema">4.9103913665918386E-10</Value></Attribute><Attribute z:Id="i883"><AttributeType>ixz</AttributeType><IsRequired>true</IsRequired><Value i:type="a:double" xmlns:a="http://www.w3.org/2001/XMLSchema">4.8020272160716696E-08</Value></Attribute><Attribute z:Id="i884"><AttributeType>iyy</AttributeType><IsRequired>true</IsRequired><Value i:type="a:double" xmlns:a="http://www.w3.org/2001/XMLSchema">2.1762028042854644E-07</Value></Attribute><Attribute z:Id="i885"><AttributeType>iyz</AttributeType><IsRequired>true</IsRequired><Value i:type="a:double" xmlns:a="http://www.w3.org/2001/XMLSchema">3.9651263361389579E-10</Value></Attribute><Attribute z:Id="i886"><AttributeType>izz</AttributeType><IsRequired>true</IsRequired><Value i:type="a:double" xmlns:a="http://www.w3.org/2001/XMLSchema">1.4212808243369299E-07</Value></Attribute></Attributes><ChildElements/><ElementName>inertia</ElementName><required>false</required><IxxAttribute z:Ref="i881"/><IxyAttribute z:Ref="i882"/><IxzAttribute z:Ref="i883"/><IyyAttribute z:Ref="i884"/><IyzAttribute z:Ref="i885"/><IzzAttribute z:Ref="i886"/></URDFElement></ChildElements><ElementName>inertial</ElementName><required>false</required><Inertia z:Ref="i880"/><Mass z:Ref="i878"/><Origin z:Ref="i875"/></URDFElement><URDFElement z:Id="i887" i:type="Visual"><Attributes/><ChildElements><URDFElement z:Id="i888" i:type="Origin"><Attributes><Attribute z:Id="i889"><AttributeType>xyz</AttributeType><IsRequired>true</IsRequired><Value i:type="a:ArrayOfdouble" xmlns:a="http://schemas.microsoft.com/2003/10/Serialization/Arrays"><a:double>0</a:double><a:double>0</a:double><a:double>0</a:double></Value></Attribute><Attribute z:Id="i890"><AttributeType>rpy</AttributeType><IsRequired>true</IsRequired><Value i:type="a:ArrayOfdouble" xmlns:a="http://schemas.microsoft.com/2003/10/Serialization/Arrays"><a:double>0</a:double><a:double>0</a:double><a:double>0</a:double></Value></Attribute></Attributes><ChildElements/><ElementName>origin</ElementName><required>false</required><RPYAttribute z:Ref="i890"/><XYZAttribute z:Ref="i889"/><isCustomized>false</isCustomized></URDFElement><URDFElement z:Id="i891" i:type="Geometry"><Attributes/><ChildElements><URDFElement z:Id="i892" i:type="Mesh"><Attributes><Attribute z:Id="i893"><AttributeType>filename</AttributeType><IsRequired>true</IsRequired><Value i:nil="true"/></Attribute></Attributes><ChildElements/><ElementName>mesh</ElementName><required>false</required><FilenameAttribute z:Ref="i893"/></URDFElement></ChildElements><ElementName>geometry</ElementName><required>true</required><Mesh z:Ref="i892"/></URDFElement><URDFElement z:Id="i894" i:type="Material"><Attributes><Attribute z:Id="i895"><AttributeType>name</AttributeType><IsRequired>true</IsRequired><Value i:type="a:string" xmlns:a="http://www.w3.org/2001/XMLSchema"/></Attribute></Attributes><ChildElements><URDFElement z:Id="i896" i:type="Color"><Attributes><Attribute z:Id="i897"><AttributeType>rgba</AttributeType><IsRequired>true</IsRequired><Value i:type="a:ArrayOfdouble" xmlns:a="http://schemas.microsoft.com/2003/10/Serialization/Arrays"><a:double>0.792156862745098</a:double><a:double>0.81960784313725488</a:double><a:double>0.93333333333333335</a:double><a:double>1</a:double></Value></Attribute></Attributes><ChildElements/><ElementName>color</ElementName><required>false</required><RGBAAttribute z:Ref="i897"/></URDFElement><URDFElement z:Id="i898" i:type="Texture"><Attributes><Attribute z:Id="i899"><AttributeType>filename</AttributeType><IsRequired>true</IsRequired><Value i:nil="true"/></Attribute></Attributes><ChildElements/><ElementName>texture</ElementName><required>false</required><FilenameAttribute z:Ref="i899"/><wFilename/></URDFElement></ChildElements><ElementName>material</ElementName><required>false</required><Color z:Ref="i896"/><NameAttribute z:Ref="i895"/><Texture z:Ref="i898"/></URDFElement></ChildElements><ElementName>visual</ElementName><required>false</required><Geometry z:Ref="i891"/><Material z:Ref="i894"/><Origin z:Ref="i888"/></URDFElement><URDFElement z:Id="i900" i:type="Collision"><Attributes/><ChildElements><URDFElement z:Id="i901" i:type="Origin"><Attributes><Attribute z:Id="i902"><AttributeType>xyz</AttributeType><IsRequired>true</IsRequired><Value i:type="a:ArrayOfdouble" xmlns:a="http://schemas.microsoft.com/2003/10/Serialization/Arrays"><a:double>0</a:double><a:double>0</a:double><a:double>0</a:double></Value></Attribute><Attribute z:Id="i903"><AttributeType>rpy</AttributeType><IsRequired>true</IsRequired><Value i:type="a:ArrayOfdouble" xmlns:a="http://schemas.microsoft.com/2003/10/Serialization/Arrays"><a:double>0</a:double><a:double>0</a:double><a:double>0</a:double></Value></Attribute></Attributes><ChildElements/><ElementName>origin</ElementName><required>false</required><RPYAttribute z:Ref="i903"/><XYZAttribute z:Ref="i902"/><isCustomized>false</isCustomized></URDFElement><URDFElement z:Id="i904" i:type="Geometry"><Attributes/><ChildElements><URDFElement z:Id="i905" i:type="Mesh"><Attributes><Attribute z:Id="i906"><AttributeType>filename</AttributeType><IsRequired>true</IsRequired><Value i:nil="true"/></Attribute></Attributes><ChildElements/><ElementName>mesh</ElementName><required>false</required><FilenameAttribute z:Ref="i906"/></URDFElement></ChildElements><ElementName>geometry</ElementName><required>true</required><Mesh z:Ref="i905"/></URDFElement></ChildElements><ElementName>collision</ElementName><required>false</required><Geometry z:Ref="i904"/><Origin z:Ref="i901"/></URDFElement><URDFElement z:Id="i907" i:type="Joint"><Attributes><Attribute z:Id="i908"><AttributeType>name</AttributeType><IsRequired>true</IsRequired><Value i:type="a:string" xmlns:a="http://www.w3.org/2001/XMLSchema">barig_joint</Value></Attribute><Attribute z:Id="i909"><AttributeType>type</AttributeType><IsRequired>true</IsRequired><Value i:type="a:string" xmlns:a="http://www.w3.org/2001/XMLSchema">revolute</Value></Attribute></Attributes><ChildElements><URDFElement z:Id="i910" i:type="Origin"><Attributes><Attribute z:Id="i911"><AttributeType>xyz</AttributeType><IsRequired>true</IsRequired><Value i:type="a:ArrayOfdouble" xmlns:a="http://schemas.microsoft.com/2003/10/Serialization/Arrays"><a:double>-0.24007850897757721</a:double><a:double>0.084863970752475537</a:double><a:double>-0.012449999995781225</a:double></Value></Attribute><Attribute z:Id="i912"><AttributeType>rpy</AttributeType><IsRequired>true</IsRequired><Value i:type="a:ArrayOfdouble" xmlns:a="http://schemas.microsoft.com/2003/10/Serialization/Arrays"><a:double>0</a:double><a:double>0</a:double><a:double>0</a:double></Value></Attribute></Attributes><ChildElements/><ElementName>origin</ElementName><required>false</required><RPYAttribute z:Ref="i912"/><XYZAttribute z:Ref="i911"/><isCustomized>false</isCustomized></URDFElement><URDFElement z:Id="i913" i:type="ParentLink"><Attributes><Attribute z:Id="i914"><AttributeType>link</AttributeType><IsRequired>true</IsRequired><Value i:type="a:string" xmlns:a="http://www.w3.org/2001/XMLSchema">base_link</Value></Attribute></Attributes><ChildElements/><ElementName>parent</ElementName><required>true</required><NameAttribute z:Ref="i914"/></URDFElement><URDFElement z:Id="i915" i:type="ChildLink"><Attributes><Attribute z:Id="i916"><AttributeType>link</AttributeType><IsRequired>true</IsRequired><Value i:type="a:string" xmlns:a="http://www.w3.org/2001/XMLSchema">barig_Link</Value></Attribute></Attributes><ChildElements/><ElementName>child</ElementName><required>true</required><NameAttribute z:Ref="i916"/></URDFElement><URDFElement z:Id="i917" i:type="Axis"><Attributes><Attribute z:Id="i918"><AttributeType>xyz</AttributeType><IsRequired>true</IsRequired><Value i:type="a:ArrayOfdouble" xmlns:a="http://schemas.microsoft.com/2003/10/Serialization/Arrays"><a:double>0</a:double><a:double>0</a:double><a:double>1</a:double></Value></Attribute></Attributes><ChildElements/><ElementName>axis</ElementName><required>false</required><XYZAttribute z:Ref="i918"/></URDFElement><URDFElement z:Id="i919" i:type="Limit"><Attributes><Attribute z:Id="i920"><AttributeType>lower</AttributeType><IsRequired>false</IsRequired><Value i:nil="true"/></Attribute><Attribute z:Id="i921"><AttributeType>upper</AttributeType><IsRequired>false</IsRequired><Value i:nil="true"/></Attribute><Attribute z:Id="i922"><AttributeType>effort</AttributeType><IsRequired>true</IsRequired><Value i:nil="true"/></Attribute><Attribute z:Id="i923"><AttributeType>velocity</AttributeType><IsRequired>true</IsRequired><Value i:nil="true"/></Attribute></Attributes><ChildElements/><ElementName>limit</ElementName><required>false</required><EffortAttribute z:Ref="i922"/><LowerAttribute z:Ref="i920"/><UpperAttribute z:Ref="i921"/><VelocityAttribute z:Ref="i923"/></URDFElement><URDFElement z:Id="i924" i:type="Calibration"><Attributes><Attribute z:Id="i925"><AttributeType>rising</AttributeType><IsRequired>false</IsRequired><Value i:nil="true"/></Attribute><Attribute z:Id="i926"><AttributeType>falling</AttributeType><IsRequired>false</IsRequired><Value i:nil="true"/></Attribute></Attributes><ChildElements/><ElementName>calibration</ElementName><required>false</required><FallingAttribute z:Ref="i926"/><RisingAttribute z:Ref="i925"/></URDFElement><URDFElement z:Id="i927" i:type="Dynamics"><Attributes><Attribute z:Id="i928"><AttributeType>damping</AttributeType><IsRequired>false</IsRequired><Value i:nil="true"/></Attribute><Attribute z:Id="i929"><AttributeType>friction</AttributeType><IsRequired>false</IsRequired><Value i:nil="true"/></Attribute></Attributes><ChildElements/><ElementName>dynamics</ElementName><required>false</required><DampingAttribute z:Ref="i928"/><FrictionAttribute z:Ref="i929"/></URDFElement><URDFElement z:Id="i930" i:type="SafetyController"><Attributes><Attribute z:Id="i931"><AttributeType>soft_upper_limit</AttributeType><IsRequired>false</IsRequired><Value i:nil="true"/></Attribute><Attribute z:Id="i932"><AttributeType>soft_lower_limit</AttributeType><IsRequired>false</IsRequired><Value i:nil="true"/></Attribute><Attribute z:Id="i933"><AttributeType>k_position</AttributeType><IsRequired>false</IsRequired><Value i:nil="true"/></Attribute><Attribute z:Id="i934"><AttributeType>k_velocity</AttributeType><IsRequired>true</IsRequired><Value i:nil="true"/></Attribute></Attributes><ChildElements/><ElementName>safety_controller</ElementName><required>false</required><KPositionAttribute z:Ref="i933"/><KVelocityAttribute z:Ref="i934"/><SoftLowerAttribute z:Ref="i932"/><SoftUpperAttribute z:Ref="i931"/></URDFElement><URDFElement z:Id="i935" i:type="Mimic"><Attributes><Attribute z:Id="i936"><AttributeType>joint</AttributeType><IsRequired>true</IsRequired><Value i:nil="true"/></Attribute><Attribute z:Id="i937"><AttributeType>multiplier</AttributeType><IsRequired>false</IsRequired><Value i:nil="true"/></Attribute><Attribute z:Id="i938"><AttributeType>offset</AttributeType><IsRequired>false</IsRequired><Value i:nil="true"/></Attribute></Attributes><ChildElements/><ElementName>mimic</ElementName><required>false</required><JointNameAttribute z:Ref="i936"/><MultiplierAttribute z:Ref="i937"/><OffsetAttribute z:Ref="i938"/></URDFElement></ChildElements><ElementName>joint</ElementName><required>false</required><Axis z:Ref="i917"/><AxisName>Axis11_barig</AxisName><Calibration z:Ref="i924"/><Child z:Ref="i915"/><CoordinateSystemName>Coordinate System24</CoordinateSystemName><Dynamics z:Ref="i927"/><Limit z:Ref="i919"/><Mimic z:Ref="i935"/><NameAttribute z:Ref="i908"/><Origin z:Ref="i910"/><Parent z:Ref="i913"/><Safety z:Ref="i930"/><TypeAttribute z:Ref="i909"/></URDFElement></ChildElements><ElementName>link</ElementName><required>true</required><Children/><Collision z:Ref="i900"/><Inertial z:Ref="i874"/><Joint z:Ref="i907"/><NameAttribute z:Ref="i873"/><Parent z:Ref="i1"/><STLQualityFine>false</STLQualityFine><SWComponentPIDs xmlns:a="http://schemas.microsoft.com/2003/10/Serialization/Arrays"><a:base64Binary>aEIAAAUAAAD//v92YwB1AG0AXwBkAGEAaAB1AG8AbgBnAF8AdAByAHUAbwBjAF8AcwBhAHUALQA2AEAAcgBvAGIAbwBWADIALwBzAHUAcwBwAGUAbgBzAGkAbwBuAF8AdgAyAC0AMQBAAGMAdQBtAF8AZABhAGgAdQBvAG4AZwBfAHQAcgB1AG8AYwBfAHMAYQB1AC8AYgBhAG4AaABkAGEAaAB1AG8AbgBnAC0AMQBAAHMAdQBzAHAAZQBuAHMAaQBvAG4AXwB2ADIALwBOAEUAUABfAFMAQQBUAC0AMQBAAGIAYQBuAGgAZABhAGgAdQBvAG4AZwAEAAAAEAAAAAEAAAAEAAAAIAYAACsAAAB0AAAAGwAAAA==</a:base64Binary></SWComponentPIDs><SWMainComponentPID i:nil="true"/><Visual z:Ref="i887"/><isFixedFrame>false</isFixedFrame><isIncomplete>false</isIncomplete></Link></Children><Collision z:Ref="i29"/><Inertial z:Ref="i3"/><Joint z:Ref="i36"/><NameAttribute z:Ref="i2"/><Parent i:nil="true"/><STLQualityFine>false</STLQualityFine><SWComponentPIDs xmlns:a="http://schemas.microsoft.com/2003/10/Serialization/Arrays"><a:base64Binary>aEIAAAUAAAD//v8YYwB1AG0AXwBiAGEAbgBoAF8AeABlAF8AbABvAG4ALQAzAEAAcgBvAGIAbwBWADIABAAAABAAAAABAAAAAQAAAIwBAAA=</a:base64Binary><a:base64Binary>aEIAAAUAAAD//v8NMgAwAG0AbQAtADIAQAByAG8AYgBvAFYAMgAEAAAAEAAAAAEAAAABAAAAKQIAAA==</a:base64Binary><a:base64Binary>aEIAAAUAAAD//v8NMgAwAG0AbQAtADgAQAByAG8AYgBvAFYAMgAEAAAAEAAAAAEAAAABAAAALwIAAA==</a:base64Binary><a:base64Binary>aEIAAAUAAAD//v8SbQBvAHQAbwByAEEAeABpAHMALQAxAEAAcgBvAGIAbwBWADIABAAAABAAAAABAAAAAQAAAKsCAAA=</a:base64Binary><a:base64Binary>aEIAAAUAAAD//v8VbABpAGQAYQByAF8AcAB1AHMAaAB1AHAALQAxAEAAcgBvAGIAbwBWADIABAAAABAAAAABAAAAAQAAAIcEAAA=</a:base64Binary><a:base64Binary>aEIAAAUAAAD//v8ZcwB0AGEAbgBkAG8AZgBmAF8ATQAyAF8AMgAwAG0AbQAtADEAQAByAG8AYgBvAFYAMgAEAAAAEAAAAAEAAAABAAAAyQQAAA==</a:base64Binary><a:base64Binary>aEIAAAUAAAD//v8ZcwB0AGEAbgBkAG8AZgBmAF8ATQAyAF8AMgAwAG0AbQAtADMAQAByAG8AYgBvAFYAMgAEAAAAEAAAAAEAAAABAAAA0AQAAA==</a:base64Binary><a:base64Binary>aEIAAAUAAAD//v8ZcwB0AGEAbgBkAG8AZgBmAF8ATQAyAF8AMgAwAG0AbQAtADQAQAByAG8AYgBvAFYAMgAEAAAAEAAAAAEAAAABAAAA1gQAAA==</a:base64Binary><a:base64Binary>aEIAAAUAAAD//v8ZcwB0AGEAbgBkAG8AZgBmAF8ATQAyAF8AMgAwAG0AbQAtADUAQAByAG8AYgBvAFYAMgAEAAAAEAAAAAEAAAABAAAA2QQAAA==</a:base64Binary><a:base64Binary>aEIAAAUAAAD//v8QYgBhAHQAdABlAHIAeQAtADEAQAByAG8AYgBvAFYAMgAEAAAAEAAAAAEAAAABAAAA3AQAAA==</a:base64Binary><a:base64Binary>aEIAAAUAAAD//v8aaABvAHYAZQByAGIAbwBhAHIAZABfAGQAcgBpAHYAZQByAC0AMQBAAHIAbwBiAG8AVgAyAAQAAAAQAAAAAQAAAAEAAADdBAAA</a:base64Binary><a:base64Binary>aEIAAAUAAAD//v8aYwB1AG0AXwByAGUAbABhAHkAXwBtAHkANABuAF8ANABwAC0AMQBAAHIAbwBiAG8AVgAyAAQAAAAQAAAAAQAAAAEAAADhBAAA</a:base64Binary><a:base64Binary>aEIAAAUAAAD//v8VbABpAGQAYQByAF8AcAB1AHMAaAB1AHAALQAzAEAAcgBvAGIAbwBWADIABAAAABAAAAABAAAAAQAAABMFAAA=</a:base64Binary><a:base64Binary>aEIAAAUAAAD//v8aMwA2AHYAXwAxADIAdgBfAGMAbwBuAHYAZQByAHQAZQByAC0AMQBAAHIAbwBiAG8AVgAyAAQAAAAQAAAAAQAAAAEAAAAgBQAA</a:base64Binary><a:base64Binary>aEIAAAUAAAD//v8VcgBlAG0AbwB0AGUAXwByAGUAbABhAHkALQAxAEAAcgBvAGIAbwBWADIABAAAABAAAAABAAAAAQAAADEFAAA=</a:base64Binary><a:base64Binary>aEIAAAUAAAD//v8XYQBsAHUAbQBpAG4AaQB1AG0AXwBiAGEAcwBlAC0AMQBAAHIAbwBiAG8AVgAyAAQAAAAQAAAAAQAAAAEAAAA1BQAA</a:base64Binary><a:base64Binary>aEIAAAUAAAD//v8UcABpAF8AaABhAG4AZwBfAGkAbQB1AC0AMQBAAHIAbwBiAG8AVgAyAAQAAAAQAAAAAQAAAAEAAABbBQAA</a:base64Binary><a:base64Binary>aEIAAAUAAAD//v8VVwBFAEkARABVACAAVABCADIANQBYAFgALQAxAEAAcgBvAGIAbwBWADIABAAAABAAAAABAAAAAQAAAHgFAAA=</a:base64Binary><a:base64Binary>aEIAAAUAAAD//v8dHwRABD4ERAQ4BDsETAQgAFYALQBzAGwAbwB0ACAAMgAwAHgANAAwAC0AMQBAAHIAbwBiAG8AVgAyAAQAAAAQAAAAAQAAAAEAAAB+BQAA</a:base64Binary><a:base64Binary>aEIAAAUAAAD//v8dHwRABD4ERAQ4BDsETAQgAFYALQBzAGwAbwB0ACAAMgAwAHgANAAwAC0AMwBAAHIAbwBiAG8AVgAyAAQAAAAQAAAAAQAAAAEAAACABQAA</a:base64Binary><a:base64Binary>aEIAAAUAAAD//v8uMgAwAHgAMgAwAF8AYQBsAHUAbQBpAG4AdQBtAF8AZQB4AHQAcgB1AHMAaQBvAG4AXwBwAHIAbwBmAGkAbABlACAAMgA2AGMAbQAtADEAQAByAG8AYgBvAFYAMgAEAAAAEAAAAAEAAAABAAAAmQUAAA==</a:base64Binary><a:base64Binary>aEIAAAUAAAD//v8OMgAwAG0AbQAtADEAMABAAHIAbwBiAG8AVgAyAAQAAAAQAAAAAQAAAAEAAADKBQAA</a:base64Binary><a:base64Binary>aEIAAAUAAAD//v8YYwB1AG0AXwBiAGEAbgBoAF8AeABlAF8AbABvAG4ALQA1AEAAcgBvAGIAbwBWADIABAAAABAAAAABAAAAAQAAAMsFAAA=</a:base64Binary><a:base64Binary>aEIAAAUAAAD//v8SbQBvAHQAbwByAEEAeABpAHMALQA0AEAAcgBvAGIAbwBWADIABAAAABAAAAABAAAAAQAAAMwFAAA=</a:base64Binary><a:base64Binary>aEIAAAUAAAD//v8OMgAwAG0AbQAtADEAMQBAAHIAbwBiAG8AVgAyAAQAAAAQAAAAAQAAAAEAAADNBQAA</a:base64Binary><a:base64Binary>aEIAAAUAAAD//v8eYwB1AG0AXwBkAGEAaAB1AG8AbgBnAF8AdAByAHUAbwBjAF8AcwBhAHUALQA1AEAAcgBvAGIAbwBWADIABAAAABAAAAABAAAAAQAAABkGAAA=</a:base64Binary><a:base64Binary>aEIAAAUAAAD//v8eYwB1AG0AXwBkAGEAaAB1AG8AbgBnAF8AdAByAHUAbwBjAF8AcwBhAHUALQA2AEAAcgBvAGIAbwBWADIABAAAABAAAAABAAAAAQAAACAGAAA=</a:base64Binary><a:base64Binary>aEIAAAUAAAD//v8WZgB1AGwAbABfAGMAbwB2AGUAcgBfAHYAMgAtADEAQAByAG8AYgBvAFYAMgAEAAAAEAAAAAEAAAABAAAAXAYAAA==</a:base64Binary><a:base64Binary>aEIAAAUAAAD//v8bYwBvAHYAZQByAF8AagBvAGkAbgB0AF8AdgAzAC4AMQAuADIALQAxAEAAcgBvAGIAbwBWADIABAAAABAAAAABAAAAAQAAAKMGAAA=</a:base64Binary><a:base64Binary>aEIAAAUAAAD//v8LagAxAC0AMQBAAHIAbwBiAG8AVgAyAAQAAAAQAAAAAQAAAAEAAACsBgAA</a:base64Binary><a:base64Binary>aEIAAAUAAAD//v8LagAxAC0AMgBAAHIAbwBiAG8AVgAyAAQAAAAQAAAAAQAAAAEAAACtBgAA</a:base64Binary><a:base64Binary>aEIAAAUAAAD//v8QbQBhAHQAeABlAG8AMQAtADEAQAByAG8AYgBvAFYAMgAEAAAAEAAAAAEAAAABAAAAvQYAAA==</a:base64Binary><a:base64Binary>aEIAAAUAAAD//v8fQQByAGMAYQBkAGUAIABQAHUAcwBoACAAYgB1AHQAdABvAG4AIABhAHMAbQAtADIAQAByAG8AYgBvAFYAMgAEAAAAEAAAAAEAAAABAAAAzwYAAA==</a:base64Binary><a:base64Binary>aEIAAAUAAAD//v8sUwB0AG8AcAAgAFMAdwBpAHQAYwBoACAAUAB1AHMAaAAgAEIAdQB0AHQAbwBuACAATABBAFkAMwA3ACAAKABQAEIAQwApAC0AMwBAAHIAbwBiAG8AVgAyAAQAAAAQAAAAAQAAAAEAAAD3BgAA</a:base64Binary><a:base64Binary>aEIAAAUAAAD//v8eYwBvAHYAZQByAF8AdQBwAF8AdgAyAF8AbABpAG4AaABfAG0AaQBjAGEALQAxAEAAcgBvAGIAbwBWADIABAAAABAAAAABAAAAAQAAANkHAAA=</a:base64Binary><a:base64Binary>aEIAAAUAAAD//v8QYQBsAGkAYgBhAGIAYQAtADEAQAByAG8AYgBvAFYAMgAEAAAAEAAAAAEAAAABAAAANggAAA==</a:base64Binary><a:base64Binary>aEIAAAUAAAD//v8MYwBoAGUALQAxAEAAcgBvAGIAbwBWADIABAAAABAAAAABAAAAAQAAADwIAAA=</a:base64Binary><a:base64Binary>aEIAAAUAAAD//v8MYwBoAGUALQAyAEAAcgBvAGIAbwBWADIABAAAABAAAAABAAAAAQAAAFAIAAA=</a:base64Binary><a:base64Binary>aEIAAAUAAAD//v8MYwBoAGUALQAzAEAAcgBvAGIAbwBWADIABAAAABAAAAABAAAAAQAAAFkIAAA=</a:base64Binary><a:base64Binary>aEIAAAUAAAD//v8MYwBoAGUALQA0AEAAcgBvAGIAbwBWADIABAAAABAAAAABAAAAAQAAAGEIAAA=</a:base64Binary><a:base64Binary>aEIAAAUAAAD//v8MYwBoAGUALQA1AEAAcgBvAGIAbwBWADIABAAAABAAAAABAAAAAQAAAGkIAAA=</a:base64Binary><a:base64Binary>aEIAAAUAAAD//v8MYwBoAGUALQA2AEAAcgBvAGIAbwBWADIABAAAABAAAAABAAAAAQAAAHEIAAA=</a:base64Binary><a:base64Binary>aEIAAAUAAAD//v8XZwBhAF8AbQBpAG4AaQBwAGMAXwBjAG8AbQBwAC0AMQBAAHIAbwBiAG8AVgAyAAQAAAAQAAAAAQAAAAEAAADGCAAA</a:base64Binary><a:base64Binary>aEIAAAUAAAD//v8VZwBhAF8AbQBpAG4AaQBwAGMAXwB2ADIALQAyAEAAcgBvAGIAbwBWADIABAAAABAAAAABAAAAAQAAALEIAAA=</a:base64Binary><a:base64Binary>aEIAAAUAAAD//v8VZwBhAF8AbQBpAG4AaQBwAGMAXwB2ADIALQAxAEAAcgBvAGIAbwBWADIABAAAABAAAAABAAAAAQAAALAIAAA=</a:base64Binary><a:base64Binary>aEIAAAUAAAD//v8QaABvAHAAXwBwAGkAbgAtADEAQAByAG8AYgBvAFYAMgAEAAAAEAAAAAEAAAABAAAA3wgAAA==</a:base64Binary><a:base64Binary>aEIAAAUAAAD//v8RbgBhAG4AZwBfAGMAYQBtAC0AMQBAAHIAbwBiAG8AVgAyAAQAAAAQAAAAAQAAAAEAAADqCAAA</a:base64Binary><a:base64Binary>aEIAAAUAAAD//v8nZwBhAF8AYwBvAG0ALQAxAEAAcgBvAGIAbwBWADIALwAyADAAeAAyADAAXwBhAGwAdQBfAGQAbwBjADEALQAyAEAAZwBhAF8AYwBvAG0ABAAAABAAAAABAAAAAgAAAA0JAAAbAAAA</a:base64Binary><a:base64Binary>aEIAAAUAAAD//v8nZwBhAF8AYwBvAG0ALQAxAEAAcgBvAGIAbwBWADIALwAyADAAeAAyADAAXwBhAGwAdQBfAGQAbwBjADEALQAxAEAAZwBhAF8AYwBvAG0ABAAAABAAAAABAAAAAgAAAA0JAAAaAAAA</a:base64Binary><a:base64Binary>aEIAAAUAAAD//v8gZwBhAF8AYwBvAG0ALQAxAEAAcgBvAGIAbwBWADIALwB0AGEAYgBsAGUAdAAyAC0AMQBAAGcAYQBfAGMAbwBtAAQAAAAQAAAAAQAAAAIAAAANCQAAJwAAAA==</a:base64Binary><a:base64Binary>aEIAAAUAAAD//v8gZwBhAF8AYwBvAG0ALQAxAEAAcgBvAGIAbwBWADIALwB0AGEAYgBsAGUAdAAxAC0AMQBAAGcAYQBfAGMAbwBtAAQAAAAQAAAAAQAAAAIAAAANCQAAHAAAAA==</a:base64Binary><a:base64Binary>aEIAAAUAAAD//v8kZwBhAF8AYwBvAG0ALQAxAEAAcgBvAGIAbwBWADIALwBtAGkAYwBhAF8AdABhAGIAbABlAHQALQAxAEAAZwBhAF8AYwBvAG0ABAAAABAAAAABAAAAAgAAAA0JAAAsAAAA</a:base64Binary><a:base64Binary>aEIAAAUAAAD//v85ZwBhAF8AYwBvAG0ALQAxAEAAcgBvAGIAbwBWADIALwBvAHAAXwB0AGEAYgAtADEAQABnAGEAXwBjAG8AbQAvAGYAcgBvAG4AdABfAG8AcABfAHQAYQBiAGwAZQB0ADMALQAyAEAAbwBwAF8AdABhAGIABAAAABAAAAABAAAAAwAAAA0JAAAwAAAAGgAAAA==</a:base64Binary><a:base64Binary>aEIAAAUAAAD//v84ZwBhAF8AYwBvAG0ALQAxAEAAcgBvAGIAbwBWADIALwBvAHAAXwB0AGEAYgAtADEAQABnAGEAXwBjAG8AbQAvAGIAYQBjAGsAXwBvAHAAXwB0AGEAYgBsAGUAdAAzAC0AMgBAAG8AcABfAHQAYQBiAAQAAAAQAAAAAQAAAAMAAAANCQAAMAAAABsAAAA=</a:base64Binary><a:base64Binary>aEIAAAUAAAD//v8pZwBhAF8AYwBvAG0ALQAxAEAAcgBvAGIAbwBWADIALwAyADAAeAAyADAAXwBhAGwAdQBfAG4AZwBhAG4AZwAxAC0AMQBAAGcAYQBfAGMAbwBtAAQAAAAQAAAAAQAAAAIAAAANCQAAGQAAAA==</a:base64Binary></SWComponentPIDs><SWMainComponentPID i:nil="true"/><Visual z:Ref="i16"/><isFixedFrame>false</isFixedFrame><isIncomplete>false</isIncomplete></Link>
2025-06-16 10:19:39,805 INFO  AssemblyExportForm.cs: 309 - Saving URDF package to C:\Users\NHAT LINH\OneDrive\Desktop\urdf\robot_v5_1
2025-06-16 10:19:39,807 INFO  ExportHelper.cs: 147 - Beginning the export process
2025-06-16 10:19:39,809 INFO  ExportHelper.cs: 153 - Creating package directories with name robot_v5_1 and save path C:\Users\NHAT LINH\OneDrive\Desktop\urdf
2025-06-16 10:19:41,173 INFO  ExportHelper.cs: 162 - Creating CMakeLists.txt at C:\Users\NHAT LINH\OneDrive\Desktop\urdf\robot_v5_1\CMakeLists.txt
2025-06-16 10:19:41,177 INFO  ExportHelper.cs: 166 - Creating joint names config at C:\Users\NHAT LINH\OneDrive\Desktop\urdf\robot_v5_1\config\joint_names_robot_v5_1.yaml
2025-06-16 10:19:41,179 INFO  ExportHelper.cs: 170 - Creating package.xml at C:\Users\NHAT LINH\OneDrive\Desktop\urdf\robot_v5_1\package.xml
2025-06-16 10:19:41,181 INFO  PackageXMLWriter.cs: 21 - Creating package.xml at C:\Users\NHAT LINH\OneDrive\Desktop\urdf\robot_v5_1\package.xml
2025-06-16 10:19:41,186 INFO  ExportHelper.cs: 177 - Creating RVIZ launch file in C:\Users\NHAT LINH\OneDrive\Desktop\urdf\robot_v5_1\launch\
2025-06-16 10:19:41,189 INFO  ExportHelper.cs: 182 - Creating Gazebo launch file in C:\Users\NHAT LINH\OneDrive\Desktop\urdf\robot_v5_1\launch\
2025-06-16 10:19:41,191 INFO  ExportHelper.cs: 187 - Saving existing STL preferences
2025-06-16 10:19:41,192 INFO  ExportHelper.cs: 450 - Saving users preferences
2025-06-16 10:19:41,193 INFO  ExportHelper.cs: 190 - Modifying STL preferences
2025-06-16 10:19:41,193 INFO  ExportHelper.cs: 464 - Setting STL preferences
2025-06-16 10:19:41,201 INFO  ExportHelper.cs: 196 - Found 4 hidden components cover_up_v2-1, cum_dahuong_truoc_sau-5/suspension_v2-1/banhdahuong-1/Part1-1, cover_up_v2_linh-1, cover_up_v2_linh_mica-1
2025-06-16 10:19:41,202 INFO  ExportHelper.cs: 197 - Hiding all components
2025-06-16 10:19:41,774 INFO  ExportHelper.cs: 204 - Beginning individual files export
2025-06-16 10:19:41,800 INFO  ExportHelper.cs: 270 - Exporting link: base_link
2025-06-16 10:19:41,800 INFO  ExportHelper.cs: 272 - Link base_link has 13 children
2025-06-16 10:19:41,801 INFO  ExportHelper.cs: 270 - Exporting link: lidar_link
2025-06-16 10:19:41,802 INFO  ExportHelper.cs: 272 - Link lidar_link has 0 children
2025-06-16 10:19:41,803 INFO  ExportHelper.cs: 317 - lidar_link: Exporting STL with coordinate frame Coordinate System2
2025-06-16 10:19:41,803 INFO  ExportHelper.cs: 322 - lidar_link: Reference geometry name 
2025-06-16 10:19:41,990 INFO  ExportHelper.cs: 330 - Saving STL to C:\Users\NHAT LINH\OneDrive\Desktop\urdf\robot_v5_1\meshes\lidar_link.STL
2025-06-16 10:19:42,370 INFO  ExportHelper.cs: 405 - Removing SW header in STL file
2025-06-16 10:19:42,371 INFO  ExportHelper.cs: 270 - Exporting link: imu_link
2025-06-16 10:19:42,372 INFO  ExportHelper.cs: 272 - Link imu_link has 0 children
2025-06-16 10:19:42,372 INFO  ExportHelper.cs: 317 - imu_link: Exporting STL with coordinate frame Coordinate System3
2025-06-16 10:19:42,372 INFO  ExportHelper.cs: 322 - imu_link: Reference geometry name 
2025-06-16 10:19:42,406 INFO  ExportHelper.cs: 330 - Saving STL to C:\Users\NHAT LINH\OneDrive\Desktop\urdf\robot_v5_1\meshes\imu_link.STL
2025-06-16 10:19:42,645 INFO  ExportHelper.cs: 405 - Removing SW header in STL file
2025-06-16 10:19:42,646 INFO  ExportHelper.cs: 270 - Exporting link: right_wheel_link
2025-06-16 10:19:42,647 INFO  ExportHelper.cs: 272 - Link right_wheel_link has 0 children
2025-06-16 10:19:42,647 INFO  ExportHelper.cs: 317 - right_wheel_link: Exporting STL with coordinate frame Coordinate System6
2025-06-16 10:19:42,647 INFO  ExportHelper.cs: 322 - right_wheel_link: Reference geometry name 
2025-06-16 10:19:42,679 INFO  ExportHelper.cs: 330 - Saving STL to C:\Users\NHAT LINH\OneDrive\Desktop\urdf\robot_v5_1\meshes\right_wheel_link.STL
2025-06-16 10:19:42,888 INFO  ExportHelper.cs: 405 - Removing SW header in STL file
2025-06-16 10:19:42,890 INFO  ExportHelper.cs: 270 - Exporting link: left_wheel_link
2025-06-16 10:19:42,891 INFO  ExportHelper.cs: 272 - Link left_wheel_link has 0 children
2025-06-16 10:19:42,891 INFO  ExportHelper.cs: 317 - left_wheel_link: Exporting STL with coordinate frame Coordinate System7
2025-06-16 10:19:42,892 INFO  ExportHelper.cs: 322 - left_wheel_link: Reference geometry name 
2025-06-16 10:19:42,921 INFO  ExportHelper.cs: 330 - Saving STL to C:\Users\NHAT LINH\OneDrive\Desktop\urdf\robot_v5_1\meshes\left_wheel_link.STL
2025-06-16 10:19:43,109 INFO  ExportHelper.cs: 405 - Removing SW header in STL file
2025-06-16 10:19:43,111 INFO  ExportHelper.cs: 270 - Exporting link: camera_link
2025-06-16 10:19:43,111 INFO  ExportHelper.cs: 272 - Link camera_link has 0 children
2025-06-16 10:19:43,112 INFO  ExportHelper.cs: 317 - camera_link: Exporting STL with coordinate frame Coordinate System8
2025-06-16 10:19:43,112 INFO  ExportHelper.cs: 322 - camera_link: Reference geometry name 
2025-06-16 10:19:43,144 INFO  ExportHelper.cs: 330 - Saving STL to C:\Users\NHAT LINH\OneDrive\Desktop\urdf\robot_v5_1\meshes\camera_link.STL
2025-06-16 10:19:43,465 INFO  ExportHelper.cs: 405 - Removing SW header in STL file
2025-06-16 10:19:43,467 INFO  ExportHelper.cs: 270 - Exporting link: caster_frle_Link
2025-06-16 10:19:43,467 INFO  ExportHelper.cs: 272 - Link caster_frle_Link has 0 children
2025-06-16 10:19:43,468 INFO  ExportHelper.cs: 317 - caster_frle_Link: Exporting STL with coordinate frame Coordinate System17
2025-06-16 10:19:43,468 INFO  ExportHelper.cs: 322 - caster_frle_Link: Reference geometry name 
2025-06-16 10:19:43,724 INFO  ExportHelper.cs: 330 - Saving STL to C:\Users\NHAT LINH\OneDrive\Desktop\urdf\robot_v5_1\meshes\caster_frle_Link.STL
2025-06-16 10:19:43,815 INFO  ExportHelper.cs: 405 - Removing SW header in STL file
2025-06-16 10:19:43,817 INFO  ExportHelper.cs: 270 - Exporting link: caster_frrig_Link
2025-06-16 10:19:43,817 INFO  ExportHelper.cs: 272 - Link caster_frrig_Link has 0 children
2025-06-16 10:19:43,818 INFO  ExportHelper.cs: 317 - caster_frrig_Link: Exporting STL with coordinate frame Coordinate System18
2025-06-16 10:19:43,818 INFO  ExportHelper.cs: 322 - caster_frrig_Link: Reference geometry name 
2025-06-16 10:19:43,969 INFO  ExportHelper.cs: 330 - Saving STL to C:\Users\NHAT LINH\OneDrive\Desktop\urdf\robot_v5_1\meshes\caster_frrig_Link.STL
2025-06-16 10:19:44,053 INFO  ExportHelper.cs: 405 - Removing SW header in STL file
2025-06-16 10:19:44,056 INFO  ExportHelper.cs: 270 - Exporting link: caster_bale_Link
2025-06-16 10:19:44,057 INFO  ExportHelper.cs: 272 - Link caster_bale_Link has 0 children
2025-06-16 10:19:44,057 INFO  ExportHelper.cs: 317 - caster_bale_Link: Exporting STL with coordinate frame Coordinate System19
2025-06-16 10:19:44,058 INFO  ExportHelper.cs: 322 - caster_bale_Link: Reference geometry name 
2025-06-16 10:19:44,314 INFO  ExportHelper.cs: 330 - Saving STL to C:\Users\NHAT LINH\OneDrive\Desktop\urdf\robot_v5_1\meshes\caster_bale_Link.STL
2025-06-16 10:19:44,407 INFO  ExportHelper.cs: 405 - Removing SW header in STL file
2025-06-16 10:19:44,408 INFO  ExportHelper.cs: 270 - Exporting link: caster_barig_Link
2025-06-16 10:19:44,409 INFO  ExportHelper.cs: 272 - Link caster_barig_Link has 0 children
2025-06-16 10:19:44,409 INFO  ExportHelper.cs: 317 - caster_barig_Link: Exporting STL with coordinate frame Coordinate System20
2025-06-16 10:19:44,409 INFO  ExportHelper.cs: 322 - caster_barig_Link: Reference geometry name 
2025-06-16 10:19:44,570 INFO  ExportHelper.cs: 330 - Saving STL to C:\Users\NHAT LINH\OneDrive\Desktop\urdf\robot_v5_1\meshes\caster_barig_Link.STL
2025-06-16 10:19:44,659 INFO  ExportHelper.cs: 405 - Removing SW header in STL file
2025-06-16 10:19:44,661 INFO  ExportHelper.cs: 270 - Exporting link: frle_Link
2025-06-16 10:19:44,661 INFO  ExportHelper.cs: 272 - Link frle_Link has 0 children
2025-06-16 10:19:44,662 INFO  ExportHelper.cs: 317 - frle_Link: Exporting STL with coordinate frame Coordinate System21
2025-06-16 10:19:44,662 INFO  ExportHelper.cs: 322 - frle_Link: Reference geometry name 
2025-06-16 10:19:44,693 INFO  ExportHelper.cs: 330 - Saving STL to C:\Users\NHAT LINH\OneDrive\Desktop\urdf\robot_v5_1\meshes\frle_Link.STL
2025-06-16 10:19:44,789 INFO  ExportHelper.cs: 405 - Removing SW header in STL file
2025-06-16 10:19:44,792 INFO  ExportHelper.cs: 270 - Exporting link: frrig_Link
2025-06-16 10:19:44,793 INFO  ExportHelper.cs: 272 - Link frrig_Link has 0 children
2025-06-16 10:19:44,793 INFO  ExportHelper.cs: 317 - frrig_Link: Exporting STL with coordinate frame Coordinate System22
2025-06-16 10:19:44,794 INFO  ExportHelper.cs: 322 - frrig_Link: Reference geometry name 
2025-06-16 10:19:44,834 INFO  ExportHelper.cs: 330 - Saving STL to C:\Users\NHAT LINH\OneDrive\Desktop\urdf\robot_v5_1\meshes\frrig_Link.STL
2025-06-16 10:19:44,927 INFO  ExportHelper.cs: 405 - Removing SW header in STL file
2025-06-16 10:19:44,929 INFO  ExportHelper.cs: 270 - Exporting link: bale_Link
2025-06-16 10:19:44,929 INFO  ExportHelper.cs: 272 - Link bale_Link has 0 children
2025-06-16 10:19:44,930 INFO  ExportHelper.cs: 317 - bale_Link: Exporting STL with coordinate frame Coordinate System23
2025-06-16 10:19:44,930 INFO  ExportHelper.cs: 322 - bale_Link: Reference geometry name 
2025-06-16 10:19:44,965 INFO  ExportHelper.cs: 330 - Saving STL to C:\Users\NHAT LINH\OneDrive\Desktop\urdf\robot_v5_1\meshes\bale_Link.STL
2025-06-16 10:19:45,051 INFO  ExportHelper.cs: 405 - Removing SW header in STL file
2025-06-16 10:19:45,053 INFO  ExportHelper.cs: 270 - Exporting link: barig_Link
2025-06-16 10:19:45,053 INFO  ExportHelper.cs: 272 - Link barig_Link has 0 children
2025-06-16 10:19:45,054 INFO  ExportHelper.cs: 317 - barig_Link: Exporting STL with coordinate frame Coordinate System24
2025-06-16 10:19:45,054 INFO  ExportHelper.cs: 322 - barig_Link: Reference geometry name 
2025-06-16 10:19:45,088 INFO  ExportHelper.cs: 330 - Saving STL to C:\Users\NHAT LINH\OneDrive\Desktop\urdf\robot_v5_1\meshes\barig_Link.STL
2025-06-16 10:19:45,178 INFO  ExportHelper.cs: 405 - Removing SW header in STL file
2025-06-16 10:19:45,179 INFO  ExportHelper.cs: 317 - base_link: Exporting STL with coordinate frame Coordinate System1
2025-06-16 10:19:45,179 INFO  ExportHelper.cs: 322 - base_link: Reference geometry name 
2025-06-16 10:19:45,813 INFO  ExportHelper.cs: 330 - Saving STL to C:\Users\NHAT LINH\OneDrive\Desktop\urdf\robot_v5_1\meshes\base_link.STL
2025-06-16 10:19:49,130 INFO  ExportHelper.cs: 405 - Removing SW header in STL file
2025-06-16 10:19:49,131 INFO  ExportHelper.cs: 145 - Showing all components except previously hidden components
2025-06-16 10:19:52,689 INFO  ExportHelper.cs: 145 - Resetting STL preferences
2025-06-16 10:19:52,691 INFO  ExportHelper.cs: 478 - Returning STL preferences to user preferences
2025-06-16 10:19:52,691 INFO  ExportHelper.cs: 228 - Writing URDF file to C:\Users\NHAT LINH\OneDrive\Desktop\urdf\robot_v5_1\urdf\robot_v5_1.urdf
2025-06-16 10:19:52,704 INFO  CSVImportExport.cs: 32 - Writing CSV file C:\Users\NHAT LINH\OneDrive\Desktop\urdf\robot_v5_1\urdf\robot_v5_1.csv
2025-06-16 10:19:52,730 ERROR CSVImportExport.cs: 130 - The following columns were not written to the CSV: Link.Joint.ChildLink.link,
2025-06-16 10:19:52,731 ERROR CSVImportExport.cs: 130 - The following columns were not written to the CSV: Link.Joint.ChildLink.link,
2025-06-16 10:19:52,732 ERROR CSVImportExport.cs: 130 - The following columns were not written to the CSV: Link.Joint.ChildLink.link,
2025-06-16 10:19:52,732 ERROR CSVImportExport.cs: 130 - The following columns were not written to the CSV: Link.Joint.ChildLink.link,
2025-06-16 10:19:52,733 ERROR CSVImportExport.cs: 130 - The following columns were not written to the CSV: Link.Joint.ChildLink.link,
2025-06-16 10:19:52,733 ERROR CSVImportExport.cs: 130 - The following columns were not written to the CSV: Link.Joint.ChildLink.link,
2025-06-16 10:19:52,733 ERROR CSVImportExport.cs: 130 - The following columns were not written to the CSV: Link.Joint.ChildLink.link,
2025-06-16 10:19:52,733 ERROR CSVImportExport.cs: 130 - The following columns were not written to the CSV: Link.Joint.ChildLink.link,
2025-06-16 10:19:52,733 ERROR CSVImportExport.cs: 130 - The following columns were not written to the CSV: Link.Joint.ChildLink.link,
2025-06-16 10:19:52,734 ERROR CSVImportExport.cs: 130 - The following columns were not written to the CSV: Link.Joint.ChildLink.link,
2025-06-16 10:19:52,734 ERROR CSVImportExport.cs: 130 - The following columns were not written to the CSV: Link.Joint.ChildLink.link,
2025-06-16 10:19:52,734 ERROR CSVImportExport.cs: 130 - The following columns were not written to the CSV: Link.Joint.ChildLink.link,
2025-06-16 10:19:52,735 ERROR CSVImportExport.cs: 130 - The following columns were not written to the CSV: Link.Joint.ChildLink.link,
2025-06-16 10:19:52,735 ERROR CSVImportExport.cs: 130 - The following columns were not written to the CSV: Link.Joint.ChildLink.link,
2025-06-16 10:19:52,735 INFO  ExportHelper.cs: 234 - Copying log file
2025-06-16 10:19:52,738 INFO  ExportHelper.cs: 439 - Copying C:\Users\NHAT LINH\sw2urdf_logs\sw2urdf.log to C:\Users\NHAT LINH\OneDrive\Desktop\urdf\robot_v5_1\export.log
